time_s,output_voltage_V,duty_cycle,inductor_current_A,bound_hit
0.0005,200.65862235357784,0.5419391989707947,12.156962854244554,False
0.001,202.68361627333502,0.49418991804122925,11.235939291382916,False
0.0015,203.83155144219617,0.4794909656047821,8.490166123392235,False
0.002,203.72479715008174,0.4944908916950226,7.246324994452402,False
0.0025,203.3346796811222,0.5119003057479858,7.943789226137314,False
0.003,203.37121045469726,0.513247013092041,8.903384585987425,False
0.0035,203.72806292540773,0.5027106404304504,8.804010974082397,False
0.004,203.94791501090583,0.49861231446266174,8.274960571171151,False
0.0045000000000000005,203.95450667543284,0.5021296143531799,8.136039871985817,False
0.005,203.94737900962306,0.504691481590271,8.307209078586178,False
0.0055,204.01624577923255,0.5035172700881958,8.384594865318167,False
0.006,204.09505850901866,0.5018477439880371,8.294894757771333,False
0.006500000000000001,204.12409021549232,0.5018413662910461,8.202914566374993,False
0.007,204.1173514654745,0.5026075839996338,8.187215815845889,False
0.0075,204.1056311447086,0.502914547920227,8.193579832438882,False
0.008,204.09074532820583,0.502840518951416,8.171966825367619,False
0.0085,204.0593710151375,0.5029682517051697,8.134296115564393,False
0.009000000000000001,204.00766015855805,0.5034124851226807,8.1070178713986,False
0.0095,203.94145263429056,0.5039322376251221,8.09216883537849,False
0.01,203.86509764104966,0.5044034123420715,8.078580916615966,False
0.0105,203.77838260001798,0.5048953294754028,8.062737819828687,False
0.011,203.68078594114368,0.5054728388786316,8.049040774279803,False
0.0115,203.5739632313246,0.5061121582984924,8.040546853256489,False
0.012,203.46046619651403,0.5067657232284546,8.03623440211406,False
0.0125,203.342239244164,0.5074208974838257,8.034641118229422,False
0.013000000000000001,203.2207796459341,0.5080827474594116,8.035866678670956,False
0.0135,203.09757455274197,0.5087339282035828,8.039352571467916,False
0.014,202.974280396043,0.5093857645988464,8.046810595325901,False
0.0145,202.85341362630948,0.5100250840187073,8.059558280619392,False
0.015,202.73776527971222,0.5106216073036194,8.076584737801921,False
0.0155,202.62945138112454,0.5111597776412964,8.096049470150795,False
0.016,202.52936857801444,0.5116145014762878,8.114454593125501,False
0.0165,202.43785750407005,0.5120417475700378,8.135052283389973,False
0.017,202.35672062021376,0.5124181509017944,8.159477263373342,False
0.0175,202.28804369824226,0.512708306312561,8.18616006865223,False
0.018000000000000002,202.233058910369,0.5129073858261108,8.213367926494605,False
0.0185,202.19236030714762,0.5130260586738586,8.240798992659627,False
0.019,202.16647818309397,0.513066291809082,8.268595755601016,False
0.0195,202.15593066722775,0.5130225419998169,8.296398434322617,False
0.02,202.16098541831383,0.5128927826881409,8.323544939204016,False
0.0205,202.18156480149906,0.512679934501648,8.349457454635095,False
0.021,202.21730873501198,0.5123893022537231,8.373774244298618,False
0.021500000000000002,202.26764358451982,0.5120252966880798,8.396136815665,False
0.022,202.3317825685922,0.5115938782691956,8.416227731332317,False
0.0225,202.40872349004124,0.5111011266708374,8.433674803869335,False
0.023,202.49723682146384,0.5105552673339844,8.448179264006091,False
0.0235,202.59590021643055,0.5099653005599976,8.459518504209838,False
0.024,202.70313368487277,0.5093408226966858,8.467541409614364,False
0.0245,202.81723010963069,0.5086917281150818,8.472146172660871,False
0.025,202.93637710532337,0.5080281496047974,8.473267882158092,False
0.025500000000000002,203.0586771575102,0.5073604583740234,8.470884181926042,False
0.026000000000000002,203.18217968772052,0.5066995024681091,8.465062734232733,False
0.0265,203.30492254774143,0.5060555338859558,8.455913331724854,False
0.027,203.42496369936265,0.5054388642311096,8.443621711323091,False
0.0275,203.54041180772893,0.5048586130142212,8.428369842953677,False
0.028,203.6494436412358,0.5043240785598755,8.410412972224503,False
0.0285,203.75034384883142,0.5038435459136963,8.390047527783386,False
0.029,203.84153526027887,0.5034245848655701,8.367619818988727,False
0.029500000000000002,203.92159953021206,0.5030731558799744,8.343453307665824,False
0.03,203.98928692033985,0.5027949810028076,8.317928302827237,False
0.0305,204.0435467635,0.5025942921638489,8.291440417972394,False
0.031,204.08354060261604,0.5024740695953369,8.264388452684987,False
0.0315,204.1086592315241,0.5024365782737732,8.237221675505312,False
0.032,204.1185311391509,0.5024815797805786,8.210304661109737,False
0.0325,204.1130062174825,0.5026088356971741,8.184044017272253,False
0.033,204.09218058235368,0.5028167366981506,8.158872496963978,False
0.0335,204.05639585054828,0.5031015276908875,8.135147365252873,False
0.034,204.0062137323714,0.5034589171409607,8.113212745130086,False
0.0345,203.94241804693925,0.5038838386535645,8.093432275515507,False
0.035,203.86601195777382,0.5043694376945496,8.076106892717734,False
0.035500000000000004,203.77819050933724,0.5049082040786743,8.061500426867873,False
0.036000000000000004,203.68032153391823,0.5054917931556702,8.049837542353265,False
0.0365,203.5739282824951,0.5061113238334656,8.041319871515592,False
0.037,203.46066965012528,0.5067569613456726,8.036084970264275,False
0.0375,203.3423124368984,0.5074188113212585,8.034242829498506,False
0.038,203.2207055268562,0.5080861449241638,8.035817642831537,False
0.0385,203.09751470852189,0.5087357759475708,8.03950988702373,False
0.039,202.9742976626697,0.509385347366333,8.046930341384044,False
0.0395,202.85346460729704,0.5100236535072327,8.059522862982346,False
0.04,202.7377868075454,0.510621190071106,8.07649760567032,False
0.0405,202.62943979199213,0.5111604928970337,8.096034387243533,False
0.041,202.5293576626611,0.5116149187088013,8.114485000597558,False
0.0415,202.43785862294422,0.5120415091514587,8.135059497706163,False
0.042,202.35672319792513,0.5124180316925049,8.159471829206035,False
0.0425,202.2880443676189,0.5127083659172058,8.186160329414756,False
0.043000000000000003,202.23306068629563,0.5129074454307556,8.213373977791791,False
0.043500000000000004,202.19236394491838,0.5130259990692139,8.24079828655098,False
0.044,202.16648013974506,0.5130662322044373,8.268588272474213,False
0.0445,202.1559297313006,0.5130226016044617,8.2963969158142,False
0.045,202.16098584400416,0.5128929018974304,8.323555660687179,False
0.0455,202.1815695541269,0.5126798748970032,8.349461447277767,False
0.046,202.2173110129646,0.512389063835144,8.373753010737584,False
0.0465,202.26763908393093,0.5120255351066589,8.396140225818234,False
0.047,202.33178117996613,0.5115939378738403,8.416237960420107,False
0.0475,202.4087263466486,0.5111010670661926,8.433678753956812,False
0.048,202.49723938325846,0.5105551481246948,8.448170347229416,False
0.0485,202.59589806265407,0.5099653005599976,8.459509538987957,False
0.049,202.70312923589836,0.5093409419059753,8.467545473476891,False
0.0495,202.81723015176266,0.5086918473243713,8.472162998111262,False
0.05,202.9363825699036,0.508027970790863,8.473265684811375,False
0.0505,203.05867897434098,0.5073603391647339,8.470868848158817,False
0.051000000000000004,203.18217564045668,0.5066996216773987,8.465059920412614,False
0.051500000000000004,203.30491845379285,0.5060555934906006,8.455917657795318,False
0.052000000000000005,203.42496215484053,0.5054388642311096,8.443626741058551,False
0.0525,203.54041295874046,0.5048586130142212,8.428374920734868,False
0.053,203.64944728664372,0.5043240785598755,8.410417447966488,False
0.0535,203.75034841378172,0.5038434863090515,8.390044835538001,False
0.054,203.84153806052845,0.5034245848655701,8.367616203061166,False
0.0545,203.92160024195394,0.5030731558799744,8.34344925153274,False
0.055,203.98928656226846,0.5027950406074524,8.3179303486345,False
0.0555,204.04354748371725,0.5025942921638489,8.291442417762958,False
0.056,204.08354335841764,0.5024741291999817,8.264396163664005,False
0.0565,204.10866355357993,0.5024364590644836,8.237216195070069,False
0.057,204.11853228531515,0.5024815797805786,8.21029849440017,False
0.0575,204.11300518533045,0.5026088953018188,8.184043987995153,False
0.058,204.0921796231126,0.5028167366981506,8.158872717924302,False
0.0585,204.05639508598352,0.5031015276908875,8.135147802640052,False
0.059000000000000004,204.00621217758618,0.5034588575363159,8.113207325973375,False
0.059500000000000004,203.94241493393577,0.5038838982582092,8.093433588554245,False
0.06,203.86600977883353,0.5043694376945496,8.076108868286337,False
0.0605,203.77818952209913,0.5049082040786743,8.061502798106696,False
0.061,203.6803207633355,0.5054917335510254,8.049833994886026,False
0.0615,203.57392577231397,0.5061113238334656,8.041316734342171,False
0.062,203.46066789712202,0.5067570805549622,8.036094627317382,False
0.0625,203.34231359687865,0.507418692111969,8.03424030331735,False
0.063,203.22070637361298,0.5080862045288086,8.03582099140036,False
0.0635,203.09751717917726,0.5087357759475708,8.03951282302787,False
0.064,202.9743014110904,0.509385347366333,8.046932505787488,False
0.0645,202.8534680818869,0.5100235939025879,8.059518020742207,False
0.065,202.737788601833,0.5106212496757507,8.076498221336154,False
0.0655,202.6294417473857,0.5111604928970337,8.096034539674028,False
0.066,202.5293595325958,0.5116149187088013,8.114484681005806,False
0.0665,202.43786017728792,0.5120415091514587,8.135058756061238,False
0.067,202.35672425101137,0.5124180316925049,8.159470766554872,False
0.0675,202.28804376627218,0.512708306312561,8.186153117990449,False
0.068,202.23305754548605,0.5129075050354004,8.21337331999165,False
0.0685,202.19236176185015,0.5130260586738586,8.240804373869913,False
0.069,202.16648016539176,0.5130661725997925,8.268588534773713,False
0.0695,202.15592988647217,0.5130226016044617,8.296397155808986,False
0.07,202.16098508353627,0.5128928422927856,8.32354988668374,False
0.07050000000000001,202.18156697911147,0.512679934501648,8.349462174107037,False
0.07100000000000001,202.2173090162466,0.512389063835144,8.373754300568708,False
0.07150000000000001,202.26763687928133,0.5120254755020142,8.396135942087046,False
0.07200000000000001,202.3317780245985,0.5115939974784851,8.416240432100885,False
0.0725,202.40872265199437,0.5111009478569031,8.433669880534483,False
0.073,202.4972335702364,0.5105552673339844,8.448174847484298,False
0.0735,202.59589500630946,0.5099653005599976,8.45951513631686,False
0.074,202.70312823581116,0.5093408823013306,8.467545468162486,False
0.0745,202.81722923266383,0.5086918473243713,8.472163231043975,False
0.075,202.93638287966377,0.5080280303955078,8.473272104875003,False
0.0755,203.05868147922266,0.5073602795600891,8.470868801076666,False
0.076,203.18217687049284,0.5066995620727539,8.465053288619364,False
0.0765,203.3049172496793,0.5060556530952454,8.455917147375992,False
0.077,203.4249607924817,0.5054388642311096,8.44362655151467,False
0.0775,203.54041161503955,0.5048586130142212,8.428375069841499,False
0.078,203.64944613296998,0.5043240785598755,8.410417909875427,False
0.0785,203.75034759405614,0.5038434863090515,8.390045544782922,False
0.079,203.84153767314965,0.5034245848655701,8.3676170636271,False
0.0795,203.92159926350448,0.5030730962753296,8.343444140318493,False
0.08,203.98928411779468,0.5027951002120972,8.317931814185744,False
0.0805,204.04354599814835,0.5025942921638489,8.291444377022206,False
0.081,204.0835430031713,0.5024741291999817,8.264398353925962,False
0.0815,204.10866435071952,0.5024364590644836,8.237218329237054,False
0.082,204.11853410776683,0.5024815797805786,8.21030029866161,False
0.0825,204.1130077765231,0.5026088953018188,8.184045236986716,False
0.083,204.092181554596,0.5028166770935059,8.158867248486182,False
0.0835,204.056392975771,0.5031014680862427,8.135136208061107,False
0.084,204.00620755489246,0.5034590363502502,8.11321502155969,False
0.0845,203.9424146352391,0.5038838982582092,8.093441899352351,False
0.085,203.86601266989263,0.5043693780899048,8.076110708998394,False
0.0855,203.77819203087995,0.5049081444740295,8.061497822001511,False
0.08600000000000001,203.68032160025007,0.5054917931556702,8.049834739674566,False
0.08650000000000001,203.57392691752682,0.5061113238334656,8.041317231575135,False
0.08700000000000001,203.46066812868327,0.5067570209503174,8.036088821768768,False
0.08750000000000001,203.34231193037104,0.5074187517166138,8.034240805125764,False
0.088,203.22070403694,0.5080861449241638,8.035815867081498,False
0.0885,203.09751350554237,0.5087358355522156,8.039514565670935,False
0.089,202.9742989250401,0.509385347366333,8.046935011579505,False
0.0895,202.85346706803332,0.5100235939025879,8.059520959223947,False
0.09,202.7377870531873,0.5106211304664612,8.076489259499422,False
0.0905,202.62943685986647,0.5111605525016785,8.096032479498882,False
0.091,202.5293550569451,0.511614978313446,8.114489878033224,False
0.0915,202.43785868566644,0.5120415091514587,8.135064687505164,False
0.092,202.3567248264017,0.5124179720878601,8.159470713749682,False
0.0925,202.2880442675813,0.512708306312561,8.18615293265283,False
0.093,202.2330579123426,0.5129075050354004,8.213373027867675,False
0.0935,202.19236092330095,0.5130259990692139,8.240798049819876,False
0.094,202.1664782752182,0.513066291809082,8.268594725852049,False
0.0945,202.1559312595741,0.5130226016044617,8.296403409078241,False
0.095,202.1609884590906,0.5128927826881409,8.323549465743758,False
0.0955,202.18156884181272,0.5126798748970032,8.349455019507074,False
0.096,202.2173081515406,0.5123891234397888,8.373753114482074,False
0.0965,202.26763651169682,0.5120255351066589,8.39614099939361,False
0.097,202.3317792104088,0.5115939378738403,8.416239294229253,False
0.0975,202.4087252126331,0.5111010670661926,8.433680470802486,False
0.098,202.49723818481326,0.51055508852005,8.448166254145383,False
0.0985,202.59589592387442,0.5099653601646423,8.459511960982548,False
0.099,202.703128500069,0.5093409419059753,8.467548251276877,False
0.0995,202.81722985252605,0.5086917877197266,8.472159796016609,False
0.1,202.9363806729142,0.508027970790863,8.473262756480402,False
0.1005,203.0586767874967,0.5073603987693787,8.470872544145813,False
0.101,203.18217551567417,0.5066996216773987,8.465063903680973,False
0.1015,203.30492036601885,0.5060555934906006,8.455921417015125,False
0.10200000000000001,203.42496477323147,0.5054388046264648,8.44362380628226,False
0.10250000000000001,203.54041385898276,0.5048586130142212,8.42837154637337,False
0.10300000000000001,203.64944638810846,0.5043240785598755,8.410414074193762,False
0.10350000000000001,203.7503458677781,0.5038434863090515,8.390041894482739,False
0.10400000000000001,203.84153422707155,0.5034245848655701,8.367614063323726,False
0.1045,203.92159670420813,0.5030732154846191,8.343454181162544,False
0.105,203.98928584959094,0.5027950406074524,8.31793581119916,False
0.1055,204.04354748923393,0.5025941729545593,8.291435673308149,False
0.106,204.08353990844626,0.5024741291999817,8.264389853946806,False
0.1065,204.1086582398108,0.5024365186691284,8.237217138690282,False
0.107,204.11852898421486,0.5024816393852234,8.210306671309963,False
0.1075,204.11300635327478,0.5026088953018188,8.184052431104458,False
0.108,204.09218285704955,0.5028166174888611,8.15886830623107,False
0.1085,204.05639470860442,0.5031014680862427,8.135136884374456,False
0.109,204.00620948624288,0.5034590363502502,8.113215237892934,False
0.1095,203.94241543478284,0.5038838386535645,8.093435627578527,False
0.11,203.86601020048775,0.5043693780899048,8.076104647874454,False
0.1105,203.7781888323216,0.5049082636833191,8.061504753017696,False
0.111,203.6803211274759,0.5054917335510254,8.049835990027566,False
0.1115,203.5739260483333,0.5061112642288208,8.041312514559788,False
0.112,203.46066600601668,0.5067570805549622,8.03609060983043,False
0.1125,203.34230982611362,0.507418692111969,8.034236991493456,False
0.113,203.22070230481486,0.5080862641334534,8.035824778359537,False
0.1135,203.09751536738543,0.5087357759475708,8.03951733904667,False
0.114,202.97430097559166,0.5093852877616882,8.046931183503604,False
0.1145,202.85346701514084,0.5100235939025879,8.059516884736352,False
0.115,202.73778705099463,0.5106212496757507,8.076497409234541,False
0.1155,202.62943991627478,0.5111604928970337,8.096034145437548,False
0.116,202.52935765494283,0.5116149187088013,8.1144847444651,False
0.1165,202.43785848706952,0.5120415091514587,8.135059259334069,False
0.117,202.35672295351563,0.5124180316925049,8.15947163773123,False
0.11750000000000001,202.28804404725608,0.5127083659172058,8.186160207508886,False
0.11800000000000001,202.23306033120278,0.5129074454307556,8.21337393902958,False
0.11850000000000001,202.1923635996962,0.5130259990692139,8.240798333950902,False
0.11900000000000001,202.16647984681586,0.5130662322044373,8.268588398362478,False
0.11950000000000001,202.15592952574335,0.5130226016044617,8.296397102998183,False
0.12,202.160984726098,0.5128928422927856,8.323549922259136,False
0.1205,202.18156666908897,0.512679934501648,8.34946229184533,False
0.121,202.21730879104007,0.512389063835144,8.373754484212109,False
0.1215,202.26763676507696,0.5120254755020142,8.396136167530305,False
0.122,202.3317780333296,0.5115939974784851,8.416240670506477,False
0.1225,202.40872380338337,0.5111010074615479,8.433676070903935,False
0.123,202.49723672310753,0.5105552077293396,8.44817440620279,False
0.1235,202.59589767358676,0.5099653005599976,8.459513974543135,False
0.124,202.70313009306088,0.5093408823013306,8.467543745746928,False
0.1245,202.81722903174972,0.5086917877197266,8.472155195676951,False
0.125,202.93637862322333,0.5080280303955078,8.473264625485385,False
0.1255,203.05867689525266,0.5073604583740234,8.470880769712513,False
0.126,203.18217771374174,0.5066995024681091,8.465059601577115,False
0.1265,203.30492019001503,0.5060555934906006,8.455916863534132,False
0.127,203.4249633398003,0.5054388642311096,8.44362558189963,False
0.1275,203.5404134523161,0.5048586130142212,8.428373551818233,False
0.128,203.64944703960592,0.5043240785598755,8.410416048492488,False
0.1285,203.75034853043206,0.5038435459136963,8.390049590164551,False
0.129,203.84153953734756,0.5034245252609253,8.367614616144198,False
0.1295,203.92160078109941,0.5030731558799744,8.34344741181074,False
0.13,203.98928611363357,0.5027950406074524,8.317928497979159,False
0.1305,204.04354612548772,0.5025942921638489,8.291440794698067,False
0.131,204.08354128451887,0.5024741291999817,8.26439497255924,False
0.1315,204.10866212089059,0.5024365186691284,8.237221594966835,False
0.132,204.11853374095182,0.5024815797805786,8.210303890117261,False
0.1325,204.1130092803036,0.5026088953018188,8.184048684654503,False
0.133,204.09218361685853,0.5028166174888611,8.158864097404539,False
0.1335,204.05639432915137,0.5031015276908875,8.13513877768172,False
0.134,204.00621010710168,0.5034590363502502,8.11321710045422,False
0.1345,203.9424169544974,0.5038838386535645,8.093437221310142,False
0.135,203.8660124048391,0.5043693780899048,8.07610577476935,False
0.1355,203.77819034854932,0.5049082040786743,8.06149927336693,False
0.136,203.6803207992305,0.5054917931556702,8.049836501028592,False
0.1365,203.57392708004275,0.5061113238334656,8.041319072201848,False
0.137,203.46066814277313,0.5067569613456726,8.036084508884636,False
0.1375,203.3423108220455,0.5074188113212585,8.034242756840628,False
0.138,203.220705074696,0.5080862045288086,8.035823950697267,False
0.1385,203.09751642564,0.508735716342926,8.039509916680338,False
0.139,202.9742981937181,0.5093852877616882,8.04692397652584,False
0.1395,202.8534629349934,0.5100237131118774,8.059522752850429,False
0.14,202.73778626924698,0.5106212496757507,8.076503877119087,False
0.1405,202.62944141069343,0.5111604332923889,8.096034419099727,False
0.14100000000000001,202.52935916314618,0.5116149187088013,8.114484647586442,False
0.14150000000000001,202.43785982163456,0.5120415091514587,8.135058812036402,False
0.14200000000000002,202.3567239529091,0.5124180316925049,8.159470903045172,False
0.14250000000000002,202.28804459508555,0.5127083659172058,8.186159282524345,False
0.14300000000000002,202.23306036943848,0.5129074454307556,8.213372942141238,False
0.14350000000000002,202.1923631344593,0.5130259990692139,8.240797389821203,False
0.14400000000000002,202.16647894619558,0.5130662322044373,8.26858762246382,False
0.1445,202.155929334732,0.5130226612091064,8.29640255004473,False
0.145,202.16098626202938,0.5128927826881409,8.323549114128461,False
0.1455,202.1815676721882,0.512679934501648,8.349461171320305,False
0.146,202.21730914807122,0.512389063835144,8.373753196397114,False
0.1465,202.26763644493843,0.5120254755020142,8.396134875463858,False
0.147,202.33177708946016,0.5115939974784851,8.416239534704282,False
0.1475,202.4087223657265,0.5111010074615479,8.433675229524109,False
0.148,202.49723498074667,0.5105552077293396,8.448173958253063,False
0.1485,202.59589585028402,0.5099653005599976,8.459513968163618,False
0.149,202.70312841879246,0.5093408823013306,8.467544172968086,False
0.1495,202.81722874477035,0.5086918473243713,8.472161974003601,False
0.15,202.9363807618477,0.508027970790863,8.47326506060743,False
0.1505,203.05867803822008,0.5073603987693787,8.470874680967555,False
0.151,203.1821777468695,0.5066996216773987,8.465065605966867,False
0.1515,203.3049222315697,0.5060555338859558,8.455916484501413,False
0.152,203.42496396874557,0.5054388046264648,8.443618742325732,False
0.1525,203.5404105403358,0.5048586130142212,8.428366999540591,False
0.153,203.6494410298558,0.5043240785598755,8.410410615368686,False
0.1535,203.75034131271798,0.5038436055183411,8.39005195435476,False
0.154,203.84153520323295,0.5034245848655701,8.367624569942096,False
0.1545,203.9215997802678,0.5030730366706848,8.343445747026411,False
0.155,203.98928434573708,0.5027950406074524,8.317927181516026,False
0.1555,204.04354383401144,0.5025942921638489,8.291439988867943,False
0.156,204.08353877558034,0.5024741291999817,8.264394770547813,False
0.1565,204.10865864775545,0.5024364590644836,8.237215995526793,False
0.157,204.11852877177768,0.5024816393852234,8.210305503836869,False
0.1575,204.11300556102734,0.5026088953018188,8.18405139020958,False
0.158,204.09218159939672,0.5028166174888611,8.158867523167574,False
0.1585,204.05639315730255,0.5031014680862427,8.13513645425348,False
0.159,204.00620784687402,0.5034590363502502,8.113215208272099,False
0.1595,203.94241499782368,0.5038838982582092,8.093442003950543,False
0.16,203.8660130551305,0.5043693780899048,8.076110719903237,False
0.1605,203.77819238907583,0.5049081444740295,8.061497739888436,False
0.161,203.68032188636482,0.5054917931556702,8.049834577064564,False
0.1615,203.57392709679667,0.5061113238334656,8.041317010921125,False
0.162,203.46066818076073,0.5067570209503174,8.036088572331941,False
0.1625,203.34231185150855,0.5074187517166138,8.034240559081374,False
0.163,203.22070384000546,0.5080861449241638,8.035815655375014,False
0.1635,203.09751321793692,0.5087358355522156,8.039514414158704,False
0.164,202.97429858486402,0.509385347366333,8.046934937922373,False
0.1645,202.85346671902101,0.5100235939025879,8.059520970902216,False
0.165,202.73778673909646,0.5106211304664612,8.076489353161818,False
0.1655,202.62943661904023,0.5111605525016785,8.096032641672968,False
0.166,202.5293549177092,0.511614978313446,8.11449008706375,False
0.1665,202.437858663074,0.5120415091514587,8.135064916436887,False
0.167,202.35672492071123,0.5124179720878601,8.15947093379482,False
0.1675,202.2880444645995,0.512708306312561,8.186153116784213,False
0.168,202.23305818551742,0.5129075050354004,8.21337315409896,False
0.1685,202.1923612372688,0.5130259990692139,8.240798103791498,False
0.169,202.1664785903459,0.513066291809082,8.268594702426057,False
0.1695,202.15593153692043,0.5130226016044617,8.296403312770527,False
0.17,202.1609886651765,0.5128927826881409,8.323549309969366,False
0.1705,202.18156895262894,0.5126798748970032,8.349454824754654,False
0.171,202.21730815532365,0.5123891234397888,8.37375290565754,False
0.1715,202.2676364101562,0.5120255351066589,8.396140802668622,False
0.17200000000000001,202.3317800406634,0.5115939974784851,8.416245100683776,False
0.17250000000000001,202.408726852515,0.5111009478569031,8.43367378018178,False
0.17300000000000001,202.49723836330165,0.5105552077293396,8.448171536138195,False
0.17350000000000002,202.59589875434244,0.5099653601646423,8.459516869208201,False
0.17400000000000002,202.70313254685246,0.5093408823013306,8.467546201554534,False
0.17450000000000002,202.8172304613145,0.508691668510437,8.472144953358798,False
0.17500000000000002,202.93637680957335,0.5080281496047974,8.473266656188459,False
0.17550000000000002,203.05867626447022,0.5073604583740234,8.470883104228133,False
0.176,203.18217832225727,0.5066995024681091,8.465061938318547,False
0.1765,203.30492089251717,0.5060555338859558,8.455912913039525,False
0.177,203.42496301778203,0.5054389238357544,8.443627711662922,False
0.1775,203.5404131929416,0.5048585534095764,8.428369623238424,False
0.178,203.64944479685957,0.5043240785598755,8.410412434279424,False
0.1785,203.75034568923712,0.5038436055183411,8.39005275170963,False
0.179,203.84153855429568,0.5034245252609253,8.367618256873536,False
0.1795,203.9216006802362,0.5030730962753296,8.343445044689762,False
0.18,203.98928480949044,0.5027950406074524,8.317926307980086,False
0.1805,204.043544880972,0.5025943517684937,8.291445072929369,False
0.181,204.08354233772843,0.5024741291999817,8.26439927382081,False
0.1815,204.1086631386737,0.5024363994598389,8.237213335265523,False
0.182,204.1185315170945,0.5024816393852234,8.210301934310776,False
0.1825,204.11300624429805,0.5026088953018188,8.184047390532035,False
0.183,204.09218017689136,0.5028166174888611,8.158863617336584,False
0.1835,204.05639309399027,0.503101646900177,8.135151182629423,False
0.184,204.0062142408058,0.5034589767456055,8.113222991207534,False
0.1845,203.9424205116738,0.5038836598396301,8.093423709408533,False
0.185,203.86601091883588,0.5043694972991943,8.076104293463285,False
0.1855,203.77819038532243,0.5049083232879639,8.061510255283968,False
0.186,203.6803242771784,0.5054916739463806,8.049834765506265,False
0.1865,203.57392830953518,0.5061112642288208,8.041310615018713,False
0.187,203.4606660419445,0.5067570209503174,8.036082293360451,False
0.1875,203.34230777349984,0.5074188113212585,8.03424118276703,False
0.188,203.22070148403157,0.5080862045288086,8.035823202215163,False
0.1885,203.09751275655714,0.508735716342926,8.039510069508744,False
0.189,202.9742959659269,0.509385347366333,8.04693097612048,False
0.1895,202.8534644265205,0.5100237131118774,8.059529841965253,False
0.19,202.73778911052526,0.5106211304664612,8.07649821241067,False
0.1905,202.6294422093352,0.5111604928970337,8.096034410874442,False
0.191,202.52935989141227,0.5116149187088013,8.114484450965955,False
0.1915,202.43786039070883,0.5120415091514587,8.135058455532002,False
0.192,202.35672533257502,0.5124180912971497,8.159476402326007,False
0.1925,202.28804655493056,0.5127082467079163,8.186152182625625,False
0.193,202.2330596342199,0.5129075050354004,8.213371784672185,False
0.1935,202.19236290754998,0.5130260586738586,8.240802441000362,False
0.194,202.1664802465027,0.5130661725997925,8.268586451437026,False
0.1945,202.15592891529963,0.5130226016044617,8.296395182446942,False
0.195,202.1609842252536,0.5128929018974304,8.323554227326147,False
0.1955,202.18156734933712,0.5126798748970032,8.349460484961973,False
0.196,202.21730850703486,0.512389063835144,8.373752628933111,False
0.1965,202.2676365935794,0.5120255351066589,8.396140460037206,False
0.197,202.33178003643044,0.5115939974784851,8.416244736021119,False
0.1975,202.40872666492535,0.5111009478569031,8.433673439296863,False
0.198,202.49723801940678,0.5105552077293396,8.448171261054675,False
0.1985,202.59589830022276,0.5099653601646423,8.459516692991066,False
0.199,202.70313204157526,0.5093408823013306,8.467546144316332,False
0.1995,202.8172299693431,0.508691668510437,8.472145019931476,False
0.2,202.9363763925875,0.5080281496047974,8.473266835738313,False
0.2005,203.05867597362922,0.5073604583740234,8.47088337184799,False
0.201,203.18217819187922,0.5066995024681091,8.465062258381721,False
0.2015,203.30492093596686,0.5060555338859558,8.455913243877486,False
0.202,203.42496322607502,0.5054389238357544,8.443628010960072,False
0.2025,203.5404135362244,0.5048585534095764,8.428369853446615,False
0.203,203.6494452285507,0.5043240785598755,8.410412567354472,False
0.20350000000000001,203.75034615226957,0.5038436055183411,8.390052772562907,False
0.20400000000000001,203.84153898863067,0.5034245252609253,8.367618165103147,False
0.20450000000000002,203.92160103065356,0.5030730962753296,8.343444854384462,False
0.20500000000000002,203.98928503263537,0.5027950406074524,8.317926045645605,False
0.20550000000000002,204.04354495074455,0.5025943517684937,8.291444773834092,False
0.20600000000000002,204.08354224833386,0.5024741291999817,8.264398977264584,False
0.20650000000000002,204.10866290497123,0.5024363994598389,8.237213079411202,False
0.20700000000000002,204.1185311722484,0.5024816393852234,8.210301751265938,False
0.20750000000000002,204.1130058350926,0.5026088953018188,8.184047302322602,False
0.20800000000000002,204.09217975737647,0.5028166174888611,8.158863633281944,False
0.2085,204.05639271832973,0.503101646900177,8.13515129843099,False
0.209,204.00621395628542,0.5034589767456055,8.113223189827613,False
0.2095,203.94242035277875,0.5038836598396301,8.093423963576882,False
0.21,203.86601090313968,0.5043694972991943,8.076104569439599,False
0.2105,203.77819051166915,0.5049083232879639,8.061510517350678,False
0.211,203.68032452632315,0.5054916739463806,8.049834980587594,False
0.2115,203.5739286470819,0.5061112642288208,8.041310756827132,False
0.212,203.4606664231303,0.5067570209503174,8.036082345553764,False
0.2125,203.3423081491521,0.5074188113212585,8.03424114074626,False
0.213,203.22070180690127,0.5080862045288086,8.03582307338121,False
0.2135,203.09751298721164,0.508735716342926,8.039509871997197,False
0.214,202.9742960774869,0.509385347366333,8.046930736234009,False
0.2145,202.8534644076797,0.5100237131118774,8.059529590656302,False
0.215,202.73778896652942,0.5106211304664612,8.076497981293256,False
0.2155,202.62944091413718,0.5111604332923889,8.096028252842805,False
0.216,202.52935664782646,0.511614978313446,8.114484955826933,False
0.2165,202.4378576696545,0.5120415091514587,8.135059695565724,False
0.217,202.3567234597342,0.5124180912971497,8.15947820793917,False
0.2175,202.28804574366401,0.5127082467079163,8.186154318244864,False
0.218,202.23305893109347,0.5129074454307556,8.213368014657117,False
0.2185,202.1923603704073,0.5130260586738586,8.240799070470132,False
0.219,202.16647725379022,0.5130662322044373,8.268589850917573,False
0.2195,202.15592890050763,0.5130226612091064,8.296405039608647,False
0.22,202.1609860901608,0.5128927230834961,8.323545589275867,False
0.2205,202.1815657442829,0.512679934501648,8.349457905780477,False
0.221,202.21730880455215,0.5123892426490784,8.373768480831355,False
0.2215,202.2676417719946,0.5120253562927246,8.396137359603362,False
0.222,202.33178118015857,0.5115938782691956,8.416228670111959,False
0.2225,202.4087226898721,0.5111011266708374,8.43367601276218,False
0.223,202.49723669753212,0.5105552673339844,8.448180586891349,False
0.2235,202.5958997443919,0.5099652409553528,8.459513799630383,False
0.224,202.70313190251798,0.5093408823013306,8.467543089832946,False
0.2245,202.81722932685256,0.5086917281150818,8.47214817092016,False
0.225,202.93637740090134,0.5080281496047974,8.473269940513356,False
0.2255,203.0586774359925,0.5073603987693787,8.47088005307388,False
0.226,203.18217888490574,0.5066995620727539,8.465064790865226,False
0.2265,203.3049228589444,0.5060555338859558,8.455915449234435,False
0.227,203.4249629687426,0.5054387450218201,8.44361162699942,False
0.2275,203.54040809794702,0.5048587322235107,8.428372577817461,False
0.228,203.64944375042705,0.504324197769165,8.41042842570998,False
0.2285,203.75034972887485,0.5038434267044067,8.390049951755932,False
0.229,203.84153869651936,0.5034244060516357,8.367602651909642,False
0.2295,203.92159708301634,0.5030733346939087,8.343454449802376,False
0.23,203.9892863336701,0.5027950406074524,8.317935971342918,False
0.2305,204.04354801407973,0.5025941729545593,8.291435706578099,False
0.231,204.08354040559317,0.5024741291999817,8.264389758698861,False
0.2315,204.10865972038596,0.5024365782737732,8.237222944506142,False
0.232,204.11853223640753,0.5024815797805786,8.21030573036386,False
0.2325,204.11300776884838,0.5026088356971741,8.184044753312792,False
0.233,204.09218129996364,0.5028166770935059,8.158866797888475,False
0.2335,204.05639251225296,0.5031014680862427,8.135135847758189,False
0.234,204.0062080253919,0.503459095954895,8.113220807961408,False
0.23450000000000001,203.94241694362233,0.5038838386535645,8.093441190302894,False
0.23500000000000001,203.86601334322245,0.50436931848526,8.076103483239699,False
0.23550000000000001,203.77819111526807,0.5049082636833191,8.061502909820858,False
0.23600000000000002,203.68032227880937,0.5054917335510254,8.049833718101763,False
0.23650000000000002,203.57392701919943,0.5061113238334656,8.041316112866545,False
0.23700000000000002,203.46066765342997,0.5067570209503174,8.036087749886107,False
0.23750000000000002,203.3423109511555,0.5074187517166138,8.034239914529092,False
0.23800000000000002,203.22070268849748,0.5080861449241638,8.035815266010465,False
0.23850000000000002,203.09751196570343,0.5087358355522156,8.039514323255904,False
0.23900000000000002,202.97429739123885,0.509385347366333,8.046935150229478,False
0.23950000000000002,202.85346573204816,0.5100235939025879,8.059521453107859,False
0.24,202.73778817823376,0.5106212496757507,8.076501995817482,False
0.2405,202.62944221349474,0.5111604332923889,8.096032203321816,False
0.241,202.52935878423403,0.5116149187088013,8.114482380018346,False
0.2415,202.4378593739189,0.5120415687561035,8.135062745345301,False
0.242,202.35672448182177,0.5124179720878601,8.159468729703688,False
0.2425,202.2880439888466,0.5127083659172058,8.186157119201098,False
0.243,202.2330587273078,0.5129074454307556,8.213371055979199,False
0.2435,202.19236170981912,0.5130260586738586,8.240801971389123,False
0.244,202.1664789120033,0.5130661725997925,8.268586293423969,False
0.2445,202.15592761170433,0.5130226016044617,8.296395349012691,False
0.245,202.16098311297338,0.5128929018974304,8.32355469113931,False
0.2455,202.1815665619437,0.5126798748970032,8.34946118253739,False
0.246,202.2173091572668,0.5123891234397888,8.373759433050266,False
0.2465,202.2676385676248,0.5120254158973694,8.39613475665984,False
0.247,202.33177897629557,0.5115939974784851,8.416238921192292,False
0.2475,202.40872378675957,0.5111010074615479,8.433674207574944,False
0.248,202.49723576816348,0.5105552077293396,8.448172663447918,False
0.2485,202.59589591832756,0.5099653005599976,8.459512567744438,False
0.249,202.70312880171053,0.5093409419059753,8.467548821190126,False
0.2495,202.81723041739141,0.5086917877197266,8.472160258229417,False
0.25,202.93638142467427,0.508027970790863,8.473263054914751,False
0.2505,203.05867659074178,0.5073603391647339,8.47086665815804,False
0.251,203.18217338479892,0.5066996812820435,8.465064428378492,False
0.2515,203.30491868179564,0.5060555934906006,8.455922417787601,False
0.252,203.42496269401732,0.5054387450218201,8.443619150292667,False
0.2525,203.5404095815359,0.5048586130142212,8.428367686888997,False
0.253,203.6494405032002,0.5043240785598755,8.410411488631643,False
0.2535,203.750341276949,0.5038436055183411,8.390052897932431,False
0.254,203.84153565299343,0.5034245848655701,8.367625461338987,False
0.2545,203.9216017122451,0.5030730962753296,8.343452482196767,False
0.255,203.9892884939299,0.5027949810028076,8.317927005618234,False
0.2555,204.0435475386175,0.5025942921638489,8.291438825810099,False
0.256,204.08354156856893,0.5024741291999817,8.264392790732224,False
0.2565,204.1086612629462,0.5024365186691284,8.23721948583245,False
0.257,204.11853187570213,0.5024815797805786,8.210302123909702,False
0.2575,204.11300666944896,0.5026088953018188,8.184047481559533,False
0.258,204.0921806124365,0.5028166174888611,8.158863600190685,False
0.2585,204.0563934837027,0.503101646900177,8.135151061849824,False
0.259,204.0062145356384,0.5034589767456055,8.11322278455315,False
0.2595,203.94242067590113,0.5038836598396301,8.093423445246271,False
0.26,203.86601093431145,0.5043694972991943,8.076104006855166,False
0.2605,203.7781891772004,0.5049082636833191,8.061503977187783,False
0.261,203.68032104808543,0.5054917335510254,8.04983518120451,False
0.2615,203.57392663652635,0.5061113238334656,8.04131777698414,False
0.262,203.46066814843127,0.5067570209503174,8.036089399611445,False
0.2625,203.3423122416613,0.5074187517166138,8.034241341629203,False
0.263,203.22070565815798,0.5080862045288086,8.035822286844,False
0.2635,203.09751611819965,0.508735716342926,8.039508218953694,False
0.264,202.974298111489,0.509385347366333,8.046928443323138,False
0.2645,202.8534651146277,0.5100237131118774,8.059526958961289,False
0.265,202.73778933806756,0.510621190071106,8.076501325096698,False
0.2655,202.6294429391508,0.5111604332923889,8.096031299894353,False
0.266,202.52935899504016,0.5116149187088013,8.114481361254205,False
0.2665,202.43785801492666,0.5120415091514587,8.135055769905602,False
0.267,202.35672180388826,0.5124180912971497,8.159474444614997,False
0.2675,202.28804440224852,0.5127083659172058,8.186163111569636,False
0.268,202.2330610837411,0.5129073858261108,8.213370614648584,False
0.2685,202.1923636501585,0.5130260586738586,8.240801001567828,False
0.269,202.16648123182003,0.5130662322044373,8.268590888790444,False
0.2695,202.1559310216241,0.5130225419998169,8.29639314997082,False
0.27,202.16098513724287,0.5128929018974304,8.323551823897777,False
0.2705,202.18156697888753,0.5126798748970032,8.349458015416733,False
0.271,202.21730794821752,0.5123891234397888,8.373756364233497,False
0.2715,202.26763795939817,0.5120255351066589,8.396144094991058,False
0.272,202.33178209601826,0.5115939378738403,8.41624185442456,False
0.2725,202.4087271017546,0.5111009478569031,8.43367025001584,False
0.273,202.49723681149106,0.5105552077293396,8.448168167863926,False
0.2735,202.5958956312476,0.5099653601646423,8.459514080518217,False
0.274,202.7031293033286,0.5093409419059753,8.467550307014909,False
0.2745,202.81723059812842,0.5086917281150818,8.4721555512623,False
0.275,202.936380238492,0.5080280303955078,8.473264585475723,False
0.2755,203.0586773177179,0.5073603987693787,8.470874360786224,False
0.276,203.182175884251,0.5066995620727539,8.465059488703051,False
0.2765,203.30491845739428,0.5060555934906006,8.455917195307881,False
0.277,203.42496192256655,0.5054388642311096,8.443626307259835,False
0.2775,203.54041252492027,0.5048586130142212,8.428374570386554,False
0.278,203.64944565654147,0.5043240189552307,8.410411222122905,False
0.2785,203.75034585660856,0.5038436055183411,8.390051411059023,False
0.279,203.84153908305666,0.5034245848655701,8.367622969608664,False
0.2795,203.92160251106748,0.5030730366706848,8.343443316849006,False
0.28,203.9892855998117,0.5027950406074524,8.317924251174787,False
0.2805,204.0435445505366,0.5025943517684937,8.291442958802993,False
0.281,204.08354095244738,0.5024741291999817,8.264397375942991,False
0.28150000000000003,204.10866197380338,0.5024364590644836,8.237217908282807,False
0.28200000000000003,204.11853171783298,0.5024815797805786,8.210300477204049,False
0.28250000000000003,204.1130056816842,0.5026088953018188,8.184045979265578,False
0.28300000000000003,204.09218001815654,0.5028166770935059,8.15886844687921,False
0.28350000000000003,204.05639434096756,0.5031015872955322,8.13514972545989,False
0.28400000000000003,204.00621355788923,0.5034589171409607,8.113215316106908,False
0.28450000000000003,203.9424181223709,0.5038837790489197,8.093428712643451,False
0.28500000000000003,203.86601020828687,0.5043694376945496,8.076103540376675,False
0.28550000000000003,203.77818935092307,0.5049083232879639,8.061509720696643,False
0.28600000000000003,203.6803230578978,0.5054916739463806,8.04983451267694,False
0.28650000000000003,203.57392706445552,0.5061112642288208,8.041310669813996,False
0.28700000000000003,203.46066599938408,0.5067570805549622,8.036088639697784,False
0.28750000000000003,203.34230988753285,0.5074187517166138,8.034241142393588,False
0.28800000000000003,203.2207034003992,0.5080862045288086,8.035822660891139,False
0.2885,203.09751423863304,0.508735716342926,8.039509106470165,False
0.289,202.97429683747006,0.509385347366333,8.046929721551484,False
0.2895,202.85346459207855,0.5100237131118774,8.059528459299415,False
0.29,202.73778961553117,0.510621190071106,8.076502855389863,False
0.2905,202.6294439644062,0.5111604332923889,8.096032668945368,False
0.291,202.52936062426596,0.5116149187088013,8.11448240246691,False
0.2915,202.43786003277708,0.5120415091514587,8.135056361286397,False
0.292,202.35672395194732,0.5124180912971497,8.159474522713419,False
0.2925,202.28804537823527,0.512708306312561,8.186156711664957,False
0.293,202.2330597973353,0.5129074454307556,8.213370345902273,False
0.2935,202.19236233510998,0.5130260586738586,8.240801052915854,False
0.294,202.16648005112683,0.5130662322044373,8.268591247128688,False
0.2945,202.15593011827954,0.5130225419998169,8.296393764608512,False
0.295,202.16098359378273,0.5128928422927856,8.323546651058157,False
0.2955,202.1815639875247,0.512679934501648,8.349459490922344,False
0.296,202.21730798969332,0.5123892426490784,8.373770382393205,False
0.2965,202.26764198086013,0.5120253562927246,8.396139335433364,False
0.297,202.33178338849902,0.5115939378738403,8.416236440277027,False
0.2975,202.40872658263856,0.5111010074615479,8.433670836910332,False
0.298,202.49723663154577,0.5105552077293396,8.448168841067023,False
0.2985,202.5958958061983,0.5099653601646423,8.45951475418328,False
0.299,202.70312877573036,0.5093408823013306,8.467544920019881,False
0.2995,202.81722841900157,0.5086917877197266,8.472156609273723,False
0.3,202.93637877826612,0.5080280303955078,8.47326609564857,False
0.3005,203.0586767465194,0.5073603987693787,8.470876123481547,False
0.301,203.18217625678435,0.5066995620727539,8.465061275747479,False
0.3015,203.30491970766656,0.5060555934906006,8.455918779372416,False
0.302,203.4249628270048,0.5054388046264648,8.443621494781189,False
0.3025,203.54041194942607,0.504858672618866,8.42837584847618,False
0.303,203.64944578224257,0.5043240189552307,8.410412556252611,False
0.3035,203.75034665328118,0.5038436055183411,8.390052629213642,False
0.304,203.84153937375305,0.5034245252609253,8.367617910579193,False
0.3045,203.92160231714172,0.5030731558799744,8.343450533092716,False
0.305,203.98928804944708,0.5027949810028076,8.317925036822878,False
0.3055,204.04354719379498,0.5025943517684937,8.291443104017869,False
0.306,204.08354344476223,0.5024741291999817,8.264396875353194,False
0.3065,204.1086639971701,0.5024364590644836,8.237216839947138,False
0.307,204.1185330214407,0.5024815797805786,8.210298990782233,False
0.3075,204.1130061129462,0.5026088953018188,8.184044275109974,False
0.308,204.09218061871678,0.5028167366981506,8.15887276330636,False
0.3085,204.05639602009344,0.5031015276908875,8.135147605673124,False
0.309,204.00621293158886,0.5034588575363159,8.113206917212024,False
0.3095,203.9424154151007,0.5038838982582092,8.093433025024565,False
0.31,203.86600993158123,0.5043694376945496,8.076108225489984,False
0.3105,203.778190410324,0.5049082636833191,8.061508165995752,False
0.311,203.6803232359836,0.5054916739463806,8.049832803701346,False
0.3115,203.57392743051128,0.5061113238334656,8.041315027887899,False
0.312,203.4606674788936,0.5067570209503174,8.036086635651607,False
0.3125,203.34231022590933,0.5074187517166138,8.03423891255004,False
0.313,203.22070258044187,0.5080862045288086,8.035820491428003,False
0.3135,203.0975134503023,0.5087357759475708,8.039513256866426,False
0.314,202.97429715516674,0.5093852877616882,8.046927813495898,False
0.3145,202.85346286591198,0.5100236535072327,8.059520614083178,False
0.315,202.73778512744065,0.5106212496757507,8.076501888562882,False
0.3155,202.62943936204394,0.5111604332923889,8.096032825030857,False
0.316,202.52935648215797,0.5116149187088013,8.114483637450428,False
0.3165,202.43785789481885,0.5120415687561035,8.135064468610942,False
0.317,202.35672502780437,0.5124180316925049,8.159476663256418,False
0.3175,202.28804640638958,0.5127082467079163,8.186152499299977,False
0.318,202.2330596569187,0.5129075050354004,8.21337211675891,False
0.3185,202.19236309504086,0.5130260586738586,8.240802747153237,False
0.319,202.16648057215082,0.5130661725997925,8.268586694398293,False
0.3195,202.15592933599203,0.5130226016044617,8.296395333536488,False
0.32,202.1609846870383,0.5128929018974304,8.323554269787774,False
0.3205,202.18156779427147,0.5126798748970032,8.349460415787677,False
0.321,202.21730888039403,0.512389063835144,8.373752458973247,False
0.3215,202.2676368505454,0.5120255351066589,8.396140212410765,False
0.322,202.33178014745548,0.5115939974784851,8.416244443045361,False
0.3225,202.40872661913397,0.5111009478569031,8.433673138331356,False
0.323,202.4972378256441,0.5105552077293396,8.448170989781731,False
0.3235,202.59589798564565,0.5099653601646423,8.459516484718874,False
0.324,202.70313164798367,0.5093408823013306,8.467546023885399,False
0.3245,202.8172305786908,0.5086917281150818,8.472150980482933,False
0.325,202.93637893793834,0.5080280900001526,8.473266291293807,False
0.3255,203.0586769920608,0.5073603987693787,8.470876268638753,False
0.326,203.18217655541406,0.5066995620727539,8.465061353037772,False
0.3265,203.30492002043198,0.5060555934906006,8.455918780330391,False
0.327,203.42496311383144,0.5054388046264648,8.443621420802648,False
0.3275,203.54041217425166,0.504858672618866,8.428375710492881,False
0.328,203.64944591757396,0.5043240189552307,8.410412373186464,False
0.3285,203.75034668358953,0.5038436055183411,8.390052425421441,False
0.329,203.84153929727793,0.5034245252609253,8.367617712629528,False
0.3295,203.92160214588628,0.5030731558799744,8.343450366302788,False
0.33,203.98928780738714,0.5027949810028076,8.317924922010736,False
0.3305,204.04354691356087,0.5025943517684937,8.291443054892587,False
0.331,204.08354316325196,0.5024741291999817,8.264396896875922,False
0.3315,204.10866375068724,0.5024364590644836,8.237216927862056,False
0.332,204.1185328410056,0.5024815797805786,8.210299132357832,False
0.3325,204.11300602039358,0.5026088953018188,8.184044450968848,False
0.333,204.09218062407493,0.5028167366981506,8.158872950079646,False
0.3335,204.05639612055975,0.5031015276908875,8.13514777911207,False
0.334,204.0062131121962,0.5034588575363159,8.113207055337613,False
0.3345,203.94241565094313,0.5038838982582092,8.093433110902614,False
0.335,203.86601019126533,0.5043694376945496,8.076108249280459,False
0.3355,203.77819066016167,0.5049082636833191,8.061508126031354,False
0.336,203.68032344436085,0.5054916739463806,8.04983270648551,False
0.3365,203.5739275718643,0.5061113238334656,8.041314887046871,False
0.337,203.46066753679492,0.5067570209503174,8.036086470008994,False
0.3375,203.34231019489926,0.5074187517166138,8.03423874359923,False
0.338,203.2207024664156,0.5080862045288086,8.035820340544092,False
0.3385,203.09751326945184,0.5087357759475708,8.039513142620107,False
0.339,202.97429693166868,0.5093852877616882,8.04692774939925,False
0.3395,202.85346262868077,0.5100236535072327,8.059520607037538,False
0.34,202.73778490639086,0.5106212496757507,8.076501938181245,False
0.3405,202.6294391843459,0.5111604332923889,8.096032923883895,False
0.341,202.52935636894716,0.5116149187088013,8.114483772174365,False
0.3415,202.43785785873087,0.5120415687561035,8.1350646217086,False
0.342,202.3567240348212,0.5124179720878601,8.159470847333083,False
0.3425,202.28804360851882,0.512708306312561,8.186153244783544,False
0.343,202.2330574644144,0.5129075050354004,8.213373476143369,False
0.3435,202.19236176584252,0.5130260586738586,8.240804539468165,False
0.34400000000000003,202.16648025215775,0.5130661725997925,8.26858868916978,False
0.34450000000000003,202.155930043561,0.5130226016044617,8.296397280170234,False
0.34500000000000003,202.1609852900774,0.5128928422927856,8.323549966269942,False
0.34550000000000003,202.18156720854765,0.512679934501648,8.349462200001803,False
0.34600000000000003,202.217309239711,0.512389063835144,8.373754270666957,False
0.34650000000000003,202.267637069199,0.5120254755020142,8.396135861230931,False
0.34700000000000003,202.3317781580701,0.5115939974784851,8.416240311360387,False
0.34750000000000003,202.40872271355303,0.5111009478569031,8.43366973573228,False
0.34800000000000003,202.49723355364748,0.5105552673339844,8.44817469715479,False
0.34850000000000003,202.59589491520248,0.5099653005599976,8.459514999356148,False
0.34900000000000003,202.70312808307705,0.5093408823013306,8.467545361463037,False
0.34950000000000003,202.81722903870306,0.5086918473243713,8.472163167407814,False
0.35000000000000003,202.93638266971323,0.5080280303955078,8.473272091464118,False
0.35050000000000003,203.05868128010397,0.5073602795600891,8.470868838590984,False
0.35100000000000003,203.1821767071964,0.5066995620727539,8.465053371301087,False
0.35150000000000003,203.3049171422192,0.5060556530952454,8.455917263833909,False
0.352,203.4249607534199,0.5054388642311096,8.44362668625715,False
0.3525,203.54041164799295,0.5048586130142212,8.428375205316328,False
0.353,203.64944623228345,0.5043240785598755,8.410418028749389,False
0.3535,203.7503477456739,0.5038434863090515,8.390045632164087,False
0.354,203.84153785656054,0.5034245848655701,8.367617108941657,False
0.3545,203.92159945449473,0.5030730962753296,8.343444138601273,False
0.355,203.98928429163982,0.5027951002120972,8.317931766623154,False
0.3555,204.04354613281933,0.5025942921638489,8.291444290686396,False
0.356,204.083543082134,0.5024741291999817,8.264398240747592,False
0.3565,204.10866436496738,0.5024364590644836,8.237218204364193,False
0.357,204.11853405683172,0.5024815797805786,8.210300178431822,False
0.3575,204.11300766835353,0.5026088953018188,8.184045136786718,False
0.358,204.09218140434197,0.5028166770935059,8.158867180782634,False
0.3585,204.05639280366074,0.5031014680862427,8.135136180857032,False
0.359,204.00620738350153,0.5034590363502502,8.11321503746809,False
0.3595,203.94241448652474,0.5038838982582092,8.093441955391869,False
0.36,203.8660125623873,0.5043693780899048,8.076110797117378,False
0.3605,203.77819197740277,0.5049081444740295,8.061497930241043,False
0.361,203.68032160641755,0.5054917931556702,8.04983485380054,False
0.3615,203.5739269812295,0.5061113238334656,8.041317336954005,False
0.362,203.46066824056334,0.5067570209503174,8.036088905238461,False
0.3625,203.3423120752071,0.5074187517166138,8.034240856623013,False
0.363,203.22070419573154,0.5080861449241638,8.03581588082719,False
0.3635,203.09751365800622,0.5087358355522156,8.039514540778011,False
0.364,202.97429905219124,0.509385347366333,8.04693495203129,False
0.3645,202.85346715452602,0.5100235939025879,8.05952087324145,False
0.365,202.73778708912846,0.5106211304664612,8.07648915839899,False
0.3655,202.62943684189673,0.5111605525016785,8.096032376202327,False
0.366,202.52935498847972,0.511614978313446,8.114489785425276,False
0.3665,202.43785857630428,0.5120415091514587,8.135064616840191,False
0.367,202.35672469058005,0.5124179720878601,8.159470673302105,False
0.3675,202.28804412267456,0.512708306312561,8.186152926772944,False
0.368,202.23305777645527,0.5129075050354004,8.213373056541208,False
0.3685,202.1923608130261,0.5130259990692139,8.240798108769868,False
0.369,202.1664782036323,0.513066291809082,8.268594807159266,False
0.3695,202.1559312347065,0.5130226016044617,8.29640350223267,False
0.37,202.16098848304173,0.5128927826881409,8.323549558989587,False
0.3705,202.1815689106136,0.5126798748970032,8.349455101312783,False
0.371,202.21730825575662,0.5123891234397888,8.373753174955885,False
0.3715,202.26763663769037,0.5120255351066589,8.396141031473539,False
0.372,202.33177934209778,0.5115939378738403,8.416239294506292,False
0.3725,202.40872533352294,0.5111010670661926,8.433680439881602,False
0.373,202.49723828005102,0.51055508852005,8.448166196505724,False
0.3735,202.59589598207205,0.5099653601646423,8.459511884359383,False
0.374,202.70312851467278,0.5093409419059753,8.467548165646262,False
0.3745,202.81722982256582,0.5086917877197266,8.472159712312326,False
0.375,202.936380603044,0.508027970790863,8.47326268520568,False
0.3755,203.05867668732682,0.5073603987693787,8.470872494054861,False
0.376,203.1821753984841,0.5066996216773987,8.465063880696443,False
0.3765,203.30492024701897,0.5060555934906006,8.45592142351714,False
0.377,203.42496466759818,0.5054388046264648,8.443623840857116,False
0.3775,203.54041377992104,0.5048586130142212,8.428371604050648,False
0.378,203.64944634519094,0.5043240785598755,8.41041414713725,False
0.3785,203.75034586577308,0.5038434863090515,8.390041973041711,False
0.379,203.84153426540726,0.5034245848655701,8.367614137304471,False
0.3795,203.9215967771365,0.5030732154846191,8.343454241151965,False
0.38,203.98928594702042,0.5027950406074524,8.317935849766794,False
0.3805,204.04354759811335,0.5025941729545593,8.291435685930738,False
0.381,204.08354001451013,0.5024741291999817,8.264389839538442,False
0.3815,204.10865832945032,0.5024365186691284,8.237217099674854,False
0.382,204.1185290462266,0.5024816393852234,8.210306613234879,False
0.3825,204.1130063802595,0.5026088953018188,8.184052361855567,False
0.383,204.09218284628506,0.5028166174888611,8.15886823496059,False
0.3835,204.0563935834213,0.5031014084815979,8.135130806882398,False
0.384,204.00620642808417,0.503459095954895,8.11321583431418,False
0.3845,203.9424150976885,0.503883957862854,8.09344894086571,False
0.385,203.86601560972406,0.50436931848526,8.076111179281133,False
0.3855,203.778194961705,0.5049081444740295,8.061497557660598,False
0.386,203.68032307441771,0.5054917335510254,8.049827787114575,False
0.3865,203.57392580299282,0.5061113834381104,8.041316370330117,False
0.387,203.4606666703856,0.5067570209503174,8.03608828140032,False
0.3875,203.34231032037295,0.5074187517166138,8.034240646787708,False
0.388,203.22070354580944,0.5080862045288086,8.035822093527502,False
0.3885,203.09751514574302,0.5087357759475708,8.039514528311813,False
0.389,202.97429935171934,0.5093852877616882,8.046928602193473,False
0.3895,202.85346527757852,0.5100236535072327,8.059520832121624,False
0.39,202.73778639800938,0.510621190071106,8.076495543041279,False
0.3905,202.6294394242291,0.5111605525016785,8.096038525800111,False
0.391,202.52935940820603,0.5116149187088013,8.114488968201995,False
0.3915,202.43786221900976,0.5120415091514587,8.13506280591154,False
0.392,202.35672712195787,0.5124179720878601,8.159468114599193,False
0.3925,202.28804610184412,0.5127083659172058,8.1861559191146,False
0.393,202.2330610942574,0.5129075050354004,8.213375396397105,False
0.3935,202.19236503115445,0.5130259990692139,8.240799521013653,False
0.394,202.16648072939824,0.5130661725997925,8.26858321149351,False
0.3945,202.15592875689413,0.5130226612091064,8.296397991800317,False
0.395,202.1609844669538,0.5128928422927856,8.323550937357075,False
0.3955,202.18156591877369,0.5126798748970032,8.34945734210955,False
0.396,202.21730663747928,0.5123891234397888,8.373755983134549,False
0.3965,202.2676365655915,0.5120255351066589,8.396144047392921,False
0.397,202.33178079385993,0.5115939378738403,8.416242139492903,False
0.3975,202.4087260513705,0.5111009478569031,8.43367082559803,False
0.398,202.49723613877526,0.5105552077293396,8.448168956388065,False
0.3985,202.5958954127255,0.5099653601646423,8.459514979203629,False
0.399,202.70312852886585,0.5093408823013306,8.467545224371417,False
0.3995,202.81722937780316,0.5086918473243713,8.472162932912877,False
0.4,202.9363828615403,0.5080280303955078,8.473271791024358,False
0.4005,203.05868130335384,0.5073602795600891,8.470868511448424,False
0.401,203.18217760233892,0.5066996216773987,8.46505904890739,False
0.4015,203.30491980683732,0.5060555934906006,8.45591637272825,False
0.402,203.42496273900352,0.5054388642311096,8.443625214185897,False
0.4025,203.54041271486392,0.5048586130142212,8.428373351645028,False
0.403,203.64944626249348,0.5043240785598755,8.410416038091336,False
0.4035,203.7503478139818,0.5038435459136963,8.390049767044847,False
0.404,203.84153897224587,0.5034245252609253,8.367614953815727,False
0.4045,203.92160043686715,0.5030731558799744,8.343447863604537,False
0.405,203.9892860300185,0.5027950406074524,8.317929003428768,False
0.4055,204.04354630786773,0.5025942921638489,8.291441287610512,False
0.406,204.0835406313199,0.5024740695953369,8.264389375798553,False
0.40650000000000003,204.1086597307031,0.5024365782737732,8.237222532014126,False
0.40700000000000003,204.1185320345387,0.5024815797805786,8.210305342056904,False
0.40750000000000003,204.11300738531295,0.5026088356971741,8.184044438689831,False
0.40800000000000003,204.09218186647027,0.5028167366981506,8.158872610178928,False
0.40850000000000003,204.05639600446102,0.5031014680862427,8.135141148955938,False
0.40900000000000003,204.00621177361649,0.5034589767456055,8.113212904301756,False
0.40950000000000003,203.94241633578008,0.5038838386535645,8.093432894784371,False
0.41000000000000003,203.8660107077429,0.5043694376945496,8.07610788274303,False
0.41050000000000003,203.7781909460406,0.5049082636833191,8.061507659193415,False
0.41100000000000003,203.6803234683259,0.5054916739463806,8.049832201038372,False
0.41150000000000003,203.57392733669045,0.5061113238334656,8.041314408079016,False
0.41200000000000003,203.4606681479639,0.5067570805549622,8.036092075355997,False
0.41250000000000003,203.34231253177038,0.507418692111969,8.03423785330503,False
0.41300000000000003,203.22070522039485,0.5080862641334534,8.03582494127585,False
0.41350000000000003,203.09751812150157,0.5087357759475708,8.03951679815869,False
0.41400000000000003,202.97430322634798,0.5093852877616882,8.046930022337353,False
0.41450000000000004,202.85346849212766,0.5100235939025879,8.059515262362625,False
0.41500000000000004,202.73778758703727,0.5106212496757507,8.076495538343515,False
0.41550000000000004,202.62943946539906,0.5111604928970337,8.09603226446074,False
0.41600000000000004,202.5293562948237,0.5116149187088013,8.114483087371386,False
0.4165,202.43785744639518,0.5120415687561035,8.135063997031425,False
0.417,202.35672437952326,0.5124180316925049,8.15947632687473,False
0.4175,202.2880456427692,0.5127082467079163,8.186152336804394,False
0.418,202.23305887481098,0.5129075050354004,8.213372144504417,False
0.4185,202.19236239144647,0.5130260586738586,8.240802957664469,False
0.419,202.16648003229636,0.5130661725997925,8.268587057818303,False
0.4195,202.15592902311386,0.5130226016044617,8.296395801777656,False
0.42,202.1609846350696,0.5128929018974304,8.323554782817727,False
0.4205,202.18156800425194,0.5126798748970032,8.349460909246956,False
0.421,202.21730932096614,0.512389063835144,8.373752872180704,False
0.4215,202.26763746241068,0.5120255351066589,8.396140495779841,False
0.422,202.3317808511887,0.5115939974784851,8.416244564017179,False
0.4225,202.4087273253544,0.5111009478569031,8.433673085121484,False
0.423,202.4972384462711,0.5105552077293396,8.448170772508695,False
0.4235,202.5958974184867,0.5099653005599976,8.45951015993178,False
0.424,202.70312895941802,0.5093409419059753,8.467546208410143,False
0.4245,202.8172292394407,0.5086917877197266,8.472157772711713,False
0.425,202.936380119558,0.5080280303955078,8.473266990088508,False
0.4255,203.05867842902893,0.5073603987693787,8.470876641300443,False
0.426,203.18217806078127,0.5066995620727539,8.465061358839899,False
0.4265,203.30492140179214,0.5060555934906006,8.455918425811122,False
0.427,203.42496524494587,0.5054388642311096,8.44362675425751,False
0.4275,203.5404147433876,0.5048585534095764,8.428368193373075,False
0.428,203.6494454859822,0.5043240785598755,8.410410724210898,False
0.4285,203.75034544613274,0.5038436055183411,8.390050986122104,False
0.429,203.84153849018657,0.5034245848655701,8.367622670692066,False
0.4295,203.92160181569665,0.5030730366706848,8.34344317979373,False
0.43,203.98928489349638,0.5027950406074524,8.317924290290389,False
0.4305,204.04354392444515,0.5025943517684937,8.291443165410618,False
0.431,204.08354048556916,0.5024741291999817,8.264397719935976,False
0.4315,204.10866172296215,0.5024364590644836,8.237218342449555,False
0.432,204.11853171078488,0.5024815797805786,8.210300943694396,False
0.4325,204.11300591414633,0.5026088953018188,8.184046417307462,False
0.433,204.09218045507237,0.5028166770935059,8.158868800704912,False
0.4335,204.05639492174467,0.5031015872955322,8.135149951396702,False
0.434,204.0062142048247,0.5034589171409607,8.113215387924024,False
0.4345,203.9424187510791,0.5038837790489197,8.09342862450279,False
0.435,203.86601073871435,0.5043694376945496,8.076103307069504,False
0.4355,203.77818864135028,0.5049082636833191,8.061503369083782,False
0.436,203.68032024779396,0.5054917335510254,8.049834740215577,False
0.4365,203.5739246070567,0.5061112642288208,8.041311554710521,False
0.437,203.46066419837834,0.5067570805549622,8.036090055146873,False
0.4375,203.34230895600555,0.5074187517166138,8.034242897622217,False
0.438,203.22070343641545,0.5080862045288086,8.035824527016615,False
0.4385,203.09751627710972,0.5087357759475708,8.03951683437752,False
0.439,202.97430155426335,0.5093852877616882,8.046930494450358,False
0.4395,202.85346719772795,0.5100235939025879,8.059516101602874,False
0.44,202.73778682349882,0.5106212496757507,8.076496631835079,False
0.4405,202.62943931608294,0.5111604928970337,8.096033470438858,False
0.441,202.52935676482255,0.5116149187088013,8.114484253503901,False
0.4415,202.43785742379816,0.5120415091514587,8.135059009289659,False
0.442,202.3567228893811,0.5124180912971497,8.15947762235956,False
0.4425,202.2880449263851,0.5127082467079163,8.186153903620943,False
0.443,202.23305797319333,0.5129074454307556,8.213367818566397,False
0.4435,202.19235939319972,0.5130260586738586,8.24079911248267,False
0.444,202.16647637835658,0.5130662322044373,8.26859012081447,False
0.4445,202.15592823282617,0.5130226612091064,8.296405499280063,False
0.445,202.16098570839932,0.5128927230834961,8.323546177981074,False
0.4455,202.18156568973973,0.512679934501648,8.349458548063907,False
0.446,202.2173090772726,0.5123892426490784,8.37376909609091,False
0.4465,202.26764233151667,0.5120253562927246,8.396137872123314,False
0.447,202.33178297360288,0.5115939378738403,8.41623498523117,False
0.4475,202.40872649246876,0.5111010670661926,8.433675539899351,False
0.448,202.49723892066262,0.5105552077293396,8.44817327104835,False
0.4485,202.59589911484017,0.5099653005599976,8.459512389130202,False
0.449,202.70313061251423,0.5093408823013306,8.467541917631529,False
0.4495,202.81722755147308,0.5086917281150818,8.472147379526309,False
0.45,202.936375373284,0.5080281496047974,8.473269622056643,False
0.4505,203.0586764539098,0.5073604583740234,8.470886224610897,False
0.451,203.1821800812638,0.5066995024681091,8.465064815086134,False
0.4515,203.3049229232187,0.506055474281311,8.455909193054389,False
0.452,203.42496088800686,0.5054388046264648,8.443611751190613,False
0.4525,203.54040625665579,0.5048587322235107,8.42837319273687,False
0.453,203.6494423791233,0.504324197769165,8.410429442914067,False
0.4535,203.75034899371158,0.5038434267044067,8.390051232849157,False
0.454,203.84153974007003,0.5034244656562805,8.367610034424397,False
0.4545,203.92159862217017,0.5030731558799744,8.343443076865865,False
0.455,203.98928298663589,0.5027951002120972,8.317930973721893,False
0.4555,204.04354453293482,0.5025942921638489,8.291443863158543,False
0.456,204.08354139962515,0.5024741291999817,8.264398226064987,False
0.4565,204.10866281838378,0.5024364590644836,8.237218595757009,False
0.457,204.11853284258694,0.5024815797805786,8.21030091688438,False
0.4575,204.11300693577243,0.5026088953018188,8.184046119797173,False
0.458,204.09218015894132,0.5028166174888611,8.158862262273502,False
0.4585,204.056392384239,0.503101646900177,8.13514991927675,False
0.459,204.00621294542162,0.5034589767456055,8.113221979781038,False
0.4595,203.94241988790694,0.5038837194442749,8.093429084502276,False
0.46,203.86601201396664,0.5043694376945496,8.076103464834638,False
0.4605,203.77818988912094,0.5049082636833191,8.061503211141442,False
0.461,203.68032130971164,0.5054917335510254,8.0498342936801,False
0.4615,203.57392642461278,0.5061113238334656,8.041316883464875,False
0.462,203.46066857028651,0.5067570805549622,8.036094611201287,False
0.4625,203.34231420532498,0.507418692111969,8.034240127685948,False
0.463,203.22070684205613,0.5080862045288086,8.035820681957738,False
0.4635,203.09751745181902,0.5087357759475708,8.039512421668359,False
0.464,202.9743014580933,0.509385347366333,8.046932064898298,False
0.4645,202.8534679023949,0.5100235939025879,8.059517596356958,False
0.465,202.73778822327625,0.5106212496757507,8.076497866046997,False
0.4655,202.62944122130278,0.5111604928970337,8.096034296191787,False
0.466,202.5293589276071,0.5116149187088013,8.114484577136707,False
0.4665,202.43785957017946,0.5120415091514587,8.135058801636943,False
0.467,202.3567237170326,0.5124180316925049,8.15947095267641,False
0.4675,202.28804440363137,0.5127083659172058,8.186159384749716,False
0.468,202.23306024511723,0.5129074454307556,8.21337308319972,False
0.4685,202.19236309119876,0.5130259990692139,8.240797551463357,False
0.46900000000000003,202.16647898762517,0.5130662322044373,8.268587784294127,False
0.46950000000000003,202.15592945395957,0.5130226612091064,8.296402692073622,False
0.47000000000000003,202.16098644270647,0.5128927826881409,8.323549219219972,False
0.47050000000000003,202.18156789070773,0.512679934501648,8.349461227242594,False
0.47100000000000003,202.21730937661124,0.512389063835144,8.373753197235512,False
0.47150000000000003,202.2676366549694,0.5120254755020142,8.396134822235567,False
0.47200000000000003,202.33177725528168,0.5115939974784851,8.416239435111784,False
0.47250000000000003,202.4087224676017,0.5111010074615479,8.433675096889466,False
0.47300000000000003,202.4972350072561,0.5105552077293396,8.44817380977336,False
0.47350000000000003,202.5958957996172,0.5099653005599976,8.459513822709352,False
0.47400000000000003,202.7031282988279,0.5093408823013306,8.467544048701132,False
0.47450000000000003,202.81722857194544,0.5086918473243713,8.47216188611228,False
0.47500000000000003,202.9363805589683,0.508027970790863,8.473265019440644,False
0.47550000000000003,203.0586778314933,0.5073603987693787,8.470874690799315,False
0.47600000000000003,203.18217756253947,0.5066996216773987,8.465065664542836,False
0.47650000000000003,203.304922092586,0.5060555338859558,8.45591658341944,False
0.47700000000000004,203.4249638918897,0.5054388046264648,8.443618868195719,False
0.47750000000000004,203.54041053416972,0.5048586130142212,8.428367135769127,False
0.47800000000000004,203.64944109375088,0.5043240785598755,8.410410744333308,False
0.47850000000000004,203.75034143707995,0.5038436055183411,8.39005205968296,False
0.47900000000000004,203.8415353708819,0.5034245848655701,8.367624638598079,False
0.47950000000000004,203.9215999687809,0.5030730366706848,8.343445770935679,False
0.48,203.98928453043575,0.5027950406074524,8.317927158521206,False
0.4805,204.04354399119353,0.5025942921638489,8.291439922899631,False
0.481,204.08353888556897,0.5024741291999817,8.264394671000078,False
0.4815,204.10865977197784,0.5024365186691284,8.2372218905435,False
0.482,204.11853174369006,0.5024815797805786,8.21030473212208,False
0.4825,204.11300680687495,0.5026088356971741,8.184043938178847,False
0.483,204.09218108106194,0.5028167366981506,8.158872281163172,False
0.4835,204.05639511753824,0.5031014680862427,8.135141030034218,False
0.484,204.0062109012744,0.5034589767456055,8.113213006178716,False
0.4845,203.942415589538,0.5038838386535645,8.093433199575705,False
0.485,203.86601018032485,0.5043694376945496,8.076108346994117,False
0.4855,203.77819069996914,0.5049082636833191,8.061508220110117,False
0.486,203.68032352872012,0.5054916739463806,8.049832785025483,False
0.4865,203.57392768906297,0.5061113238334656,8.041314940412839,False
0.487,203.46066767124321,0.5067570209503174,8.036086491997507,False
0.4875,203.34231032921207,0.5074187517166138,8.034238732130525,False
0.488,203.2207025836581,0.5080862045288086,8.035820297810934,False
0.4885,203.0975133552583,0.5087357759475708,8.039513074692934,False
0.489,202.97429697597565,0.5093852877616882,8.046927665359041,False
0.4895,202.8534626268687,0.5100236535072327,8.059520517756184,False
0.49,202.73778485970942,0.5106212496757507,8.076501854916378,False
0.4905,202.62943909959947,0.5111604332923889,8.096032856869877,False
0.491,202.52935625750317,0.5116149187088013,8.11448372938272,False
0.4915,202.437857735,0.5120415687561035,8.135064607917924,False
0.492,202.3567239143977,0.5124179720878601,8.159470863619912,False
0.4925,202.2880435062288,0.512708306312561,8.186153288483261,False
0.493,202.23305739251174,0.5129075050354004,8.21337354126768,False
0.4935,202.19236173256212,0.5130260586738586,8.24080461751723,False
0.494,202.1664802607933,0.5130661725997925,8.268588770232517,False
0.4945,202.15593009216724,0.5130226016044617,8.29639735417241,False
0.495,202.16098537181776,0.5128928422927856,8.323550024215331,False
0.4955,202.1815662902369,0.5126798748970032,8.349456272048938,False
0.496,202.21730644049595,0.5123891234397888,8.373754891826731,False
0.4965,202.2676358361456,0.5120255351066589,8.396143070545534,False
0.497,202.33177963327793,0.5115939378738403,8.416241396081727,False
0.4975,202.40872563595948,0.5111010074615479,8.4336763723352,False
0.498,202.49723753061417,0.5105551481246948,8.448168283136862,False
0.4985,202.5958963486325,0.5099653601646423,8.459514017909797,False
0.499,202.70312992915726,0.5093409419059753,8.467550077900869,False
0.4995,202.8172310556269,0.5086917281150818,8.472155187718569,False
0.5,202.93638047338848,0.5080280303955078,8.473264135945268,False
0.5005000000000001,204.16801630240866,0.5303787589073181,13.72800134925354,False
0.501,207.01445824872653,0.46021154522895813,11.301321417760839,False
0.5015000000000001,207.98779031542728,0.44605645537376404,6.956141570540783,False
0.502,207.2981641067462,0.48401501774787903,6.6587045142203,False
0.5025000000000001,206.89159896840954,0.5016977787017822,8.441950764902115,False
0.503,207.27110999967914,0.4913642704486847,9.227154971253453,False
0.5035000000000001,207.7635113471011,0.4760260581970215,8.362961242764165,False
0.504,207.828529190976,0.4792853891849518,7.8332219850094456,False
0.5045000000000001,207.750958540713,0.4858480393886566,8.05131286947367,False
0.505,207.80494081024452,0.48570141196250916,8.302912129153823,False
0.5055000000000001,207.9328011110797,0.4824225604534149,8.221052227617498,False
0.506,207.99548107954095,0.48159146308898926,8.05050922113755,False
0.5065000000000001,207.99005667379288,0.4828612506389618,8.0180863187152,False
0.507,207.98128742155075,0.4835377037525177,8.058712989016202,False
0.5075000000000001,207.98483432374067,0.4831904470920563,8.051525143594377,False
0.508,207.9739557176754,0.482990026473999,8.000505856405084,False
0.5085000000000001,207.93566414064517,0.4833965599536896,7.963621307226362,False
0.509,207.88017645468972,0.4839591979980469,7.952273524513991,False
0.5095000000000001,207.81663334365604,0.4843565821647644,7.942238140638701,False
0.51,207.74337652798903,0.48472219705581665,7.923245824132997,False
0.5105000000000001,207.6571145056673,0.4852268099784851,7.904646355126728,False
0.511,207.5594460605684,0.4858368933200836,7.893617617413567,False
0.5115000000000001,207.4540169099414,0.48645469546318054,7.887635352081738,False
0.512,207.3428266826383,0.4870631992816925,7.883007998634747,False
0.5125,207.226708392404,0.487692266702652,7.880233856738463,False
0.513,207.10710968361,0.4883440434932709,7.881208191191777,False
0.5135,206.98623484231362,0.48899298906326294,7.886170288619816,False
0.514,206.86622761242924,0.4896197021007538,7.894265340177034,False
0.5145,206.74887850056348,0.4902191162109375,7.905081501039342,False
0.515,206.63589613184396,0.4907870590686798,7.918755806938422,False
0.5155,206.52907025017896,0.4913133978843689,7.9352845670653505,False
0.516,206.43015552814109,0.49178728461265564,7.954355472926611,False
0.5165,206.3407351215937,0.4922003746032715,7.975527618909177,False
0.517,206.26219953045356,0.49254757165908813,7.998489578856307,False
0.5175,206.1957925850738,0.49282366037368774,8.022945087305436,False
0.518,206.1425930728853,0.49302348494529724,8.048499072150577,False
0.5185,206.10346235903552,0.49314337968826294,8.074689624792974,False
0.519,206.0790261347194,0.4931820034980774,8.101106315660148,False
0.5195,206.06968491403236,0.4931386411190033,8.127325811701613,False
0.52,206.07560111323505,0.493013858795166,8.152912844708753,False
0.5205,206.09669226284282,0.4928097724914551,8.177451560254138,False
0.521,206.13263189706265,0.4925295412540436,8.200527990575765,False
0.5215,206.18285257975847,0.49217790365219116,8.221774334422562,False
0.522,206.2465598448052,0.4917604327201843,8.240842870627626,False
0.5225,206.32274332656792,0.49128401279449463,8.257438749138574,False
0.523,206.41019214041006,0.49075600504875183,8.271277363913597,False
0.5235,206.50750981122727,0.4901852309703827,8.282157850314956,False
0.524,206.6131457340443,0.48958060145378113,8.289906976778648,False
0.5245,206.72541556907572,0.4889519214630127,8.294421459478775,False
0.525,206.84253420790552,0.4883091449737549,8.295647968282214,False
0.5255,206.962637938632,0.4876621663570404,8.293557420049913,False
0.526,207.08381497386233,0.48702171444892883,8.28822980369063,False
0.5265,207.20414890450024,0.48639747500419617,8.279756786504697,False
0.527,207.3217335974712,0.4857991337776184,8.26826943745612,False
0.5275,207.43470907875346,0.48523643612861633,8.253988619871489,False
0.528,207.5413005863259,0.48471781611442566,8.237143788420568,False
0.5285,207.6398294724965,0.4842510521411896,8.217974554913676,False
0.529,207.7287430660768,0.48384398221969604,8.196821134435444,False
0.5295,207.80665845524393,0.48350265622138977,8.174028289864115,False
0.53,207.87236621479713,0.48323190212249756,8.149917525613011,False
0.5305,207.9248409009895,0.4830362796783447,8.12487056145393,False
0.531,207.96326935426782,0.4829186499118805,8.099267761582183,False
0.5315,207.98706065102968,0.48288094997406006,8.073510942927143,False
0.532,207.99585765356267,0.4829236567020416,8.047992220133617,False
0.5325,207.98953585200317,0.4830460250377655,8.023089199472876,False
0.533,207.96820339123263,0.4832462966442108,7.9991822096412735,False
0.5335,207.93220021059383,0.4835212528705597,7.976621830969691,False
0.534,207.8820935220925,0.48386698961257935,7.955773248534752,False
0.5345,207.81867469706881,0.4842779040336609,7.936946968691439,False
0.535,207.74293790785535,0.4847477674484253,7.920435124864287,False
0.5355,207.65606816186735,0.48526930809020996,7.906495343146245,False
0.536,207.5594190453691,0.4858342707157135,7.895330270064394,False
0.5365,207.4544972451365,0.4864344298839569,7.887161320260862,False
0.537,207.34294850292483,0.4870598614215851,7.882105773873105,False
0.5375,207.2265130669519,0.487700879573822,7.880244493953615,False
0.538,207.10700672544968,0.488347589969635,7.8816290679282215,False
0.5385,206.9863022895251,0.488989919424057,7.886274168429955,False
0.539,206.8662954758163,0.4896172285079956,7.894092831609365,False
0.5395,206.748866684283,0.49021998047828674,7.9049922145851115,False
0.54,206.63586338338078,0.4907883405685425,7.918806250098344,False
0.5405,206.52906793117407,0.49131345748901367,7.935345735919411,False
0.541,206.43017221115392,0.4917865991592407,7.9543432000288625,False
0.5415,206.340740499001,0.49220019578933716,7.975493852208631,False
0.542,206.26219364600266,0.4925479292869568,7.998493198464803,False
0.5425,206.1957908104327,0.4928237497806549,8.022959013012741,False
0.543,206.14259644902978,0.4930233657360077,8.048500359739327,False
0.5435,206.1034655448602,0.49314334988594055,8.074686964477655,False
0.544,206.07902652464284,0.4931819438934326,8.101096985503471,False
0.5445,206.06968209647138,0.49313873052597046,8.127326112673467,False
0.545,206.07559926305544,0.4930138885974884,8.152916849850294,False
0.5455,206.09669153889647,0.4928097128868103,8.177449682263324,False
0.546,206.13263025628558,0.4925295412540436,8.200526416483097,False
0.5465,206.18285082369175,0.49217793345451355,8.221776304195009,False
0.547,206.24655927309323,0.4917604327201843,8.240845139058713,False
0.5475,206.32274342874078,0.49128398299217224,8.257437968057387,False
0.548,206.41019069606537,0.49075594544410706,8.27127053455448,False
0.5485,206.50750604378285,0.49018529057502747,8.282157918854203,False
0.549,206.6131423362983,0.48958060145378113,8.28990797016791,False
0.5495,206.72541356232554,0.4889519512653351,8.29442626658576,False
0.55,206.84253263393427,0.48830902576446533,8.29564076828061,False
0.5505,206.9626344226195,0.48766225576400757,8.293560239010434,False
0.551,207.08381440231656,0.4870217740535736,8.288239394479714,False
0.5515,207.2041505805985,0.48639732599258423,8.279750616216509,False
0.552,207.32173416288435,0.48579925298690796,8.268275476871777,False
0.5525,207.43471163528193,0.48523637652397156,8.253987997783717,False
0.553,207.5413020047545,0.48471778631210327,8.23713951994441,False
0.5535,207.63982850031002,0.4842510521411896,8.217970229323525,False
0.554,207.72874163318554,0.4838440716266632,8.19682651864737,False
0.5545,207.80666001001788,0.48350265622138977,8.174033656758258,False
0.555,207.87236930941043,0.4832318425178528,8.149916015365338,False
0.5555,207.92484232710018,0.48303624987602234,8.124865325505459,False
0.556,207.96326963206593,0.48291873931884766,8.099271710948948,False
0.5565,207.98706182535392,0.4828808903694153,8.073508429144304,False
0.557,207.9958567962889,0.48292362689971924,8.047986529209302,False
0.5575,207.98953263845772,0.4830460548400879,8.023087178685463,False
0.558,207.96820057542945,0.4832463562488556,7.99918724968471,False
0.5585,207.93220032434178,0.4835212528705597,7.976627222722389,False
0.559,207.88209530479756,0.48386693000793457,7.955772121487275,False
0.5595,207.8186751314877,0.4842778742313385,7.936942418722822,False
0.56,207.742935893234,0.4847477674484253,7.920430782013415,False
0.5605,207.65606520839,0.48526936769485474,7.906497911349845,False
0.561,207.55941830236833,0.4858343005180359,7.895336448419516,False
0.5615,207.45449865625267,0.48643437027931213,7.88716115328765,False
0.562,207.34294911395537,0.4870598316192627,7.882102217852497,False
0.5625,207.22651175030538,0.487700879573822,7.88024103026077,False
0.5630000000000001,207.10700370343736,0.488347589969635,7.881626166523807,False
0.5635,206.98629859256187,0.4889899492263794,7.886275257217983,False
0.5640000000000001,206.86629267780364,0.4896172285079956,7.894094758418299,False
0.5645,206.748865143902,0.49021998047828674,7.90499470018132,False
0.5650000000000001,206.63586328080638,0.4907883405685425,7.918808946625424,False
0.5655,206.5290680990789,0.4913133978843689,7.935342195730103,False
0.5660000000000001,206.4301705135537,0.4917865991592407,7.954339857302674,False
0.5665,206.340737775842,0.49220022559165955,7.975494188662486,False
0.5670000000000001,206.26219247718123,0.49254798889160156,7.9985002530188245,False
0.5675,206.19579342493432,0.4928237497806549,8.022965880415493,False
0.5680000000000001,206.14260071510486,0.4930232763290405,8.048497021411205,False
0.5685,206.10346656464452,0.4931432902812958,8.074676736311966,False
0.5690000000000001,206.07902438117844,0.49318206310272217,8.101099328449957,False
0.5695,206.06968136261585,0.49313873052597046,8.127328823786298,False
0.5700000000000001,206.07559944424423,0.493013858795166,8.152916525245326,False
0.5705,206.09669153481812,0.4928097128868103,8.17744933502622,False
0.5710000000000001,206.132630071291,0.4925295412540436,8.200526093593556,False
0.5715,206.18285048628346,0.49217793345451355,8.221776048465804,False
0.5720000000000001,206.24655939471637,0.4917604625225067,8.240848019342803,False
0.5725,206.32274391980144,0.49128392338752747,8.257434550118296,False
0.5730000000000001,206.4101904818818,0.49075600504875183,8.271273303131007,False
0.5735,206.50750617008765,0.4901852309703827,8.282154473796309,False
0.5740000000000001,206.6131417752521,0.4895806610584259,8.289910809601862,False
0.5745,206.72541397597004,0.4889519214630127,8.294426008861505,False
0.5750000000000001,206.84253287518933,0.48830902576446533,8.29564042587328,False
0.5755,206.96263446199563,0.48766225576400757,8.293559860327687,False
0.5760000000000001,207.0838142384427,0.4870217740535736,8.288239032045952,False
0.5765,207.20415023999058,0.48639732599258423,8.279750319408537,False
0.577,207.32173369587912,0.48579925298690796,8.268275285175308,False
0.5775,207.43471110873134,0.48523637652397156,8.253987935499739,False
0.578,207.54130149252617,0.48471778631210327,8.237139593067335,False
0.5785,207.63982807293925,0.4842510521411896,8.217970425005214,False
0.579,207.72874134813668,0.4838440716266632,8.196826807293968,False
0.5795,207.80665990391523,0.48350265622138977,8.174033996434543,False
0.58,207.87236939330586,0.4832318425178528,8.149916357856561,False
0.5805,207.92484258540276,0.48303624987602234,8.124865623157945,False
0.581,207.96327002522753,0.48291873931884766,8.099271923311113,False
0.5815,207.9870622958673,0.4828808903694153,8.073508528472118,False
0.582,207.995857277089,0.48292362689971924,8.047986504078441,False
0.5825,207.98953306248885,0.4830460548400879,8.023087035236841,False
0.583,207.96820088500132,0.4832463562488556,7.9991870103784475,False
0.5835,207.93220047895645,0.4835212528705597,7.976626922833777,False
0.584,207.8820952863819,0.48386693000793457,7.955771803894457,False
0.5845,207.81867494636168,0.4842778742313385,7.936942127764076,False
0.585,207.74293557062768,0.4847477674484253,7.92043055730175,False
0.5855,207.65606479581572,0.48526936769485474,7.906497782411845,False
0.586,207.55941785858738,0.4858343005180359,7.895336430881409,False
0.5865,207.45449824288747,0.48643437027931213,7.88716124709058,False
0.587,207.3429493730451,0.4870598614215851,7.88210545840215,False
0.5875,207.22651252393274,0.48770081996917725,7.880237886298881,False
0.588,207.10700275409422,0.488347589969635,7.88162304609716,False
0.5885,206.9862972508877,0.48899000883102417,7.88627867597096,False
0.589,206.86629324948063,0.4896172285079956,7.894098275690037,False
0.5895,206.74886577446435,0.4902198910713196,7.904988709463685,False
0.59,206.63586129453122,0.49078837037086487,7.918806247534958,False
0.5905,206.52906602506798,0.49131345748901367,7.935346247225871,False
0.591,206.43017074009202,0.4917865991592407,7.954344145197421,False
0.5915,206.3407396509687,0.49220019578933716,7.975495094912938,False
0.592,206.26219295136636,0.4925478994846344,7.998491529397253,False
0.5925,206.1957904425405,0.4928238093852997,8.022963697157387,False
0.593,206.14259742249564,0.4930233061313629,8.048498750411625,False
0.5935,206.1034655938242,0.49314334988594055,8.074685224519973,False
0.594,206.0790256620886,0.4931819438934326,8.101095350237483,False
0.5945,206.06968045681268,0.49313873052597046,8.12732479849172,False
0.595,206.07559708172877,0.4930138885974884,8.152916025806801,False
0.5955,206.09669024486243,0.4928097724914551,8.177455516360036,False
0.596,206.13263155881367,0.4925295114517212,8.200529141438668,False
0.5965,206.18285287244484,0.49217790365219116,8.221775490848275,False
0.597,206.24656127934588,0.4917604625225067,8.240846913009028,False
0.5975,206.32274505941788,0.49128392338752747,8.257433055031697,False
0.598,206.4101907377932,0.49075600504875183,8.271271628713,False
0.5985,206.50750665554023,0.49018529057502747,8.282158928488775,False
0.599,206.61314342386436,0.48958060145378113,8.289908760202437,False
0.5995,206.72541440120156,0.4889519214630127,8.294423691956425,False
0.6,206.842533181029,0.4883090853691101,8.295644249579857,False
0.6005,206.96263618471323,0.4876622259616852,8.2935603010126,False
0.601,207.08381489604136,0.48702171444892883,8.288232921568099,False
0.6015,207.20414990646952,0.4863974452018738,8.279756660507969,False
0.602,207.32173444308418,0.4857991337776184,8.268269071201505,False
0.6025,207.43470965467662,0.48523643612861633,8.253988068623809,False
0.603,207.54130023964544,0.48471778631210327,8.237140078969729,False
0.6035,207.63982835155028,0.48425111174583435,8.21797729804838,False
0.604,207.72874350151358,0.48384398221969604,8.19682396636312,False
0.6045,207.8066603548691,0.48350265622138977,8.174030815980112,False
0.605,207.87236928475204,0.48323190212249756,8.149919401444375,False
0.6055,207.92484410386544,0.48303624987602234,8.124868481579897,False
0.606,207.96327116243586,0.4829186499118805,8.099265026790945,False
0.6065,207.9870608422925,0.48288094997406006,8.073507947295573,False
0.607,207.9958562354861,0.4829236567020416,8.047989385747888,False
0.6075,207.98953364609258,0.4830460548400879,8.023089976051326,False
0.608,207.96820179687325,0.4832462966442108,7.99918348278064,False
0.6085,207.93220002659007,0.4835212826728821,7.976626471724291,False
0.609,207.8820946354348,0.48386693000793457,7.955771496946721,False
0.6095,207.81867419125854,0.4842778742313385,7.936942004315433,False
0.61,207.74293481798236,0.4847477674484253,7.920430630387918,False
0.6105,207.65606414936624,0.48526936769485474,7.9064980376326,False
0.611,207.5594174049484,0.4858343005180359,7.895336829100436,False
0.6115,207.45449804007518,0.48643437027931213,7.887161730475571,False
0.612,207.3429488571813,0.4870598316192627,7.882102908141313,False
0.6125,207.22651188003516,0.487700879573822,7.88024173683431,False
0.613,207.1070041933969,0.488347589969635,7.881626792732063,False
0.6135,206.98629936812978,0.4889899492263794,7.886275719722695,False
0.614,206.8662924675197,0.48961716890335083,7.894088909341454,False
0.6145,206.74886304194294,0.4902200400829315,7.904995385401369,False
0.615,206.63586172326336,0.4907883405685425,7.918810102890305,False
0.6155,206.5290672838032,0.4913133978843689,7.935343656919481,False
0.616,206.43016996087073,0.49178656935691833,7.954338381720213,False
0.6165,206.34073650093646,0.49220022559165955,7.975492948111457,False
0.617,206.2621906666154,0.49254798889160156,7.998499408674794,False
0.6175,206.19579246932423,0.4928238093852997,8.022971607551801,False
0.618,206.1426016963716,0.49302321672439575,8.048496529153116,False
0.6185,206.1034683348252,0.49314334988594055,8.074682104814721,False
0.619,206.07902766581174,0.4931820034980774,8.101097835575834,False
0.6195,206.06968358088434,0.49313873052597046,8.12732662604646,False
0.62,206.0756008850692,0.4930138885974884,8.152916964883584,False
0.6205,206.09669307861952,0.4928097128868103,8.17744939179898,False
0.621,206.13263150916828,0.4925295412540436,8.200525767758226,False
0.6215,206.18285162755421,0.49217793345451355,8.221775391534127,False
0.622,206.24656009209747,0.4917604625225067,8.240847126283361,False
0.6225,206.32274521541686,0.49128398299217224,8.257439619596212,False
0.623,206.41019319008257,0.49075594544410706,8.271271634437182,False
0.6235,206.50750776384916,0.4901852309703827,8.282152250907995,False
0.624,206.61314262709826,0.4895806908607483,8.289911385354412,False
0.6245,206.72541505481036,0.4889519214630127,8.29442633494529,False
0.625,206.84253402968804,0.48830902576446533,8.295640462864784,False
0.6255000000000001,206.96263553313673,0.48766225576400757,8.29355960892406,False
0.626,207.08381508138137,0.4870217740535736,8.288238532373661,False
0.6265000000000001,207.20415074370104,0.48639732599258423,8.279749644932053,False
0.627,207.3217337979118,0.48579925298690796,8.268274532090974,False
0.6275000000000001,207.43471195727707,0.48523643612861633,8.253993312308635,False
0.628,207.54130279753034,0.4847176671028137,8.237132173938846,False
0.6285000000000001,207.6398282300532,0.4842512011528015,8.217978467461048,False
0.629,207.72874401140623,0.48384398221969604,8.196825084763487,False
0.6295000000000001,207.80666141253323,0.48350265622138977,8.174031729287812,False
0.63,207.87236956155405,0.4832318425178528,8.149913872095125,False
0.6305000000000001,207.9248414176457,0.48303624987602234,8.124863268748891,False
0.631,207.9632677116686,0.48291873931884766,8.099270024877475,False
0.6315000000000001,207.98705918229857,0.4828808903694153,8.073507340465754,False
0.632,207.99585440293544,0.4829236567020416,8.047989235904364,False
0.6325000000000001,207.98953307968486,0.48304611444473267,8.023096412601733,False
0.633,207.9682047003269,0.4832462966442108,7.999189612170265,False
0.6335000000000001,207.93220296864277,0.48352113366127014,7.9766161577927805,False
0.634,207.88209361251793,0.48386701941490173,7.955770339842151,False
0.6345000000000001,207.81867441815976,0.48427796363830566,7.936950353311424,False
0.635,207.74293767697594,0.48474767804145813,7.920429176453086,False
0.6355000000000001,207.65606480400936,0.48526930809020996,7.906489863495116,False
0.636,207.5594148567588,0.48583436012268066,7.895335163494973,False
0.6365000000000001,207.45449484022706,0.48643437027931213,7.887160811921053,False
0.637,207.3429460445268,0.4870598614215851,7.882105896580907,False
0.6375000000000001,207.22651264634504,0.4877009689807892,7.88025436447149,False
0.638,207.1070086194375,0.48834744095802307,7.881623129956838,False
0.6385000000000001,206.9863008949312,0.488989919424057,7.88626816742516,False
0.639,206.8662922147179,0.4896172881126404,7.894093671527327,False
0.6395000000000001,206.74886415188735,0.49021998047828674,7.904993801144707,False
0.64,206.6358624819683,0.49078837037086487,7.918811393966913,False
0.6405,206.52906865118973,0.4913133978843689,7.935344674194063,False
0.641,206.43017173972927,0.49178656935691833,7.954338994425201,False
0.6415,206.3407384434992,0.49220022559165955,7.975493082832355,False
0.642,206.2621913693487,0.4925479292869568,7.998492985140268,False
0.6425,206.19578975886685,0.4928238093852997,8.022965443087038,False
0.643,206.14259770938074,0.4930233061313629,8.04850054676954,False
0.6435,206.10346566065755,0.4931432902812958,8.074680761846174,False
0.644,206.07902452577727,0.4931820034980774,8.101097238009473,False
0.6445,206.0696804044802,0.49313873052597046,8.127326838127107,False
0.645,206.0755980978027,0.4930138885974884,8.15291794139234,False
0.6455,206.09669104541743,0.4928097128868103,8.17745098625307,False
0.646,206.13263048688424,0.4925295412540436,8.200527753878804,False
0.6465,206.1828517326662,0.49217793345451355,8.221777494928494,False
0.647,206.2465607245865,0.4917604327201843,8.240846026141167,False
0.6475,206.32274521649023,0.49128398299217224,8.25743843823039,False
0.648,206.4101937006539,0.49075600504875183,8.271276608792823,False
0.6485,206.50751083756595,0.4901852309703827,8.282156761918648,False
0.649,206.61314609812692,0.48958060145378113,8.289905709184714,False
0.6495,206.72541523465546,0.4889519214630127,8.294420188372301,False
0.65,206.84253209683817,0.4883090853691101,8.295640779332395,False
0.6505,206.96263393919148,0.48766225576400757,8.293560382293096,False
0.651,207.08381403760896,0.4870217740535736,8.288239647762968,False
0.6515,207.20415038225002,0.48639732599258423,8.279750942576904,False
0.652,207.32173415483155,0.48579925298690796,8.268275829992305,False
0.6525,207.43471181482198,0.48523637652397156,8.253988328485441,False
0.653,207.54130234333593,0.48471778631210327,8.237139783030786,False
0.6535,207.63982894790408,0.4842510521411896,8.217970389779572,False
0.654,207.72874212558824,0.4838440716266632,8.196826556333336,False
0.6545,207.80666047802382,0.48350265622138977,8.174033568955924,False
0.655,207.8723696885417,0.4832318425178528,8.149915816846843,False
0.6555,207.92484256651218,0.48303624987602234,8.124865046150308,False
0.656,207.9632697013833,0.48291873931884766,8.09927139128372,False
0.6565,207.98706171850583,0.4828808903694153,8.073508114471503,False
0.657,207.9958565318562,0.48292362689971924,8.047986263182098,False
0.6575,207.98953225655174,0.4830460548400879,8.023086997248601,False
0.658,207.96820013161965,0.4832463562488556,7.999187176230423,False
0.6585,207.93219988155664,0.4835212528705597,7.976627265117532,False
0.659,207.8820949243916,0.48386693000793457,7.955772271344724,False
0.6595,207.818674864753,0.4842778742313385,7.936942652961395,False
0.66,207.74293577453577,0.4847477674484253,7.920431066424667,False
0.6605,207.65606525084092,0.48526936769485474,7.906498205614918,False
0.661,207.5594184965692,0.4858343005180359,7.895336711833159,False
0.6615,207.45449897217966,0.48643437027931213,7.887161350372307,False
0.662,207.34294950563356,0.4870598316192627,7.882102323089085,False
0.6625,207.22651099308152,0.48770081996917725,7.880234932948819,False
0.663,207.10700213836816,0.48834770917892456,7.881632863522899,False
0.6635,206.98630010413444,0.488989919424057,7.886278838274779,False
0.664,206.8662947752785,0.48961716890335083,7.894091634252235,False
0.6645,206.74886541789124,0.49021998047828674,7.9049912710913075,False
0.665,206.63586231109866,0.49078837037086487,7.918808723534214,False
0.6655,206.52906824759222,0.49131345748901367,7.935348305961213,False
0.666,206.4301732702536,0.49178656935691833,7.954342480464909,False
0.6665,206.34074108913038,0.49220019578933716,7.975492921063313,False
0.667,206.26219369822965,0.4925479292869568,7.9984921851310355,False
0.6675,206.19579146601336,0.4928238093852997,8.022964125701836,False
0.668,206.14259857974108,0.4930233061313629,8.048498899309083,False
0.6685,206.10346672727763,0.49314334988594055,8.074685079813134,False
0.669,206.07902775033773,0.4931820034980774,8.101101005002972,False
0.6695,206.06968361879575,0.4931386411190033,8.127320461307573,False
0.67,206.07559883098955,0.4930139482021332,8.15291727190955,False
0.6705,206.09669249082944,0.4928097724914551,8.177456249794243,False
0.671,206.13263399044857,0.4925295114517212,8.200529274483545,False
0.6715,206.18285515983544,0.49217790365219116,8.221775017909208,False
0.672,206.24656255513597,0.4917604327201843,8.240842874052296,False
0.6725,206.32274523631108,0.49128398299217224,8.257435048906004,False
0.673,206.41019307181605,0.4907560646533966,8.271279520056789,False
0.6735,206.5075106606989,0.4901851713657379,8.282153552055243,False
0.674,206.61314311965197,0.48958054184913635,8.289896679910727,False
0.6745,206.7254106120216,0.48895207047462463,8.294427721203073,False
0.675,206.84253184889226,0.4883090853691101,8.295648940537035,False
0.6755,206.96263630196952,0.4876621663570404,8.293558909794182,False
0.676,207.08381312523193,0.48702165484428406,8.28822550300897,False
0.6765,207.20414495014646,0.48639747500419617,8.279753240740803,False
0.677,207.3217315748808,0.48579931259155273,8.268285419408931,False
0.6775,207.43471338684176,0.4852363169193268,8.253991793204793,False
0.678,207.54130445166945,0.4847177267074585,8.237136510240036,False
0.6785,207.6398302925693,0.48425111174583435,8.217972927529816,False
0.679,207.7287435310785,0.48384401202201843,8.196822471246103,False
0.6795,207.80665958801822,0.48350265622138977,8.174029417577401,False
0.68,207.87236784433438,0.48323190212249756,8.14991829194108,False
0.6805,207.9248422039842,0.48303624987602234,8.124867809181854,False
0.681,207.96327025231412,0.48291870951652527,8.099270993344122,False
0.6815,207.9870620081578,0.4828808903694153,8.073507606676662,False
0.682,207.99585711501112,0.4829236567020416,8.04798877767794,False
0.6825,207.98953412310442,0.4830460548400879,8.023089190745473,False
0.683,207.96820181372487,0.4832462966442108,7.999182633121623,False
0.6835,207.93219959085815,0.4835212826728821,7.976625677010364,False
0.684,207.88209499865474,0.48386698961257935,7.955776981716775,False
0.6845,207.81867742947128,0.4842778742313385,7.93694701786164,False
0.685,207.74293924094303,0.4847477078437805,7.920428378438359,False
0.6855,207.65606580538852,0.48526930809020996,7.906488731693457,False
0.686,207.5594163469113,0.48583441972732544,7.895339968151109,False
0.6865,207.45449873412574,0.48643437027931213,7.887164916002146,False
0.687,207.3429511693766,0.4870598316192627,7.882105702854046,False
0.6875,207.2265142890341,0.48770081996917725,7.880237669253964,False
0.6880000000000001,207.10700424807547,0.488347589969635,7.881622407392109,False
0.6885,206.98629827664965,0.48899000883102417,7.886277711799519,False
0.6890000000000001,206.86629251836243,0.48961716890335083,7.894091035228508,False
0.6895,206.74886304643888,0.49021998047828674,7.904991268872645,False
0.6900000000000001,206.63586014779875,0.49078837037086487,7.918809305235069,False
0.6905,206.5290665793079,0.49131345748901367,7.935349380370928,False
0.6910000000000001,206.4301711644002,0.49178650975227356,7.954337815212312,False
0.6915,206.3407373027528,0.49220022559165955,7.975492124258506,False
0.6920000000000001,206.2621909679519,0.49254798889160156,7.998498443481761,False
0.6925,206.19579110397362,0.4928237497806549,8.022964562508738,False
0.6930000000000001,206.1425984772681,0.4930233061313629,8.04849939555176,False
0.6935,206.10346689255007,0.49314334988594055,8.0746855678841,False
0.6940000000000001,206.07902815560934,0.4931820034980774,8.101101419839386,False
0.6945,206.06968420486078,0.4931386411190033,8.127320748993561,False
0.6950000000000001,206.07559951571469,0.4930139482021332,8.152917396621717,False
0.6955,206.09669205467847,0.4928097128868103,8.17745013035161,False
0.6960000000000001,206.1326309606999,0.4925295412540436,8.200526707890116,False
0.6965,206.18285105563822,0.49217790365219116,8.221773367998077,False
0.6970000000000001,206.24655851260673,0.4917604625225067,8.240845379739632,False
0.6975,206.32274286122086,0.49128398299217224,8.257438379508873,False
0.6980000000000001,206.41019152253293,0.49075600504875183,8.271277133867633,False
0.6985,206.50750912735992,0.4901852309703827,8.282157788149684,False
0.6990000000000001,206.61314507812068,0.48958060145378113,8.289907087566423,False
0.6995,206.72541502958688,0.4889519214630127,8.29442172473424,False
0.7000000000000001,206.842533855958,0.4883091449737549,8.295648348828307,False
0.7005,206.96263781851647,0.4876621663570404,8.29355786166639,False
0.7010000000000001,207.08381509739718,0.48702171444892883,8.288230244750787,False
0.7015,207.20414867630078,0.4863974452018738,8.279754118020117,False
0.7020000000000001,207.32173428037336,0.48579925298690796,8.26827921016339,False
0.7025,207.43471256367977,0.4852363169193268,8.25398534047166,False
0.7030000000000001,207.5413020209914,0.48471781611442566,8.23713986866295,False
0.7035,207.63982986111313,0.48425111174583435,8.21797665847255,False
0.704,207.72874511798238,0.48384401202201843,8.19682605036592,False
0.7045,207.80666293195333,0.48350265622138977,8.174032351550737,False
0.705,207.87237127436742,0.4832318425178528,8.149914071674926,False
0.7055,207.92484308183595,0.48303624987602234,8.124863026659451,False
0.706,207.96326909686545,0.48291873931884766,8.099269383983616,False
0.7065,207.9870601017155,0.4828808903694153,8.073506398266531,False
0.707,207.99585473855757,0.4829236567020416,8.047988129789026,False
0.7075,207.9895327972757,0.48304611444473267,8.023095299814596,False
0.708,207.9682026712879,0.48324623703956604,7.9991825296530035,False
0.7085,207.93219972545572,0.4835212528705597,7.97662230833831,False
0.709,207.88209392458185,0.48386701941490173,7.955776871476139,False
0.7095,207.81867639359396,0.4842778742313385,7.936947182893414,False
0.71,207.74293956540632,0.4847477674484253,7.9204349018784255,False
0.7105,207.6560683742264,0.4852692484855652,7.906488613644127,False
0.711,207.5594174465308,0.48583436012268066,7.89533311287364,False
0.7115,207.45449611568333,0.48643437027931213,7.88715825976162,False
0.712,207.34294586012334,0.4870598614215851,7.882103203530256,False
0.7125,207.22651222916392,0.48770102858543396,7.880257999933496,False
0.713,207.10701015214073,0.48834744095802307,7.881626620150731,False
0.7135,206.98630179924513,0.48898980021476746,7.886258857157916,False
0.714,206.86628931186658,0.48961734771728516,7.894090860063988,False
0.7145,206.74886118807947,0.4902200400829315,7.9049979814211735,False
0.715,206.63586139271084,0.4907883405685425,7.918812979534604,False
0.7155,206.5290679128127,0.4913133680820465,7.935343380633508,False
0.716,206.43017039008896,0.49178656935691833,7.95433796951361,False
0.7165,206.34073667710328,0.49220022559165955,7.975492458276378,False
0.717,206.2621905716053,0.49254798889160156,7.9984989085487515,False
0.7175,206.19579098505307,0.4928237497806549,8.02296509353705,False
0.718,206.14259807875112,0.4930232763290405,8.048496885437336,False
0.7185,206.10346408846718,0.4931432902812958,8.074677255574507,False
0.719,206.07902295755514,0.49318209290504456,8.10110345347027,False
0.7195,206.06968108683276,0.4931386709213257,8.12732695378066,False
0.72,206.07559878064507,0.4930138885974884,8.152917882013199,False
0.7205,206.0966916373663,0.4928097128868103,8.177450763406355,False
0.721,206.132630910517,0.4925295412540436,8.200527400773433,False
0.7215,206.18285137182383,0.49217790365219116,8.221774026551865,False
0.722,206.24655914525812,0.4917604625225067,8.240845916189793,False
0.7225,206.32274259181244,0.49128392338752747,8.257432650411253,False
0.723,206.41018940445235,0.4907560646533966,8.271277934967014,False
0.7235,206.5075076166182,0.4901852309703827,8.282159056880019,False
0.724,206.61314323492067,0.48958054184913635,8.289902561389672,False
0.7245,206.72541153858037,0.4889519512653351,8.294421004588786,False
0.725,206.84253029641528,0.4883091449737549,8.29564854125521,False
0.7255,206.9626346774409,0.4876621663570404,8.293558922272316,False
0.726,207.08381279607946,0.48702171444892883,8.288232011182597,False
0.7265,207.20414751353692,0.4863974452018738,8.279756333989962,False
0.727,207.32173324255214,0.4857991933822632,8.268275461943162,False
0.7275,207.43471078962222,0.48523637652397156,8.253988212795097,False
0.728,207.5413013489761,0.48471778631210327,8.237139930592674,False
0.7285,207.63982928239895,0.48425111174583435,8.217976883553172,False
0.729,207.72874471082235,0.48384401202201843,8.19682640410686,False
0.7295,207.8066627493095,0.48350265622138977,8.174032782258692,False
0.73,207.87237133698198,0.4832318425178528,8.149914517961664,False
0.7305,207.92484337593123,0.48303624987602234,8.124863426182795,False
0.731,207.96326957672736,0.48291873931884766,8.099269682167835,False
0.7315,207.9870606967112,0.4828808903694153,8.073506555768859,False
0.732,207.99585536351273,0.4829236567020416,8.047988127679513,False
0.7325,207.98953336467696,0.48304611444473267,8.023095141781855,False
0.733,207.9682031035449,0.48324623703956604,7.999182240988276,False
0.7335,207.93219996548933,0.4835212528705597,7.976621931915961,False
0.734,207.88209335262334,0.48386698961257935,7.955773403580363,False
0.7345,207.81867462504263,0.4842779040336609,7.936947155200216,False
0.735,207.74293794108982,0.4847477674484253,7.920435316380685,False
0.7355,207.6560682934641,0.48526930809020996,7.90649551315344,False
0.736,207.55941925504752,0.4858342707157135,7.895330395646019,False
0.7365,207.4544975023787,0.4864344298839569,7.887161385161064,False
0.737,207.34294877143967,0.4870598614215851,7.882105770550151,False
0.7375,207.22651330979906,0.487700879573822,7.8802444243772705,False
0.738,207.10700691009956,0.488347589969635,7.881628943052721,False
0.7385,206.9863023921657,0.488989919424057,7.8862740064593355,False
0.739,206.86629548434692,0.4896172285079956,7.894092655330946,False
0.7395,206.74886659963434,0.49021998047828674,7.90499204816369,False
0.74,206.63586321903932,0.4907883405685425,7.918806115780042,False
0.7405,206.52906771103477,0.49131345748901367,7.935345651090384,False
0.741,206.4301719660411,0.4917865991592407,7.954343175009279,False
0.7415,206.3407402623632,0.49220019578933716,7.975493889052158,False
0.742,206.26219344937647,0.4925479292869568,7.998493290891306,False
0.7425,206.19579067928174,0.4928237497806549,8.022959147449965,False
0.743,206.14259639949597,0.4930233657360077,8.048500517304534,False
0.7435,206.10346558182982,0.49314334988594055,8.074687123613806,False
0.744,206.07902664134718,0.4931819438934326,8.10109712490727,False
0.7445,206.06968227563837,0.49313873052597046,8.127326214124452,False
0.745,206.07559947942622,0.4930138885974884,8.152916900572151,False
0.7455,206.09669176274866,0.4928097128868103,8.177449676517254,False
0.746,206.13263045748144,0.4925295412540436,8.200526356198454,False
0.7465,206.18285041293254,0.49217790365219116,8.221773163537746,False
0.747,206.2465578195738,0.4917604625225067,8.240845346991449,False
0.7475,206.32274277563673,0.49128401279449463,8.257441556271262,False
0.748,206.41019310845283,0.49075600504875183,8.27128011662749,False
0.7485,206.50750987676008,0.49018511176109314,8.28214802055246,False
0.749,206.61314176602016,0.4895806610584259,8.289903880730643,False
0.7495,206.72541202819045,0.48895201086997986,8.294428681138333,False
0.75,206.84253250670943,0.48830902576446533,8.295643397211526,False
0.7505000000000001,206.9626351214182,0.4876622259616852,8.29355967401145,False
0.751,207.08381474073929,0.4870217740535736,8.28823869505576,False
0.7515000000000001,207.20415051942337,0.48639732599258423,8.279749880956581,False
0.752,207.32173371849657,0.48579925298690796,8.26827480755219,False
0.7525000000000001,207.4347120307603,0.48523643612861633,8.253993588471403,False
0.753,207.5413030106954,0.4847176671028137,8.237132412669721,False
0.7535000000000001,207.63982797002876,0.4842511713504791,8.217975582160726,False
0.754,207.72874282621365,0.48384401202201843,8.196825520457331,False
0.7545000000000001,207.80666056552693,0.48350265622138977,8.174032430378116,False
0.755,207.87236916338097,0.4832318425178528,8.14991473577527,False
0.7555000000000001,207.92484210092755,0.4830362796783447,8.124867229829238,False
0.756,207.96327043840773,0.48291873931884766,8.099273538891122,False
0.7565000000000001,207.98706294166675,0.4828808605670929,8.073506869020665,False
0.757,207.99585698261802,0.48292362689971924,8.04798479910335,False
0.7575000000000001,207.98953306896783,0.48304611444473267,8.023091641009072,False
0.758,207.96820333723082,0.4832463562488556,7.9991912935608696,False
0.7585000000000001,207.93220380248684,0.4835211932659149,7.976624179109282,False
0.759,207.88209685487143,0.48386693000793457,7.955768422192338,False
0.7595000000000001,207.81867635217287,0.48427796363830566,7.936947760897203,False
0.76,207.74293865400722,0.4847477078437805,7.920429338180177,False
0.7605000000000001,207.65606695746322,0.48526936769485474,7.906495880733983,False
0.761,207.55941882138208,0.4858343005180359,7.895334123365425,False
0.7615000000000001,207.45449790117976,0.48643437027931213,7.887158859490604,False
0.762,207.3429478025848,0.4870598614215851,7.882103319477415,False
0.7625000000000001,207.2265117207843,0.4877009093761444,7.880245430278688,False
0.763,207.10700482514102,0.48834753036499023,7.881624177966745,False
0.7635000000000001,206.98629856970635,0.4889899492263794,7.886273127159566,False
0.764,206.86629153889513,0.4896172285079956,7.894092778844864,False
0.7645000000000001,206.74886306777043,0.49021998047828674,7.9049931355652525,False
0.765,206.635860568446,0.4907883405685425,7.918807998994558,False
0.7655000000000001,206.52906512991225,0.4913133978843689,7.935341979149076,False
0.766,206.43016769246222,0.4917865991592407,7.95434038486523,False
0.7665000000000001,206.3407366210402,0.4922002851963043,7.97550144803518,False
0.767,206.2621935040024,0.4925478994846344,7.998498198795559,False
0.7675000000000001,206.19579328985856,0.4928237497806549,8.022963712348016,False
0.768,206.1425994610885,0.4930232763290405,8.04849503194774,False
0.7685,206.1034655147563,0.49314334988594055,8.074681255856778,False
0.769,206.07902577982762,0.49318206310272217,8.101103802177166,False
0.7695,206.0696838435597,0.4931386709213257,8.127326587410709,False
0.77,206.07560054121507,0.493013858795166,8.152913830775177,False
0.7705,206.0966922555133,0.4928097724914551,8.177452620371895,False
0.771,206.13263188106365,0.4925295114517212,8.200525946827394,False
0.7715,206.18285149752631,0.49217790365219116,8.221772432204446,False
0.772,206.24655842636872,0.4917604625225067,8.24084439847435,False
0.7725,206.32274226911684,0.49128398299217224,8.25743748574974,False
0.773,206.4101905145555,0.49075600504875183,8.271276446381655,False
0.7735,206.507507848028,0.4901852309703827,8.282157395720064,False
0.774,206.61314370610964,0.48958060145378113,8.289907037465564,False
0.7745,206.72541375300312,0.4889519214630127,8.294422016951843,False
0.775,206.84253170909815,0.4883090853691101,8.295642849359881,False
0.7755,206.9626341062404,0.4876622259616852,8.293559361190157,False
0.776,207.08381365116952,0.4870217740535736,8.288238655384395,False
0.7765,207.20414950632835,0.48639732599258423,8.279750114435124,False
0.777,207.3217329195742,0.48579925298690796,8.268275276635553,False
0.7775,207.43471039755778,0.48523637652397156,8.253988120635265,False
0.778,207.541300943324,0.48471778631210327,8.237139942428188,False
0.7785,207.63982891952236,0.48425111174583435,8.217976995645882,False
0.779,207.72874385787526,0.48384398221969604,8.196823543355158,False
0.7795,207.80666045452202,0.48350265622138977,8.174030333502797,False
0.78,207.87236794861855,0.4832318425178528,8.149912812749367,False
0.7805,207.9248399740584,0.4830362796783447,8.124865744293803,False
0.781,207.9632688896471,0.48291879892349243,8.099278805743783,False
0.7815,207.9870631546971,0.4828808009624481,8.073506037066984,False
0.782,207.99585673425378,0.48292362689971924,8.047983971987222,False
0.7825,207.98953240354953,0.48304611444473267,8.023090933602251,False
0.783,207.96820235612805,0.4832463562488556,7.9991908015665905,False
0.7835,207.93220383007915,0.4835212528705597,7.976630083031206,False
0.784,207.88210001223365,0.48386693000793457,7.95577390877061,False
0.7845,207.81868036288233,0.4842778742313385,7.936942909020012,False
0.785,207.74294091428936,0.4847477674484253,7.920429935995022,False
0.7855,207.6560681528204,0.48526930809020996,7.906489765369619,False
0.786,207.55941785377013,0.48583436012268066,7.89533424013663,False
0.7865,207.4544970817352,0.48643437027931213,7.887159208356494,False
0.787,207.3429472402637,0.4870598614215851,7.882103847511047,False
0.7875,207.22651148670946,0.4877009093761444,7.880246061362379,False
0.788,207.10700494392032,0.48834753036499023,7.881624823809133,False
0.7885,206.9862990173486,0.4889899492263794,7.8862736996393625,False
0.789,206.8662922473869,0.4896172285079956,7.894093201959752,False
0.7895,206.74886509194994,0.4902200400829315,7.904999441044614,False
0.79,206.63586456350973,0.4907882809638977,7.918807296714095,False
0.7905,206.52906840543974,0.4913133978843689,7.9353403418320925,False
0.791,206.43016925074798,0.49178656935691833,7.9543350145804,False
0.7915,206.34073523707792,0.4922002851963043,7.97549605670956,False
0.792,206.26219113651155,0.49254798889160156,7.998502618370418,False
0.7925,206.19579343603075,0.4928237497806549,8.022968415680262,False
0.793,206.14260204752918,0.4930232763290405,8.048499383822154,False
0.7935,206.1034690121488,0.4931432902812958,8.074678613713383,False
0.794,206.0790275930718,0.49318206310272217,8.10110048015382,False
0.7945,206.06968376559982,0.4931386709213257,8.127323043825065,False
0.795,206.0755991852,0.4930138885974884,8.15291357778171,False
0.7955,206.09669088646686,0.4928097724914551,8.177452716910093,False
0.796,206.13263068263174,0.4925295114517212,8.200526372787348,False
0.7965,206.18285062695753,0.49217790365219116,8.2217731237298,False
0.797,206.24655799395055,0.4917604625225067,8.240845257278439,False
0.7975,206.32274288770066,0.49128401279449463,8.257441429733861,False
0.798,206.41019314434575,0.49075600504875183,8.271279971068942,False
0.7985,206.50750983315595,0.49018511176109314,8.282147876024744,False
0.799,206.61314165041006,0.4895806610584259,8.28990375679046,False
0.7995,206.72541185770254,0.48895201086997986,8.294428594204996,False
0.8,206.84253230563687,0.48830902576446533,8.295643358382751,False
0.8005,206.96263491780184,0.4876622259616852,8.293559687629857,False
0.801,207.08381456247875,0.4870217740535736,8.288238758215419,False
0.8015,207.20415039045403,0.48639732599258423,8.279749984009769,False
0.802,207.321733655558,0.48579925298690796,8.268274935537816,False
0.8025,207.43471204119825,0.48523643612861633,8.253993723259839,False
0.803,207.54130309159362,0.4847176671028137,8.237132535518993,False
0.8035,207.63982810877775,0.4842511713504791,8.217975676323707,False
0.804,207.72874300242216,0.48384401202201843,8.196825573474234,False
0.8045,207.80666075399162,0.48350265622138977,8.1740324357363,False
0.805,207.8723693376828,0.4832318425178528,8.149914693710732,False
0.8055,207.92484223713856,0.4830362796783447,8.124867147169217,False
0.806,207.9632705183834,0.48291873931884766,8.099273427974804,False
0.8065,207.98706295546475,0.4828808605670929,8.07350674586638,False
0.807,207.99585692971786,0.48292362689971924,8.047984681095624,False
0.8075,207.98953295814206,0.48304611444473267,8.023091544442291,False
0.808,207.96820318511567,0.4832463562488556,7.999191231390115,False
0.8085,207.9322036310835,0.4835211932659149,7.976624159221139,False
0.809,207.88209668835705,0.48386693000793457,7.955768446426823,False
0.8095,207.81867621348795,0.48427796363830566,7.936947824938823,False
0.81,207.74293856170434,0.4847477078437805,7.920429432309671,False
0.8105,207.656066923251,0.48526936769485474,7.906495991310757,False
0.811,207.55941884868614,0.4858343005180359,7.895334234812246,False
0.8115,207.45449798488934,0.48643437027931213,7.887158956489112,False
0.812,207.34294792998213,0.4870598614215851,7.882103389064233,False
0.8125,207.22651187349118,0.4877009093761444,7.880245463556278,False
0.8130000000000001,207.10700498178085,0.48834753036499023,7.881624171207384,False
0.8135,206.9862987088946,0.4889899492263794,7.886273082171839,False
0.8140000000000001,206.8662916421412,0.4896172285079956,7.894092702577914,False
0.8145,206.74886312190043,0.49021998047828674,7.90499303902978,False
0.8150000000000001,206.63586056723722,0.4907883405685425,7.918807895668961,False
0.8155,206.52906507474586,0.4913133978843689,7.9353418831009055,False
0.8160000000000001,206.4301675919389,0.4917865991592407,7.95434030884835,False
0.8165,206.3407364896435,0.4922002851963043,7.975501401815852,False
0.8170000000000001,206.26219336001523,0.4925478994846344,7.998498187922337,False
0.8175,206.1957931528308,0.4928237497806549,8.02296373751452,False
0.8180000000000001,206.14259934920156,0.4930232763290405,8.04849508901566,False
0.8185,206.10346544243419,0.49314334988594055,8.074681336518013,False
0.8190000000000001,206.07902575590123,0.49318206310272217,8.10110389515219,False
0.8195,206.06968387021237,0.4931386709213257,8.127326680013184,False
0.8200000000000001,206.07560061382964,0.493013858795166,8.152913910629557,False
0.8205,206.09669236342265,0.4928097724914551,8.177452677055538,False
0.8210000000000001,206.13263200908898,0.4925295114517212,8.200525973222943,False
0.8215,206.18285162808678,0.49217790365219116,8.221772425389466,False
0.8220000000000001,206.24655854187554,0.4917604625225067,8.240844360038006,False
0.8225,206.32274235433093,0.49128398299217224,8.257437421502893,False
0.8230000000000001,206.41019055859573,0.49075600504875183,8.271276365506413,False
0.8235,206.50750784576735,0.4901852309703827,8.28215730947893,False
0.8240000000000001,206.61314365877766,0.48958060145378113,8.289906957647531,False
0.8245,206.72541366792265,0.4889519214630127,8.294421954267099,False
0.8250000000000001,206.84253159859855,0.4883090853691101,8.295642812000466,False
0.8255,206.9626339859026,0.4876622259616852,8.293559353750853,False
0.8260000000000001,207.08381353764813,0.4870217740535736,8.288238678287906,False
0.8265,207.2041494150519,0.48639732599258423,8.279750163936377,False
0.8270000000000001,207.32173286264228,0.48579925298690796,8.268275345399593,False
0.8275,207.43471153632106,0.48523643612861633,8.253994301991806,False
0.8280000000000001,207.54130409634902,0.4847177267074585,8.237139305882552,False
0.8285,207.6398302902142,0.4842510521411896,8.217969508946677,False
0.8290000000000001,207.72874171517034,0.48384401202201843,8.196819290944179,False
0.8295,207.8066574150663,0.48350271582603455,8.174033024978858,False
0.8300000000000001,207.87236661307745,0.4832318425178528,8.149916075433437,False
0.8305,207.92483990616813,0.48303624987602234,8.12486605475291,False
0.8310000000000001,207.963267817394,0.48291873931884766,8.099272994034472,False
0.8315,207.98706085658878,0.4828808903694153,8.073510076004489,False
0.8320000000000001,207.99585679027646,0.48292362689971924,8.047988303144262,False
0.8325,207.98953298541176,0.4830460250377655,8.023085771253331,False
0.833,207.968200734053,0.483246386051178,7.999188912612029,False
0.8335,207.93220017005677,0.4835211932659149,7.976622613436409,False
0.834,207.8820939003355,0.48386698961257935,7.955773986709405,False
0.8345,207.818674842211,0.4842778742313385,7.936944504412654,False
0.835,207.7429367346879,0.4847477674484253,7.920432795201468,False
0.8355,207.65606703966415,0.48526936769485474,7.906499576048021,False
0.836,207.55941908449154,0.4858342111110687,7.895328382547544,False
0.8365,207.45449628410728,0.4864344298839569,7.887159552975342,False
0.837,207.34294786775854,0.48705992102622986,7.8821104676262115,False
0.8375,207.22651379149983,0.48770081996917725,7.880242925047895,False
0.838,207.10700539363924,0.48834753036499023,7.881621331865808,False
0.8385,206.98629759207768,0.4889899492263794,7.886270334651532,False
0.839,206.8662915019155,0.48961734771728516,7.8941025950047266,False
0.8395,206.74886702432264,0.49021992087364197,7.90499620922385,False
0.84,206.6358646326371,0.4907882809638977,7.918803807981883,False
0.8405,206.52906779252143,0.49131345748901367,7.935343151559179,False
0.841,206.43017073365974,0.4917865991592407,7.954340824002058,False
0.8415,206.3407384815772,0.49220022559165955,7.975495036242129,False
0.842,206.26219242382123,0.4925479292869568,7.998494797877086,False
0.8425,206.19579052998623,0.4928237497806549,8.022960804721508,False
0.843,206.14259599368577,0.4930233061313629,8.048496030642092,False
0.8435,206.10346343784406,0.49314337968826294,8.074686071467257,False
0.844,206.07902639583304,0.49318206310272217,8.101108803798324,False
0.8445,206.069685321763,0.4931385815143585,8.127322001712457,False
0.845,206.07560006137416,0.4930138885974884,8.152912224128219,False
0.8455,206.09669097946787,0.4928097724914551,8.177451239304725,False
0.846,206.13263168432098,0.49252960085868835,8.200534074870351,False
0.8465,206.1828544385547,0.4921778440475464,8.22177399123925,False
0.847,206.24656023452633,0.49176037311553955,8.240836022128722,False
0.8475,206.32274122533732,0.4912840723991394,8.257438341208125,False
0.848,206.41019001099178,0.49075600504875183,8.271277500882123,False
0.8485,206.50750794191498,0.4901852309703827,8.28215850277089,False
0.849,206.6131443728158,0.48958060145378113,8.289908046060994,False
0.8495,206.72541489061712,0.4889519214630127,8.294422792100558,False
0.85,206.84253429097856,0.4883091449737549,8.295649377612609,False
0.8505,206.96263875676945,0.4876621663570404,8.29355871224778,False
0.851,207.0838152567438,0.48702165484428406,8.288224710484437,False
0.8515,207.2041464725692,0.48639747500419617,8.279751973766825,False
0.852,207.3217322911561,0.48579931259155273,8.268283861602635,False
0.8525,207.43471206026763,0.485236257314682,8.253984061794075,False
0.853,207.5413008854925,0.48471781611442566,8.237138803924738,False
0.8535,207.63982826330331,0.48425111174583435,8.217975950589407,False
0.854,207.72874270630805,0.48384398221969604,8.19682273459848,False
0.8545,207.8066589774366,0.48350265622138977,8.174029868392086,False
0.855,207.87236869883213,0.48323196172714233,8.149924978730954,False
0.8555,207.924844188026,0.4830361306667328,8.124861583402438,False
0.856,207.9632687483405,0.48291870951652527,8.09926470638588,False
0.8565,207.98705965347472,0.48288100957870483,8.073514370448068,False
0.857,207.99585797817244,0.48292362689971924,8.047992598464223,False
0.8575,207.98953634832372,0.4830460250377655,8.023089470352762,False
0.858,207.96820516770302,0.4832463562488556,7.999188455522653,False
0.8585,207.93220396125122,0.4835211932659149,7.976621081919019,False
0.859,207.88209653748316,0.48386698961257935,7.955771616323759,False
0.8595,207.8186765758609,0.4842779040336609,7.936944698453321,False
0.86,207.742938415349,0.4847477674484253,7.920432544209159,False
0.8605,207.6560684367337,0.48526936769485474,7.906498924418995,False
0.861,207.55942118872048,0.4858342707157135,7.8953335359356185,False
0.8615,207.45449857205872,0.48643431067466736,7.88715162060572,False
0.862,207.34294694009878,0.48705998063087463,7.882108614322798,False
0.8625,207.22651313963087,0.487700879573822,7.880247526750184,False
0.863,207.10700722090527,0.48834753036499023,7.881625780307058,False
0.8635,206.98630101330758,0.488989919424057,7.886270982539685,False
0.864,206.86629264034548,0.4896172285079956,7.894090177212663,False
0.8645,206.74886386425055,0.4902200400829315,7.904996524668104,False
0.865,206.63586306968844,0.4907883405685425,7.918810962613012,False
0.8655,206.52906838666664,0.4913133680820465,7.935341087557416,False
0.866,206.4301696234749,0.49178656935691833,7.95433571463341,False
0.8665,206.34073594273087,0.4922002851963043,7.975496618123493,False
0.867,206.26219093368968,0.4925479292869568,7.9984968963224965,False
0.8675,206.19579026547302,0.4928237497806549,8.022963127657325,False
0.868,206.14259696392352,0.4930233061313629,8.048498262534318,False
0.8685,206.10346492104512,0.49314334988594055,8.074684881753804,False
0.869,206.07902599913578,0.4931820034980774,8.10110126286461,False
0.8695,206.06968384745582,0.49313873052597046,8.127330231915522,False
0.87,206.07560244564294,0.493013858795166,8.152917229744583,False
0.8705,206.09669464046922,0.4928097128868103,8.177449256166625,False
0.871,206.13263286306432,0.4925295412540436,8.200525258025998,False
0.8715,206.18285259615942,0.49217793345451355,8.221774583706486,False
0.872,206.24655999008897,0.4917604327201843,8.240843099070405,False
0.8725,206.32274357858427,0.49128401279449463,8.257438926416501,False
0.873,206.41019246303622,0.49075600504875183,8.271277467148105,False
0.8735,206.507510159457,0.4901852309703827,8.282157867035762,False
0.874,206.61314606020534,0.48958060145378113,8.28990690644633,False
0.8745,206.72541582932823,0.4889519214630127,8.294421313375883,False
0.875,206.84253436814086,0.4883091449737549,8.295647767802414,False
0.8755000000000001,206.96263797897626,0.4876621663570404,8.293557193631177,False
0.876,207.08381489118167,0.48702171444892883,8.288229582822437,False
0.8765000000000001,207.20414871258077,0.48639747500419617,8.27975660136402,False
0.877,207.3217344755412,0.4857991933822632,8.268275412946824,False
0.8775000000000001,207.4347118860581,0.48523637652397156,8.253987860514915,False
0.878,207.5413021602846,0.48471778631210327,8.237139329754427,False
0.8785000000000001,207.63982854101388,0.4842510521411896,8.217970013582434,False
0.879,207.72874155575872,0.4838440716266632,8.196826307756698,False
0.8795000000000001,207.80665982761258,0.48350265622138977,8.174033479869536,False
0.88,207.87236904951098,0.4832318425178528,8.149915896341126,False
0.8805000000000001,207.92484202742645,0.48303624987602234,8.124865279688601,False
0.881,207.96326933511247,0.48291873931884766,8.099271743184255,False
0.8815000000000001,207.98706157236128,0.4828808903694153,8.073508533310921,False
0.882,207.99585662151003,0.48292362689971924,8.047986689301899,False
0.8825000000000001,207.9895325645251,0.4830460548400879,8.02308737126041,False
0.883,207.9682006104543,0.4832463562488556,7.999187447295689,False
0.8835000000000001,207.93220046111537,0.4835212528705597,7.9766273978373805,False
0.884,207.88209552215545,0.48386693000793457,7.955772250322711,False
0.8845000000000001,207.8186753975895,0.4842778742313385,7.9369424844574965,False
0.885,207.74293617024475,0.4847477674484253,7.920430776947956,False
0.8855000000000001,207.65606545786915,0.48526936769485474,7.906497837740005,False
0.886,207.55941849059238,0.4858343005180359,7.895336317906362,False
0.8865000000000001,207.45449875873445,0.48643437027931213,7.8871609850474975,False
0.887,207.34294911855994,0.4870598316192627,7.882102035762923,False
0.8875000000000001,207.22651165857812,0.487700879573822,7.880240859505547,False
0.888,207.1070035300222,0.488347589969635,7.881626030120544,False
0.8885000000000001,206.98629836285198,0.4889899492263794,7.886275172945379,False
0.889,206.86629242420406,0.4896172285079956,7.894094736546927,False
0.8895000000000001,206.74886490125638,0.49021998047828674,7.904994742287641,False
0.89,206.63586308163121,0.4907883405685425,7.918809045612374,False
0.8905000000000001,206.52906796925055,0.4913133978843689,7.935342337011778,False
0.891,206.43017046900957,0.4917865991592407,7.954340020957079,False
0.8915000000000001,206.3407378207015,0.49220022559165955,7.97549435223551,False
0.892,206.26219260349177,0.49254798889160156,7.998500394588163,False
0.8925000000000001,206.19579247737644,0.49282369017601013,8.022959910726662,False
0.893,206.14259730404945,0.4930233061313629,8.048494719267524,False
0.8935000000000001,206.10346338373844,0.49314334988594055,8.074681492795428,False
0.894,206.07902395911594,0.49318206310272217,8.101104545455831,False
0.8945000000000001,206.0696825700203,0.4931386709213257,8.127327727055436,False
0.895,206.07559997375301,0.493013858795166,8.152915206133363,False
0.8955000000000001,206.09669132959218,0.4928097128868103,8.177447974656324,False
0.896,206.1326302993984,0.49252960085868835,8.200530943816956,False
0.8965,206.18285153972985,0.4921778440475464,8.221771411027063,False
0.897,206.24655793098387,0.4917604625225067,8.240843435792756,False
0.8975,206.3227413136505,0.49128398299217224,8.257436709943022,False
0.898,206.41018923707267,0.49075600504875183,8.271275958315185,False
0.8985,206.50750642758598,0.4901852309703827,8.282157255596838,False
0.899,206.61314233793362,0.48958060145378113,8.289907257326522,False
0.8995,206.72541318917712,0.4889519512653351,8.29442560193946,False
0.9,206.84253308177705,0.4883090853691101,8.295646328766097,False
0.9005,206.96263604909032,0.4876621663570404,8.293556171704562,False
0.901,207.08381373832975,0.4870217740535736,8.288235203339173,False
0.9015,207.20414890999726,0.486397385597229,8.27975297547136,False
0.902,207.32173388913327,0.48579925298690796,8.268278088397247,False
0.9025,207.43471276810408,0.48523637652397156,8.253990496784848,False
0.903,207.5413032018096,0.4847177267074585,8.237135457700623,False
0.9035,207.6398297583059,0.4842511713504791,8.21797836817961,False
0.904,207.72874534930665,0.48384398221969604,8.196824611294685,False
0.9045,207.8066623784219,0.48350265622138977,8.174030954948757,False
0.905,207.8723700289735,0.4832318425178528,8.149912910592759,False
0.9055,207.92484133196095,0.48303624987602234,8.124862257575664,False
0.906,207.9632670963197,0.48291873931884766,8.099269105663497,False
0.9065,207.98705813397692,0.4828808903694153,8.073506639118749,False
0.907,207.99585543473475,0.4829237759113312,8.048001082192574,False
0.9075,207.98953913245546,0.4830460548400879,8.023101056728091,False
0.908,207.96820735877404,0.4832460284233093,7.9991648916386,False
0.9085,207.9321987615993,0.4835214614868164,7.976626137666567,False
0.909,207.8820950791558,0.48386701941490173,7.955780674915162,False
0.9095,207.81867946062607,0.4842778742313385,7.936950434640561,False
0.91,207.74294230945756,0.48474767804145813,7.920427996836889,False
0.9105,207.65606721819674,0.4852692484855652,7.906481503626858,False
0.911,207.55941440071632,0.4858344495296478,7.89533594139615,False
0.9115,207.4544960103374,0.4864344298839569,7.887167753836128,False
0.912,207.34294901317975,0.4870597720146179,7.8821029195324455,False
0.9125,207.22651085868796,0.48770081996917725,7.880235610457409,False
0.913,207.10700237239303,0.48834770917892456,7.88163352796752,False
0.9135,206.98630066657194,0.488989919424057,7.886279399623776,False
0.914,206.86629558255544,0.48961716890335083,7.8940920186726125,False
0.9145,206.7488663553514,0.49021998047828674,7.904991430496567,False
0.915,206.635863249304,0.49078837037086487,7.9188086413786785,False
0.9155,206.52906791063515,0.4913133978843689,7.93534191885149,False
0.916,206.43017019694804,0.4917865991592407,7.954339645395843,False
0.9165,206.34073737637092,0.49220022559165955,7.9754940687529725,False
0.917,206.26219205018973,0.49254798889160156,7.998500239182799,False
0.9175,206.19579302818548,0.4928237497806549,8.022965972218426,False
0.918,206.14260040102488,0.4930232763290405,8.048497204310447,False
0.9185,206.10346637346595,0.4931432902812958,8.07467698391768,False
0.919,206.0790243358584,0.49318206310272217,8.101099606300412,False
0.9195,206.06968146615327,0.49313873052597046,8.127329094106583,False
0.92,206.07560024304004,0.4930138885974884,8.152919785716994,False
0.9205,206.09669340181915,0.4928096830844879,8.177449146693522,False
0.921,206.13263167603074,0.4925295412540436,8.200525459831669,False
0.9215,206.18285161889045,0.49217793345451355,8.221775063370906,False
0.922,206.2465599126317,0.4917604625225067,8.240846822379549,False
0.9225,206.32274489274457,0.49128398299217224,8.25743938036224,False
0.923,206.41019277058567,0.49075594544410706,8.271271490835256,False
0.9235,206.50750730614755,0.4901852309703827,8.282152220431914,False
0.924,206.61314219394168,0.4895806908607483,8.28991146987604,False
0.9245,206.72541527189756,0.4889519512653351,8.294429562859849,False
0.925,206.84253535718915,0.48830899596214294,8.295640372764794,False
0.9255,206.96263669491432,0.48766225576400757,8.29355919630048,False
0.926,207.0838147780279,0.48702171444892883,8.28823176625545,False
0.9265,207.2041480417441,0.486397385597229,8.279749516996091,False
0.927,207.32173242101464,0.48579931259155273,8.26828118449162,False
0.9275,207.434711915953,0.4852363169193268,8.253987640720622,False
0.928,207.5413026499211,0.48471781611442566,8.237142170769326,False
0.9285,207.63983049279096,0.4842510521411896,8.217972535363693,False
0.929,207.72874350519476,0.48384401202201843,8.196822056419299,False
0.9295,207.80665934423925,0.48350265622138977,8.174029038089717,False
0.93,207.87236859150775,0.48323196172714233,8.149924114724396,False
0.9305,207.92484363130217,0.4830361306667328,8.124860806458868,False
0.931,207.9632684167353,0.48291873931884766,8.099267181450223,False
0.9315,207.98705948985457,0.48288094997406006,8.073510637482304,False
0.932,207.9958564349462,0.4829236567020416,8.047992226047501,False
0.9325,207.98953474656915,0.4830460250377655,8.023089509300052,False
0.933,207.96820255012312,0.4832462966442108,7.9991827738356545,False
0.9335,207.93219974484757,0.4835212528705597,7.9766225657540195,False
0.934,207.8820940787957,0.48386701941490173,7.955777106159906,False
0.9345,207.81867665834687,0.4842778742313385,7.936947362862219,False
0.935,207.7429399016964,0.4847477674484253,7.920435003467695,False
0.9355,207.65606873410482,0.4852692484855652,7.906488624570473,False
0.936,207.55941777995324,0.48583436012268066,7.895333033635169,False
0.9365,207.4544963774563,0.48643437027931213,7.887158103232224,False
0.937,207.34294601598023,0.4870598614215851,7.882102992861586,False
0.9375,207.22651226016166,0.48770102858543396,7.8802577651087455,False
0.9380000000000001,207.10701005682975,0.48834744095802307,7.8816263937075455,False
0.9385,206.98630159339118,0.48898980021476746,7.886258669691832,False
0.9390000000000001,206.86628902584337,0.48961734771728516,7.894090736131018,False
0.9395,206.74886086236452,0.4902200400829315,7.904997936380039,False
0.9400000000000001,206.63586107215437,0.4907883405685425,7.9188130177221785,False
0.9405,206.52906764048734,0.4913133680820465,7.935343495073591,False
0.9410000000000001,206.4301702015559,0.49178656935691833,7.954338143148626,False
0.9415,206.34073659584345,0.49220022559165955,7.975492666509426,False
0.9420000000000001,206.2621906061844,0.49254798889160156,7.998499122719438,False
0.9425,206.19579226499525,0.4928238093852997,8.02297135562025,False
0.9430000000000001,206.14260137856044,0.49302321672439575,8.048496344216048,False
0.9435,206.10346681682708,0.4931432902812958,8.074675941940733,False
0.9440000000000001,206.07902476186032,0.49318209290504456,8.101101559319911,False
0.9445,206.06968174528177,0.4931386709213257,8.127324744481813,False
0.9450000000000001,206.07559822904872,0.4930138885974884,8.152915659567366,False
0.9455,206.0966911004253,0.4928097724914551,8.177454893357305,False
0.9460000000000001,206.13263257675695,0.4925295412540436,8.200531384787519,False
0.9465,206.18285384726357,0.4921778440475464,8.221771263160132,False
0.9470000000000001,206.24655939509253,0.4917604327201843,8.240839695036586,False
0.9475,206.32274069129502,0.49128398299217224,8.257432861844634,False
0.9480000000000001,206.41018834663365,0.490756094455719,8.271281637958475,False
0.9485,206.50750746384213,0.4901851713657379,8.282156690743689,False
0.9490000000000001,206.6131429858842,0.48958060145378113,8.289906475222296,False
0.9495,206.7254133685857,0.4889519512653351,8.294424713104993,False
0.9500000000000001,206.8425327775409,0.4883090853691101,8.29564545631087,False
0.9505,206.96263531232867,0.4876621663570404,8.293555434358032,False
0.9510000000000001,207.08381267841227,0.4870217740535736,8.28823469928212,False
0.9515,207.20414882586897,0.4863974452018738,8.279758866212727,False
0.9520000000000001,207.32173462531276,0.4857991337776184,8.268271393179704,False
0.9525,207.43471104934002,0.48523643612861633,8.253990184690235,False
0.9530000000000001,207.54130262987925,0.48471778631210327,8.237141701180631,False
0.9535,207.63983022559438,0.4842510521411896,8.217972103368558,False
0.9540000000000001,207.72874303286986,0.48384401202201843,8.196821721089826,False
0.9545,207.80665990408906,0.48350271582603455,8.174034957142696,False
0.9550000000000001,207.87237107427345,0.48323190212249756,8.149923366531855,False
0.9555,207.92484549231656,0.4830361306667328,8.124859490415451,False
0.9560000000000001,207.96326882245896,0.48291870951652527,8.099262433642659,False
0.9565,207.98705851292712,0.48288100957870483,8.07351223779653,False
0.9570000000000001,207.9958563967713,0.4829236567020416,8.047993958723096,False
0.9575,207.98953563248395,0.4830460250377655,8.023091130667853,False
0.9580000000000001,207.9682042172698,0.4832462966442108,7.999184061053293,False
0.9585,207.9322019450155,0.4835212528705597,7.976623347387827,False
0.9590000000000001,207.88209590479144,0.48386698961257935,7.9557742270426415,False
0.9595,207.81867679372834,0.4842778742313385,7.936944228625343,False
0.96,207.74293836478475,0.4847477674484253,7.920432052697787,False
0.9605,207.6560681306151,0.48526936769485474,7.906498479471828,False
0.961,207.55942067481436,0.4858342707157135,7.895333197744703,False
0.9615,207.45449792552552,0.48643431067466736,7.887151433233273,False
0.962,207.34294625244033,0.48705998063087463,7.882108600083099,False
0.9625,207.22651309044772,0.4877009093761444,7.880250732924165,False
0.963,207.10700886302064,0.48834753036499023,7.881628779546527,False
0.9635,206.98630175931928,0.48898980021476746,7.886261187760488,False
0.964,206.8662904988205,0.48961734771728516,7.894093042032884,False
0.9645,206.74886341412713,0.4902200400829315,7.904999722862077,False
0.965,206.6358631813824,0.4907882809638977,7.918807972476339,False
0.9655,206.52906749870215,0.4913133978843689,7.93534131184045,False
0.966,206.43016893090478,0.49178656935691833,7.954336141970244,False
0.9665,206.34073553426344,0.4922002851963043,7.97549718672685,False
0.967,206.26219085791593,0.4925479292869568,7.998497526916999,False
0.9675,206.19579052536557,0.4928237497806549,8.022963734483431,False
0.968,206.14259751752627,0.4930233061313629,8.048498764929542,False
0.9685,206.10346568809564,0.49314334988594055,8.07468521477405,False
0.969,206.07902574301636,0.4931819438934326,8.101095318042873,False
0.9695,206.06968051385903,0.49313873052597046,8.127324748622733,False
0.97,206.07559710776277,0.4930138885974884,8.152915965300195,False
0.9705,206.0966902370416,0.4928097724914551,8.177455453532808,False
0.971,206.1326315188808,0.4925295114517212,8.200529084754645,False
0.9715,206.18285280641086,0.49217790365219116,8.221775447785193,False
0.972,206.24656119661014,0.4917604625225067,8.240846889075694,False
0.9725,206.32274497145045,0.49128392338752747,8.257433053063133,False
0.973,206.4101906565598,0.49075600504875183,8.271271648533569,False
0.9735,206.50750659188247,0.49018529057502747,8.282158966983904,False
0.974,206.61314338605303,0.48958060145378113,8.289908811785244,False
0.9745,206.72541439385546,0.4889519214630127,8.294423749362338,False
0.975,206.84253320454235,0.4883090853691101,8.295644304879039,False
0.9755,206.96263623526465,0.4876622259616852,8.293560346700806,False
0.976,207.08381496617918,0.48702171444892883,8.288232951586396,False
0.9765,207.20414998618747,0.4863974452018738,8.279756671052079,False
0.977,207.3217345212357,0.4857991337776184,8.26826906121094,False
0.9775,207.4347097205294,0.48523643612861633,8.253988039886115,False
0.978,207.54130028435836,0.48471778631210327,8.23714003582868,False
0.9785,207.63982836936822,0.48425111174583435,8.217977246760874,False
0.979,207.72874349051523,0.48384398221969604,8.196823914198482,False
0.9795,207.80666031716862,0.48350265622138977,8.174030770191532,False
0.98,207.87236922613297,0.48323190212249756,8.14991936825869,False
0.9805,207.92484403290658,0.48303624987602234,8.124868465347976,False
0.981,207.96327108926016,0.4829186499118805,8.099265029416395,False
0.9815,207.9870607771231,0.48288094997406006,8.07350796801757,False
0.982,207.99585618721645,0.4829236567020416,8.047989421302466,False
0.9825,207.9895336210733,0.4830460548400879,8.02309002118064,False
0.983,207.9682017980821,0.4832462966442108,7.999183531010703,False
0.9835,207.9322000532941,0.4835212826728821,7.97662651629515,False
0.984,207.88209468337982,0.48386693000793457,7.955771531760111,False
0.9845,207.81867425334562,0.4842778742313385,7.936942024766111,False
0.985,207.74293488532317,0.4847477674484253,7.92043063396516,False
0.9855,207.6560642125588,0.48526936769485474,7.906498024214285,False
0.986,207.55941745538817,0.4858343005180359,7.895336800907967,False
0.9865,207.4544980711191,0.48643437027931213,7.887161691706233,False
0.987,207.3429488650075,0.4870598316192627,7.8821028643392514,False
0.9875,207.22651186409013,0.487700879573822,7.8802416940953,False
0.988,207.10700415638232,0.488347589969635,7.881626756856726,False
0.9885,206.98629931554652,0.4889899492263794,7.886275695435248,False
0.989,206.86629240684513,0.48961716890335083,7.894088899678135,False
0.9895,206.74886298156613,0.4902200400829315,7.904995391345515,False
0.99,206.63586167132897,0.4907883405685425,7.918810123294754,False
0.9905,206.5290672471221,0.4913133978843689,7.9353436887173805,False
0.991,206.4301699440409,0.49178656935691833,7.954338420386673,False
0.9915,206.34073650578418,0.49220022559165955,7.975492988306758,False
0.992,206.26219069202062,0.49254798889160156,7.998499444978308,False
0.9925,206.19579251144222,0.4928238093852997,8.02297163518716,False
0.993,206.14260174921023,0.49302321672439575,8.048496544609373,False
0.9935,206.10346725948324,0.4931432902812958,8.074676038053964,False
0.994,206.0790252158358,0.49318209290504456,8.10110154050931,False
0.9945,206.06968214965644,0.4931386709213257,8.127324615671974,False
0.995,206.07559853078223,0.4930138885974884,8.15291544027384,False
0.9955,206.0966912612639,0.4928097724914551,8.177454614797062,False
0.996,206.13263257805045,0.4925295412540436,8.200531085492829,False
0.9965,206.18285369209391,0.4921778440475464,8.22177098369886,False
0.997,206.2465591074765,0.4917604327201843,8.240839472549402,False
0.9975,206.32274087611185,0.49128401279449463,8.257435761980352,False
0.998,206.41018947000296,0.4907560646533966,8.271281258249731,False
0.9985,206.50750828878176,0.4901851713657379,8.282156059951879,False
0.999,206.6131434066227,0.48958060145378113,8.289905683800407,False
0.9995,206.72541276866605,0.4889519214630127,8.294420829551598,False
1.0,206.84253132502843,0.4883091449737549,8.29564807397134,False
1.0005,204.37010837042192,0.4416746199131012,0.0,False
1.0010000000000001,200.20268884805725,0.5363933444023132,0.7118536931826152,False
1.0015,198.1019987763829,0.6099912524223328,9.623688442509206,False
1.002,199.14657077667414,0.5425125360488892,11.987264561344006,False
1.0025,200.66450451795367,0.49672919511795044,9.516790826301612,False
1.0030000000000001,200.87651972988323,0.5014926195144653,7.391279516202435,False
1.0035,200.3999884791999,0.5232783555984497,7.582523254748391,False
1.004,200.19627614349926,0.5307954549789429,8.680835048775478,False
1.0045,200.44585688929075,0.5237640142440796,9.118331990896237,False
1.0050000000000001,200.768882112844,0.5153511166572571,8.680172698603835,False
1.0055,200.85722064033547,0.5154656767845154,8.238412218025594,False
1.006,200.79644534221185,0.5197672843933105,8.253500506944256,False
1.0065,200.77349254379612,0.5211206674575806,8.42792098822185,False
1.0070000000000001,200.81340329005758,0.5195915699005127,8.445168225462941,False
1.0075,200.83919847827914,0.5185976028442383,8.341675972199726,False
1.008,200.8150720207463,0.5191625356674194,8.27165436422073,False
1.0085,200.76457438956754,0.520066499710083,8.267371068802584,False
1.0090000000000001,200.71130262184147,0.520465612411499,8.270297437836975,False
1.0095,200.65279501861647,0.5206395983695984,8.248470804991241,False
1.01,200.5787842139172,0.5210434198379517,8.218480857996276,False
1.0105,200.4879184075442,0.5216541290283203,8.196989776325006,False
1.0110000000000001,200.38440344449097,0.5222877860069275,8.182804161963823,False
1.0115,200.27184353244974,0.5229461193084717,8.175214292676333,False
1.012,200.15318103268314,0.523608386516571,8.171968423891649,False
1.0125,200.0303142850767,0.5242720246315002,8.17139359685083,False
1.0130000000000001,199.90463193026758,0.5249435901641846,8.173553460176239,False
1.0135,199.77776124803708,0.5256204605102539,8.179377913783172,False
1.014,199.65178428347056,0.5262885093688965,8.189422370132716,False
1.0145,199.52894745361266,0.5269295573234558,8.203367923285741,False
1.0150000000000001,199.4113053415602,0.527531087398529,8.220555685995997,False
1.0155,199.30064583518504,0.5280860662460327,8.240529458438678,False
1.016,199.1986082736596,0.5285885334014893,8.263105308494675,False
1.0165,199.10677919117305,0.5290310382843018,8.2881367679652,False
1.0170000000000001,199.026878322368,0.5294182300567627,8.316593861598315,False
1.0175,198.9608141908052,0.529727041721344,8.347593327902615,False
1.018,198.90980023107997,0.5299384593963623,8.378709140116236,False
1.0185,198.8730230286267,0.5299953818321228,8.40229954170094,False
1.0190000000000001,198.84842453145376,0.5300431847572327,8.426046505797254,False
1.0195,198.8373731535828,0.5300495624542236,8.454658068116025,False
1.02,198.84229289420375,0.5299428701400757,8.485199676260315,False
1.0205,198.8638325019358,0.5297150611877441,8.513374818569343,False
1.0210000000000001,198.90097981198343,0.5294017791748047,8.538129205481447,False
1.0215,198.95254529504967,0.5290278196334839,8.560597446214087,False
1.022,199.0177946173689,0.5285924077033997,8.58132982595169,False
1.0225,199.09601754652664,0.5280901789665222,8.599613015914194,False
1.0230000000000001,199.1860624391758,0.5275278091430664,8.614582902488364,False
1.0235,199.2863761352368,0.5269191861152649,8.625921729591651,False
1.024,199.39525605768262,0.5262771248817444,8.633707746464049,False
1.0245,199.51097623686562,0.5256108641624451,8.637988552728407,False
1.025,199.6317450259688,0.524928867816925,8.638648047955405,False
1.0255,199.75565206422624,0.5242416858673096,8.635596215395125,False
1.026,199.88070460374146,0.5235610604286194,8.628895051031263,False
1.0265,200.0049019639736,0.5228981971740723,8.61872090669984,False
1.027,200.12628252768707,0.5222631692886353,8.605275419420826,False
1.0275,200.24293875366146,0.5216655135154724,8.588771819958357,False
1.028,200.3530366797674,0.5211146473884583,8.569481093948646,False
1.0285,200.4548465662999,0.5206189155578613,8.547696186135957,False
1.029,200.54676884912251,0.5201862454414368,8.523774574664408,False
1.0295,200.62737266017044,0.5198234915733337,8.498123737056504,False
1.03,200.69541390329312,0.5195356011390686,8.471110093940693,False
1.0305,200.75010636160098,0.5193436145782471,8.44477061489315,False
1.031,200.79114968846986,0.5192196369171143,8.417904939324007,False
1.0315,200.8176674696365,0.519168496131897,8.38957988085932,False
1.032,200.82867190157106,0.5192094445228577,8.36085867232895,False
1.0325,200.82381976520645,0.5193442106246948,8.333142918273557,False
1.033,200.8033608206773,0.519561767578125,8.306911943187478,False
1.0335,200.76773913606223,0.5198549032211304,8.28219570503937,False
1.034,200.71747641098574,0.5202211737632751,8.259201653896385,False
1.0345,200.65329091289584,0.5206579566001892,8.238431055958944,False
1.035,200.5761855698651,0.5211579203605652,8.220300371272103,False
1.0355,200.486932406223,0.5216845870018005,8.202326941401113,False
1.036,200.3855747552553,0.5222545266151428,8.184750695065068,False
1.0365,200.2732838954407,0.5229101777076721,8.173209196584624,False
1.037,200.1534716685109,0.5236054062843323,8.169454183482802,False
1.0375,200.02966970355598,0.5242915749549866,8.170898063828723,False
1.038,199.90403644542735,0.5249582529067993,8.174687543413777,False
1.0385,199.77774181775453,0.525618851184845,8.180422985989505,False
1.039,199.6521188560783,0.5262787938117981,8.18944966143722,False
1.0395,199.5291807983749,0.5269241333007812,8.202780694392395,False
1.04,199.41126577045927,0.5275330543518066,8.220143592879733,False
1.0405,199.30048072670985,0.5280905365943909,8.240591849795175,False
1.041,199.19851713252814,0.5285904407501221,8.263390080583052,False
1.0415,199.10681361608692,0.5290297865867615,8.288302353117652,False
1.042,199.02695817631826,0.5294162034988403,8.31654213832801,False
1.0425,198.96085131910476,0.5297263264656067,8.347455862137055,False
1.043,198.90977813164815,0.5299391150474548,8.378635777265284,False
1.0435,198.87298401216896,0.5299964547157288,8.402341188021145,False
1.044,198.84841065240852,0.5300433039665222,8.426106388030178,False
1.0445,198.8373837837655,0.530049204826355,8.454682417819882,False
1.045,198.84230795335347,0.5299424529075623,8.485179083524852,False
1.0455,198.86383544944553,0.5297150015830994,8.51334610788342,False
1.046,198.90097232077719,0.5294020175933838,8.538124982984252,False
1.0465,198.95254007763205,0.529028058052063,8.560618683638243,False
1.047,199.01779733847223,0.5285922288894653,8.581333389285643,False
1.0475,199.0960199172679,0.5280900597572327,8.599603989515915,False
1.048,199.18606022190556,0.5275278091430664,8.614573859729552,False
1.0485,199.28637155647056,0.5269193053245544,8.625925494260603,False
1.049,199.39525462285943,0.5262771844863892,8.633718229772251,False
1.0495,199.51097816055227,0.5256107449531555,8.63798696769118,False
1.05,199.63174601960645,0.524928867816925,8.638646113322963,False
1.0505,199.75565202906185,0.5242416858673096,8.635594166044681,False
1.051,199.88070451667156,0.5235611200332642,8.628899032130557,False
1.0515,200.00490384306318,0.5228981971740723,8.618724671028602,False
1.052,200.12628611076696,0.5222631692886353,8.605278523966822,False
1.0525,200.2429426168559,0.5216654539108276,8.58876799752225,False
1.053,200.35303737690492,0.5211145877838135,8.569470690458099,False
1.0535,200.45484400503628,0.5206190347671509,8.547698078071345,False
1.054,200.54676743095757,0.5201862454414368,8.523776948384278,False
1.0545,200.62737253210307,0.5198234915733337,8.498126297755949,False
1.055,200.69541407381857,0.5195355415344238,8.471106607156912,False
1.0555,200.7501047901345,0.5193436145782471,8.444767298950635,False
1.056,200.7911475860589,0.519219696521759,8.417908115345172,False
1.0565,200.81766612458856,0.5191684365272522,8.389577428659576,False
1.057,200.8286694498089,0.5192094445228577,8.36085668170971,False
1.0575,200.8238165254457,0.5193442106246948,8.333141619001687,False
1.058,200.8033591832318,0.5195618867874146,8.30692332863137,False
1.0585,200.76774128367478,0.5198547840118408,8.282194935286622,False
1.059,200.71747800422946,0.5202211737632751,8.259200431052028,False
1.0595,200.65329276505787,0.520658016204834,8.238435458471692,False
1.06,200.57618944695437,0.5211579203605652,8.220304080004494,False
1.0605,200.486937801052,0.5216845870018005,8.20232952937305,False
1.061,200.3855790148561,0.5222544074058533,8.18474004926211,False
1.0615,200.27328356153438,0.5229102373123169,8.173204111022633,False
1.062,200.153470830546,0.5236055254936218,8.169461294297198,False
1.0625,200.0296704595468,0.524291455745697,8.170893136353069,False
1.063,199.90403472634912,0.5249582529067993,8.174682732529929,False
1.0635000000000001,199.77773983036687,0.5256189703941345,8.18043065088561,False
1.064,199.65212077271806,0.5262787938117981,8.189457333133682,False
1.0645,199.5291843725578,0.5269240140914917,8.20277569358362,False
1.065,199.41126758825908,0.5275331139564514,8.220143953709105,False
1.0655000000000001,199.30048257685308,0.5280905365943909,8.240591773553717,False
1.066,199.19851879988133,0.5285904407501221,8.263389585741383,False
1.0665,199.10681491179548,0.5290297865867615,8.288301506083698,False
1.067,199.0269589588729,0.5294162034988403,8.316541044583271,False
1.0675000000000001,198.9608524556256,0.5297263860702515,8.34746052960954,False
1.068,198.9097805002463,0.5299390554428101,8.378634040819566,False
1.0685,198.87298535271148,0.5299964547157288,8.402339011864157,False
1.069,198.84841083232203,0.5300433039665222,8.42610403195671,False
1.0695000000000001,198.83738280678864,0.530049204826355,8.454680156807857,False
1.07,198.84230595607795,0.5299424529075623,8.485177175925237,False
1.0705,198.863833617762,0.5297150611877441,8.513350639858388,False
1.071,198.90097283406806,0.5294020175933838,8.538129670616302,False
1.0715000000000001,198.95254189473323,0.5290279984474182,8.560617106190023,False
1.072,199.01779824507585,0.5285922288894653,8.581331488029631,False
1.0725,199.09602076200048,0.5280901193618774,8.599607871182402,False
1.073,199.18606289235322,0.5275278091430664,8.614577321256583,False
1.0735000000000001,199.2863738281203,0.5269191861152649,8.62591637100093,False
1.074,199.3952522551103,0.5262771844863892,8.633709119984147,False
1.0745,199.5109743519657,0.5256109237670898,8.637996610934191,False
1.075,199.63174629456404,0.5249288082122803,8.638650170833799,False
1.0755000000000001,199.75565237519268,0.52424156665802,8.635586125327116,False
1.076,199.88070183585663,0.5235611796379089,8.628897289345385,False
1.0765,200.00490147539054,0.522898256778717,8.6187295560716,False
1.077,200.12628634030486,0.5222631692886353,8.60528366587567,False
1.0775000000000001,200.24294440138345,0.5216653943061829,8.588766868173042,False
1.078,200.353037492942,0.5211145281791687,8.569463301117285,False
1.0785,200.4548423996882,0.5206191539764404,8.5477029381106,False
1.079,200.54677030817408,0.5201863646507263,8.523793726727197,False
1.0795000000000001,200.62737957510774,0.5198232531547546,8.498117711570691,False
1.08,200.69541727305284,0.5195356011390686,8.471102821831233,False
1.0805,200.75010585404434,0.5193436145782471,8.444762996959888,False
1.081,200.79114741660226,0.5192197561264038,8.41790975083494,False
1.0815000000000001,200.81766776751076,0.519168496131897,8.389584931010525,False
1.082,200.82867368945628,0.5192093849182129,8.36085742137233,False
1.0825,200.82382078823136,0.5193442106246948,8.333141326375518,False
1.083,200.8033609722198,0.519561767578125,8.306910209127878,False
1.0835000000000001,200.76773841676027,0.5198549032211304,8.282194040212634,False
1.084,200.71747691085474,0.5202212929725647,8.259212104037479,False
1.0845,200.65329554634988,0.5206578969955444,8.238434840213195,False
1.085,200.57619070773046,0.5211578607559204,8.220296933200938,False
1.0855000000000001,200.4869354347441,0.5216845870018005,8.202322517685007,False
1.086,200.38557437213376,0.522254467010498,8.1847399189403,False
1.0865,200.2732802134569,0.5229102969169617,8.173210974240659,False
1.087,200.15347013873,0.523605465888977,8.169462614837109,False
1.0875000000000001,200.02967047098002,0.524291455745697,8.170894538329737,False
1.088,199.90403542395518,0.5249582529067993,8.17468404915516,False
1.0885,199.77774014209987,0.5256189107894897,8.180425830934908,False
1.089,199.65211870385926,0.5262787938117981,8.189452724388792,False
1.0895,199.52918215333875,0.5269241333007812,8.202783613027464,False
1.09,199.41126844129877,0.5275330543518066,8.220146030679645,False
1.0905,199.30048437405407,0.5280905365943909,8.24059353433185,False
1.091,199.19852035551153,0.5285903811454773,8.263384950316631,False
1.0915,199.1068131389724,0.5290297269821167,8.28829090369901,False
1.092,199.02695407525647,0.5294163227081299,8.316543217413274,False
1.0925,198.9608490098544,0.5297263860702515,8.347463690818644,False
1.093,198.90977885835898,0.5299390554428101,8.378637805069262,False
1.0935,198.87298566556657,0.5299964547157288,8.402342932997815,False
1.094,198.8484120834427,0.5300432443618774,8.426101781965034,False
1.0945,198.8373828684927,0.530049204826355,8.454677751549942,False
1.095,198.8423057818312,0.529942512512207,8.485180768664403,False
1.0955,198.86383520099557,0.5297150611877441,8.51335406455499,False
1.096,198.90097595623806,0.5294020175933838,8.538132535574482,False
1.0965,198.9525452296281,0.5290279388427734,8.560613215808518,False
1.097,199.01779849008506,0.5285921692848206,8.581321183568331,False
1.0975,199.09601690512832,0.5280901789665222,8.59960399041482,False
1.098,199.1860593218152,0.527527928352356,8.61458631498931,False
1.0985,199.28637493041282,0.5269191861152649,8.625925657597108,False
1.099,199.39525592761984,0.5262770652770996,8.633705833080349,False
1.0995,199.51097518066126,0.5256108641624451,8.637986781848175,False
1.1,199.6317431859541,0.524928867816925,8.638646624870445,False
1.1005,199.75565062176022,0.5242417454719543,8.635601198309564,False
1.101,199.88070572556512,0.5235610604286194,8.628900071427758,False
1.1015,200.00490451057033,0.5228981375694275,8.618719464811807,False
1.102,200.12628415931835,0.5222631692886353,8.605273473792039,False
1.1025,200.24293929418582,0.5216655135154724,8.588769612377805,False
1.103,200.35303511951656,0.5211145877838135,8.569472979781857,False
1.1035,200.45484306160057,0.5206190347671509,8.547700754388053,False
1.104,200.54676886204732,0.5201863050460815,8.523785601765786,False
1.1045,200.6273761775217,0.5198233723640442,8.498122254699378,False
1.105,200.69541542096513,0.5195355415344238,8.471101959193364,False
1.1055,200.7501047076391,0.5193436741828918,8.444768542160828,False
1.106,200.7911491121884,0.5192197561264038,8.417915228113381,False
1.1065,200.81767105359512,0.5191684365272522,8.38958375594677,False
1.107,200.82867414754196,0.5192092657089233,8.360843698503379,False
1.1075,200.82381539859398,0.5193442702293396,8.333134251986488,False
1.108,200.8033564815503,0.5195620059967041,8.306928520444062,False
1.1085,200.76774137115123,0.5198547840118408,8.28220044294088,False
1.109,200.7174798172745,0.5202211141586304,8.25919966319825,False
1.1095,200.6532930602601,0.5206579566001892,8.238428393416617,False
1.11,200.57618722046632,0.52115797996521,8.220303289952371,False
1.1105,200.48693536390417,0.5216845870018005,8.202329302808852,False
1.111,200.3855766617604,0.5222544074058533,8.184740400650584,False
1.1115,200.2732825566578,0.5229102969169617,8.173210897716082,False
1.112,200.15347225695137,0.523605465888977,8.169462001649007,False
1.1125,200.02967211925645,0.524291455745697,8.170893472855843,False
1.113,199.90403446261112,0.5249581336975098,8.174670862797763,False
1.1135,199.77773377821384,0.5256189703941345,8.180419540219019,False
1.114,199.65211268414907,0.5262789726257324,8.189465950463656,False
1.1145,199.52918306622954,0.5269241333007812,8.202797446195964,False
1.115,199.41127313400813,0.5275328755378723,8.220141181038125,False
1.1155,199.3004863349654,0.5280905365943909,8.24058789303091,False
1.116,199.19851941759663,0.5285903811454773,8.26337918847969,False
1.1165,199.10681042735587,0.5290297865867615,8.288291570789713,False
1.117,199.02695190062175,0.5294163227081299,8.316544464834275,False
1.1175,198.9608485575563,0.5297264456748962,8.347471238646984,False
1.118,198.90978210334114,0.5299390554428101,8.37864501990007,False
1.1185,198.87299027397873,0.5299963355064392,8.402337243141817,False
1.119,198.84841357072926,0.5300432443618774,8.426095370154133,False
1.1195,198.83738206654184,0.5300492644309998,8.454677243999747,False
1.12,198.84230479653695,0.529942512512207,8.485180473300126,False
1.1205,198.8638341496647,0.5297150611877441,8.513354011042523,False
1.121,198.90097496150352,0.5294020175933838,8.538132725147827,False
1.1215,198.95254440526622,0.5290279388427734,8.560613621626667,False
1.122,199.01779792806508,0.5285921692848206,8.581321754291794,False
1.1225,199.09601666536673,0.5280901789665222,8.599604656538698,False
1.123,199.18605848894356,0.5275278687477112,8.614581115068406,False
1.1235,199.28637162517919,0.5269191861152649,8.625920953055894,False
1.124,199.39525246648756,0.5262771844863892,8.633713939247711,False
1.1245,199.51097596204954,0.5256108641624451,8.63799520722515,False
1.125,199.6317470884455,0.5249288082122803,8.638648479068722,False
1.1255,199.7556532245484,0.5242416262626648,8.635590247895449,False
1.1260000000000001,199.8807036909157,0.5235611200332642,8.628895070360171,False
1.1265,200.00490113381215,0.5228981971740723,8.618721136012207,False
1.127,200.12628187717604,0.5222631692886353,8.605275827310018,False
1.1275,200.24293835670628,0.5216655135154724,8.588772354284298,False
1.1280000000000001,200.35303464483258,0.5211145281791687,8.569469861464682,False
1.1285,200.4548410836034,0.5206190347671509,8.547697933692428,False
1.129,200.54676759627299,0.5201864242553711,8.523795248263236,False
1.1295,200.627378813357,0.5198233127593994,8.498125693456632,False
1.1300000000000001,200.69541954711008,0.5195355415344238,8.471104576669466,False
1.1305,200.75010881363568,0.5193436145782471,8.444764116084674,False
1.131,200.79114970554753,0.519219696521759,8.417904187286076,False
1.1315,200.8176671124623,0.519168496131897,8.389579170289693,False
1.1320000000000001,200.82867122106595,0.5192094445228577,8.360858087919652,False
1.1325,200.82381885017662,0.5193442106246948,8.33314252767923,False
1.133,200.80336077807593,0.5195618271827698,8.306917715198882,False
1.1335,200.76774096247053,0.5198548436164856,8.28219521406188,False
1.1340000000000001,200.7174788392861,0.5202212333679199,8.259206691509016,False
1.1345,200.6532946435656,0.5206578969955444,8.238429304728975,False
1.135,200.5761881351395,0.5211579203605652,8.220297859098508,False
1.1355,200.48693352584746,0.5216845870018005,8.202323984689738,False
1.1360000000000001,200.38557531667954,0.5222545862197876,8.184753570440476,False
1.1365,200.27328582687312,0.5229101777076721,8.173211771006555,False
1.137,200.1534747106215,0.5236054062843323,8.169456159055006,False
1.1375,200.02967150992504,0.524291455745697,8.170887410003044,False
1.1380000000000001,199.90403190860505,0.5249581933021545,8.174671200054354,False
1.1385,199.77773256707005,0.5256190299987793,8.180426343768849,False
1.139,199.65211295167515,0.5262788534164429,8.189460842542092,False
1.1395,199.52918081922417,0.5269241333007812,8.20279257580518,False
1.1400000000000001,199.4112696541169,0.5275329351425171,8.22014299854022,False
1.1405,199.30048401462545,0.5280905365943909,8.24059040117296,False
1.141,199.19851945678698,0.5285904407501221,8.263387964367926,False
1.1415,199.10681377590308,0.5290297269821167,8.28829394823116,False
1.1420000000000001,199.02695614078027,0.5294163227081299,8.316545940250403,False
1.1425,198.96085223483647,0.5297263860702515,8.347465784999327,False
1.143,198.909782846411,0.5299390554428101,8.378639042885487,False
1.1435,198.87298900037925,0.529996395111084,8.402337316028039,False
1.1440000000000001,198.84841337146142,0.5300433039665222,8.426101602505353,False
1.1445,198.8373839684892,0.530049204826355,8.454677288828043,False
1.145,198.8423065710756,0.529942512512207,8.485180081860582,False
1.1455,198.8638346602082,0.5297150015830994,8.513347363808906,False
1.1460000000000001,198.9009722035151,0.5294020175933838,8.538126346334089,False
1.1465,198.95254063224866,0.529028058052063,8.560619994695871,False
1.147,199.01779848721907,0.5285922288894653,8.581334497345765,False
1.1475,199.096021515014,0.5280900597572327,8.599604770124351,False
1.1480000000000001,199.18606207399182,0.5275278091430664,8.61457422866199,False
1.1485,199.28637250348103,0.5269192457199097,8.625919531912063,False
1.149,199.39525352121862,0.5262772440910339,8.633718287408035,False
1.1495,199.5109781178872,0.5256108045578003,8.637993166131984,False
1.1500000000000001,199.63174807222725,0.5249288082122803,8.638646061814807,False
1.1505,199.75565389258486,0.5242416858673096,8.63559364410278,False
1.151,199.88070597464187,0.5235611200332642,8.628898110710942,False
1.1515,200.00490377477678,0.5228981375694275,8.618717563163816,False
1.1520000000000001,200.12628254556915,0.5222631692886353,8.605271856010768,False
1.1525,200.24293893864603,0.521665632724762,8.588780286501523,False
1.153,200.353039097488,0.5211145281791687,8.569477183063544,False
1.1535,200.45484685546862,0.5206189155578613,8.547691948415192,False
1.154,200.5467679921277,0.5201863050460815,8.523776443444246,False
1.1545,200.62737279785054,0.5198234915733337,8.498125692649765,False
1.155,200.6954149987181,0.5195356011390686,8.47111189946988,False
1.1555,200.75010727997434,0.5193435549736023,8.444766131906661,False
1.156,200.79114929554117,0.519219696521759,8.417906438664915,False
1.1565,200.81766686419266,0.5191684365272522,8.389575454944646,False
1.157,200.82866915096417,0.5192094445228577,8.360854654915993,False
1.1575,200.8238162371928,0.5193442702293396,8.333145710695938,False
1.158,200.80335896171206,0.519561767578125,8.306915388618586,False
1.1585,200.7677391334021,0.5198549032211304,8.282199375443335,False
1.159,200.71747822454205,0.5202211737632751,8.259205104065567,False
1.1595,200.65329329369243,0.5206578969955444,8.238427955460832,False
1.16,200.5761872188109,0.52115797996521,8.220302824066202,False
1.1605,200.4869351325502,0.5216845870018005,8.202328865170552,False
1.161,200.38557623333358,0.5222544074058533,8.184740042705815,False
1.1615,200.27328099968338,0.5229102373123169,8.173204748198128,False
1.162,200.15346878667444,0.5236055254936218,8.169462485371636,False
1.1625,200.02966916328032,0.524291455745697,8.17089472837397,False
1.163,199.90403431353025,0.5249582529067993,8.174684529200157,False
1.1635,199.77773935487102,0.5256189107894897,8.18042653816698,False
1.164,199.652118324744,0.5262787938117981,8.189453570968167,False
1.1645,199.52918124969295,0.5269240736961365,8.202778605120656,False
1.165,199.41126613158931,0.5275331139564514,8.220147410874587,False
1.1655,199.30048291864196,0.5280905365943909,8.240595362800908,False
1.166,199.19851990423513,0.5285903811454773,8.26338700530796,False
1.1665,199.1068137220121,0.5290297269821167,8.288292942583972,False
1.167,199.02695465313224,0.5294162631034851,8.316539126858226,False
1.1675,198.96084850323194,0.5297264456748962,8.347465581489237,False
1.168,198.90978025192535,0.5299391150474548,8.378645577085122,False
1.1685,198.8729897790063,0.529996395111084,8.402344064281783,False
1.169,198.84841548398597,0.5300431847572327,8.42609603683442,False
1.1695,198.8373832158342,0.530049204826355,8.45467156301677,False
1.17,198.84230403538822,0.5299425721168518,8.485180731600705,False
1.1705,198.86383357362078,0.5297150611877441,8.51335442803984,False
1.171,198.90097463323727,0.5294020175933838,8.538133249488826,False
1.1715,198.9525434234245,0.5290278792381287,8.560608314624133,False
1.172,199.01779631110168,0.5285922884941101,8.581328735455326,False
1.1725,199.09601857562183,0.5280901789665222,8.59961160125845,False
1.173,199.18606269726678,0.5275278091430664,8.614581334597705,False
1.1735,199.28637560754822,0.5269191861152649,8.625920194240663,False
1.174,199.39525482140377,0.5262771248817444,8.633706422425929,False
1.1745,199.51097445080836,0.5256108641624451,8.637987590984492,False
1.175,199.63174291079426,0.524928867816925,8.638647554384336,False
1.1755,199.75564987562174,0.5242416858673096,8.635596238943535,False
1.176,199.88070355421127,0.5235611200332642,8.628901479433068,False
1.1765,200.00490320613363,0.5228981375694275,8.618721291255966,False
1.177,200.12628385959889,0.5222631692886353,8.605275493357802,False
1.1775,200.24294001490938,0.5216655135154724,8.588771580642526,False
1.178,200.353036754264,0.5211145877838135,8.56947466275075,False
1.1785,200.45484539644522,0.5206190347671509,8.547701956412396,False
1.179,200.5467706289501,0.5201862454414368,8.523780269743748,False
1.1795,200.62737516127638,0.5198233723640442,8.498116832834816,False
1.18,200.6954137616888,0.5195356607437134,8.471108946712214,False
1.1805,200.75010566286016,0.5193436145782471,8.444769569931793,False
1.181,200.7911495139152,0.519219696521759,8.417910045762035,False
1.1815,200.8176688532997,0.5191684365272522,8.389578793166086,False
1.182,200.82867164429234,0.5192093849182129,8.360851401392678,False
1.1825,200.82381592503359,0.5193442106246948,8.333136146356992,False
1.183,200.80335691202367,0.5195619463920593,8.306924251960748,False
1.1835,200.76774064568397,0.5198548436164856,8.282202256578048,False
1.184,200.71748004775353,0.5202211141586304,8.25920153640746,False
1.1845,200.6532941981385,0.5206579566001892,8.238430100566127,False
1.185,200.57618811861673,0.5211579203605652,8.220298710620206,False
1.1855,200.4869339307277,0.5216845870018005,8.202324789114073,False
1.186,200.38557608543573,0.5222545862197876,8.18475423309804,False
1.1865,200.27328686012464,0.5229101777076721,8.17321221642575,False
1.187,200.15347588013753,0.5236054062843323,8.169456339397764,False
1.1875,200.02967267461884,0.524291455745697,8.170887309928455,False
1.188,199.90403293150473,0.5249581933021545,8.174670837610423,False
1.1885000000000001,199.77773235646157,0.5256189703941345,8.180419868715626,False
1.189,199.65211153571954,0.5262789726257324,8.189466586295515,False
1.1895,199.52918135129224,0.5269240736961365,8.202792416372992,False
1.19,199.41127103047526,0.5275329947471619,8.220148615228082,False
1.1905000000000001,199.3004870573302,0.5280904769897461,8.24058949003473,False
1.191,199.19852085999187,0.5285903811454773,8.263380527513068,False
1.1915,199.10681240715067,0.5290297865867615,8.288292502649186,False
1.192,199.02695417747472,0.5294163227081299,8.316544890816672,False
1.1925000000000001,198.96084991625108,0.5297263860702515,8.347465244124587,False
1.193,198.90978044725466,0.5299390554428101,8.378639061945828,False
1.1935,198.87298679858733,0.529996395111084,8.402337880977083,False
1.194,198.84841161631277,0.5300433039665222,8.42610263676877,False
1.1945000000000001,198.83738285259702,0.530049204826355,8.454678663474802,False
1.195,198.8423062095969,0.529942512512207,8.485181631521508,False
1.1955,198.8638350792559,0.5297150015830994,8.513348906304298,False
1.196,198.90097333880374,0.5294020175933838,8.538127703843113,False
1.1965000000000001,198.95254140382323,0.5290279984474182,8.560615138194265,False
1.197,199.01779683542992,0.5285922288894653,8.581329746640108,False
1.1975,199.09601861551428,0.5280901193618774,8.599606553840028,False
1.198,199.18606027320425,0.5275278091430664,8.614576572659317,False
1.1985000000000001,199.2863710508732,0.5269191861152649,8.625916267111569,False
1.199,199.3952515287755,0.5262773036956787,8.633721435559123,False
1.1995,199.51097688139717,0.5256107449531555,8.637990696594846,False
1.2,199.63174572386555,0.5249288082122803,8.638644022828656,False
1.2005000000000001,199.75565073092753,0.5242416858673096,8.635592267479186,False
1.201,199.88070238927835,0.5235611200332642,8.628897546089423,False
1.2015,200.0049011548436,0.5228981971740723,8.6187237654789,False
1.202,200.12628319218626,0.5222631692886353,8.605278295017596,False
1.2025000000000001,200.24293982009823,0.5216654539108276,8.588768458998539,False
1.203,200.35303503341584,0.5211145877838135,8.569471773469472,False
1.2035,200.45484238607688,0.5206190347671509,8.54769964054814,False
1.204,200.54676866401795,0.5201863646507263,8.523790630777631,False
1.2045000000000001,200.62737653095715,0.5198232531547546,8.498115184853097,False
1.205,200.69541420398585,0.5195356607437134,8.471107079228812,False
1.2055,200.75010612692677,0.5193436741828918,8.444773636494382,False
1.206,200.79115097080057,0.5192196369171143,8.417907833039838,False
1.2065000000000001,200.8176690950067,0.5191684365272522,8.389576374666648,False
1.207,200.82867066739252,0.5192093849182129,8.360849072705372,False
1.2075,200.8238148640277,0.5193442702293396,8.33314011234092,False
1.208,200.80335690988946,0.5195618867874146,8.3069222997327,False
1.2085000000000001,200.76774066945129,0.5198549032211304,8.282206347560155,False
1.209,200.71748110131182,0.5202210545539856,8.259199451939615,False
1.2095,200.6532941362572,0.5206579566001892,8.238427896515681,False
1.21,200.5761879643843,0.52115797996521,8.220302573089882,False
1.2105000000000001,200.48693668434092,0.5216846466064453,8.202334374011691,False
1.211,200.38557938640196,0.5222543478012085,8.18473894849094,False
1.2115,200.27328237487464,0.5229101777076721,8.173197077853931,False
1.212,200.1534672667276,0.5236055850982666,8.169460861268712,False
1.2125000000000001,200.02966794884816,0.5242915153503418,8.170899456361944,False
1.213,199.90403453481395,0.5249581933021545,8.174683355919985,False
1.2135,199.77773898433287,0.5256189107894897,8.180425383018786,False
1.214,199.65211839038156,0.5262788534164429,8.189458463967213,False
1.2145000000000001,199.52918176301011,0.5269239544868469,8.202771412882933,False
1.215,199.4112640619624,0.5275331735610962,8.22014640955369,False
1.2155,199.30048148493657,0.5280905961990356,8.240600779214509,False
1.216,199.19852121843414,0.5285903811454773,8.26339243478164,False
1.2165,199.1068166187759,0.5290296673774719,8.288291876448683,False
1.217,199.0269568045684,0.5294162631034851,8.316537461238838,False
1.2175,198.96084873117564,0.5297263860702515,8.347457644940622,False
1.218,198.90977755480102,0.5299391746520996,8.378643922224823,False
1.2185,198.87298649060708,0.529996395111084,8.402343119944144,False
1.219,198.8484129344781,0.5300432443618774,8.42610177002886,False
1.2195,198.8373836470196,0.530049204826355,8.454677546294347,False
1.22,198.84230639972495,0.529942512512207,8.485180397750874,False
1.2205,198.86383465562835,0.5297150015830994,8.51334770051827,False
1.221,198.90097236282796,0.5294020175933838,8.538126664589031,False
1.2215,198.95253999947266,0.5290279984474182,8.560614382176828,False
1.222,199.01779517388297,0.5285922288894653,8.581329355655347,False
1.2225,199.0960168946149,0.5280901193618774,8.599606565919302,False
1.223,199.18605869415939,0.5275278091430664,8.614576978364495,False
1.2235,199.2863707334229,0.5269192457199097,8.625922896123548,False
1.224,199.39525447660284,0.5262773036956787,8.633727748526935,False
1.2245,199.51098174152477,0.5256106853485107,8.637990069220445,False
1.225,199.63174894340685,0.5249287486076355,8.638636418915013,False
1.2255,199.75565091072272,0.5242417454719543,8.63559026823215,False
1.226,199.8807015721347,0.5235611200332642,8.628895623957009,False
1.2265,200.00489945726292,0.5228981971740723,8.618722146732525,False
1.227,200.12628275244248,0.5222632884979248,8.60528898065667,False
1.2275,200.2429437241284,0.5216653943061829,8.588772696976902,False
1.228,200.35303974901873,0.5211145281791687,8.569468937694017,False
1.2285,200.454843378113,0.5206189155578613,8.547684046979878,False
1.229,200.54676380822573,0.5201864838600159,8.523787582370645,False
1.2295,200.62737349061157,0.519823431968689,8.498131213012046,False
1.23,200.6954173899686,0.5195355415344238,8.471111002619617,False
1.2305,200.75010903299122,0.5193435549736023,8.44476473217689,False
1.231,200.79115021255896,0.519219696521759,8.417904715042512,False
1.2315,200.81766784004412,0.519168496131897,8.389579548003073,False
1.232,200.82867207693883,0.5192094445228577,8.360858273275593,False
1.2325,200.82381972858207,0.5193442106246948,8.333142502467036,False
1.233,200.8033605810188,0.519561767578125,8.30691156099666,False
1.2335,200.7677387265544,0.5198549032211304,8.282195401651567,False
1.234,200.71747687683708,0.5202212333679199,8.259207387754085,False
1.2345,200.6532941756158,0.5206579566001892,8.238436337188721,False
1.235,200.57618919558323,0.5211578011512756,8.220292738556324,False
1.2355,200.48693197491954,0.5216845870018005,8.20231892452443,False
1.236,200.38557337413644,0.5222547054290771,8.18476100132686,False
1.2365,200.2732867100708,0.5229101181030273,8.173213297042354,False
1.237,200.1534762731204,0.5236054062843323,8.169457390554701,False
1.2375,200.02967355208963,0.524291455745697,8.170888208252686,False
1.238,199.90403417935138,0.5249581933021545,8.174671480817384,False
1.2385,199.7777347947668,0.5256190299987793,8.180426085670245,False
1.239,199.65211487653667,0.5262788534164429,8.189460087832773,False
1.2395,199.529182223323,0.5269241333007812,8.20279142365186,False
1.24,199.4112703855705,0.5275329351425171,8.220141591902165,False
1.2405,199.3004840033842,0.5280905365943909,8.24058890903242,False
1.241,199.19851967715906,0.5285905003547668,8.263392444464204,False
1.2415,199.10681520341925,0.5290296673774719,8.288292237662997,False
1.242,199.0269556758182,0.5294162631034851,8.316538124608705,False
1.2425,198.96084801297673,0.5297263860702515,8.347458527433812,False
1.243,198.90977637786182,0.5299391150474548,8.378639042416138,False
1.2435,198.87298492077872,0.5299965143203735,8.402350538433499,False
1.244,198.84841414688776,0.5300431847572327,8.426103244593225,False
1.2445,198.8373836049288,0.5300490856170654,8.454666913308648,False
1.245,198.84230307397578,0.5299426317214966,8.485182134926124,False
1.2455,198.86383336878959,0.5297150611877441,8.513355969522381,False
1.246,198.90097519316322,0.5294020175933838,8.53813474845616,False
1.2465,198.95254466788919,0.5290278792381287,8.560609598733421,False
1.247,199.01779808226112,0.5285922884941101,8.581329660401645,False
1.2475,199.0960197220092,0.5280901193618774,8.599606187248117,False
1.248,199.1860611135497,0.5275278091430664,8.614575973920735,False
1.2485,199.2863724709943,0.5269192457199097,8.625921395389035,False
1.249,199.39525346142077,0.5262771844863892,8.633714161321503,False
1.2495,199.51097698660135,0.5256108641624451,8.637995187362742,False
1.25,199.63174802166589,0.5249288082122803,8.638648224370641,False
1.2505,199.7556539582856,0.5242416262626648,8.635589793001987,False
1.2510000000000001,199.88070414240755,0.5235611200332642,8.628894472977494,False
1.2515,200.00490125513778,0.5228981971740723,8.6187204697503,False
1.252,200.12628166046,0.5222631692886353,8.605275172702894,False
1.2525,200.24293783447888,0.5216655135154724,8.588771789081369,False
1.2530000000000001,200.3530358193994,0.5211146473884583,8.569481278288958,False
1.2535,200.45484586649542,0.5206189155578613,8.547696559314556,False
1.254,200.5467683905157,0.5201862454414368,8.523775088129943,False
1.2545,200.62737249291098,0.5198234915733337,8.498124326305193,False
1.2550000000000001,200.6954140415172,0.5195356011390686,8.47111068658111,False
1.2555,200.7501067823614,0.5193436145782471,8.444771139545146,False
1.256,200.79115033523135,0.5192196369171143,8.41790533423635,False
1.2565,200.81766825977544,0.519168496131897,8.389580101190734,False
1.2570000000000001,200.82867273690601,0.5192094445228577,8.36085869523586,False
1.2575,200.8238205442222,0.5193442106246948,8.333142745206795,False
1.258,200.80336145088393,0.519561767578125,8.306911599170654,False
1.2585,200.76773954496016,0.5198549032211304,8.28219523509744,False
1.2590000000000001,200.71747754671293,0.5202212333679199,8.25920704090859,False
1.2595,200.6532936280096,0.5206578969955444,8.238429933456908,False
1.26,200.57618850301196,0.52115797996521,8.220304605906056,False
1.2605,200.48693719247518,0.5216845870018005,8.202330242684711,False
1.2610000000000001,200.38557880663546,0.5222544074058533,8.184740860956218,False
1.2615,200.2732837694415,0.5229102373123169,8.173204922575959,False
1.262,200.15347142064212,0.5236055254936218,8.169462009677993,False
1.2625,200.02967135362235,0.524291455745697,8.170893673303453,False
1.2630000000000001,199.90403385618345,0.5249581336975098,8.174671227773814,False
1.2635,199.77773339861008,0.5256189703941345,8.180420023217586,False
1.264,199.65211257072963,0.5262789726257324,8.189466492325526,False
1.2645,199.52918225850593,0.5269240736961365,8.202792090446362,False
1.2650000000000001,199.41127074305734,0.5275329351425171,8.220142211714466,False
1.2655,199.30048463451135,0.5280905365943909,8.240589410929411,False
1.266,199.19852050274946,0.5285905003547668,8.263392772889834,False
1.2665,199.10681612371272,0.5290296673774719,8.288292358438412,False
1.2670000000000001,199.02695658247853,0.5294162631034851,8.316538028321283,False
1.2675,198.96084880175252,0.5297263860702515,8.347458229889213,False
1.268,198.90977696042563,0.5299391150474548,8.378638582208254,False
1.2685,198.87298523442112,0.5299965143203735,8.402349971990832,False
1.2690000000000001,198.8484151003206,0.5300432443618774,8.42610851269653,False
1.2695,198.83738797618196,0.5300491452217102,8.454677532796019,False
1.27,198.8423094470468,0.5299424529075623,8.485173524819322,False
1.2705,198.86383506263044,0.5297150611877441,8.513346403548079,False
1.2710000000000001,198.9009730422023,0.5294020771980286,8.538131224397082,False
1.2715,198.9525428417147,0.5290279984474182,8.560618522298046,False
1.272,199.01779980639392,0.5285922288894653,8.581332605322688,False
1.2725,199.09602180876584,0.5280900597572327,8.599602686346323,False
1.2730000000000001,199.186061328616,0.5275278091430664,8.614572199204439,False
1.2735,199.28637176500962,0.5269193053245544,8.625923677000955,False
1.274,199.3952539266262,0.5262771844863892,8.633716471237397,False
1.2745,199.5109776021762,0.5256108045578003,8.637991363567929,False
1.2750000000000001,199.63174671413168,0.5249288082122803,8.638644484411866,False
1.2755,199.75565186870233,0.5242416858673096,8.635592473320665,False
1.276,199.8807035372226,0.5235611200332642,8.62889747690239,False
1.2765,200.00490217674525,0.5228981971740723,8.618723434893266,False
1.2770000000000001,200.12628396913962,0.5222631692886353,8.605277747492158,False
1.2775,200.24294026443638,0.5216654539108276,8.588767764070289,False
1.278,200.3530360656664,0.5211146473884583,8.569476930519945,False
1.2785,200.45484491400225,0.5206189751625061,8.54769833172836,False
1.2790000000000001,200.54676839198504,0.5201862454414368,8.523776975389247,False
1.2795,200.62737342876068,0.5198234915733337,8.498126099477098,False
1.28,200.6954147996413,0.5195355415344238,8.471106212046882,False
1.2805,200.7501052613254,0.5193436145782471,8.444766758621306,False
1.281,200.79114873679643,0.5192197561264038,8.417913423323212,False
1.2815,200.8176698137986,0.5191684365272522,8.389582147703354,False
1.282,200.82867320046577,0.5192093253135681,8.360848402876728,False
1.2825,200.82381685989898,0.5193442702293396,8.333138892886288,False
1.283,200.80335814003413,0.5195618867874146,8.306920689120007,False
1.2835,200.76774100262944,0.5198549032211304,8.282204547737914,False
1.284,200.71748051707422,0.5202210545539856,8.259197682937556,False
1.2845,200.65329371665024,0.520658016204834,8.238432291587063,False
1.285,200.576188757939,0.5211579203605652,8.220300882069715,False
1.2855,200.4869355898482,0.5216845870018005,8.202326682458231,False
1.286,200.38557656700794,0.522254467010498,8.184743799289862,False
1.2865,200.2732821685352,0.5229101777076721,8.173202292104214,False
1.287,200.15346865508337,0.5236055254936218,8.169459905040554,False
1.2875,200.02966875715606,0.5242915153503418,8.17089823648658,False
1.288,199.9040356590096,0.5249582529067993,8.17468792387697,False
1.2885,199.77774128004498,0.525618851184845,8.180423524967322,False
1.289,199.65211862445403,0.5262787938117981,8.189450292314378,False
1.2895,199.5291808930381,0.5269241333007812,8.20278134149164,False
1.29,199.41126617312486,0.5275330543518066,8.22014418051711,False
1.2905,199.30048138378382,0.5280905365943909,8.240592311050381,False
1.291,199.1985179622505,0.5285904407501221,8.263390364795935,False
1.2915,199.1068145186978,0.5290297865867615,8.288302431300952,False
1.292,199.02695904599955,0.5294162034988403,8.316542005951185,False
1.2925,198.96085205628717,0.5297263264656067,8.347455539025837,False
1.293,198.90977865426117,0.5299391150474548,8.378635304732358,False
1.2935,198.8729842645825,0.5299964547157288,8.402340623633753,False
1.294,198.84841061128034,0.5300433039665222,8.426105798697124,False
1.2945,198.83738346001257,0.530049204826355,8.454681871899906,False
1.295,198.84230739014052,0.5299424529075623,8.48517864297028,False
1.2955,198.86383471660082,0.5297150015830994,8.513345821291283,False
1.296,198.90097244056437,0.5294020771980286,8.538130754848535,False
1.2965,198.95254205916802,0.5290279984474182,8.56061821742568,False
1.297,199.0177989371579,0.5285922288894653,8.581332497093307,False
1.2975,199.09602095538253,0.5280900597572327,8.5996027833707,False
1.298,199.18606058995996,0.5275278091430664,8.61457248611174,False
1.2985,199.28637122487365,0.5269193053245544,8.625924116585228,False
1.299,199.39525458489786,0.5262772440910339,8.633722896793984,False
1.2995,199.51098040981515,0.5256107449531555,8.637991368835209,False
1.3,199.6317493007481,0.5249288082122803,8.638643842622647,False
1.3005,199.75565298476158,0.5242416262626648,8.635585375505562,False
1.301,199.88070202816397,0.5235611796379089,8.628896443218528,False
1.3015,200.00490027992245,0.5228981971740723,8.618722811762854,False
1.302,200.12628191757327,0.5222631692886353,8.605277600830327,False
1.3025,200.24293926880313,0.5216655135154724,8.588774012357543,False
1.303,200.35303726926455,0.5211145877838135,8.569477121875675,False
1.3035,200.45484611507365,0.5206189751625061,8.547698231925008,False
1.304,200.5467694466209,0.5201862454414368,8.523776602273816,False
1.3045,200.6273742133299,0.5198234915733337,8.498125503408035,False
1.305,200.6954162058334,0.5195356011390686,8.471111392038873,False
1.3055,200.75010813779653,0.5193435549736023,8.44476537392263,False
1.306,200.7911497080651,0.519219696521759,8.417905526600174,False
1.3065,200.8176677788206,0.519168496131897,8.38958042807831,False
1.307,200.82867245699134,0.5192094445228577,8.360859114439963,False
1.3075,200.82382049475677,0.5193442106246948,8.333143204301258,False
1.308,200.8033616328681,0.519561767578125,8.306912042083452,False
1.3085,200.76773993152412,0.5198549032211304,8.282195608969431,False
1.309,200.7174780870242,0.5202212333679199,8.25920730239208,False
1.3095,200.65329425398485,0.5206578969955444,8.238430053699863,False
1.31,200.5761891379362,0.52115797996521,8.220304573649187,False
1.3105,200.48693776041551,0.5216845870018005,8.202330065142862,False
1.311,200.3855792414873,0.5222544074058533,8.184740562475053,False
1.3115,200.27328500929306,0.5229102969169617,8.173210453243035,False
1.312,200.15347331084246,0.5236054062843323,8.169455108314486,False
1.3125,200.02966970620173,0.524291455745697,8.170886744286815,False
1.313,199.90403285655165,0.5249583721160889,8.174688695211561,False
1.3135000000000001,199.77774005264422,0.5256189107894897,8.180430794206591,False
1.314,199.65212104741772,0.5262787938117981,8.189457416982654,False
1.3145,199.52918369865822,0.5269239544868469,8.202769817579632,False
1.315,199.41126506691978,0.5275331735610962,8.220144463833007,False
1.3155000000000001,199.30048146310537,0.5280905961990356,8.240598716784135,False
1.316,199.1985201949825,0.5285903811454773,8.263390497192756,False
1.3165,199.10681473404995,0.5290296673774719,8.288290285047593,False
1.317,199.0269542949999,0.5294162631034851,8.316536392207947,False
1.3175000000000001,198.9608468459195,0.5297264456748962,8.347463086691242,False
1.318,198.90977845744482,0.5299391746520996,8.378649479413834,False
1.3185,198.8729890772263,0.5299963355064392,8.402342276274515,False
1.319,198.8484149090922,0.5300432443618774,8.426100385413463,False
1.3195000000000001,198.83738479523757,0.530049204826355,8.454675791499252,False
1.32,198.84230660656763,0.529942512512207,8.485178482536288,False
1.3205,198.86383485139143,0.5297150611877441,8.513351722507226,False
1.321,198.90097449661155,0.5294020175933838,8.538130408965737,False
1.3215000000000001,198.952542851154,0.5290279388427734,8.560611545994572,False
1.322,199.0177973559019,0.5285922884941101,8.581331909896903,False
1.3225,199.09602108390573,0.5280901789665222,8.599614351707896,False
1.323,199.18606447469404,0.5275276899337769,8.614571585542562,False
1.3235000000000001,199.28637342394066,0.5269192457199097,8.625916492684082,False
1.324,199.39525288317338,0.5262772440910339,8.63371521506055,False
1.3245,199.5109760268339,0.5256108045578003,8.637990421335665,False
1.325,199.63174574848912,0.524928867816925,8.638649854680908,False
1.3255000000000001,199.75565266667135,0.5242416262626648,8.635591851192938,False
1.326,199.88070396561957,0.5235611200332642,8.62889670737318,False
1.3265,200.00490219210994,0.5228981971740723,8.618722612070794,False
1.327,200.12628357782552,0.5222631692886353,8.605276970205448,False
1.3275000000000001,200.2429404843907,0.5216655135154724,8.588773034489762,False
1.328,200.35303790395005,0.5211145877838135,8.569475920461288,False
1.3285,200.45484610459135,0.5206189751625061,8.547696955209542,False
1.329,200.54676880526253,0.5201862454414368,8.52377540482892,False
1.3295000000000001,200.62737303092445,0.5198234915733337,8.498124527394234,False
1.33,200.69541463559906,0.5195356011390686,8.471110750254306,False
1.3305,200.7501073598738,0.5193436145782471,8.444771060982283,False
1.331,200.79115082699198,0.5192196369171143,8.41790512585599,False
1.3315000000000001,200.8176686083589,0.519168496131897,8.389579790808208,False
1.332,200.82867191380322,0.5192093849182129,8.36085239582843,False
1.3325,200.8238166655887,0.5193442106246948,8.333137017957178,False
1.333,200.803358024433,0.5195619463920593,8.306924898536225,False
1.3335000000000001,200.76774198825396,0.5198548436164856,8.282202605318776,False
1.334,200.7174814543949,0.5202211141586304,8.259201551960858,False
1.3345,200.65329450699608,0.5206578969955444,8.238423866287496,False
1.335,200.5761863149568,0.52115797996521,8.220298698379032,False
1.3355000000000001,200.48693226610828,0.5216845870018005,8.202325195803684,False
1.336,200.38557475487815,0.5222545862197876,8.184755001040793,False
1.3365,200.2732860141031,0.5229101777076721,8.173213246417868,False
1.337,200.15347560792776,0.5236054062843323,8.169457503680125,False
1.3375000000000001,200.02967299549275,0.524291455745697,8.1708884681109,False
1.338,199.9040337944304,0.5249581933021545,8.174671853549391,False
1.3385,199.77773364803664,0.5256189703941345,8.180420626378554,False
1.339,199.65211309518307,0.5262789726257324,8.189467002795874,False
1.3395000000000001,199.52918299062472,0.5269240736961365,8.202792450722844,False
1.34,199.41127255703552,0.5275329947471619,8.220148271936322,False
1.3405,199.30048925662138,0.5280905365943909,8.240594703062033,False
1.341,199.19852542214278,0.5285903811454773,8.263384934743721,False
1.3415000000000001,199.10681684650325,0.5290296673774719,8.288283851133922,False
1.342,199.02695406637088,0.5294163227081299,8.316535726967501,False
1.3425,198.96084725858753,0.529726505279541,8.347468388555304,False
1.343,198.9097804667316,0.5299391150474548,8.37864850575562,False
1.3435000000000001,198.87298951566368,0.5299962759017944,8.402335026726897,False
1.344,198.84841179680632,0.5300432443618774,8.426093454625994,False
1.3445,198.8373795025857,0.5300492644309998,8.45467584350121,False
1.345,198.8423036257796,0.5299426317214966,8.485191484526633,False
1.3455,198.86383654582082,0.5297149419784546,8.51335290525383,False
1.346,198.90097569811678,0.529401957988739,8.538125261856365,False
1.3465,198.9525423906605,0.5290279984474182,8.56061229888281,False
1.347,199.01779636327888,0.5285922288894653,8.581326846685474,False
1.3475,199.09601770389096,0.5280901789665222,8.599609810535291,False
1.348,199.18606102136624,0.5275278091430664,8.614579848150651,False
1.3485,199.2863733387116,0.5269191861152649,8.625919179274721,False
1.349,199.3952531771341,0.5262771844863892,8.633711875906107,False
1.3495,199.51097560634454,0.5256108641624451,8.637993101818184,False
1.35,199.63174572918624,0.5249288082122803,8.638646579835335,False
1.3505,199.75565104164335,0.5242416262626648,8.635588774596448,False
1.351,199.88070191098132,0.5235611796379089,8.62890008942837,False
1.3515,200.00490196650645,0.5228981971740723,8.618726268095962,False
1.352,200.12628517183998,0.5222631692886353,8.605280460340085,False
1.3525,200.24294270874822,0.5216654539108276,8.588770035783515,False
1.353,200.35303846806016,0.5211145877838135,8.569472585195422,False
1.3535,200.4548449743051,0.5206189751625061,8.547693689227376,False
1.354,200.54676809837176,0.5201863646507263,8.523784435695678,False
1.3545,200.62737587559477,0.519823431968689,8.49812725755843,False
1.355,200.69541762213407,0.5195355415344238,8.471106730477846,False
1.3555,200.75010811211342,0.5193436145782471,8.44476658824721,False
1.356,200.79115127208252,0.5192197561264038,8.41791259899047,False
1.3565,200.81767173487225,0.5191684365272522,8.38958078238847,False
1.357,200.82867527852028,0.5192093849182129,8.360852598980973,False
1.3575,200.82381985841084,0.5193442106246948,8.333136425034445,False
1.358,200.80335868130774,0.5195618271827698,8.30691174599338,False
1.3585,200.76773707210208,0.5198549032211304,8.282196017584694,False
1.359,200.7174746684236,0.5202211737632751,8.259202427591516,False
1.3595,200.65329068537673,0.520658016204834,8.238438110128575,False
1.36,200.57618785320787,0.5211578607559204,8.220301135381593,False
1.3605,200.48693488285434,0.5216845870018005,8.202327130391845,False
1.361,200.3855761375057,0.522254467010498,8.184744384233401,False
1.3615,200.2732830480392,0.5229102373123169,8.173208853544686,False
1.362,200.15347072029476,0.5236054062843323,8.169454056519369,False
1.3625,200.0296687686984,0.5242915749549866,8.170898163081821,False
1.363,199.90403661175355,0.5249583125114441,8.17469375418755,False
1.3635,199.77774403576225,0.5256187915802002,8.180422894433415,False
1.364,199.65212085342088,0.5262787938117981,8.18944906572398,False
1.3645,199.52918234682917,0.5269241333007812,8.20277967530207,False
1.365,199.41126766379142,0.5275331139564514,8.220148167192486,False
1.3655,199.30048469830788,0.5280905365943909,8.240595724385157,False
1.366,199.19852171965647,0.5285903811454773,8.263386938963968,False
1.3665,199.10681440934448,0.5290296673774719,8.288286584908594,False
1.367,199.02695409793444,0.5294163823127747,8.316544737026094,False
1.3675,198.96084976830923,0.5297263860702515,8.347465117372948,False
1.368,198.9097802494218,0.5299390554428101,8.378638976251779,False
1.3685,198.87298657469725,0.529996395111084,8.402337845337838,False
1.369,198.84841139268877,0.5300433039665222,8.426102654228318,False
1.3695,198.83738265497317,0.530049204826355,8.454678730905067,False
1.37,198.84230606018474,0.529942512512207,8.485181740117278,False
1.3705,198.8638349942784,0.5297150015830994,8.513349042703698,False
1.371,198.90097332674793,0.5294020175933838,8.538127851740995,False
1.3715,198.95254146460138,0.5290279984474182,8.560615280267521,False
1.372,199.01779696053794,0.5285922288894653,8.581329866560667,False
1.3725,199.0960187891538,0.5280901193618774,8.599606638142449,False
1.373,199.18606047422537,0.5275278091430664,8.614576612252751,False
1.3735,199.28637125530938,0.5269191861152649,8.6259162582686,False
1.374,199.3952517126751,0.5262773036956787,8.633721380270995,False
1.3745,199.5109770236214,0.5256107449531555,8.637990602256567,False
1.375,199.63174675456247,0.524928867816925,8.638649795313883,False
1.3755,199.7556535633139,0.5242416262626648,8.635591563266265,False
1.3760000000000001,199.8807046490467,0.5235611200332642,8.62889622941938,False
1.3765,200.00490258555746,0.5228981971740723,8.61872200448485,False
1.377,200.12628364029413,0.5222631692886353,8.60527630775208,False
1.3775,200.24294021501925,0.5216655135154724,8.588772397175356,False
1.3780000000000001,200.35303734152336,0.5211145877838135,8.569475383881874,False
1.3785,200.45484532227982,0.5206189751625061,8.547696581547351,False
1.379,200.54676887531724,0.5201863050460815,8.52378115430887,False
1.3795,200.62737398750576,0.5198233723640442,8.498118072203363,False
1.3800000000000001,200.6954132969939,0.5195356607437134,8.471110384619244,False
1.3805,200.75010594849067,0.5193436145782471,8.444771029254667,False
1.381,200.79114951426288,0.5192196369171143,8.417905424907163,False
1.3815,200.81766755030685,0.519168496131897,8.389580377692743,False
1.3820000000000001,200.82867222201813,0.5192094445228577,8.36085912034516,False
1.3825,200.82382028174618,0.5193442106246948,8.333143264586582,False
1.383,200.80336146696928,0.519561767578125,8.306912148330492,False
1.3835,200.76773983165052,0.5198549032211304,8.282195747420353,False
1.3840000000000001,200.71747707134185,0.5202211737632751,8.259201531974211,False
1.3845,200.65329145969804,0.5206579566001892,8.238430787933714,False
1.385,200.5761869313685,0.52115797996521,8.220305912444317,False
1.3855,200.486936391792,0.5216845870018005,8.20233183548376,False
1.3860000000000001,200.38557885510826,0.5222544074058533,8.184742544151856,False
1.3865,200.2732836556133,0.5229101777076721,8.17320058243642,False
1.387,200.15346918308106,0.5236055254936218,8.169457953347028,False
1.3875,200.02966828524336,0.5242915153503418,8.170896278482964,False
1.3880000000000001,199.90403426509522,0.5249582529067993,8.174686190097017,False
1.3885,199.77773914834899,0.525618851184845,8.180422213844059,False
1.389,199.65211699237852,0.5262788534164429,8.189455443070404,False
1.3895,199.52918287219802,0.526924192905426,8.20279245719359,False
1.3900000000000001,199.41127148706437,0.5275329351425171,8.220142416433474,False
1.3905,199.3004854195311,0.5280905365943909,8.240589433438423,False
1.391,199.19852123689876,0.5285905003547668,8.263392614598056,False
1.3915,199.10681672318793,0.5290296673774719,8.288292041616934,False
1.3920000000000001,199.0269569809954,0.5294162631034851,8.316537593008873,False
1.3925,198.96084895771313,0.5297263860702515,8.347457728843636,False
1.393,198.90977686107425,0.5299391150474548,8.37863807455217,False
1.3935,198.87298489660083,0.5299965143203735,8.402349516312508,False
1.3940000000000001,198.848414567961,0.5300432443618774,8.426108160349889,False
1.3945,198.8373863773212,0.5300490856170654,8.45467144916245,False
1.395,198.84230595792067,0.529942512512207,8.485174030362646,False
1.3955,198.8638330274398,0.5297151207923889,8.513353549423938,False
1.3960000000000001,198.90097370323497,0.5294020175933838,8.538132546432667,False
1.3965,198.95254315908898,0.5290279388427734,8.560613740721314,False
1.397,199.01779777262243,0.5285922288894653,8.581328029039357,False
1.3975,199.09601957785947,0.5280901789665222,8.599610601465708,False
1.3980000000000001,199.18606313288336,0.5275278091430664,8.614580163508336,False
1.3985,199.28637543702754,0.5269191861152649,8.62591899174137,False
1.399,199.39525501736557,0.5262771844863892,8.633711217341808,False
1.3995,199.51097697799898,0.5256108641624451,8.637992058686953,False
1.4000000000000001,199.63174648035022,0.5249288082122803,8.638645282293787,False
1.4005,199.7556520451722,0.5242416858673096,8.635593277912948,False
1.401,199.88070409500799,0.5235611200332642,8.628898192983648,False
1.4015,200.00490304222933,0.5228981971740723,8.618723979347584,False
1.4020000000000001,200.12628503340997,0.5222631692886353,8.60527805902207,False
1.4025,200.24294139678628,0.5216654539108276,8.588767810194168,False
1.403,200.35303712955567,0.5211146473884583,8.56947671103078,False
1.4035,200.45484675407081,0.5206190347671509,8.547703794445322,False
1.4040000000000001,200.54677278633787,0.5201862454414368,8.523781681437548,False
1.4045,200.627376865795,0.5198233127593994,8.49811173644227,False
1.405,200.69541378367637,0.5195357203483582,8.471109683718616,False
1.4055,200.75010703154774,0.5193436741828918,8.444776181611184,False
1.4060000000000001,200.79115207826572,0.5192195773124695,8.417904088145844,False
1.4065,200.81766924370265,0.519168496131897,8.389578524225078,False
1.407,200.828672859279,0.5192094445228577,8.360856984288619,False
1.4075,200.82381980867459,0.5193442106246948,8.333141109075848,False
1.408,200.80335996431214,0.519561767578125,8.306910233026676,False
1.4085,200.7677375022119,0.5198549032211304,8.282194297223006,False
1.409,200.71747619735916,0.5202212929725647,8.25921255825347,False
1.4095,200.65329511496103,0.5206578969955444,8.238435432920012,False
1.41,200.5761906038006,0.5211578607559204,8.220297590509388,False
1.4105,200.48693566343835,0.5216845870018005,8.202323159778079,False
1.411,200.38557489886105,0.522254467010498,8.184740469756493,False
1.4115,200.27327998230453,0.5229102373123169,8.173205458488637,False
1.412,200.15346819970173,0.5236055254936218,8.169463388499553,False
1.4125,200.02966906634904,0.524291455745697,8.170895713452824,False
1.413,199.90403470708725,0.5249582529067993,8.174685478485456,False
1.4135,199.7777392069322,0.525618851184845,8.180421442430822,False
1.414,199.6521166692685,0.5262788534164429,8.189454703463127,False
1.4145,199.52918221363564,0.526924192905426,8.20279183499598,False
1.415,199.41127057719186,0.5275329351425171,8.220141981456127,False
1.4155,199.30048436959683,0.5280905365943909,8.240589232043085,False
1.416,199.19852017167173,0.5285905003547668,8.26339266497084,False
1.4165,199.10681576621838,0.5290296673774719,8.288292332411507,False
1.417,199.0269562404252,0.5294162631034851,8.316538085404243,False
1.4175,198.96084851424772,0.5297263860702515,8.347458361699482,False
1.418,198.9097767594155,0.5299391150474548,8.378638771958878,False
1.4185,198.8729851412184,0.5299965143203735,8.402350196608706,False
1.419,198.84841512337448,0.5300432443618774,8.426108745588673,False
1.4195,198.83738811039012,0.5300491452217102,8.454677746981833,False
1.42,198.8423096746409,0.5299424529075623,8.485173696027344,False
1.4205,198.8638353554625,0.5297150611877441,8.51334651293439,False
1.421,198.90097336515794,0.5294020771980286,8.53813126060391,False
1.4215,198.95254315686998,0.5290279984474182,8.560618482627516,False
1.422,199.01780007743173,0.5285922288894653,8.58133249589821,False
1.4225,199.09602200513882,0.5280900597572327,8.599602521258683,False
1.423,199.1860614289875,0.5275278091430664,8.614571998755704,False
1.4235,199.28637175958906,0.5269193053245544,8.6259234652546,False
1.424,199.39525381813905,0.5262771844863892,8.633716273160909,False
1.4245,199.51097740536534,0.5256108045578003,8.637991202102176,False
1.425,199.6317464538589,0.5249288082122803,8.63864437780976,False
1.4255,199.7556515768823,0.5242416858673096,8.63559243306457,False
1.426,199.88070324895662,0.5235611200332642,8.628897506442335,False
1.4265,200.00490192611767,0.5228981971740723,8.618723529350309,False
1.427,200.12628378517954,0.5222631692886353,8.605277894356728,False
1.4275,200.24294016772842,0.5216654539108276,8.588767944805207,False
1.428,200.3530360660131,0.5211146473884583,8.569477122868278,False
1.4285,200.45484500941322,0.5206189751625061,8.547698512441215,False
1.429,200.5467685691037,0.5201862454414368,8.523777123038252,False
1.4295,200.62737366466163,0.5198234915733337,8.498126197007116,False
1.43,200.6954150647633,0.5195355415344238,8.471106248759883,False
1.4305,200.75010552316533,0.5193436145782471,8.444766731357289,False
1.431,200.79114896389964,0.5192197561264038,8.417913336696039,False
1.4315,200.81766899179115,0.5191683769226074,8.38957608717906,False
1.432,200.82867141957178,0.5192094445228577,8.360854753194126,False
1.4325,200.82381737979136,0.5193442106246948,8.33313934809381,False
1.433,200.80335884335582,0.5195618867874146,8.30692099580673,False
1.4335,200.76774180091195,0.5198549032211304,8.282204672271856,False
1.434,200.71748131247398,0.5202210545539856,8.2591976143444,False
1.4345,200.65329441396216,0.520658016204834,8.238432042311972,False
1.435,200.57618927596897,0.5211579203605652,8.220300485885664,False
1.4355,200.48693587076374,0.5216845870018005,8.202326189858399,False
1.436,200.38557658263468,0.522254467010498,8.184743271023342,False
1.4365,200.27328192294496,0.5229101777076721,8.173201791658194,False
1.437,200.1534681832021,0.5236055254936218,8.169459491011416,False
1.4375,200.02966811974807,0.5242915153503418,8.170897955792226,False
1.438,199.9040349347978,0.5249582529067993,8.174687806563432,False
1.4385000000000001,199.77774153079704,0.5256189107894897,8.18042947978414,False
1.439,199.65212176587931,0.5262787938117981,8.189455840119027,False
1.4395,199.52918455831232,0.5269240140914917,8.202774060083362,False
1.44,199.41126792701013,0.5275331735610962,8.220148261723546,False
1.4405000000000001,199.30048498680083,0.5280905365943909,8.240595753165787,False
1.441,199.19852199943173,0.5285903811454773,8.263386900108891,False
1.4415,199.10681464823162,0.5290296673774719,8.288286484394574,False
1.442,199.02695426924066,0.5294163823127747,8.31654458780375,False
1.4425000000000001,198.96085079998088,0.5297264456748962,8.347470814179262,False
1.443,198.9097839639762,0.5299390554428101,8.378644108642993,False
1.4435,198.87299154667866,0.5299963355064392,8.402335960315497,False
1.444,198.84841412142356,0.5300432443618774,8.426093871281495,False
1.4445000000000001,198.83738184705268,0.5300492644309998,8.454675706154447,False
1.445,198.84230478396893,0.5299425721168518,8.485184947448602,False
1.4455,198.86383537495854,0.5297150015830994,8.513352355668372,False
1.446,198.9009743523079,0.529401957988739,8.538125011371223,False
1.4465000000000001,198.95254102894367,0.5290279984474182,8.560612370368403,False
1.447,199.0177960782341,0.5285922884941101,8.581333103008234,False
1.4475,199.09601861701574,0.5280900597572327,8.599604008353392,False
1.448,199.1860590335681,0.5275278091430664,8.614574175410326,False
1.4485000000000001,199.28637061629382,0.5269193053245544,8.62592606410302,False
1.449,199.39525403577568,0.5262771844863892,8.63371898215981,False
1.4495,199.51097798837228,0.5256107449531555,8.637987810857547,False
1.45,199.63174627438417,0.524928867816925,8.638646946397671,False
1.4505000000000001,199.7556517232351,0.5242416262626648,8.635588993704754,False
1.451,199.8807026457463,0.5235611796379089,8.628900138093911,False
1.4515,200.0049026663381,0.5228981971740723,8.618726143916712,False
1.452,200.12628575429014,0.5222631692886353,8.605280181494551,False
1.4525000000000001,200.24294310677985,0.5216654539108276,8.588769638563921,False
1.453,200.353038637839,0.5211145877838135,8.569472119395549,False
1.4535,200.45484392955896,0.5206189155578613,8.547687295737823,False
1.454,200.54676494856747,0.5201864242553711,8.523784588652806,False
1.4545000000000001,200.62737305633047,0.519823431968689,8.49812813433875,False
1.455,200.69541546553057,0.5195355415344238,8.471108210845529,False
1.4555,200.7501068639466,0.5193436145782471,8.444768481595224,False
1.456,200.7911490925019,0.5192196369171143,8.417902817870687,False
1.4565000000000001,200.8176668578903,0.5191685557365417,8.38958395270078,False
1.457,200.82867335809766,0.5192094445228577,8.360862640682063,False
1.4575,200.82382108872724,0.5193440914154053,8.3331344547325,False
1.458,200.80335883589058,0.5195618271827698,8.306909608093608,False
1.4585000000000001,200.76773615564076,0.5198549032211304,8.282193972546636,False
1.459,200.71747479894617,0.5202212929725647,8.259212566246731,False
1.4595,200.65329383333557,0.5206578969955444,8.238435765338169,False
1.46,200.57618958959233,0.5211578607559204,8.220298200475641,False
1.4605000000000001,200.4869350317185,0.5216845870018005,8.202323968418547,False
1.461,200.38557471632967,0.522254467010498,8.18474137645118,False
1.4615,200.27328124732466,0.5229102969169617,8.173212265412024,False
1.462,200.15347172443333,0.523605465888977,8.169463590607885,False
1.4625000000000001,200.02967240900057,0.524291455745697,8.170895090628585,False
1.463,199.90403552212297,0.5249581336975098,8.174672318381132,False
1.4635,199.77773546592596,0.5256189703941345,8.180420666437445,False
1.464,199.65211381707783,0.5262789130210876,8.189460727646253,False
1.4645000000000001,199.5291805922572,0.5269240736961365,8.202786377165616,False
1.465,199.41126835115904,0.5275330543518066,8.220148991182882,False
1.4655,199.30048573272805,0.5280905365943909,8.240596343067107,False
1.466,199.19852297359444,0.5285903811454773,8.263387285176046,False
1.4665000000000001,199.10681573294357,0.5290296673774719,8.28828662458581,False
1.467,199.02695533683402,0.5294163823127747,8.316544472277196,False
1.4675,198.96085078148752,0.5297263860702515,8.347464585319784,False
1.468,198.90978092501823,0.5299390554428101,8.37863824391765,False
1.4685000000000001,198.8729877830598,0.5299964547157288,8.40234287531184,False
1.469,198.8484140069465,0.5300432443618774,8.426101244884352,False
1.4695,198.83738438069403,0.530049204826355,8.45467680699135,False
1.47,198.84230671719385,0.529942512512207,8.485179533875085,False
1.4705000000000001,198.86383546362364,0.5297150611877441,8.51335268780353,False
1.471,198.9009755295754,0.5294020175933838,8.5381311786049,False
1.4715,198.95254417696438,0.5290279388427734,8.560612035017293,False
1.472,199.0177978805453,0.5285922288894653,8.581326189720867,False
1.4725,199.09601784605138,0.5280901193618774,8.599602964844896,False
1.473,199.18605875158107,0.5275278687477112,8.61457925157493,False
1.4735,199.28637095738176,0.5269191861152649,8.625919138357595,False
1.474,199.39525284609437,0.5262773036956787,8.633724159806427,False
1.4745,199.5109794273663,0.5256107449531555,8.637992957516673,False
1.475,199.63174822913692,0.5249287486076355,8.638639669849676,False
1.4755,199.75565184898807,0.5242417454719543,8.635593491547453,False
1.476,199.88070401950768,0.5235611200332642,8.628898439256286,False
1.4765,200.00490309397534,0.5228981971740723,8.618724228427865,False
1.477,200.12628520373516,0.5222631692886353,8.605278281256851,False
1.4775,200.24294166304784,0.5216654539108276,8.588767979643022,False
1.478,200.35303649112083,0.5211145877838135,8.569470895054499,False
1.4785,200.45484329188082,0.5206190347671509,8.547698476194721,False
1.479,200.54676697242135,0.5201862454414368,8.523777488398261,False
1.4795,200.6273723780543,0.5198234915733337,8.498126911936579,False
1.48,200.69541423653615,0.5195355415344238,8.471107220148598,False
1.4805,200.7501052434909,0.5193436145782471,8.444767837019166,False
1.481,200.79114826942612,0.519219696521759,8.417908515268346,False
1.4815,200.81766695085048,0.5191684365272522,8.38957764516875,False
1.482,200.82867031644423,0.5192094445228577,8.360856692608259,False
1.4825,200.8238173272743,0.5193442106246948,8.33314142736037,False
1.483,200.80335982520216,0.5195618867874146,8.306922961848812,False
1.4835,200.76774169211285,0.5198547840118408,8.282194441213292,False
1.484,200.71747813521517,0.5202211737632751,8.25919987172905,False
1.4845,200.65329260898054,0.520658016204834,8.238434902310317,False
1.485,200.5761880376783,0.5211578607559204,8.220297673357027,False
1.4855,200.48693334459537,0.5216845870018005,8.202323832654674,False
1.486,200.38557507506476,0.5222545862197876,8.184753469454236,False
1.4865,200.27328555492397,0.5229101777076721,8.173211731912952,False
1.487,200.1534744412073,0.5236054062843323,8.169456185092555,False
1.4875,200.029671274787,0.524291455745697,8.170887496640091,False
1.488,199.9040317346513,0.5249581933021545,8.174671335741037,False
1.4885,199.77773247334974,0.5256190299987793,8.180426511486685,False
1.489,199.65211294736415,0.5262788534164429,8.189461021948622,False
1.4895,199.52917993504508,0.5269240736961365,8.202786853778594,False
1.49,199.4112679782353,0.5275330543518066,8.220149590569827,False
1.4905,199.30048568110658,0.5280905365943909,8.240596992904843,False
1.491,199.19852324217393,0.5285903811454773,8.263387909054206,False
1.4915,199.10681628363614,0.5290296673774719,8.288287150921553,False
1.492,199.0269560998925,0.5294163823127747,8.316544842430478,False
1.4925,198.9608516643215,0.5297263860702515,8.347464759997994,False
1.493,198.9097818233614,0.5299390554428101,8.37863820719941,False
1.4935,198.8729876521638,0.529996395111084,8.402336761865778,False
1.494,198.84841186015151,0.5300433039665222,8.42610138770337,False
1.4945,198.83738247147502,0.530049204826355,8.454677430962255,False
1.495,198.84230526041767,0.529942512512207,8.485180557127762,False
1.4955,198.86383461782827,0.5297150611877441,8.513353984199682,False
1.496,198.9009753798539,0.5294020175933838,8.5381325929921,False
1.4965,198.95254472648125,0.5290279388427734,8.560613401566991,False
1.497,199.0177981169293,0.5285921692848206,8.58132147357515,False
1.4975,199.09601670263154,0.5280901789665222,8.599604348941735,False
1.498,199.18605837329926,0.5275278687477112,8.614580816887093,False
1.4985,199.28637137313467,0.5269191861152649,8.625920698855838,False
1.499,199.39525305089668,0.5262772440910339,8.633719645547426,False
1.4995,199.51097834966598,0.5256108045578003,8.637994552548115,False
1.5,199.63174801900865,0.5249287486076355,8.638641419011893,False
1.5005,200.63603454165658,0.5431650876998901,12.964248065607793,False
1.5010000000000001,202.98314326485567,0.48709866404533386,11.283325287593929,False
1.5015,204.04443055622917,0.4747201204299927,7.977972508219359,False
1.502,203.7073645716889,0.49733400344848633,7.002526698350176,False
1.5025,203.24944401032656,0.5148298144340515,8.013785576407145,False
1.5030000000000001,203.34113934830313,0.5140108466148376,9.065970078873788,False
1.5035,203.76073976628098,0.5013706684112549,8.828334919821584,False
1.504,203.97452612069637,0.4977310597896576,8.200902404249453,False
1.5045,203.948471923301,0.502548098564148,8.102561074336593,False
1.5050000000000001,203.93432214206024,0.5052239894866943,8.331016589523255,False
1.5055,204.01575267012583,0.5034770369529724,8.405948638656552,False
1.506,204.10104154854537,0.5015960931777954,8.289591032353268,False
1.5065,204.12596612505646,0.5017929077148438,8.191622154499527,False
1.5070000000000001,204.1151460948483,0.5027105212211609,8.186589223405893,False
1.5075,204.104191978475,0.5029643177986145,8.198546437239523,False
1.508,204.09136783843252,0.5028071403503418,8.173591034413665,False
1.5085,204.06019779641824,0.5029365420341492,8.132466601107344,False
1.5090000000000001,204.00760309481885,0.5034192204475403,8.105786871183007,False
1.5095,203.94106383749832,0.5039483904838562,8.09265948928301,False
1.51,203.86501699309414,0.5044047832489014,8.079271547023808,False
1.5105,203.77853394980636,0.5048882961273193,8.062694828857097,False
1.5110000000000001,203.68086070264695,0.5054705142974854,8.048730160763975,False
1.5115,203.5739176497275,0.5061146020889282,8.040484188428614,False
1.512,203.46042257083403,0.5067673921585083,8.036354540078111,False
1.5125,203.34224743572292,0.5074201822280884,8.034692109760847,False
1.5130000000000001,203.2207970287052,0.50808185338974,8.03582262563363,False
1.5135,203.09757030762952,0.5087340474128723,8.039319137410915,False
1.514,202.97426700942086,0.5093861818313599,8.046822165459838,False
1.5145,202.85340719629636,0.5100250840187073,8.059572301265144,False
1.5150000000000001,202.73776645447472,0.5106216073036194,8.076599404963682,False
1.5155,202.6294567062104,0.5111595988273621,8.096045017042877,False
1.516,202.5293722636876,0.5116145610809326,8.114455130709954,False
1.5165,202.43785907467634,0.5120416283607483,8.13503997597968,False
1.5170000000000001,202.3567189871188,0.5124183297157288,8.159483253722522,False
1.5175,202.28804520843678,0.512708306312561,8.18616607275495,False
1.518,202.23306227887704,0.5129073262214661,8.213367237396515,False
1.5185,202.1923620231332,0.5130259990692139,8.240791588200613,False
1.5190000000000001,202.16647604155563,0.513066291809082,8.268588405187435,False
1.5195,202.1559280874408,0.5130227208137512,8.296409931838763,False
1.52,202.1609878002058,0.5128927230834961,8.323550370005512,False
1.5205,202.18156869153412,0.5126798748970032,8.349456023177215,False
1.5210000000000001,202.21730851804577,0.5123891234397888,8.373754091285516,False
1.5215,202.2676373390424,0.5120255351066589,8.39614182879559,False
1.522,202.3317803865628,0.5115939378738403,8.416239876227756,False
1.5225,202.40872556100703,0.5111010074615479,8.433674769046874,False
1.5230000000000001,202.49723767794842,0.5105552077293396,8.448172769229078,False
1.5235,202.59589772233997,0.5099653005599976,8.459512213694408,False
1.524,202.70312924761322,0.5093408823013306,8.467542084075815,False
1.5245,202.8172284469469,0.5086918473243713,8.47215981968174,False
1.5250000000000001,202.93638043092196,0.5080280303955078,8.473269096388506,False
1.5255,203.058678746301,0.5073603391647339,8.470872553587915,False
1.526,203.18217627431977,0.5066995620727539,8.46505745522943,False
1.5265,203.3049188235454,0.5060556530952454,8.455921190966912,False
1.5270000000000001,203.4249632459484,0.5054388046264648,8.443623963942033,False
1.5275,203.54041254136584,0.5048586130142212,8.428372059974148,False
1.528,203.64944439014164,0.5043240189552307,8.410408868885241,False
1.5285,203.75034349539152,0.5038436055183411,8.390049513251759,False
1.5290000000000001,203.84153595213274,0.5034245848655701,8.367621761512462,False
1.5295,203.92160009278004,0.5030730962753296,8.343448949074224,False
1.53,203.98928627095262,0.5027950406074524,8.317930101600998,False
1.5305,204.0435470907067,0.5025942921638489,8.291442256817646,False
1.5310000000000001,204.08354291646228,0.5024741291999817,8.264396107749597,False
1.5315,204.1086631206592,0.5024364590644836,8.237216249188394,False
1.532,204.11853191702244,0.5024815797805786,8.210298649252138,False
1.5325,204.1130049277277,0.5026088953018188,8.184044221491128,False
1.5330000000000001,204.09217950698306,0.5028167366981506,8.15887299832609,False
1.5335,204.05639512320502,0.5031015276908875,8.135148092884254,False
1.534,204.00621236004758,0.5034588575363159,8.113207588580256,False
1.5345,203.9424152350708,0.5038838982582092,8.09343379046506,False
1.5350000000000001,203.86601015749997,0.5043694376945496,8.07610898500064,False
1.5355,203.77818992822972,0.5049082040786743,8.061502816602792,False
1.536,203.68032114457617,0.5054917335510254,8.049833914983774,False
1.5365,203.57392608076137,0.5061113238334656,8.041316568382134,False
1.537,203.46066702539915,0.5067570209503174,8.036088400536737,False
1.5375,203.34231070601865,0.5074187517166138,8.034240673708068,False
1.538,203.2207039127708,0.5080862045288086,8.03582202689601,False
1.5385,203.0975154482817,0.5087357759475708,8.039514378592393,False
1.539,202.97429955331884,0.5093852877616882,8.04692839001593,False
1.5395,202.85346430113378,0.5100235939025879,8.059514603949708,False
1.54,202.73778341266848,0.5106212496757507,8.076495914385854,False
1.5405,202.6294368738732,0.5111605525016785,8.096039580728203,False
1.541,202.52935760027887,0.5116149187088013,8.11449056063225,False
1.5415,202.43786136158195,0.5120415091514587,8.135064726545776,False
1.542,202.356727300543,0.5124179720878601,8.159470118409939,False
1.5425,202.28804623823112,0.512708306312561,8.186151790284255,False
1.543,202.23305914673088,0.5129075050354004,8.213371491377263,False
1.5435,202.1923623131213,0.5130260586738586,8.240802280870968,False
1.544,202.16647962079867,0.5130661725997925,8.268586441433293,False
1.5445,202.1559283362478,0.5130226016044617,8.296395320656465,False
1.545,202.16098376342296,0.5128929018974304,8.323554493589775,False
1.5455,202.18156705940808,0.5126798748970032,8.349460843713556,False
1.546,202.21730842136967,0.512389063835144,8.373753033869784,False
1.5465,202.26763671863816,0.5120255351066589,8.396140860024206,False
1.547,202.331779330043,0.5115939378738403,8.416239114595793,False
1.5475,202.40872523183486,0.5111010670661926,8.433680274061913,False
1.548,202.49723810319833,0.51055508852005,8.44816606516831,False
1.5485,202.59589575364836,0.5099653601646423,8.459511803229905,False
1.549,202.70312929279686,0.5093410015106201,8.467554120609881,False
1.5495,202.8172325187351,0.5086917281150818,8.472159126851583,False
1.55,202.9363827764556,0.508027970790863,8.47326149454267,False
1.5505,203.05867807393795,0.5073603987693787,8.47087086051028,False
1.551,203.1821768784251,0.5066996812820435,8.465068009363817,False
1.5515,203.30492265909413,0.5060555338859558,8.455918942366221,False
1.552,203.4249635179806,0.5054386854171753,8.443608948762979,False
1.5525,203.54040723498923,0.5048587322235107,8.428369939471962,False
1.553,203.6494416138735,0.504324197769165,8.410426163730694,False
1.5535,203.7503476757501,0.5038434863090515,8.39005435308035,False
1.554,203.8415401296423,0.5034244656562805,8.367613270422568,False
1.5545,203.92160063440588,0.5030731558799744,8.34344601044793,False
1.555,203.9892852619924,0.5027950406074524,8.317927222404078,False
1.5555,204.04354469312665,0.5025942921638489,8.291439806558293,False
1.556,204.08353946806463,0.5024741291999817,8.264394393176824,False
1.5565,204.1086601624788,0.5024365186691284,8.237221490428462,False
1.557,204.11853189593606,0.5024815797805786,8.210304263856562,False
1.5575,204.11300670632872,0.5026088356971741,8.184043463526349,False
1.558,204.09218074608566,0.5028167366981506,8.158871861350274,False
1.5585,204.05639459626397,0.5031014680862427,8.135140717851689,False
1.559,204.0062102646862,0.5034589767456055,8.113212839370977,False
1.5595,203.94241492176917,0.5038838386535645,8.093433196348464,False
1.56,203.86600956751258,0.5043694376945496,8.076108504166731,False
1.5605,203.77819021915747,0.5049082636833191,8.061508514075076,False
1.561,203.68032323824542,0.5054916739463806,8.04983317530479,False
1.5615,203.57392654928194,0.5061112642288208,8.041309374545621,False
1.562,203.4606648694957,0.5067570805549622,8.036087549772365,False
1.5625,203.34230829951153,0.5074187517166138,8.034240391015878,False
1.563,203.22070156473234,0.5080862045288086,8.035822335237903,False
1.5635000000000001,203.0975134527342,0.5087357759475708,8.039515226021566,False
1.564,202.97429921042715,0.509385347366333,8.04693564294582,False
1.5645,202.85346764837553,0.5100235939025879,8.059521483270375,False
1.565,202.73778889993204,0.510621190071106,8.076495591570641,False
1.5655000000000001,202.6294417428124,0.5111605525016785,8.096037978976357,False
1.566,202.52936021595622,0.5116148591041565,8.114481934307358,False
1.5665,202.43785942287408,0.5120415091514587,8.135056018754499,False
1.567,202.35672322039025,0.5124180912971497,8.159474345498,False
1.5675000000000001,202.28804461815443,0.512708306312561,8.186156718114823,False
1.568,202.23305910328426,0.5129074454307556,8.21337053128344,False
1.5685,202.19236179141393,0.5130260586738586,8.240801390522995,False
1.569,202.16647972174886,0.5130662322044373,8.26859169205552,False
1.5695000000000001,202.15593003940268,0.5130225419998169,8.296394259657452,False
1.57,202.16098479324015,0.5128929018974304,8.323553096528302,False
1.5705,202.1815673024614,0.5126798748970032,8.349459290269929,False
1.571,202.21730786369875,0.512389063835144,8.373751519539583,False
1.5715000000000001,202.26763544565878,0.5120255351066589,8.39613957172315,False
1.572,202.33177853664046,0.5115939974784851,8.416244174613382,False
1.5725,202.40872500689153,0.5111009478569031,8.433673268064927,False
1.573,202.49723641296987,0.5105552077293396,8.448171493540812,False
1.5735000000000001,202.59589694506403,0.5099653601646423,8.459517292099381,False
1.574,202.70313110243862,0.5093408823013306,8.46754702771235,False
1.5745,202.81722955591738,0.508691668510437,8.472146071026987,False
1.575,202.93637654652386,0.5080281496047974,8.473267918844842,False
1.5755000000000001,203.05867666427102,0.5073604583740234,8.470884349564734,False
1.576,203.18217932117915,0.5066995024681091,8.465063009006442,False
1.5765,203.30492235190422,0.5060555338859558,8.455913676629542,False
1.577,203.424963695752,0.5054388642311096,8.443622081072844,False
1.5775000000000001,203.5404119929697,0.5048586130142212,8.428370189888538,False
1.578,203.64944398786682,0.5043240785598755,8.410413252451065,False
1.5785,203.75034430920914,0.5038435459136963,8.390047706751712,False
1.579,203.84153577303536,0.5034245848655701,8.367619875786989,False
1.5795000000000001,203.92160002839813,0.5030731558799744,8.343453237486496,False
1.58,203.98928734016818,0.5027949810028076,8.317928117305568,False
1.5805,204.0435470525352,0.5025942921638489,8.291440143381505,False
1.581,204.0835417988837,0.5024741291999817,8.264394140149179,False
1.5815000000000001,204.10866216494776,0.5024365186691284,8.237220692532423,False
1.582,204.11853331896495,0.5024815797805786,8.21030303542098,False
1.5825,204.11300845654947,0.5026088953018188,8.184047986764629,False
1.583,204.09218250597954,0.5028166174888611,8.158863642779947,False
1.5835000000000001,204.05639308018297,0.5031015276908875,8.135138619521118,False
1.584,204.00620888342368,0.5034590363502502,8.113217252623926,False
1.5845,203.94241591243795,0.5038838386535645,8.093437657522538,False
1.585,203.8660116737575,0.5043693780899048,8.076106432972704,False
1.5855000000000001,203.77819001494242,0.5049082040786743,8.061500064623496,False
1.586,203.68032089679738,0.5054917931556702,8.049837321594618,False
1.5865,203.57392758679973,0.5061113238334656,8.041319817151422,False
1.587,203.46066898535935,0.5067569613456726,8.036085085478737,False
1.5875000000000001,203.34231081927598,0.5074187517166138,8.034237101380011,False
1.588,203.22070327041143,0.5080862641334534,8.035824644755788,False
1.5885,203.0975161845824,0.5087357759475708,8.039516984180091,False
1.589,202.97430154518213,0.5093852877616882,8.046930656813434,False
1.5895000000000001,202.85346727137065,0.5100235939025879,8.05951625593586,False
1.59,202.73778696883772,0.5106212496757507,8.076496759057163,False
1.5905,202.62943951343547,0.5111604928970337,8.096033555308448,False
1.591,202.52935698851974,0.5116149187088013,8.114484286402824,False
1.5915000000000001,202.43785764550987,0.5120415091514587,8.135058987273377,False
1.592,202.35672308168694,0.5124180912971497,8.159477549350676,False
1.5925,202.28804506613022,0.5127082467079163,8.18615378975247,False
1.593,202.23305804423248,0.5129074454307556,8.213367678786785,False
1.5935000000000001,202.19235938822015,0.5130260586738586,8.240798964608425,False
1.594,202.16647629957941,0.5130662322044373,8.268589983277076,False
1.5945,202.1559280915274,0.5130226612091064,8.296405388848305,False
1.595,202.16098552333645,0.5128927230834961,8.323546107735114,False
1.5955000000000001,202.1815654846971,0.512679934501648,8.349458525859955,False
1.596,202.21730887803804,0.5123892426490784,8.373769123692949,False
1.5965,202.2676421626654,0.5120253562927246,8.396137945096184,False
1.597,202.33178285548288,0.5115939378738403,8.416235093596631,False
1.5975000000000001,202.4087264387523,0.5111010670661926,8.433675669464526,False
1.598,202.49723893675704,0.5105552077293396,8.448173405235787,False
1.5985,202.59589919734384,0.5099653005599976,8.459512511079001,False
1.599,202.70313074977474,0.5093408823013306,8.467542012307392,False
1.5995000000000001,202.81722772516923,0.5086917281150818,8.472147435578172,False
1.6,202.93637556082513,0.5080281496047974,8.473269633189883,False
1.6005,203.05867663134583,0.5073604583740234,8.470886190308175,False
1.601,203.18218022633457,0.5066995024681091,8.465064740589948,False
1.6015,203.30492301815468,0.506055474281311,8.455909088618252,False
1.602,203.4249619687742,0.5054388642311096,8.443617626716206,False
1.6025,203.54040919140238,0.504858672618866,8.428372433826082,False
1.603,203.649442569236,0.5043240785598755,8.41041602450497,False
1.6035,203.75034442733772,0.5038435459136963,8.39005064121591,False
1.604,203.84153632048555,0.5034245252609253,8.367616585591644,False
1.6045,203.92159778134214,0.5030730962753296,8.343444018422483,False
1.605,203.9892816320777,0.5027950406074524,8.31792604551667,False
1.6055,204.04354183990858,0.5025943517684937,8.29144559227464,False
1.606,204.08354089449605,0.5024741888046265,8.264406505674703,False
1.6065,204.1086644488465,0.5024363398551941,8.237214432370653,False
1.607,204.1185322012889,0.5024815797805786,8.21029663011582,False
1.6075,204.11300415368473,0.5026088953018188,8.184042264408127,False
1.608,204.09217887539984,0.5028167963027954,8.15887736816623,False
1.6085,204.05639570235786,0.5031014680862427,8.13514631937047,False
1.609,204.00621198316546,0.5034588575363159,8.113205790106868,False
1.6095,203.94241397136378,0.5038838982582092,8.093432198117855,False
1.61,203.86600818816225,0.5043694376945496,8.076107797986957,False
1.6105,203.77818859647317,0.5049082636833191,8.06150818366481,False
1.611,203.6803215843667,0.5054916739463806,8.049833254428922,False
1.6115,203.57392507511383,0.5061112642288208,8.04130984404753,False
1.612,203.46066375792753,0.5067570805549622,8.036088341445904,False
1.6125,203.34230768300674,0.5074187517166138,8.034241397592659,False
1.613,203.2207015099865,0.5080862045288086,8.035823425012296,False
1.6135,203.09751289310014,0.508735716342926,8.039510272083367,False
1.614,202.97429619346403,0.509385347366333,8.046931133516551,False
1.6145,202.8534647145553,0.5100237131118774,8.059529935499395,False
1.615,202.73778942176426,0.5106211304664612,8.076498231828248,False
1.6155,202.6294425045068,0.5111604928970337,8.096034355394622,False
1.616,202.5293601341823,0.5116149187088013,8.114484329125181,False
1.6165,202.43786055210307,0.5120415091514587,8.135058283896068,False
1.617,202.35672539437326,0.5124180912971497,8.159476203237253,False
1.6175,202.2880475453698,0.512708306312561,8.18615794745636,False
1.618,202.2330613748496,0.5129073858261108,8.213365029133962,False
1.6185,202.1923611139875,0.5130260586738586,8.24079569352347,False
1.619,202.1664772676828,0.513066291809082,8.268592470576834,False
1.6195,202.15592920336704,0.5130226016044617,8.296401531226739,False
1.62,202.16098563006233,0.5128927826881409,8.323548189476151,False
1.6205,202.1815666280882,0.512679934501648,8.349460453220955,False
1.621,202.2173088514531,0.5123891234397888,8.373758733425213,False
1.6215,202.26763895726182,0.5120254755020142,8.396140138067084,False
1.622,202.33178101963887,0.5115939378738403,8.41623790810172,False
1.6225,202.4087261732821,0.5111010670661926,8.4336787428675,False
1.623,202.4972392187239,0.5105551481246948,8.448170377926893,False
1.6235,202.59589792733252,0.5099653005599976,8.459509606803596,False
1.624,202.70312914615872,0.5093409419059753,8.467545569177863,False
1.6245,202.8172301179709,0.5086918473243713,8.472163109124962,False
1.625,202.9363825952073,0.508027970790863,8.473265796854234,False
1.6255,203.05867905437668,0.5073603391647339,8.470868947062398,False
1.6260000000000001,203.18217576400986,0.5066996216773987,8.465059993914858,False
1.6265,203.30491860432002,0.5060555934906006,8.455917697069644,False
1.627,203.4249623126537,0.5054388642311096,8.443626741787567,False
1.6275,203.5404131035679,0.5048586130142212,8.428374883594705,False
1.6280000000000001,203.64944740023475,0.5043240785598755,8.410417378463944,False
1.6285,203.75034848221813,0.5038434863090515,8.39004474322746,False
1.629,203.84153807594524,0.5034245848655701,8.367616100249167,False
1.6295,203.92160020345142,0.5030731558799744,8.343449151644633,False
1.6300000000000001,203.98928647590634,0.5027950406074524,8.317930264460973,False
1.6305,204.0435473616046,0.5025942921638489,8.291442359817678,False
1.631,204.08354321703095,0.5024741291999817,8.264396138866193,False
1.6315,204.10866341154338,0.5024364590644836,8.23721620591986,False
1.6320000000000001,204.11853216094465,0.5024815797805786,8.210298538746061,False
1.6325,204.11300509426945,0.5026088953018188,8.184044059412235,False
1.633,204.09217957636764,0.5028167366981506,8.158872806640433,False
1.6335,204.0563950886083,0.5031015276908875,8.135147896875687,False
1.6340000000000001,204.00621222817105,0.5034588575363159,8.113207413509244,False
1.6345,203.94241502494748,0.5038838982582092,8.093433658315806,False
1.635,203.8660098977376,0.5043694376945496,8.076108911738302,False
1.6355,203.77818965309572,0.5049082040786743,8.061502810281848,False
1.6360000000000001,203.68032088946632,0.5054917335510254,8.049833974926345,False
1.6365,203.57392587765568,0.5061113238334656,8.041316685498245,False
1.637,203.46066796878264,0.5067570805549622,8.036094556423665,False
1.6375,203.3423136265484,0.507418692111969,8.034240219827922,False
1.6380000000000001,203.22070635848755,0.5080862045288086,8.035820906122725,False
1.6385,203.09751712215748,0.5087357759475708,8.039512746725359,False
1.639,202.9743013202631,0.509385347366333,8.046932447829859,False
1.6395,202.85346796936946,0.5100235939025879,8.059517987971194,False
1.6400000000000001,202.73778848215062,0.5106212496757507,8.076498217282186,False
1.6405,202.62944163560087,0.5111604928970337,8.09603456420762,False
1.641,202.52935944242896,0.5116149187088013,8.114484730451496,False
1.6415,202.43786011945312,0.5120415091514587,8.135058823740396,False
1.6420000000000001,202.35672423196868,0.5124180316925049,8.159470843688071,False
1.6425,202.28804378753918,0.512708306312561,8.186153194832112,False
1.643,202.23305760357013,0.5129075050354004,8.21337338705142,False
1.6435,202.19236082029371,0.5130259990692139,8.240798459578667,False
1.6440000000000001,202.16647735996042,0.5130662322044373,8.2685891717655,False
1.6445,202.15592865705713,0.5130226612091064,8.29640437750079,False
1.645,202.16098553443965,0.5128927230834961,8.32354502566209,False
1.6455,202.18156495144564,0.512679934501648,8.349457508317146,False
1.6460000000000001,202.21730889952715,0.5123893022537231,8.373774259231372,False
1.6465,202.2676437429168,0.5120252966880798,8.396136790786082,False
1.647,202.33178270133024,0.5115938782691956,8.416227670535955,False
1.6475,202.40872358112568,0.5111011266708374,8.433674715441093,False
1.6480000000000001,202.49723686037424,0.5105552673339844,8.4481791595234,False
1.6485,202.5959001993448,0.5099653005599976,8.45951839704932,False
1.649,202.70313361504296,0.5093408226966858,8.46754131325385,False
1.6495,202.8172299968705,0.5086917281150818,8.472146098989409,False
1.6500000000000001,202.93637696467974,0.5080281496047974,8.473267840004588,False
1.6505,203.05867700729024,0.5073604583740234,8.470884175989918,False
1.651,203.182179547129,0.5066995024681091,8.46506276454862,False
1.6515,203.3049224344303,0.5060555338859558,8.45591339372561,False
1.6520000000000001,203.4249636272061,0.5054388642311096,8.443621796488664,False
1.6525,203.5404117851081,0.5048586130142212,8.428369939958424,False
1.653,203.64944367004918,0.5043240785598755,8.410413068430483,False
1.6535,203.75034392435288,0.5038435459136963,8.390047610883801,False
1.6540000000000001,203.84153537187314,0.5034245848655701,8.367619878586465,False
1.6545,203.92159966280548,0.5030731558799744,8.343453336581838,False
1.655,203.9892870564445,0.5027949810028076,8.317928297971303,False
1.6555,204.04354688551902,0.5025942921638489,8.291440380668007,False
1.6560000000000001,204.08354069512308,0.5024740695953369,8.264388388414064,False
1.6565,204.10865928321738,0.5024365782737732,8.237221593116006,False
1.657,204.11853114423212,0.5024815797805786,8.210304571601204,False
1.6575,204.11300617628962,0.5026088356971741,8.184043932324752,False
1.6580000000000001,204.0921805011809,0.5028167366981506,8.158872427412796,False
1.6585,204.05639574069596,0.5031015276908875,8.135147319707697,False
1.659,204.0062136085687,0.5034589171409607,8.113212728917174,False
1.6595,203.942417925363,0.5038838386535645,8.093432290072165,False
1.6600000000000001,203.86601185393295,0.5043694376945496,8.076106935505548,False
1.6605,203.77819043610086,0.5049082040786743,8.061500491800688,False
1.661,203.68032149993948,0.5054917931556702,8.049837620668844,False
1.6615,203.57392829122023,0.5061113238334656,8.041319952964479,False
1.6620000000000001,203.46066969949692,0.5067569613456726,8.036085044452909,False
1.6625,203.34231251976692,0.5074188113212585,8.034242887210075,False
1.663,203.22070563202368,0.5080861449241638,8.035817677157597,False
1.6635,203.09751482226372,0.5087357759475708,8.039509894169072,False
1.6640000000000001,202.97429777052628,0.509385347366333,8.046930321058374,False
1.6645,202.85346469590414,0.5100236535072327,8.059522818340113,False
1.665,202.7377868662709,0.510621190071106,8.076497542822052,False
1.6655,202.6294398141827,0.5111604928970337,8.096034314416485,False
1.666,202.5293576463597,0.5116149187088013,8.114484927060689,False
1.6665,202.43785857101517,0.5120415091514587,8.135059432597332,False
1.667,202.35672311757676,0.5124180316925049,8.159471780405793,False
1.6675,202.2880442694053,0.5127083659172058,8.186160302607172,False
1.668,202.23306058273855,0.5129074454307556,8.213373975818499,False
1.6685,202.19236384892295,0.5130259990692139,8.240798309127236,False
1.669,202.16648006300582,0.5130662322044373,8.268588316293439,False
1.6695,202.1559296828908,0.5130226016044617,8.296396975019412,False
1.67,202.16098582931525,0.5128929018974304,8.323555727643415,False
1.6705,202.18156957427894,0.5126798748970032,8.349461513546048,False
1.671,202.2173110647494,0.512389063835144,8.373753068129103,False
1.6715,202.26763916028645,0.5120255351066589,8.39614026739954,False
1.672,202.33178127091617,0.5115939378738403,8.41623798134796,False
1.6725,202.40872644058683,0.5111010670661926,8.433678752042887,False
1.673,202.49723946841564,0.5105551481246948,8.448170323169323,False
1.6735,202.59589812856558,0.5099653005599976,8.459509496229593,False
1.674,202.70312927469092,0.5093409419059753,8.467545417748134,False
1.6745,202.81723015910225,0.5086918473243713,8.472162936668704,False
1.675,202.93638254548844,0.508027970790863,8.473265625505901,False
1.6755,203.0586789218815,0.5073603391647339,8.470868798436829,False
1.676,203.18217556714848,0.5066996216773987,8.465059886379679,False
1.6765,203.30491836935303,0.5060555934906006,8.455917643460452,False
1.677,203.4249620702338,0.5054388642311096,8.443626747854305,False
1.6775,203.54041288476026,0.5048586130142212,8.428374947372776,False
1.678,203.6494472325328,0.5043240785598755,8.41041749064361,False
1.6785,203.75034838606973,0.5038434863090515,8.390044888464773,False
1.679,203.8415370010899,0.5034245252609253,8.367610251981993,False
1.6795,203.9215972919606,0.5030732154846191,8.34344994852821,False
1.68,203.98928422034916,0.5027950406074524,8.317931710453147,False
1.6805,204.043546038836,0.5025942921638489,8.29144425530699,False
1.681,204.08354297803865,0.5024741291999817,8.264398230283957,False
1.6815,204.1086642643863,0.5024364590644836,8.23721821964198,False
1.682,204.11853397265116,0.5024815797805786,8.210300216938347,False
1.6825,204.11300761106716,0.5026088953018188,8.184045193067785,False
1.683,204.0921813807466,0.5028166770935059,8.158867247213498,False
1.6835,204.05639281606298,0.5031014680862427,8.135136248677673,False
1.684,204.0062074295267,0.5034590363502502,8.113215097940488,False
1.6845,203.9424145595375,0.5038838982582092,8.093442000924844,False
1.685,203.86601265245153,0.5043693780899048,8.076110822213318,False
1.6855,203.77819207264088,0.5049081444740295,8.061497932146787,False
1.686,203.6803216945805,0.5054917931556702,8.049834832787093,False
1.6865,203.5739270512688,0.5061113238334656,8.041317296201097,False
1.687,203.46066828400328,0.5067570209503174,8.036088850351264,False
1.6875,203.3423120871483,0.5074187517166138,8.034240794855528,False
1.688,203.22070417537117,0.5080861449241638,8.03581582012066,False
1.6885000000000001,203.09751360862515,0.5087358355522156,8.03951448874252,False
1.689,202.974298980631,0.509385347366333,8.046934914999785,False
1.6895,202.85346707023436,0.5100235939025879,8.05952085551229,False
1.69,202.73778700290876,0.5106211304664612,8.076489161756161,False
1.6905000000000001,202.62943676452863,0.5111605525016785,8.09603239976213,False
1.691,202.52935492938516,0.511614978313446,8.114489825817039,False
1.6915,202.43785854241534,0.5120415091514587,8.135064668685153,False
1.692,202.3567246855458,0.5124179720878601,8.159470729929616,False
1.6925000000000001,202.28804414649423,0.512708306312561,8.18615298107493,False
1.693,202.2330578255664,0.5129075050354004,8.213373101856492,False
1.6935,202.19236088082417,0.5130259990692139,8.24079813969251,False
1.694,202.16647828135024,0.513066291809082,8.268594820174847,False
1.6945000000000001,202.15593131253846,0.5130226016044617,8.296403496109273,False
1.695,202.16098855136948,0.5128927826881409,8.3235495348819,False
1.6955,202.1815689611854,0.5126798748970032,8.349455062572911,False
1.696,202.21730828267698,0.5123891234397888,8.373753126679059,False
1.6965000000000001,202.26763663810422,0.5120255351066589,8.396140979838089,False
1.697,202.33177931648967,0.5115939378738403,8.41623924599149,False
1.6975,202.4087252856014,0.5111010670661926,8.433680400460188,False
1.698,202.4972382162359,0.51055508852005,8.448166170910586,False
1.6985000000000001,202.595895910653,0.5099653601646423,8.45951187551358,False
1.699,202.70312844474608,0.5093409419059753,8.467548174325362,False
1.6995,202.8172297628829,0.5086917877197266,8.472159737079018,False
1.7,202.9363805609167,0.508027970790863,8.47326272262265,False
1.7005000000000001,203.0586766677262,0.5073603987693787,8.470872539147084,False
1.701,203.1821754034453,0.5066996216773987,8.465063927602921,False
1.7015,203.3049202754254,0.5060555934906006,8.455921466247624,False
1.702,203.4249647153695,0.5054388046264648,8.443623874056863,False
1.7025000000000001,203.54041384057845,0.5048586130142212,8.428371623674963,False
1.703,203.64944641072336,0.5043240785598755,8.410414150949517,False
1.7035,203.75034592768964,0.5038434863090515,8.390041960872143,False
1.704,203.8415343158378,0.5034245848655701,8.367614111038375,False
1.7045000000000001,203.92159680983568,0.5030732154846191,8.343454204451891,False
1.705,203.98928595814579,0.5027950406074524,8.317935807568444,False
1.7055,204.04354758667847,0.5025941729545593,8.291435643781414,False
1.706,204.08353998245795,0.5024741291999817,8.264389802867472,False
1.7065000000000001,204.10865828134388,0.5024365186691284,8.237217073092957,False
1.707,204.11852898860403,0.5024816393852234,8.210306599953988,False
1.7075,204.11300632074546,0.5026088953018188,8.18405236330306,False
1.708,204.09218279258033,0.5028166174888611,8.158868250634347,False
1.7085000000000001,204.05639354230587,0.5031014084815979,8.135130834460162,False
1.709,204.00620640456407,0.503459095954895,8.113215869996472,False
1.7095,203.94241509439468,0.503883957862854,8.093448979901432,False
1.71,203.86601562663364,0.50436931848526,8.076111216602149,False
1.7105000000000001,203.77819499621276,0.5049081444740295,8.061497588539664,False
1.711,203.6803231217371,0.5054917335510254,8.049827807760773,False
1.7115,203.5739258568247,0.5061113834381104,8.041316378347263,False
1.712,203.46066672376014,0.5067570209503174,8.036088276053539,False
1.7125000000000001,203.3423103665515,0.5074187517166138,8.034240629051045,False
1.713,203.2207035791291,0.5080862045288086,8.035822065913727,False
1.7135,203.0975151622996,0.5087357759475708,8.039514494513456,False
1.714,202.97429934980954,0.5093852877616882,8.046928566587361,False
1.7145000000000001,202.85346525785255,0.5100236535072327,8.059520799202211,False
1.715,202.73778636332477,0.510621190071106,8.076495516856864,False
1.7155,202.62943937923552,0.5111605525016785,8.096038509462169,False
1.716,202.5293593587217,0.5116149187088013,8.114488963524959,False
1.7165000000000001,202.43786217127231,0.5120415091514587,8.13506281322056,False
1.717,202.35672708184256,0.5124179720878601,8.159468132728025,False
1.7175,202.28804607414898,0.5127083659172058,8.18615594558691,False
1.718,202.23306108213916,0.5129075050354004,8.213375427762427,False
1.7185000000000001,202.1923650357785,0.5130259990692139,8.240799553293728,False
1.719,202.16648074983982,0.5130661725997925,8.268583240682853,False
1.7195,202.1559287902971,0.5130226612091064,8.296398014358921,False
1.72,202.16098450892176,0.5128928422927856,8.323550950635731,False
1.7205000000000001,202.18156596394104,0.5126798748970032,8.349457344657917,False
1.721,202.21730668018998,0.5123891234397888,8.373755974857088,False
1.7215,202.26763660060192,0.5120255351066589,8.396144029535991,False
1.722,202.33178081697938,0.5115939378738403,8.416242114467433,False
1.7225000000000001,202.40872605996228,0.5111009478569031,8.433670796661433,False
1.723,202.49723613205902,0.5105552077293396,8.448168927226254,False
1.7235,202.59589539184535,0.5099653601646423,8.459514953465327,False
1.724,202.7031284967183,0.5093408823013306,8.467545205213007,False
1.7245000000000001,202.8172283076857,0.5086917877197266,8.472156942855156,False
1.725,202.93637884534385,0.5080280303955078,8.473266434651165,False
1.7255,203.05867697999363,0.5073603987693787,8.470876424990998,False
1.726,203.1821766238075,0.5066995620727539,8.465061502331944,False
1.7265000000000001,203.3049201590106,0.5060555934906006,8.455918903755155,False
1.727,203.42496330356826,0.5054388046264648,8.443621503165733,False
1.7275,203.5404123899282,0.504858672618866,8.428375742107619,False
1.728,203.6494461311039,0.5043240189552307,8.41041235102839,False
1.7285,203.75034686766972,0.5038436055183411,8.390052353412,False
1.729,203.84153942888886,0.5034245252609253,8.367617601018356,False
1.7295,203.92160220918782,0.5030731558799744,8.343450230239293,False
1.73,203.98928779563852,0.5027949810028076,8.317924779501586,False
1.7305,204.04354682982645,0.5025943517684937,8.291442924421077,False
1.731,204.08354301981842,0.5024741291999817,8.264396795000792,False
1.7315,204.10866356729065,0.5024364590644836,8.237216867111599,False
1.732,204.1185326421224,0.5024815797805786,8.210299119690761,False
1.7325,204.1130058319707,0.5026088953018188,8.18404448699293,False
1.733,204.09218047014036,0.5028167366981506,8.15887302911437,False
1.7335,204.05639602016194,0.5031015276908875,8.135147890067582,False
1.734,204.00621307706422,0.5034588575363159,8.113207183274284,False
1.7345,203.9424156841547,0.5038838982582092,8.093433239049597,False
1.735,203.8660102870692,0.5043694376945496,8.076108361237178,False
1.7355,203.7781908049422,0.5049082636833191,8.061508207860596,False
1.736,203.68032361858627,0.5054916739463806,8.049832748430747,False
1.7365,203.57392775273578,0.5061113238334656,8.04131488466431,False
1.737,203.46066770123383,0.5067570209503174,8.03608642458806,False
1.7375,203.34231032247962,0.5074187517166138,8.034238661841991,False
1.738,203.2207025418713,0.5080862045288086,8.035820233569583,False
1.7385,203.09751328445424,0.5087357759475708,8.039513024442243,False
1.739,202.97429688568334,0.5093852877616882,8.046927635089567,False
1.7395,202.8534625288198,0.5100236535072327,8.059520510809495,False
1.74,202.73778476631392,0.5106212496757507,8.076501871641685,False
1.7405,202.62943902238524,0.5111604332923889,8.096032894661986,False
1.741,202.52935620571233,0.5116149187088013,8.114483783083376,False
1.7415,202.43785771450214,0.5120415687561035,8.135064670517552,False
1.742,202.35672392705055,0.5124179720878601,8.15947092717149,False
1.7425,202.28804354975077,0.512708306312561,8.18615334510498,False
1.743,202.23305746086197,0.5129075050354004,8.213373584110395,False
1.7435,202.1923618167696,0.5130260586738586,8.240804641582365,False
1.744,202.16648035012432,0.5130661725997925,8.268588772945103,False
1.7445,202.15593017548235,0.5130226016044617,8.296397335645175,False
1.745,202.16098543894884,0.5128928422927856,8.323549987179176,False
1.7455,202.18156633321806,0.5126798748970032,8.34945622146538,False
1.746,202.21730645450225,0.5123891234397888,8.373754834234795,False
1.7465,202.26763582003082,0.5120255351066589,8.396143013226784,False
1.747,202.33177958965186,0.5115939378738403,8.416241346147626,False
1.7475,202.40872557080166,0.5111010074615479,8.433676335849333,False
1.748,202.49723745247732,0.5105551481246948,8.448168264379012,False
1.7485,202.5958962675376,0.5099653601646423,8.459514018870841,False
1.749,202.70312985532019,0.5093409419059753,8.467550098068806,False
1.7495,202.81723099817586,0.5086917281150818,8.472155224179787,False
1.75,202.93638043923278,0.5080280303955078,8.47326418378564,False
1.7505,203.05867729775187,0.5073603987693787,8.470873936687138,False
1.7510000000000001,203.1821766905498,0.5066996216773987,8.46506508583723,False
1.7515,203.30492099972167,0.5060555338859558,8.455916250102744,False
1.752,203.42496376863633,0.5054388642311096,8.443624813821906,False
1.7525,203.5404134531905,0.5048586130142212,8.428372730153715,False
1.7530000000000001,203.64944662098395,0.5043240785598755,8.410415279353211,False
1.7535,203.75034669663177,0.5038434863090515,8.390042966223932,False
1.754,203.84153553349168,0.5034245848655701,8.367614866834414,False
1.7545,203.9215983106027,0.5030732154846191,8.343454618661532,False
1.7550000000000001,203.9892875431563,0.5027950406074524,8.31793583391529,False
1.7555,204.04354905011172,0.5025941729545593,8.291435286891565,False
1.756,204.08354113831004,0.5024741291999817,8.264389116702558,False
1.7565,204.1086600617302,0.5024365782737732,8.237222167596085,False
1.7570000000000001,204.11853215066716,0.5024815797805786,8.21030492149973,False
1.7575,204.11300727616035,0.5026088356971741,8.18404401735647,False
1.758,204.0921815509166,0.5028167366981506,8.158872242313292,False
1.7585,204.0563955275359,0.5031014680862427,8.135140880699659,False
1.7590000000000001,204.0062112000677,0.5034589767456055,8.113212767933586,False
1.7595,203.9424168196288,0.5038838982582092,8.093438915350442,False
1.76,203.86601314605753,0.5043693780899048,8.076107392458475,False
1.7605,203.77819185186559,0.5049082040786743,8.061500609845437,False
1.7610000000000001,203.68032285622053,0.5054917931556702,8.049837392276642,False
1.7615,203.57392941695335,0.5061113238334656,8.041319414858002,False
1.762,203.46067045709904,0.5067569613456726,8.036084271737082,False
1.7625,203.34231175450316,0.5074187517166138,8.034235988239965,False
1.7630000000000001,203.22070356316246,0.5080862641334534,8.035823379244475,False
1.7635,203.0975158123562,0.5087357759475708,8.039515728829375,False
1.764,202.97430056949594,0.5093852877616882,8.046929568842362,False
1.7645,202.85346582774415,0.5100235939025879,8.059515467717098,False
1.7650000000000001,202.73778524784117,0.5106212496757507,8.076496362298553,False
1.7655,202.62943878225627,0.5111605525016785,8.096039566200922,False
1.766,202.52935934307723,0.5116149187088013,8.114490095608291,False
1.7665,202.43786272618962,0.5120415091514587,8.135063878564468,False
1.7670000000000001,202.35672812615934,0.5124179720878601,8.15946900083723,False
1.7675,202.28804746809618,0.5127083659172058,8.186156513340014,False
1.768,202.2330616149902,0.5129074454307556,8.213369666798009,False
1.7685,202.19236366183165,0.5130260586738586,8.240799987144003,False
1.7690000000000001,202.16648073345394,0.5130662322044373,8.26858993446751,False
1.7695,202.15593111010014,0.5130226016044617,8.296398334765192,False
1.77,202.16098577461923,0.5128927826881409,8.323544741326568,False
1.7705,202.18156502897133,0.512679934501648,8.349457184934248,False
1.7710000000000001,202.2173088081367,0.5123893022537231,8.37377393763076,False
1.7715,202.26764349737513,0.5120252966880798,8.396136510796149,False
1.772,202.331782335238,0.5115938782691956,8.416227466080228,False
1.7725,202.408723142443,0.5111011266708374,8.433674610436233,False
1.7730000000000001,202.49723640523536,0.5105552673339844,8.448179165071192,False
1.7735,202.59589978494293,0.5099653005599976,8.45951851025399,False
1.774,202.703133292473,0.5093408226966858,8.467541517795675,False
1.7745,202.81722980481945,0.5086917281150818,8.472146367368023,False
1.7750000000000001,202.93637692474573,0.5080281496047974,8.473268137158485,False
1.7755,203.05867712150584,0.5073604583740234,8.47088446382725,False
1.776,203.182179797985,0.5066995024681091,8.465063006810785,False
1.7765,203.30492278738043,0.5060555338859558,8.45591356056375,False
1.7770000000000001,203.4249629882664,0.5054388046264648,8.443615872154872,False
1.7775,203.54041028054186,0.5048587322235107,8.428376546417432,False
1.778,203.64944566533183,0.5043240785598755,8.410419611847658,False
1.7785,203.7503480357047,0.5038434863090515,8.390047249608372,False
1.7790000000000001,203.8415378878551,0.5034245252609253,8.367612545244198,False
1.7795,203.9215992766956,0.5030732154846191,8.343451880611235,False
1.78,203.98928702519953,0.5027950406074524,8.317933040206917,False
1.7805,204.0435482155914,0.5025942325592041,8.291438811182285,False
1.7810000000000001,204.0835421803384,0.5024741291999817,8.264392614055568,False
1.7815,204.10866173204383,0.5024365186691284,8.237219173274598,False
1.782,204.11853214469744,0.5024815797805786,8.210301718617089,False
1.7825,204.11300670795444,0.5026088953018188,8.184047037708188,False
1.7830000000000001,204.09218042043832,0.5028166174888611,8.15886317573285,False
1.7835,204.05639309086425,0.503101646900177,8.135150710938632,False
1.784,204.00621399676714,0.5034589767456055,8.113222550646057,False
1.7845,203.9424200632738,0.5038836598396301,8.093423355770259,False
1.7850000000000001,203.86601032794437,0.5043694972991943,8.076104070085519,False
1.7855,203.77818973054164,0.5049083232879639,8.061510187812477,False
1.786,203.68032364335028,0.5054916739463806,8.04983485908194,False
1.7865,203.57392777675497,0.5061112642288208,8.041310854171076,False
1.7870000000000001,203.46066567550628,0.5067570209503174,8.036082644533714,False
1.7875,203.34230868317906,0.5074188709259033,8.03424759363111,False
1.788,203.22070450200508,0.5080861449241638,8.035822999802672,False
1.7885,203.09751541960466,0.508735716342926,8.039509161971466,False
1.7890000000000001,202.97429689020186,0.5093852877616882,8.046923508284914,False
1.7895,202.85346150372038,0.5100237131118774,8.059522623272311,False
1.79,202.73778489169524,0.5106212496757507,8.076504094857182,False
1.7905,202.6294402572258,0.5111604332923889,8.096034949373426,False
1.7910000000000001,202.52935837221276,0.5116149187088013,8.114485417647202,False
1.7915,202.437859483437,0.5120415091514587,8.135059721113034,False
1.792,202.356724099482,0.5124180316925049,8.159471835516623,False
1.7925,202.28804519782034,0.5127083659172058,8.186160122539887,False
1.793,202.23306134406243,0.5129074454307556,8.213373587868,False
1.7935,202.19236435267138,0.5130259990692139,8.24079776563564,False
1.794,202.16648025241432,0.5130662322044373,8.26858768766103,False
1.7945,202.15592954115917,0.5130226016044617,8.296396340665904,False
1.795,202.16098538084233,0.5128929018974304,8.323555166063123,False
1.7955,202.18156888084508,0.5126798748970032,8.349461092674877,False
1.796,202.21731021720174,0.512389063835144,8.373752837180525,False
1.7965,202.26763826680806,0.5120255351066589,8.396140251135751,False
1.797,202.33178044335855,0.5115939378738403,8.416238177446797,False
1.7975,202.40872373399978,0.5111009478569031,8.43366719399649,False
1.798,202.49723320735765,0.5105552673339844,8.44817207264309,False
1.7985,202.59589429902667,0.5099653601646423,8.459518595561953,False
1.799,202.70313036476497,0.5093409419059753,8.467554854576443,False
1.7995,202.8172318105828,0.5086916089057922,8.472147600006911,False
1.8,202.93637835330574,0.5080280900001526,8.473262831148569,False
1.8005,203.0586757374493,0.5073604583740234,8.470879153523658,False
1.801,203.18217687226146,0.5066995620727539,8.465064354138603,False
1.8015,203.304921837365,0.5060555934906006,8.455921514384945,False
1.802,203.4249661698538,0.5054388046264648,8.443623545193761,False
1.8025,203.54041500425691,0.5048586130142212,8.428370967282834,False
1.803,203.64944714069023,0.5043240785598755,8.41041325750287,False
1.8035,203.75034719694108,0.5038435459136963,8.390046954372496,False
1.804,203.84153696942556,0.5034245252609253,8.367612470604769,False
1.8045,203.92159839822838,0.5030732154846191,8.343452031661391,False
1.805,203.98928629887982,0.5027950406074524,8.317933392880944,False
1.8055,204.04354773179156,0.5025942325592041,8.29143931590011,False
1.806,204.08354092379787,0.5024740695953369,8.264387188732691,False
1.8065,204.10865887778434,0.5024365782737732,8.237220415950304,False
1.807,204.11853017033647,0.5024815797805786,8.210303568157928,False
1.8075,204.11300584906556,0.5026088953018188,8.184049242972819,False
1.808,204.09218184210002,0.5028166770935059,8.158871459583432,False
1.8085,204.05639431458482,0.5031014084815979,8.135134065021076,False
1.809,204.00620768416167,0.5034590363502502,8.113212694801394,False
1.8095,203.9424135648224,0.5038838982582092,8.093439691149891,False
1.81,203.86601164059817,0.5043694376945496,8.076114907723717,False
1.8105,203.77819215338354,0.5049080848693848,8.061495992409315,False
1.811,203.68031970615488,0.5054917335510254,8.049826994091505,False
1.8115,203.57392338767937,0.5061114430427551,8.041322433871908,False
1.812,203.46066646908267,0.5067569613456726,8.03608853857989,False
1.8125,203.34231026647248,0.5074187517166138,8.034240935671436,False
1.813,203.22070364281853,0.5080862045288086,8.035822376985392,False
1.8135000000000001,203.09751431708455,0.508735716342926,8.039508782801772,False
1.814,202.97429674576722,0.509385347366333,8.046929399601117,False
1.8145,202.8534643454849,0.5100237131118774,8.059528179303355,False
1.815,202.73778924826274,0.510621190071106,8.076502651357265,False
1.8155000000000001,202.62944352486463,0.5111604332923889,8.096032564602599,False
1.816,202.52936016866565,0.5116149187088013,8.114482408595036,False
1.8165,202.43785961799517,0.5120415091514587,8.135056474709168,False
1.817,202.35672362847458,0.5124180912971497,8.159474727046488,False
1.8175000000000001,202.28804518411553,0.512708306312561,8.186156979668107,False
1.818,202.2330597537881,0.5129074454307556,8.213370643089132,False
1.8185,202.19236244431016,0.5130260586738586,8.240801341957868,False
1.819,202.16648029636204,0.5130662322044373,8.268591492505202,False
1.8195000000000001,202.15593046641192,0.5130225419998169,8.296393936931722,False
1.82,202.16098399966145,0.5128928422927856,8.323546730556947,False
1.8205,202.18156439977548,0.512679934501648,8.349459469682978,False
1.821,202.21730835716073,0.5123892426490784,8.373770265109158,False
1.8215000000000001,202.2676422589111,0.5120253562927246,8.396139138597562,False
1.822,202.33178354442273,0.5115939378738403,8.416236189938463,False
1.8225,202.40872659949594,0.5111010074615479,8.433670565288189,False
1.823,202.49723753462925,0.5105552673339844,8.44817455370921,False
1.8235000000000001,202.59589849194336,0.5099653005599976,8.45951392021944,False
1.824,202.70313081561733,0.5093408823013306,8.467543500406563,False
1.8245,202.81722853870653,0.5086917281150818,8.472148814164399,False
1.825,202.93637700483208,0.5080281496047974,8.473270730817125,False
1.8255000000000001,203.05867747424642,0.5073603987693787,8.470880887733815,False
1.826,203.18217830396748,0.5066995024681091,8.465059573823558,False
1.8265,203.30492071634302,0.5060555934906006,8.455916696419372,False
1.827,203.42496373653577,0.5054388642311096,8.443625299461067,False
1.8275000000000001,203.54041367144802,0.5048586130142212,8.42837319238406,False
1.828,203.64944705668574,0.5043240785598755,8.410415659554342,False
1.8285,203.75034834734265,0.5038435459136963,8.390049222135172,False
1.829,203.84153918163372,0.5034245252609253,8.367614315821942,False
1.8295000000000001,203.9216013663588,0.5030732154846191,8.343453225840152,False
1.83,203.98928855821688,0.5027949810028076,8.317927784469834,False
1.8305,204.04354692620527,0.5025942325592041,8.291433526076574,False
1.831,204.08353936597942,0.5024741888046265,8.264393994997633,False
1.8315000000000001,204.10866093971546,0.5024365782737732,8.237227157189384,False
1.832,204.11853443351407,0.5024815201759338,8.2103033621857,False
1.8325,204.11300964347356,0.5026088953018188,8.184048024133682,False
1.833,204.09218361095463,0.5028166174888611,8.158863392149192,False
1.8335000000000001,204.05639396290033,0.5031015276908875,8.135138119331106,False
1.834,204.00620943536234,0.5034590363502502,8.11321657251823,False
1.8345,203.9424171484434,0.5038838982582092,8.09344289906095,False
1.835,203.86601440284878,0.50436931848526,8.076105033213087,False
1.8355000000000001,203.77819179936606,0.5049082040786743,8.061498100483911,False
1.836,203.68032153012686,0.5054917931556702,8.04983505578513,False
1.8365,203.5739270141203,0.5061113238334656,8.04131754430744,False
1.837,203.46066837603368,0.5067570209503174,8.036089091558797,False
1.8375000000000001,203.3423122938391,0.5074187517166138,8.034240998825315,False
1.838,203.2207055322467,0.5080862045288086,8.035821953285106,False
1.8385,203.09751583400515,0.508735716342926,8.039507936378183,False
1.839,202.97429770819085,0.509385347366333,8.046928246035078,False
1.8395000000000001,202.85346464534,0.5100237131118774,8.059526869741099,False
1.84,202.73778886282858,0.510621190071106,8.0765013526795,False
1.8405,202.6294425172743,0.5111604332923889,8.096031438266326,False
1.841,202.5293586777907,0.5116149187088013,8.11448159079111,False
1.8415000000000001,202.43785783937685,0.5120415091514587,8.13505606013931,False
1.842,202.35672178869814,0.5124180912971497,8.159474758276827,False
1.8425,202.28804454583192,0.5127083659172058,8.186163409353872,False
1.843,202.23306136494853,0.5129073858261108,8.21337086009342,False
1.8435000000000001,202.19236403132612,0.5130260586738586,8.240801165470543,False
1.844,202.1664816637661,0.5130662322044373,8.268590952634202,False
1.8445,202.15593144994054,0.5130225419998169,8.296393107969083,False
1.845,202.1609855090883,0.5128929018974304,8.323551683441739,False
1.8455000000000001,202.1815672494531,0.5126798748970032,8.34945779590575,False
1.846,202.21730808609058,0.5123891234397888,8.373756094459482,False
1.8465,202.2676369282559,0.5120254755020142,8.396137844195614,False
1.847,202.33177902682257,0.5115939974784851,8.416242204063012,False
1.8475000000000001,202.40872548692087,0.5111010074615479,8.433677273446223,False
1.848,202.49723784841908,0.5105551481246948,8.448169163169743,False
1.8485,202.5958970842734,0.5099653601646423,8.459514767310736,False
1.849,202.70312995371273,0.5093408823013306,8.467544628663113,False
1.8495000000000001,202.8172293509503,0.5086917877197266,8.472156056060193,False
1.85,202.93637935170986,0.5080280303955078,8.47326535542874,False
1.8505,203.058676896155,0.5073603987693787,8.470875293424715,False
1.851,203.1821759720603,0.5066995620727539,8.465060462725367,False
1.8515000000000001,203.30491903333103,0.5060555934906006,8.455918086251657,False
1.852,203.42496290364835,0.5054388642311096,8.443627003398381,False
1.8525,203.54041377794275,0.5048586130142212,8.42837498680951,False
1.853,203.64944701590133,0.5043240189552307,8.410411311202347,False
1.8535000000000001,203.7503460883282,0.5038435459136963,8.39004516319303,False
1.854,203.84153610029554,0.5034245848655701,8.36761706848718,False
1.8545,203.92159782698013,0.5030730962753296,8.34344452312448,False
1.855,203.98928193221585,0.5027950406074524,8.317926506647089,False
1.8555000000000001,204.04354235064085,0.5025943517684937,8.291445951357309,False
1.856,204.08354047310087,0.5024741291999817,8.264400704679908,False
1.8565,204.10866216606752,0.5024363994598389,8.237215122575689,False
1.857,204.11853154298123,0.5024816393852234,8.210303840235463,False
1.8575,204.11300616649606,0.5026088356971741,8.18404315223874,False
1.858,204.09218009286562,0.5028167366981506,8.158871700051359,False
1.8585,204.05639499496334,0.5031015276908875,8.135146737448268,False
1.859,204.0062126285086,0.5034589171409607,8.11321236336663,False
1.8595,203.942416841744,0.5038838386535645,8.093432183353535,False
1.86,203.86601080769728,0.5043694376945496,8.076107095587146,False
1.8605,203.7781906361816,0.5049082636833191,8.06150689848669,False
1.861,203.6803227972124,0.5054916739463806,8.049831563099078,False
1.8615,203.57392639765138,0.5061113238334656,8.041313971245716,False
1.862,203.46066706601738,0.5067570805549622,8.036091890518069,False
1.8625,203.3423114469113,0.507418692111969,8.034237938207717,False
1.863,203.22070320534831,0.5080862045288086,8.035819287876036,False
1.8635,203.0975134138016,0.5087357759475708,8.03951198055808,False
1.864,202.97429859195475,0.5093854069709778,8.046938595555247,False
1.8645,202.8534675179066,0.5100235342979431,8.059518415943431,False
1.865,202.73778828404747,0.5106212496757507,8.076498725468301,False
1.8655,202.62944170993234,0.5111604928970337,8.096035087562358,False
1.866,202.52935977398394,0.5116149187088013,8.114485203605303,False
1.8665,202.43786066147027,0.5120415091514587,8.135059189095896,False
1.867,202.35672491272484,0.5124180316925049,8.159471058341353,False
1.8675,202.28804555354907,0.5127083659172058,8.186159201639635,False
1.868,202.23306120811745,0.5129074454307556,8.21337264013441,False
1.8685,202.19236375230776,0.5130259990692139,8.240796908700627,False
1.869,202.1664792715826,0.5130662322044373,8.268587025425878,False
1.8695,202.15592933360605,0.5130226612091064,8.296401913252629,False
1.87,202.16098594132166,0.5128927826881409,8.32354851708576,False
1.8705,202.18156707814742,0.512679934501648,8.349460687029415,False
1.871,202.21730938176353,0.5123891234397888,8.373758846413063,False
1.8715,202.26763950046254,0.5120254755020142,8.396140118687747,False
1.872,202.33178150803244,0.5115939378738403,8.416237761438296,False
1.8725,202.40872654722187,0.5111010670661926,8.43367848972487,False
1.873,202.49723943388767,0.5105551481246948,8.448170051995472,False
1.8735,202.59589796000088,0.5099653005599976,8.45950925026372,False
1.874,202.70312899586403,0.5093409419059753,8.467545227303363,False
1.8745,202.8172298072112,0.5086918473243713,8.472162824565162,False
1.875,202.93638216628463,0.508027970790863,8.473265604311248,False
1.8755,203.05867856377802,0.5073603391647339,8.470868869029156,False
1.8760000000000001,203.1821752750571,0.5066996216773987,8.465060038004296,False
1.8765,203.30491817903476,0.5060555934906006,8.455917855263408,False
1.877,203.42496200387947,0.5054388642311096,8.443626991685743,False
1.8775,203.54041294835875,0.5048586130142212,8.42837519149118,False
1.8780000000000001,203.64944741535095,0.5043240785598755,8.410417703836123,False
1.8785,203.75034866229262,0.5038434863090515,8.390045044046994,False
1.879,203.84153733338755,0.5034245252609253,8.367610331158366,False
1.8795,203.9215976364946,0.5030732154846191,8.343449942682563,False
1.8800000000000001,203.98928453254763,0.5027950406074524,8.317931622082869,False
1.8805,204.04354627917016,0.5025942921638489,8.29144409749714,False
1.881,204.0835431170426,0.5024741291999817,8.264398024812268,False
1.8815,204.1086642862734,0.5024364590644836,8.23721799398683,False
1.8820000000000001,204.11853387707657,0.5024815797805786,8.210300000602933,False
1.8825,204.11300741284225,0.5026088953018188,8.184045013717618,False
1.883,204.09218110758653,0.5028166770935059,8.158867127138608,False
1.8835,204.05639250470833,0.5031014680862427,8.135136202036277,False
1.8840000000000001,204.00620712078828,0.5034590363502502,8.113215129125745,False
1.8845,203.9424142929398,0.5038838982582092,8.093442104238488,False
1.885,203.86601246118445,0.5043693780899048,8.07611098285224,False
1.8855,203.77819197946687,0.5049081444740295,8.061498128335673,False
1.8860000000000001,203.68032063476787,0.5054917335510254,8.04982903520155,False
1.8865,203.57392420395703,0.5061113834381104,8.041318122171177,False
1.887,203.46066609596156,0.5067570209503174,8.036090303725555,False
1.8875,203.3423097531843,0.507418692111969,8.0342366833426,False
1.8880000000000001,203.2207020818438,0.5080862641334534,8.035824507059909,False
1.8885,203.0975150257611,0.5087357759475708,8.0395171378923,False
1.889,202.97430056081458,0.5093852877616882,8.04693107615966,False
1.8895,202.85346658073811,0.5100235939025879,8.059516882541846,False
1.8900000000000001,202.73778665162124,0.5106212496757507,8.076497510129553,False
1.8905,202.62943960089189,0.5111604928970337,8.096034334583047,False
1.891,202.52935746090756,0.5116149187088013,8.114484996421373,False
1.8915,202.43785843580173,0.5120415091514587,8.135059541471971,False
1.8920000000000001,202.35672304825715,0.5124180316925049,8.159471914449291,False
1.8925,202.2880442731311,0.5127083659172058,8.186160444694641,False
1.893,202.23306065748352,0.5129074454307556,8.213374108217428,False
1.8935,202.19236398394318,0.5130259990692139,8.240798415690326,False
1.8940000000000001,202.16647921396583,0.5130661725997925,8.26858242165533,False
1.8945,202.15592697020742,0.5130226612091064,8.296397608375138,False
1.895,202.16098263539337,0.5128928422927856,8.323550999263466,False
1.8955,202.18156529211234,0.512679934501648,8.349463795508406,False
1.8960000000000001,202.21731032747417,0.5123891830444336,8.373768147498401,False
1.8965,202.26764197921145,0.5120252966880798,8.396130721852764,False
1.897,202.33178007424462,0.5115939974784851,8.416234330884116,False
1.8975,202.40872452758077,0.5111011266708374,8.433681581836073,False
1.8980000000000001,202.49724016629193,0.5105552077293396,8.448179400526968,False
1.8985,202.595902325039,0.5099652409553528,8.45951186456225,False
1.899,202.70313328946241,0.5093408823013306,8.467540663347233,False
1.8995,202.81722936958033,0.5086917281150818,8.47214556752306,False
1.9000000000000001,202.93637612063043,0.5080281496047974,8.47326749156539,False
1.9005,203.0586760573269,0.5073604583740234,8.470884050956068,False
1.901,203.18217861359662,0.5066995024681091,8.465062874328206,False
1.9015,203.30492163547996,0.5060555338859558,8.455913719726977,False
1.9020000000000001,203.42496306181314,0.5054388642311096,8.44362229292683,False
1.9025,203.54041152071852,0.5048586130142212,8.428370540108311,False
1.903,203.64944373442293,0.5043240785598755,8.410413693492908,False
1.9035,203.75034430262295,0.5038435459136963,8.390048180293826,False
1.9040000000000001,203.8415349480045,0.5034245252609253,8.367614313153648,False
1.9045,203.9215974916273,0.5030732154846191,8.343454241499224,False
1.905,203.98928553345917,0.5027949810028076,8.317929666886506,False
1.9055,204.04354619341865,0.5025942921638489,8.291442027721262,False
1.9060000000000001,204.08354197830616,0.5024741291999817,8.264396109505052,False
1.9065,204.10866226338769,0.5024364590644836,8.237216476725976,False
1.907,204.11853124939051,0.5024815797805786,8.210299068480397,False
1.9075,204.11300453169204,0.5026088953018188,8.18404477433223,False
1.9080000000000001,204.09217942769462,0.5028167366981506,8.158873610762175,False
1.9085,204.0563953640208,0.5031015276908875,8.13514868488895,False
1.909,204.0062139619354,0.5034589171409607,8.11321409669752,False
1.9095,203.94241786913642,0.5038837790489197,8.093427474615806,False
1.9100000000000001,203.86601042209284,0.5043694972991943,8.076108450985506,False
1.9105,203.77818989814725,0.5049082040786743,8.06150225337339,False
1.911,203.68032083017974,0.5054917335510254,8.04983339493553,False
1.9115,203.5739255283303,0.5061113238334656,8.041316156641253,False
1.9120000000000001,203.46066631027225,0.5067570209503174,8.03608814687926,False
1.9125,203.34230992224954,0.5074187517166138,8.034240606674178,False
1.913,203.2207031607308,0.5080862045288086,8.035822150771718,False
1.9135,203.0975148218518,0.5087357759475708,8.039514673545442,False
1.9140000000000001,202.97429912828272,0.5093852877616882,8.046928815240099,False
1.9145,202.85346518031622,0.5100236535072327,8.05952108481977,False
1.915,202.7377874866889,0.5106212496757507,8.076501781334827,False
1.9155,202.62944147134408,0.5111604332923889,8.096032165953003,False
1.9160000000000001,202.5293580848278,0.5116149187088013,8.11448252052426,False
1.9165,202.43785880309696,0.5120415687561035,8.135063042405765,False
1.917,202.35672410749257,0.5124179720878601,8.159469143117242,False
1.9175,202.2880438530724,0.5127083659172058,8.186157595314768,False
1.9180000000000001,202.23305884175622,0.5129074454307556,8.213371534607786,False
1.9185,202.19236205502858,0.5130260586738586,8.240802393360507,False
1.919,202.16647944046875,0.5130661725997925,8.268586607827544,False
1.9195,202.1559282543201,0.5130226016044617,8.296395519275897,False
1.92,202.16098378797233,0.5128929018974304,8.323554699224326,False
1.9205,202.18156718520143,0.5126798748970032,8.349461030792181,False
1.921,202.2173086307626,0.512389063835144,8.373753179615447,False
1.9215,202.26763596204117,0.5120254755020142,8.39613498199024,False
1.922,202.3317767002286,0.5115939974784851,8.416239748818159,False
1.9225,202.4087221166918,0.5111010074615479,8.433675522425393,False
1.923,202.4972349001464,0.5105552077293396,8.448174291848531,False
1.9235,202.59589594483285,0.5099653005599976,8.45951429995462,False
1.924,202.70312867316997,0.5093408823013306,8.467544461424849,False
1.9245,202.81722912386667,0.5086918473243713,8.47216218375415,False
1.925,202.93638121546394,0.508027970790863,8.473265166794022,False
1.9255,203.05867747080893,0.5073603391647339,8.47086868603119,False
1.926,203.182174181104,0.5066996216773987,8.46506012765646,False
1.9265,203.3049172229534,0.5060555934906006,8.45591820077876,False
1.927,203.4249613045717,0.5054388642311096,8.443627544007832,False
1.9275,203.54041153924743,0.5048585534095764,8.428369876919305,False
1.928,203.64944341285326,0.5043240785598755,8.410413068422526,False
1.9285,203.75034368898866,0.5038435459136963,8.390047672638328,False
1.929,203.84153518809387,0.5034245848655701,8.367619992928343,False
1.9295,203.92159955317211,0.5030731558799744,8.343453487745991,False
1.93,203.9892870335382,0.5027949810028076,8.317928465754408,False
1.9305,204.04354695049605,0.5025942921638489,8.291440543122045,False
1.931,204.0835408377821,0.5024740695953369,8.264388524720088,False
1.9315,204.10865948354484,0.5024365782737732,8.237221686257378,False
1.932,204.11853137519572,0.5024815797805786,8.210304610488624,False
1.9325,204.11300640748783,0.5026088356971741,8.18404391310465,False
1.933,204.09218070285056,0.5028167366981506,8.158872353804847,False
1.9335,204.05639588754377,0.5031015276908875,8.135147202349707,False
1.934,204.00621368292897,0.5034589171409607,8.113212583827778,False
1.9345,203.94241791928656,0.5038838386535645,8.093432136455888,False
1.935,203.8660117699643,0.5043694376945496,8.076106793204398,False
1.9355,203.77819136283466,0.5049082636833191,8.061506384865119,False
1.936,203.6803242753175,0.5054917335510254,8.04983691189234,False
1.9365,203.57392939968577,0.5061112642288208,8.041312625073877,False
1.937,203.4606691314676,0.5067570805549622,8.036089913059776,False
1.9375,203.34231233550454,0.507418692111969,8.034235593530935,False
1.938,203.22070389544393,0.5080862641334534,8.03582287111107,False
1.9385000000000001,203.09751585966853,0.5087357759475708,8.039515173696564,False
1.939,202.97430033225604,0.5093852877616882,8.046929037382291,False
1.9395,202.85346639610168,0.5100236535072327,8.05952100735558,False
1.94,202.73778751184943,0.510621190071106,8.076495442222745,False
1.9405000000000001,202.62944039478077,0.5111605525016785,8.096038167578456,False
1.941,202.5293601179822,0.5116149187088013,8.114488402736198,False
1.9415,202.43786258565243,0.5120415091514587,8.135062107880788,False
1.942,202.35672710752223,0.5124179720878601,8.159467373344977,False
1.9425000000000001,202.2880457163512,0.5127083659172058,8.186155227262896,False
1.943,202.23306039330583,0.5129075050354004,8.213374838392545,False
1.9435,202.1923641080399,0.5130259990692139,8.24079916293083,False
1.944,202.1664797028085,0.5130661725997925,8.26858309332659,False
1.9445000000000001,202.1559267311372,0.5130226016044617,8.296392160691978,False
1.945,202.16098172789154,0.5128929615020752,8.323557870777586,False
1.9455,202.18156688823768,0.5126798748970032,8.349464491792656,False
1.946,202.2173100975409,0.512389063835144,8.373756495716329,False
1.9465000000000001,202.26763897486924,0.5120254755020142,8.396137745086794,False
1.947,202.33178085380692,0.5115939974784851,8.416241627013385,False
1.9475,202.4087258481631,0.5111009478569031,8.433670330932149,False
1.948,202.4972367276197,0.5105552673339844,8.448174512109194,False
1.9485000000000001,202.59589773119455,0.5099653005599976,8.459514072733805,False
1.949,202.70313019549457,0.5093408823013306,8.467543824074145,False
1.9495,202.81722916525808,0.5086917877197266,8.472155244696257,False
1.95,202.93637877038188,0.5080280303955078,8.473264639603377,False
1.9505000000000001,203.0586770372132,0.5073604583740234,8.470880747836848,False
1.951,203.18217783263754,0.5066995024681091,8.46505954719002,False
1.9515,203.304920271214,0.5060555934906006,8.45591678418413,False
1.952,203.424963373721,0.5054388642311096,8.443625488180885,False
1.9525000000000001,203.54041343557589,0.5048586130142212,8.428373455971952,False
1.953,203.64944697535975,0.5043240785598755,8.410415962813898,False
1.9535,203.75034842786485,0.5038435459136963,8.39004952542325,False
1.954,203.84153941039432,0.5034245252609253,8.367614580222932,False
1.9545000000000001,203.92160064656895,0.5030731558799744,8.343447408737708,False
1.955,203.9892859889873,0.5027950406074524,8.317928527475429,False
1.9555,204.04354602657023,0.5025942921638489,8.291440852292231,False
1.956,204.08354122353802,0.5024741291999817,8.26439505024593,False
1.9565000000000001,204.1086621049087,0.5024365186691284,8.23722168231329,False
1.957,204.11853377107707,0.5024815797805786,8.21030397566436,False
1.9575,204.11300935167412,0.5026088953018188,8.184048757422111,False
1.958,204.09218371940364,0.5028166174888611,8.158864148301193,False
1.9585000000000001,204.05639444901277,0.5031015276908875,8.135138800635888,False
1.959,204.00621022851183,0.5034590363502502,8.11321709312572,False
1.9595,203.94241706185707,0.5038838386535645,8.093437185300136,False
1.96,203.8660124847185,0.5043693780899048,8.076105715315292,False
1.9605000000000001,203.77819039135426,0.5049082040786743,8.061499198577245,False
1.961,203.6803208003285,0.5054917931556702,8.049836420770278,False
1.9615,203.5739270402212,0.5061113238334656,8.041318996795393,False
1.962,203.4606680679921,0.5067569613456726,8.03608444777984,False
1.9625000000000001,203.34230965538825,0.5074187517166138,8.034236722879774,False
1.963,203.2207020122808,0.5080862641334534,8.035824567389731,False
1.9635,203.09751499255114,0.5087357759475708,8.039517210965005,False
1.964,202.97430056731346,0.5093852877616882,8.046931152526467,False
1.9645000000000001,202.85346662524827,0.5100235939025879,8.059516952576244,False
1.965,202.73778672774355,0.5106212496757507,8.076497565232557,False
1.9655,202.6294396984486,0.5111604928970337,8.09603436822362,False
1.966,202.52935756730358,0.5116149187088013,8.114485004889536,False
1.9665000000000001,202.43785853764325,0.5120415091514587,8.135059524267763,False
1.967,202.35672313302808,0.5124180316925049,8.159471874262554,False
1.9675,202.2880443307133,0.5127083659172058,8.186160386993093,False
1.968,202.23306068134286,0.5129074454307556,8.21337404050765,False
1.9685000000000001,202.19236397185026,0.5130259990692139,8.240798346548578,False
1.969,202.16648019456215,0.5130662322044373,8.268588322402085,False
1.9695,202.1559298066485,0.5130226016044617,8.296396949717519,False
1.97,202.16098593014678,0.5128929018974304,8.3235556747105,False
1.9705000000000001,202.18156964019096,0.5126798748970032,8.349461440097503,False
1.971,202.21731108829945,0.512389063835144,8.373752983677052,False
1.9715,202.2676391394179,0.5120255351066589,8.396140182636382,False
1.972,202.331781209118,0.5115939378738403,8.416237906804628,False
1.9725000000000001,202.40872634636875,0.5111010670661926,8.433678696787517,False
1.973,202.49723935417057,0.5105551481246948,8.448170293704942,False
1.9735,202.59589800896637,0.5099653005599976,8.459509495724385,False
1.974,202.7031291648237,0.5093409419059753,8.467545445690362,False
1.9745000000000001,202.8172300725707,0.5086918473243713,8.47216298898517,False
1.975,202.93638249272584,0.508027970790863,8.473265695125797,False
1.9755,203.0586789088809,0.5073603391647339,8.470868876226765,False
1.976,203.18217559476838,0.5066996216773987,8.465059962328967,False
1.9765000000000001,203.30491843328267,0.5060555934906006,8.455917707964602,False
1.977,203.42496216161737,0.5054388642311096,8.443626792932347,False
1.9775,203.54041299139558,0.5048586130142212,8.42837496766231,False
1.978,203.64944734048476,0.5043240785598755,8.410417484047663,False
1.9785000000000001,203.75034848148655,0.5038434863090515,8.390044856369842,False
1.979,203.84153813313011,0.5034245848655701,8.367616206279703,False
1.9795,203.92160031002447,0.5030731558799744,8.343449237083512,False
1.98,203.9892866171442,0.5027950406074524,8.317930318739107,False
1.9805000000000001,204.04354751860544,0.5025942921638489,8.29144237659018,False
1.981,204.08354336923986,0.5024741291999817,8.264396116753261,False
1.9815,204.1086635394465,0.5024364590644836,8.237216148586969,False
1.982,204.11853224857472,0.5024815797805786,8.21029845432522,False
1.9825000000000002,204.11300513119664,0.5026088953018188,8.184043959353568,False
1.983,204.0921795589262,0.5028167366981506,8.158872704157208,False
1.9835,204.05639502021458,0.5031015276908875,8.13514780519635,False
1.984,204.00621211871444,0.5034588575363159,8.11320734417023,False
1.9845,203.9424148893581,0.5038838982582092,8.093433619717274,False
1.985,203.86600975394046,0.5043694376945496,8.076108908143537,False
1.9855,203.77818951963502,0.5049082040786743,8.06150284137725,False
1.986,203.68032078311745,0.5054917335510254,8.04983403598223,False
1.9865,203.57392581133325,0.5061113238334656,8.041316768089986,False
1.987,203.4606679500033,0.5067570805549622,8.036094649602923,False
1.9875,203.34231365662617,0.507418692111969,8.034240311579019,False
1.988,203.2207053683898,0.5080861449241638,8.035814993591805,False
1.9885,203.09751428352297,0.5087358355522156,8.039513430546549,False
1.989,202.9742990642934,0.509385347366333,8.046933763019176,False
1.9895,202.8534665653605,0.5100235939025879,8.059519755943251,False
1.99,202.7377870360047,0.510621190071106,8.076494229006972,False
1.9905,202.62943830059427,0.5111604928970337,8.096031167336196,False
1.991,202.52935571781407,0.511614978313446,8.114488306868406,False
1.9915,202.437858501739,0.5120415091514587,8.135063057907432,False
1.992,202.35672487566563,0.5124180316925049,8.159475196858454,False
1.9925,202.28804656414607,0.512708306312561,8.18615712595422,False
1.993,202.2330610932459,0.5129074454307556,8.213370454705174,False
1.9935,202.19236357860652,0.5130260586738586,8.24080084929419,False
1.994,202.16648108975974,0.5130662322044373,8.268590762828243,False
1.9945,202.15593185271862,0.5130226016044617,8.296399027744526,False
1.995,202.16098680376683,0.5128927826881409,8.32354521612207,False
1.9955,202.18156621149106,0.512679934501648,8.3494573873424,False
1.996,202.21730795064585,0.5123891830444336,8.373761920342064,False
1.9965,202.26763871172147,0.5120254158973694,8.396137374365464,False
1.997,202.33177940352144,0.5115939378738403,8.416235374748045,False
1.9975,202.4087234151648,0.5111010670661926,8.433676750393264,False
1.998,202.49723670986563,0.5105552077293396,8.448175135178499,False
1.9985,202.5958980295055,0.5099653005599976,8.459514660922503,False
1.999,202.70313076623057,0.5093408823013306,8.467544304388733,False
1.9995,202.8172289003889,0.5086917281150818,8.472149579190713,False
2.0,202.93637772391122,0.5080281496047974,8.473271361314408,False
