time_s,output_voltage_V,duty_cycle,inductor_current_A,bound_hit
0.0005,200.2512135969379,0.5146728157997131,9.45188315321905,False
0.001,201.0870892160888,0.5052856802940369,9.913583137080408,False
0.0015,201.90960794587133,0.49288633465766907,8.997985234529047,False
0.002,202.12472614944357,0.4884258806705475,7.584164363144857,False
0.0025,201.8098128551367,0.49931663274765015,7.3825484319884085,False
0.003,201.59811842167127,0.5079958438873291,8.212813217212071,False
0.0035,201.75389594517367,0.5027951002120972,8.593182324786472,False
0.004,202.00684027501092,0.49700888991355896,8.396730675259,False
0.0045000000000000005,202.12229587627834,0.49543678760528564,8.048815965596257,False
0.005,202.0977180235133,0.4975399672985077,7.950241297877113,False
0.0055,202.08261439975468,0.5002415776252747,8.167823231596191,False
0.006,202.15393599912417,0.4984068274497986,8.21445457438659,False
0.006500000000000001,202.21962993131305,0.4969337582588196,8.105042548809408,False
0.007,202.22353106455736,0.49696362018585205,7.989860113898935,False
0.0075,202.1894965833833,0.4983346164226532,8.00677571921017,False
0.008,202.16616273769023,0.4986179769039154,8.036242976187834,False
0.0085,202.14193328357683,0.4981222450733185,7.986002022389419,False
0.009000000000000001,202.09109594573457,0.49862223863601685,7.950511506488277,False
0.0095,202.02553591418422,0.4993721842765808,7.950417946910747,False
0.01,201.95415298961586,0.49967068433761597,7.932945449213873,False
0.0105,201.86872216225848,0.5000973343849182,7.905484622666411,False
0.011,201.76871462261607,0.5008099675178528,7.893768337089485,False
0.0115,201.6605619929387,0.5014441609382629,7.886827750831079,False
0.012,201.54510263973933,0.5020138621330261,7.875564354901337,False
0.0125,201.42174470797616,0.5026814341545105,7.868821166652325,False
0.013000000000000001,201.29332601182253,0.5033627152442932,7.868039577981539,False
0.0135,201.16139899459515,0.5039380192756653,7.863425475761391,False
0.014,201.0259922639704,0.5045868754386902,7.864754236520497,False
0.0145,200.89102783466313,0.5052278637886047,7.874490502922209,False
0.015,200.76059622283543,0.5057989358901978,7.889227525830042,False
0.0155,200.6368554751661,0.506289005279541,7.90503030234502,False
0.016,200.5208518561231,0.5067399740219116,7.923100942741124,False
0.0165,200.41501084482852,0.5071835517883301,7.948590493436986,False
0.017,200.3231575915959,0.5075476765632629,7.979608432756164,False
0.0175,200.24717701368246,0.5077815651893616,8.009315375375676,False
0.018000000000000002,200.18842880856414,0.5080511569976807,8.048006424567573,False
0.0185,200.15133140309894,0.5082314014434814,8.093161609297853,False
0.019,200.1362152010808,0.5081755518913269,8.127213651431113,False
0.0195,200.13646919278847,0.5079938769340515,8.1447289321911,False
0.02,200.1466260017575,0.5078791379928589,8.161271547204988,False
0.0205,200.16869238493808,0.5077839493751526,8.187849270578853,False
0.021,200.2076393552538,0.5075721740722656,8.220451433140443,False
0.021500000000000002,200.26503078382373,0.5071960091590881,8.248854200706534,False
0.022,200.33802474282476,0.5067186951637268,8.268651713066339,False
0.0225,200.42286970613648,0.5062167048454285,8.283101834107354,False
0.023,200.5177991518361,0.5057064890861511,8.29677681764798,False
0.0235,200.62269308208698,0.5051575303077698,8.310223648324419,False
0.024,200.73702714281265,0.5045487880706787,8.320653577699696,False
0.0245,200.85881510728467,0.5038958787918091,8.325800537902921,False
0.025,200.98528193548748,0.503231942653656,8.325918100575633,False
0.025500000000000002,201.11399305068667,0.5025778412818909,8.322551744923574,False
0.026000000000000002,201.24316773093526,0.5019363164901733,8.316555911262888,False
0.0265,201.37119808162336,0.501305878162384,8.30756271694385,False
0.027,201.49617059299229,0.5006939172744751,8.294928715433572,False
0.0275,201.61590082310983,0.5001155734062195,8.278648279078823,False
0.028,201.72829644417962,0.49958547949790955,8.259399734433037,False
0.0285,201.8316046897826,0.4991112947463989,8.237874983940396,False
0.029,201.92434742961728,0.498696506023407,8.214388934301281,False
0.029500000000000002,202.00515559304887,0.4983455538749695,8.189057802711053,False
0.03,202.07273449551673,0.4980649948120117,8.1621371141207,False
0.0305,202.12596358274206,0.4978609085083008,8.134099880643957,False
0.031,202.16399712149564,0.4977370500564575,8.105510833813451,False
0.0315,202.18628499215308,0.4976944327354431,8.076850196238738,False
0.032,202.19253040284121,0.497732937335968,8.04850987867454,False
0.0325,202.18375630882113,0.4979119896888733,8.02686553605687,False
0.033,202.163692878687,0.4982012212276459,8.014767505502757,False
0.0335,202.13316911543882,0.4983733892440796,7.991626590324771,False
0.034,202.087370889543,0.4986978769302368,7.96544698258467,False
0.0345,202.02638431623126,0.4991832971572876,7.946417462458784,False
0.035,201.9528208188207,0.49966809153556824,7.928742332364715,False
0.035500000000000004,201.8668601100005,0.500180721282959,7.910198314194547,False
0.036000000000000004,201.76882765528163,0.5007765889167786,7.895295935890126,False
0.0365,201.66076580527138,0.5014064908027649,7.884473630261326,False
0.037,201.54453982356526,0.5020391345024109,7.875831643470198,False
0.0375,201.42153690222895,0.502690851688385,7.8701444494083175,False
0.038,201.2935644353056,0.5033489465713501,7.867957247910893,False
0.0385,201.16148831231152,0.5039331912994385,7.862810987918649,False
0.039,201.025875937993,0.5045933127403259,7.864797605948256,False
0.0395,200.89098392850815,0.5052301287651062,7.874783961445215,False
0.04,200.7606650435025,0.5057966709136963,7.8892878965115125,False
0.0405,200.6369110928875,0.5062868595123291,7.90485746985437,False
0.041,200.5208381915192,0.5067412853240967,7.923055856490678,False
0.0415,200.41499121262177,0.5071844458580017,7.94864014929469,False
0.042,200.32316270156696,0.5075475573539734,7.979647812183016,False
0.0425,200.24719330627215,0.5077810883522034,8.00930381695137,False
0.043000000000000003,200.18843371371457,0.5080509185791016,8.047968109019351,False
0.043500000000000004,200.15131856127033,0.508231520652771,8.093136348327675,False
0.044,200.13619684625056,0.5081759095191956,8.127228447061052,False
0.0445,200.13645987596647,0.5079938769340515,8.144747164472005,False
0.045,200.1466246429975,0.5078790187835693,8.161279044651678,False
0.0455,200.1686939095254,0.5077838897705078,8.187850716129322,False
0.046,200.20763839141443,0.5075719952583313,8.220434717154681,False
0.0465,200.26502347722845,0.5071961283683777,8.248850582602888,False
0.047,200.33801724419249,0.5067187547683716,8.268655975414795,False
0.0475,200.4228670721995,0.506216824054718,8.283119433128912,False
0.048,200.5178046660305,0.5057064294815063,8.296788013209662,False
0.0485,200.62270072942104,0.5051573514938354,8.310215067313456,False
0.049,200.7370297639487,0.5045487880706787,8.32064371302684,False
0.0495,200.85881454593445,0.5038959980010986,8.32580251713677,False
0.05,200.98528139165114,0.5032318830490112,8.325914164256687,False
0.0505,201.11399053711975,0.5025778412818909,8.322548193917303,False
0.051000000000000004,201.24316570914732,0.5019364356994629,8.316565055892172,False
0.051500000000000004,201.37119987538523,0.5013058185577393,8.307565822131426,False
0.052000000000000005,201.49617277312396,0.5006938576698303,8.29492524838116,False
0.0525,201.61590209164663,0.5001156330108643,8.27865045093311,False
0.053,201.7282987223964,0.49958547949790955,8.259401457128964,False
0.0535,201.8316071265353,0.49911126494407654,8.237873068813796,False
0.054,201.92434866809523,0.498696506023407,8.214386553913842,False
0.0545,202.0051554955593,0.4983455538749695,8.189055278213802,False
0.055,202.07273310226384,0.4980649948120117,8.162134779390527,False
0.0555,202.12596110329255,0.4978609085083008,8.13409803807122,False
0.056,202.16399444502517,0.4977370798587799,8.105512692449503,False
0.0565,202.1862845923357,0.4976944923400879,8.076858538203398,False
0.057,202.19253272069162,0.49773284792900085,8.048508834707038,False
0.0575,202.18375788688533,0.4979119896888733,8.026863997862147,False
0.058,202.16369352605264,0.4982012212276459,8.014765685390797,False
0.0585,202.1331676796582,0.4983733296394348,7.991618778483745,False
0.059000000000000004,202.08736826618164,0.49869802594184875,7.965454914307732,False
0.059500000000000004,202.02638492034473,0.4991832375526428,7.946419558727761,False
0.06,201.95282190745678,0.49966806173324585,7.928741170549762,False
0.0605,201.86686159272122,0.5001807808876038,7.910202912250912,False
0.061,201.7688302903099,0.5007765293121338,7.895293931743689,False
0.0615,201.660767186169,0.5014064908027649,7.884471120509346,False
0.062,201.54453979983197,0.5020391345024109,7.875828963512453,False
0.0625,201.42153658533692,0.5026909112930298,7.870147883776043,False
0.063,201.29356482738504,0.5033488869667053,7.867954605117575,False
0.0635,201.16148839284392,0.5039332509040833,7.8628143493413996,False
0.064,201.02587665787573,0.5045932531356812,7.864794807754487,False
0.0645,200.8909842270672,0.505230188369751,7.8747870909181525,False
0.065,200.76066690977734,0.5057966709136963,7.889290754886301,False
0.0655,200.63691213859957,0.5062867403030396,7.904847871805329,False
0.066,200.52083638274715,0.5067414045333862,7.923058440783253,False
0.0665,200.41499297060344,0.5071845650672913,7.9486548173193095,False
0.067,200.32316860945133,0.5075473785400391,7.9796434151043165,False
0.0675,200.24719544445077,0.5077810287475586,8.009292386844452,False
0.068,200.18843092105246,0.5080509781837463,8.047962794159316,False
0.0685,200.1513143474968,0.5082315802574158,8.093137935024103,False
0.069,200.13619482443875,0.5081759691238403,8.127236837263553,False
0.0695,200.136463309986,0.5079939365386963,8.144761405981951,False
0.07,200.1466339756076,0.5078789591789246,8.161285666279836,False
0.07050000000000001,200.16870271998255,0.5077837109565735,8.187836991147806,False
0.07100000000000001,200.2076405313658,0.5075720548629761,8.220425663330703,False
0.07150000000000001,200.26502290306541,0.5071962475776672,8.248853400003147,False
0.07200000000000001,200.3380181498661,0.5067187547683716,8.268658750829303,False
0.0725,200.42286724828162,0.5062167048454285,8.283109999551426,False
0.073,200.5178010584592,0.5057064890861511,8.296785050015137,False
0.0735,200.62269695217694,0.5051574110984802,8.310219070986955,False
0.074,200.73702731214524,0.5045487284660339,8.320642449522301,False
0.0745,200.8588116567608,0.5038959980010986,8.325801923570113,False
0.075,200.98527948725797,0.503231942653656,8.325920226492656,False
0.0755,201.11399085415405,0.5025777816772461,8.322548396396144,False
0.076,201.24316610294352,0.5019364356994629,8.316565168840647,False
0.0765,201.3712002934839,0.5013058185577393,8.307565832716373,False
0.077,201.4961731608311,0.5006938576698303,8.294925157267333,False
0.0775,201.61590239918172,0.5001156330108643,8.27865027199486,False
0.078,201.72829891131323,0.49958547949790955,8.259401215437533,False
0.0785,201.83160717457258,0.49911126494407654,8.237872797179561,False
0.079,201.92434857183014,0.498696506023407,8.214386288457181,False
0.0795,202.00515527053773,0.4983455538749695,8.189055053564612,False
0.08,202.0727327806229,0.4980649948120117,8.162134624158735,False
0.0805,202.1259607292257,0.4978609085083008,8.13409797118803,False
0.081,202.16399406872702,0.4977370798587799,8.105512720855344,False
0.0815,202.18628588976995,0.49769458174705505,8.076867589373085,False
0.082,202.1925385848376,0.49773284792900085,8.048516974361954,False
0.0825,202.18376201493865,0.4979116916656494,8.02684039994644,False
0.083,202.16368891493715,0.4982014298439026,8.014763479753023,False
0.0835,202.13316504653835,0.49837347865104675,7.991632722348701,False
0.084,202.08737142328823,0.4986979365348816,7.965459652006218,False
0.0845,202.02638644253804,0.4991830289363861,7.946402390864076,False
0.085,201.9528188023088,0.49966830015182495,7.9287485550006025,False
0.0855,201.86686146831775,0.500180721282959,7.910204618479139,False
0.08600000000000001,201.76882996967416,0.500776469707489,7.895289612213378,False
0.08650000000000001,201.66076575747667,0.5014065504074097,7.884473100685384,False
0.08700000000000001,201.5445395083349,0.5020391345024109,7.8758311597105966,False
0.08750000000000001,201.42153636613915,0.502690851688385,7.870144072765694,False
0.088,201.29356375217654,0.5033489465713501,7.867957024392737,False
0.0885,201.1614875729822,0.5039331912994385,7.862810942783943,False
0.089,201.02587523826398,0.5045933127403259,7.864797740990253,False
0.0895,200.8909833567513,0.5052301287651062,7.87478425543251,False
0.09,200.76066466964448,0.5057966709136963,7.889288308523746,False
0.0905,200.63691096005482,0.5062868595123291,7.904857944984047,False
0.091,200.52083831126717,0.5067412853240967,7.923056333139382,False
0.0915,200.4149915642693,0.5071844458580017,7.9486405671293765,False
0.092,200.3231632356491,0.5075475573539734,7.979648119704429,False
0.0925,200.24719395147284,0.5077810883522034,8.009303977728436,False
0.093,200.18843438630552,0.5080509185791016,8.047968105951401,False
0.0935,200.15131813851704,0.5082314610481262,8.093130284507874,False
0.094,200.13619338662923,0.5081759095191956,8.127222867131849,False
0.0945,200.13645801358754,0.5079941153526306,8.144766362825607,False
0.095,200.14663266948403,0.5078790187835693,8.16129747200627,False
0.0955,200.16870647729,0.5077836513519287,8.187842459729817,False
0.096,200.20764571596732,0.5075719952583313,8.220423987529953,False
0.0965,200.26502577037974,0.5071961879730225,8.248844689892671,False
0.097,200.3380173815829,0.5067188143730164,8.268655815282141,False
0.0975,200.4228671165664,0.506216824054718,8.283119250354748,False
0.098,200.51780461360266,0.5057064294815063,8.296787831485608,False
0.0985,200.62269955341773,0.5051572918891907,8.310208996565928,False
0.099,200.73702662745407,0.5045488476753235,8.320644229840994,False
0.0995,200.85881193971213,0.5038959980010986,8.325803753833615,False
0.1,200.98528068237667,0.503231942653656,8.32592187074906,False
0.1005,201.11399174378263,0.5025777220726013,8.322543720305164,False
0.101,201.24316451869046,0.5019364356994629,8.31656058131459,False
0.1015,201.3711975418963,0.501305878162384,8.307567858792808,False
0.10200000000000001,201.4961716865218,0.5006938576698303,8.294927716181254,False
0.10250000000000001,201.6159013085472,0.5001155734062195,8.278647080559896,False
0.10300000000000001,201.72829627049816,0.49958547949790955,8.259398496770565,False
0.10350000000000001,201.83160335945806,0.49911126494407654,8.237870896579903,False
0.10400000000000001,201.92434517537617,0.49869656562805176,8.214391386096478,False
0.1045,202.00515479931232,0.4983455538749695,8.189060640426236,False
0.105,202.0727341595161,0.49806493520736694,8.162134005536348,False
0.1055,202.125961129401,0.4978608787059784,8.134094081473297,False
0.106,202.16399350575082,0.4977371394634247,8.105514945000149,False
0.1065,202.18628652530492,0.49769458174705505,8.07686980376075,False
0.107,202.19253813788367,0.4977327287197113,8.048506977115172,False
0.1075,202.1837591582078,0.49791184067726135,8.026846058125976,False
0.108,202.16369031434562,0.49820148944854736,8.014775414338786,False
0.1085,202.1331686807167,0.49837327003479004,7.991622693232452,False
0.109,202.0873706570099,0.49869799613952637,7.965455352825732,False
0.1095,202.02638678776927,0.49918320775032043,7.946416413490325,False
0.11,201.95282253763324,0.49966809153556824,7.9287407536994,False
0.1105,201.86686195432387,0.5001807808876038,7.91020237020307,False
0.111,201.7688292585467,0.500776469707489,7.895287392886461,False
0.1115,201.66076613162423,0.5014066696166992,7.884483080790306,False
0.112,201.54454280813002,0.5020390152931213,7.875828525709817,False
0.1125,201.42153695891824,0.5026907920837402,7.870134879272836,False
0.113,201.29356174158522,0.5033490657806396,7.867960144863833,False
0.1135,201.16148839887546,0.5039332509040833,7.862820273870989,False
0.114,201.0258786172386,0.5045931935310364,7.864794426206434,False
0.1145,200.89098476095563,0.5052301287651062,7.874780343380461,False
0.115,200.76066396407845,0.5057966709136963,7.8892843101461185,False
0.1155,200.6369093391022,0.5062869191169739,7.9048602840309234,False
0.116,200.52083801514834,0.5067412853240967,7.923058910584071,False
0.1165,200.4149926014463,0.5071844458580017,7.948643051685654,False
0.117,200.32316335058601,0.5075474381446838,7.979638388472852,False
0.11750000000000001,200.24719121154143,0.5077812075614929,8.009306641934087,False
0.11800000000000001,200.18843322624465,0.5080509185791016,8.047971254319483,False
0.11850000000000001,200.15131970806968,0.508231520652771,8.093139410964882,False
0.11900000000000001,200.13619841373534,0.5081758499145508,8.127225142703521,False
0.11950000000000001,200.1364596372434,0.5079938769340515,8.144743695697981,False
0.12,200.14662369894256,0.5078790783882141,8.161281752796098,False
0.1205,200.16869441783172,0.5077838897705078,8.187853477834304,False
0.121,200.20763922670366,0.5075719356536865,8.220431280555745,False
0.1215,200.26502249780717,0.5071961283683777,8.24884716475973,False
0.122,200.33801564193075,0.5067188143730164,8.268658914331759,False
0.1225,200.42286606731042,0.5062167644500732,8.283116659988355,False
0.123,200.51780233419333,0.5057064294815063,8.296785657514423,False
0.1235,200.6226973942343,0.5051573514938354,8.310213420846328,False
0.124,200.73702587123663,0.5045487880706787,8.320642971946254,False
0.1245,200.85881164487623,0.5038960576057434,8.325808677919806,False
0.125,200.9852829314335,0.503231942653656,8.325926548308784,False
0.1255,201.11399515110787,0.5025776624679565,8.322541627772939,False
0.126,201.24316656201916,0.5019364356994629,8.316557803138425,False
0.1265,201.37119903652717,0.5013059377670288,8.307570701320305,False
0.127,201.4961734581448,0.5006937980651855,8.294924075839326,False
0.1275,201.61590105476975,0.5001155734062195,8.278643249313468,False
0.128,201.72829459668725,0.49958550930023193,8.25939794900955,False
0.1285,201.83160208084269,0.4991112947463989,8.237873763194417,False
0.129,201.92434548614432,0.49869656562805176,8.214394374659227,False
0.1295,202.00515608949638,0.4983455240726471,8.189060381923252,False
0.13,202.0727352047104,0.49806493520736694,8.162133450774954,False
0.1305,202.12596179755073,0.4978608787059784,8.13409330936157,False
0.131,202.16399263482606,0.4977370798587799,8.10550810658482,False
0.1315,202.18628327873685,0.49769464135169983,8.07686958301128,False
0.132,202.19253723015194,0.49773284792900085,8.048519471038478,False
0.1325,202.1837609803913,0.49791163206100464,8.026837105794536,False
0.133,202.16368626836106,0.4982014298439026,8.014760653349454,False
0.1335,202.1331633441422,0.4983735978603363,7.991642632394339,False
0.134,202.0873738933606,0.4986978769302368,7.965463371444398,False
0.1345,202.0263889864651,0.49918293952941895,7.946396340922363,False
0.135,201.95281801160976,0.49966830015182495,7.928742284796162,False
0.1355,201.8668586045888,0.5001807808876038,7.910204895928615,False
0.136,201.76882749391018,0.500776469707489,7.8952905633492785,False
0.1365,201.66076398168534,0.5014065504074097,7.884474587374337,False
0.137,201.54453864635457,0.5020391345024109,7.87583297802413,False
0.1375,201.42153650868292,0.502690851688385,7.870145981068682,False
0.138,201.29356378417663,0.5033488869667053,7.867952843428077,False
0.1385,201.16148653823933,0.5039332509040833,7.862812951363447,False
0.139,201.02587424713863,0.5045932531356812,7.864793944117282,False
0.1395,200.8909815800734,0.505230188369751,7.874786859867205,False
0.14,200.76066436859213,0.5057966709136963,7.889291171822985,False
0.1405,200.63691108201405,0.5062867999076843,7.904854783726242,False
0.14100000000000001,200.52083681680975,0.5067412853240967,7.9230533436976245,False
0.14150000000000001,200.41499078071323,0.5071845650672913,7.948649940081596,False
0.14200000000000002,200.32316622482415,0.5075474977493286,7.979651180080963,False
0.14250000000000002,200.24719615262703,0.5077809691429138,8.00929432517025,False
0.14300000000000002,200.18843255217138,0.5080509781837463,8.047964441246394,False
0.14350000000000002,200.1513166763719,0.5082315802574158,8.093139089665506,False
0.14400000000000002,200.13619547330774,0.5081758499145508,8.127225563648524,False
0.1445,200.1364602581825,0.5079940557479858,8.144762491413267,False
0.145,200.14663173003987,0.5078789591789246,8.161287410178712,False
0.1455,200.16870154705634,0.5077837109565735,8.187839159807597,False
0.146,200.20764055697492,0.5075720548629761,8.220427974240017,False
0.1465,200.26502306874966,0.5071961879730225,8.248849654510398,False
0.147,200.33801639853507,0.5067187547683716,8.268655203866865,False
0.1475,200.42286590542622,0.506216824054718,8.283118912869977,False
0.148,200.51780333290293,0.5057064294815063,8.296787805335628,False
0.1485,200.6226994030902,0.5051573514938354,8.310215192057905,False
0.149,200.7370275762587,0.5045487284660339,8.32063823157021,False
0.1495,200.85881182323976,0.5038961172103882,8.325809752442757,False
0.15,200.98528364427648,0.503231942653656,8.325927510685167,False
0.1505,201.11399629610463,0.5025776624679565,8.32254235635539,False
0.151,201.24316798286992,0.5019364356994629,8.31655820854837,False
0.1515,201.37120054397613,0.5013059377670288,8.307570737531451,False
0.152,201.49617485501355,0.5006937980651855,8.294923745504082,False
0.1525,201.6159021617259,0.5001155734062195,8.27864260269041,False
0.153,201.72829527537246,0.49958550930023193,8.259397076676207,False
0.1535,201.83160225132656,0.4991112947463989,8.237872783556961,False
0.154,201.9243440660176,0.498696506023407,8.21438746969289,False
0.1545,202.0051517635192,0.4983455538749695,8.189057250629066,False
0.155,202.07273071156396,0.4980649948120117,8.162137528200367,False
0.1555,202.12596033984138,0.4978609085083008,8.134101186586385,False
0.156,202.16399483407122,0.4977370500564575,8.105512841613656,False
0.1565,202.18628394051498,0.4976944327354431,8.076852627540623,False
0.157,202.19253069896382,0.497732937335968,8.04851240530967,False
0.1575,202.18375679790495,0.4979119300842285,8.026861868946206,False
0.158,202.16369143156103,0.4982012212276459,8.014763960812822,False
0.1585,202.13316650681543,0.498373419046402,7.991626606857556,False
0.159,202.08737123381312,0.49869802594184875,7.965462513340045,False
0.1595,202.02638720079136,0.4991829991340637,7.94640213492172,False
0.16,201.95281827716477,0.4996682405471802,7.928742182650032,False
0.1605,201.8668587947925,0.5001807808876038,7.91020473622804,False
0.161,201.76882866953906,0.5007765293121338,7.8952963128454,False
0.1615,201.66076692628926,0.5014064908027649,7.884473738037907,False
0.162,201.54453982452634,0.5020390748977661,7.8758255353529485,False
0.1625,201.42153485249733,0.5026909112930298,7.870144671131617,False
0.163,201.29356374760255,0.5033490061759949,7.867963880083299,False
0.1635,201.16148999917857,0.5039331316947937,7.862811430411489,False
0.164,201.02587663893289,0.5045932531356812,7.864791690781173,False
0.1645,200.8909826214342,0.505230188369751,7.874784177808511,False
0.165,200.7606639568795,0.5057966709136963,7.889288411763856,False
0.1655,200.63691035986065,0.5062868595123291,7.904858212004373,False
0.166,200.5208378972536,0.5067412853240967,7.923056726510235,False
0.1665,200.41499138474387,0.5071844458580017,7.948641034320054,False
0.167,200.3231633081928,0.5075475573539734,7.979648600097656,False
0.1675,200.24719426151302,0.5077810883522034,8.009304410425507,False
0.168,200.18843488963776,0.5080509185791016,8.047968437441323,False
0.1685,200.15131773017518,0.5082314014434814,8.093124574408593,False
0.169,200.13619218928298,0.5081760287284851,8.127229415846841,False
0.1695,200.1364592019589,0.5079940557479858,8.144766882285072,False
0.17,200.14663298837263,0.5078789591789246,8.1612917748894,False
0.1705,200.1687049129264,0.5077837109565735,8.187842948366995,False
0.171,200.20764453080162,0.5075719952583313,8.220424818171113,False
0.1715,200.26502510648032,0.5071961879730225,8.248845750593597,False
0.17200000000000001,200.33801834381552,0.5067188739776611,8.268662872699297,False
0.17250000000000001,200.4228695222257,0.5062167048454285,8.283113812509969,False
0.17300000000000001,200.51780404779225,0.5057064294815063,8.296782165111882,False
0.17350000000000002,200.6226982184717,0.5051574110984802,8.31021565459504,False
0.17400000000000002,200.73702776537738,0.5045487880706787,8.320644864799753,False
0.17450000000000002,200.85881330542676,0.5038959980010986,8.325804074741935,False
0.17500000000000002,200.98528209608435,0.503231942653656,8.32592184262779,False
0.17550000000000002,201.11399302260844,0.5025777220726013,8.322543353691533,False
0.176,201.2431655003218,0.5019364356994629,8.316559930235103,False
0.1765,201.37119915775867,0.5013059377670288,8.30757294644688,False
0.177,201.49617472304163,0.5006937980651855,8.294926145488338,False
0.1775,201.61590327610512,0.5001155734062195,8.278644877962934,False
0.178,201.72829693427568,0.49958547949790955,8.259395961868206,False
0.1785,201.83160319260648,0.4991112947463989,8.23787133980211,False
0.179,201.9243452516084,0.49869656562805176,8.214391840694114,False
0.1795,202.00515510369027,0.4983455538749695,8.189061046647419,False
0.18,202.07273464746095,0.49806493520736694,8.162134311125525,False
0.1805,202.1259617331045,0.4978608787059784,8.134094248417838,False
0.181,202.16399522572897,0.49773719906806946,8.105520909107964,False
0.1815,202.186288469003,0.4976944327354431,8.076860068305352,False
0.182,202.1925359670148,0.4977327883243561,8.048503366457494,False
0.1825,202.18375693976753,0.4979119300842285,8.026852145657537,False
0.183,202.1636903443676,0.4982014298439026,8.01477568505555,False
0.1835,202.13316884792113,0.49837327003479004,7.991622938874121,False
0.184,202.08737093654716,0.49869799613952637,7.965455541796445,False
0.1845,202.02638714065762,0.49918320775032043,7.946416522353381,False
0.185,201.95282237305636,0.49966806173324585,7.928737795225791,False
0.1855,201.86686028164587,0.5001807808876038,7.910199644558447,False
0.186,201.7688284959545,0.5007765889167786,7.8952971381955726,False
0.1865,201.66076719122336,0.5014064908027649,7.884474551677494,False
0.187,201.54454156362632,0.5020391345024109,7.87583217123505,False
0.1875,201.42153768717307,0.5026907920837402,7.870138588811622,False
0.188,201.29356215631637,0.5033489465713501,7.867951576244123,False
0.1885,201.16148440121898,0.5039332509040833,7.862812156475391,False
0.189,201.02587295438883,0.5045933127403259,7.864799637423587,False
0.1895,200.89098223232142,0.5052301287651062,7.874786577565984,False
0.19,200.76066482209583,0.5057966709136963,7.889290751495153,False
0.1905,200.6369112835512,0.5062867999076843,7.904854281774772,False
0.191,200.52083780137798,0.5067413449287415,7.923058736511086,False
0.1915,200.41499231727778,0.5071844458580017,7.948642939660978,False
0.192,200.32316408121002,0.5075474977493286,7.97964425684115,False
0.1925,200.24719276742888,0.5077810883522034,8.009300157869387,False
0.193,200.1884313656826,0.5080509185791016,8.047964809645766,False
0.1935,200.15131577592854,0.5082315802574158,8.0931397172963,False
0.194,200.13619600124537,0.5081759095191956,8.127232266392234,False
0.1945,200.13646310524575,0.5079939961433411,8.1447627441723,False
0.195,200.14663343329065,0.5078788995742798,8.161281068023555,False
0.1955,200.16870092384272,0.5077837705612183,8.187838714325714,False
0.196,200.20763976010937,0.5075720548629761,8.220427705560368,False
0.1965,200.26502323331985,0.5071962475776672,8.248855496668604,False
0.197,200.33801951763039,0.5067187547683716,8.268660635345775,False
0.1975,200.42286842679695,0.5062166452407837,8.283105529224631,False
0.198,200.5177998616647,0.5057064890861511,8.296780583028806,False
0.1985,200.62269461545824,0.505157470703125,8.31022108961392,False
0.199,200.73702724073786,0.5045487880706787,8.320650815344846,False
0.1995,200.85881482549436,0.5038959383964539,8.32580384916198,False
0.2,200.9852833714716,0.503231942653656,8.325921266135966,False
0.2005,201.11399389404096,0.5025777220726013,8.322542507444572,False
0.201,201.24316586338728,0.5019364356994629,8.316558928788671,False
0.2015,201.37119792311077,0.501305878162384,8.307565989120233,False
0.202,201.496171074003,0.5006938576698303,8.294925876151725,False
0.2025,201.61589980174324,0.5001155734062195,8.278645508760153,False
0.203,201.72829461528443,0.49958550930023193,8.259400364052123,False
0.20350000000000001,201.83160334299342,0.4991112947463989,8.23787601549036,False
0.20400000000000001,201.92434673121315,0.498696506023407,8.21439022476805,False
0.20450000000000002,202.00515508437067,0.4983455240726471,8.189056202616273,False
0.20500000000000002,202.07273320415004,0.4980649948120117,8.162135742812824,False
0.20550000000000002,202.12596169428093,0.4978609085083008,8.134098913307136,False
0.20600000000000002,202.16399543735406,0.4977370798587799,8.105513366440148,False
0.20650000000000002,202.18628584729083,0.4976944923400879,8.076858926670353,False
0.20700000000000002,202.1925340679517,0.49773284792900085,8.048508892676931,False
0.20750000000000002,202.18375642988028,0.49791184067726135,8.026848836077423,False
0.20800000000000002,202.16368925633995,0.49820148944854736,8.014778671903043,False
0.2085,202.13316939592409,0.49837327003479004,7.991625993470862,False
0.209,202.08737083787568,0.4986978769302368,7.96544635688021,False
0.2095,202.02638285918042,0.4991832375526428,7.9464109387488975,False
0.21,201.95281829987255,0.4996682107448578,7.9287484870570575,False
0.2105,201.8668588034129,0.5001806020736694,7.910192781809165,False
0.211,201.76882361730148,0.5007765889167786,7.895291079233645,False
0.2115,201.66076286512086,0.5014066696166992,7.884487888806406,False
0.212,201.54454228554022,0.5020390152931213,7.875833809454797,False
0.2125,201.4215370322059,0.5026906728744507,7.870128076482329,False
0.213,201.293559403955,0.5033491253852844,7.867959694818038,False
0.2135,201.16148602975403,0.5039332509040833,7.862820414006525,False
0.214,201.02587652029789,0.5045931935310364,7.864795125446975,False
0.2145,200.8909831976112,0.5052301287651062,7.874781500110587,False
0.215,200.7606631214657,0.5057966709136963,7.889285767074115,False
0.2155,200.6369093083829,0.5062869191169739,7.904861849571946,False
0.216,200.5208387824248,0.5067412853240967,7.923060383950101,False
0.2165,200.4149930007463,0.5071843862533569,7.948638340426396,False
0.217,200.3231634219594,0.5075475573539734,7.9796456915934995,False
0.2175,200.24719289097993,0.5077810883522034,8.009301658912493,False
0.218,200.18843223957947,0.5080509185791016,8.047966186350113,False
0.2185,200.15131623661443,0.508231520652771,8.093134898137926,False
0.219,200.13619398165025,0.5081759095191956,8.127227642090983,False
0.2195,200.13645994503239,0.5079940557479858,8.144764793740949,False
0.22,200.1466326103269,0.5078789591789246,8.161289641443988,False
0.2205,200.16870348484252,0.5077837109565735,8.18784104005632,False
0.221,200.20764225461002,0.5075719952583313,8.2204233712241,False
0.2215,200.26502228709236,0.5071961879730225,8.24884493851414,False
0.222,200.33801431780552,0.5067188143730164,8.268656879925697,False
0.2225,200.42286485252254,0.506216824054718,8.28312097954152,False
0.223,200.51780238723822,0.5057063698768616,8.296784081633321,False
0.2235,200.622696639671,0.5051573514938354,8.310211933064677,False
0.224,200.73702442148436,0.5045487880706787,8.32064176051748,False
0.2245,200.858809699298,0.5038960576057434,8.325807892476703,False
0.225,200.98528074955928,0.503231942653656,8.325926281249707,False
0.2255,201.11399406418087,0.5025777220726013,8.322547829587979,False
0.226,201.24316769915418,0.5019363760948181,8.31655793521491,False
0.2265,201.37120014419523,0.5013059377670288,8.307570550416004,False
0.227,201.4961743933129,0.5006937980651855,8.294923667156565,False
0.2275,201.61590169934578,0.5001155734062195,8.27864264112296,False
0.228,201.7282948725486,0.49958550930023193,8.259397224539743,False
0.2285,201.83160195942548,0.4991112947463989,8.237873019345987,False
0.229,201.92434499137642,0.49869656562805176,8.214393709075155,False
0.2295,202.00515529376514,0.4983455240726471,8.189059880151188,False
0.23,202.072734218492,0.49806493520736694,8.162133175225764,False
0.2305,202.12596129399233,0.4978609085083008,8.134096268401498,False
0.231,202.16399370443443,0.4977370798587799,8.105510993031082,False
0.2315,202.18628357939798,0.4976945221424103,8.0768601084412,False
0.232,202.1925331501118,0.49773287773132324,8.048513525437265,False
0.2325,202.18375689827462,0.4979117810726166,8.02684743128355,False
0.233,202.16368895874734,0.49820148944854736,8.014777245785906,False
0.2335,202.13316838769705,0.49837327003479004,7.991624733284549,False
0.234,202.08736872243875,0.49869784712791443,7.965442447374298,False
0.23450000000000001,202.02638108501176,0.4991833567619324,7.946419700902456,False
0.23500000000000001,201.95281901825572,0.49966809153556824,7.928745206632494,False
0.23550000000000001,201.8668599428882,0.500180721282959,7.910201436357237,False
0.23600000000000002,201.76882802330962,0.5007765293121338,7.895292950444076,False
0.23650000000000002,201.66076569116711,0.5014065504074097,7.884476691750111,False
0.23700000000000002,201.5445402092119,0.5020390748977661,7.875828595389179,False
0.23750000000000002,201.42153677133862,0.5026909112930298,7.870147440908321,False
0.23800000000000002,201.293564771083,0.5033488869667053,7.867954146075905,False
0.23850000000000002,201.16148810682412,0.5039332509040833,7.862813933325163,False
0.23900000000000002,201.0258761838372,0.5045932531356812,7.864794486994226,False
0.23950000000000002,200.89098362965981,0.505230188369751,7.874786904199646,False
0.24,200.76066626775244,0.5057966709136963,7.889290723000173,False
0.2405,200.63691259287924,0.5062867999076843,7.904853909575022,False
0.241,200.52083775638158,0.5067412853240967,7.9230521643236065,False
0.2415,200.4149899911981,0.5071845054626465,7.948642703291238,False
0.242,200.32316287828343,0.5075475573539734,7.9796504955776655,False
0.2425,200.24719378428122,0.5077810287475586,8.009300384948748,False
0.243,200.18843241236948,0.5080509185791016,8.047964780164838,False
0.2435,200.15131671998137,0.5082315802574158,8.093139440457294,False
0.244,200.13619569099492,0.5081758499145508,8.127225881886293,False
0.2445,200.13646061891262,0.5079940557479858,8.144762737668156,False
0.245,200.14663218535296,0.5078789591789246,8.161287554901866,False
0.2455,200.16870203754996,0.5077837109565735,8.187839186863608,False
0.246,200.20764102001414,0.5075720548629761,8.220427882643438,False
0.2465,200.2650234463743,0.5071961879730225,8.24884945825161,False
0.247,200.33801664465705,0.5067187547683716,8.26865492990532,False
0.2475,200.42286599146672,0.506216824054718,8.28311859752654,False
0.248,200.51780221735822,0.5057063698768616,8.296781579136141,False
0.2485,200.62269520879948,0.5051573514938354,8.310209631337028,False
0.249,200.73702297479278,0.5045488476753235,8.320645865789517,False
0.2495,200.85881047269427,0.5038960576057434,8.32581208118642,False
0.25,200.98528255715522,0.5032318830490112,8.325924091083753,False
0.2505,201.11399355020097,0.5025776624679565,8.322539419452378,False
0.251,201.24316396537031,0.5019364356994629,8.31655612375073,False
0.2515,201.37119579977437,0.5013059377670288,8.307569757615395,False
0.252,201.4961710697515,0.5006938576698303,8.294929912247886,False
0.2525,201.61590187481372,0.5001155734062195,8.278649282476362,False
0.253,201.7282979223168,0.49958547949790955,8.259400417585663,False
0.2535,201.8316058593793,0.49911126494407654,8.237872291262667,False
0.254,201.92434710897913,0.498696506023407,8.214386134698602,False
0.2545,202.00515385454887,0.4983455538749695,8.18905526491265,False
0.255,202.0727315961298,0.4980649948120117,8.162135165413993,False
0.2555,202.12595992683677,0.4978609085083008,8.134098764518853,False
0.256,202.16399374581445,0.4977370798587799,8.105513656870096,False
0.2565,202.1862849943395,0.4976945221424103,8.076862586706156,False
0.257,202.19253572382098,0.49773287773132324,8.048515496659341,False
0.2575,202.18375918110365,0.4979117214679718,8.026842692148291,False
0.258,202.1636891403922,0.49820151925086975,8.01477524165566,False
0.2585,202.13316860645656,0.4983733296394348,7.991628771016819,False
0.259,202.08737154965695,0.4986978769302368,7.965449143594429,False
0.2595,202.0263844026324,0.49918320775032043,7.946410394708876,False
0.26,201.95281834404588,0.499668151140213,7.928741655373857,False
0.2605,201.8668585846328,0.5001807808876038,7.910204227180824,False
0.261,201.76882821576388,0.5007765293121338,7.895295887698352,False
0.2615,201.66076629308256,0.5014064908027649,7.884473449974948,False
0.262,201.54453909767895,0.5020390748977661,7.8758254185312575,False
0.2625,201.42153412775224,0.5026909112930298,7.870144736786329,False
0.263,201.2935631180559,0.5033490061759949,7.867964115710969,False
0.2635,201.16148954343356,0.5039331316947937,7.8628118020434465,False
0.264,201.0258764113961,0.5045932531356812,7.864792147869759,False
0.2645,200.89098264605,0.505230188369751,7.874784660160539,False
0.265,200.7606642249369,0.5057966709136963,7.889288857450956,False
0.2655,200.63691083196792,0.5062868595123291,7.9048585652435,False
0.266,200.52083745407643,0.5067412257194519,7.923051033574355,False
0.2665,200.41498914029194,0.5071845054626465,7.948641716414975,False
0.267,200.32316264595823,0.5075476169586182,7.979655679645207,False
0.2675,200.2471962000257,0.5077810287475586,8.009305296239958,False
0.268,200.18843711455568,0.5080509185791016,8.04796880551536,False
0.2685,200.15131891770557,0.5082313418388367,8.093118488664556,False
0.269,200.13619019389432,0.5081760287284851,8.127223431921639,False
0.2695,200.13645640863348,0.5079941749572754,8.144773552764624,False
0.27,200.14663381095812,0.5078789591789246,8.161298688864814,False
0.2705,200.16870813999833,0.5077836513519287,8.187843327537248,False
0.271,200.2076466480521,0.5075719356536865,8.220418501793484,False
0.2715,200.2650248702737,0.5071962475776672,8.248845233501601,False
0.272,200.3380168334438,0.5067188143730164,8.268656539284379,False
0.2725,200.42286698285415,0.506216824054718,8.283120059266121,False
0.273,200.51780386920848,0.5057063698768616,8.296782710363958,False
0.2735,200.62269833286882,0.5051574110984802,8.310216207744514,False
0.274,200.7370271149435,0.5045487284660339,8.320639438777075,False
0.2745,200.85880993818165,0.5038959980010986,8.325799153737554,False
0.275,200.98527754066973,0.5032320022583008,8.32592397131345,False
0.2755,201.11399099145518,0.5025777816772461,8.322552367779142,False
0.276,201.243167216,0.5019363760948181,8.316562919942074,False
0.2765,201.3712001566815,0.5013058185577393,8.30756346130625,False
0.277,201.49617181678485,0.5006938576698303,8.29492297331937,False
0.2775,201.61589898697153,0.5001155734062195,8.278642615726538,False
0.278,201.72829238032293,0.49958550930023193,8.25939785748328,False
0.2785,201.83160000813885,0.4991112947463989,8.237874214743472,False
0.279,201.9243427547076,0.498696506023407,8.214389350958719,False
0.2795,202.00515153674826,0.4983455538749695,8.189059326482163,False
0.28,202.07273157679074,0.4980649948120117,8.162139522537174,False
0.2805,202.12596162115602,0.4978608787059784,8.134099862546876,False
0.281,202.1639958612458,0.4977370798587799,8.105514270911577,False
0.28150000000000003,202.18628561777808,0.4976944327354431,8.076853713081048,False
0.28200000000000003,202.19253279236105,0.497732937335968,8.048513011825799,False
0.28250000000000003,202.18375902381976,0.4979119300842285,8.026861927092986,False
0.28300000000000003,202.16369349531433,0.4982012212276459,8.014763474807436,False
0.28350000000000003,202.13316814154004,0.498373419046402,7.99162565198885,False
0.28400000000000003,202.0873706032219,0.4986979365348816,7.965452295087429,False
0.28450000000000003,202.02638516231016,0.49918320775032043,7.946413569078698,False
0.28500000000000003,201.95281958693607,0.49966809153556824,7.928738488721266,False
0.28550000000000003,201.86685809149736,0.5001807808876038,7.910200966572699,False
0.28600000000000003,201.76882717290616,0.5007765889167786,7.895298903196437,False
0.28650000000000003,201.66076688734412,0.5014064908027649,7.884476521279277,False
0.28700000000000003,201.54454121588287,0.5020390748977661,7.875828147715796,False
0.28750000000000003,201.42153746301165,0.5026909112930298,7.870146779879896,False
0.28800000000000003,201.29356614024422,0.5033489465713501,7.867959293435973,False
0.2885,201.16149091747533,0.5039331912994385,7.862812492609178,False
0.289,201.02587909015398,0.5045933127403259,7.864798389480747,False
0.2895,200.89098721342242,0.5052301287651062,7.874783939947219,False
0.29,200.76066804021727,0.5057966709136963,7.889287090528561,False
0.2905,200.6369123687729,0.5062867999076843,7.904850084787429,False
0.291,200.52083666288453,0.5067413449287415,7.9230545471519855,False
0.2915,200.41499125064362,0.5071845650672913,7.9486511039015735,False
0.292,200.32316619792002,0.5075474381446838,7.979646252578985,False
0.2925,200.24719467398828,0.5077810287475586,8.009295619411503,False
0.293,200.1884318533905,0.5080509781837463,8.04796600584745,False
0.2935,200.15131579133953,0.508231520652771,8.093134820993406,False
0.294,200.1361935346038,0.5081759095191956,8.127227675855245,False
0.2945,200.13645955258247,0.5079940557479858,8.144764931862754,False
0.295,200.14663232081534,0.5078789591789246,8.161289864334538,False
0.2955,200.16870333263694,0.5077837109565735,8.187841317832481,False
0.296,200.20764225608607,0.5075719952583313,8.220423667690062,False
0.2965,200.265022438938,0.5071961879730225,8.248845215818028,False
0.297,200.33801562908147,0.5067188739776611,8.26866300894131,False
0.2975,200.42286813802366,0.5062167644500732,8.283120496855558,False
0.298,200.51780514962547,0.5057063698768616,8.296782843621477,False
0.2985,200.62269750212653,0.5051572918891907,8.310204199370679,False
0.299,200.73702333963473,0.5045489072799683,8.320646148445347,False
0.2995,200.85881095096832,0.5038960576057434,8.325812258067383,False
0.3,200.98528308522944,0.5032318830490112,8.325924141576692,False
0.3005,201.1139940591328,0.5025776624679565,8.322539339563185,False
0.301,201.24316438987907,0.5019364356994629,8.31655592637609,False
0.3015,201.37119608663073,0.5013059377670288,8.307569470623394,False
0.302,201.49617118450166,0.5006938576698303,8.294929574640667,False
0.3025,201.61590180598125,0.5001155734062195,8.278648939148981,False
0.303,201.7282976825494,0.49958547949790955,8.259400113376596,False
0.3035,201.83160548341303,0.49911126494407654,8.237872065087616,False
0.304,201.92434664872292,0.498696506023407,8.214386014545138,False
0.3045,202.0051533719761,0.4983455538749695,8.189055264349744,False
0.305,202.0727311549501,0.4980649948120117,8.162135282060369,False
0.3055,202.12595958407294,0.4978609085083008,8.134098980647751,False
0.306,202.1639930033245,0.4977370500564575,8.105510964620017,False
0.3065,202.18628292422795,0.4976945221424103,8.076860252256788,False
0.307,202.1925326259341,0.49773287773132324,8.048513818958957,False
0.3075,202.18375820175314,0.49791187047958374,8.026856766023998,False
0.308,202.16369225296768,0.4982013404369354,8.014770762720016,False
0.3085,202.13316913790726,0.4983733296394348,7.9916238310957715,False
0.309,202.0873705741252,0.4986979365348816,7.965450352064977,False
0.3095,202.0263846777032,0.4991832375526428,7.946414736137086,False
0.31,201.9528197450655,0.49966809153556824,7.9287396967861135,False
0.3105,201.86685885764103,0.5001807808876038,7.910202057575411,False
0.311,201.7688284341207,0.5007765889167786,7.895299738117692,False
0.3115,201.66076846928476,0.5014064908027649,7.884476997704391,False
0.312,201.54454290705468,0.5020390748977661,7.875828212082922,False
0.3125,201.42153904306727,0.5026909112930298,7.870146433076071,False
0.313,201.29356633423725,0.5033488869667053,7.867952657135544,False
0.3135,201.16148877669417,0.5039332509040833,7.86281216479066,False
0.314,201.02587589467595,0.5045932531356812,7.864792671216258,False
0.3145,200.89098243969445,0.505230188369751,7.874785273791112,False
0.315,200.76066434833896,0.5057966709136963,7.88928948129622,False
0.3155,200.63691020379858,0.5062867999076843,7.904853205691134,False
0.316,200.52083626577166,0.5067413449287415,7.923057986665736,False
0.3165,200.41499263293312,0.5071845650672913,7.948654419924707,False
0.317,200.32316914630292,0.5075474381446838,7.979649028939195,False
0.3175,200.24719773825632,0.5077809691429138,8.009291613965203,False
0.318,200.18843263087993,0.5080509781837463,8.047961523791734,False
0.3185,200.15131527048797,0.5082315802574158,8.093136337805516,False
0.319,200.1361958957622,0.5081760287284851,8.127241021548679,False
0.3195,200.13646641224264,0.5079939365386963,8.14476507043092,False
0.32,200.14663764221268,0.5078788995742798,8.161282459141086,False
0.3205,200.16870445279008,0.5077837109565735,8.18783311321758,False
0.321,200.20764015159764,0.5075720548629761,8.220421617954452,False
0.3215,200.26502153252915,0.507196307182312,8.248855605572501,False
0.322,200.33801801532795,0.5067187547683716,8.268661143484257,False
0.3225,200.422867309568,0.5062166452407837,8.28310636410299,False
0.323,200.51779926378978,0.5057064890861511,8.296781631942807,False
0.3235,200.62269356730883,0.5051574110984802,8.310216301433575,False
0.324,200.73702383829914,0.5045487880706787,8.320646585554373,False
0.3245,200.85881059079443,0.5038959980010986,8.32580662780569,False
0.325,200.98527987564478,0.5032318830490112,8.325918960838921,False
0.3255,201.11398951542353,0.5025777220726013,8.322541192656843,False
0.326,201.2431622334762,0.5019364953041077,8.316564684385451,False
0.3265,201.37119861127977,0.5013059377670288,8.307578180107443,False
0.327,201.4961769136399,0.5006937980651855,8.294931170390168,False
0.3275,201.61590680472585,0.5001155138015747,8.278643105183523,False
0.328,201.72829977797434,0.49958550930023193,8.259396422213326,False
0.3285,201.83160549530103,0.49911126494407654,8.237868108007504,False
0.329,201.92434675862626,0.49869662523269653,8.214394210840421,False
0.3295,202.00515770443425,0.4983455538749695,8.189062895305707,False
0.33,202.0727369017725,0.49806487560272217,8.162129454352769,False
0.3305,202.1259618223621,0.4978609085083008,8.134092140761885,False
0.331,202.16399313557733,0.4977371394634247,8.105512963779189,False
0.3315,202.18628516289894,0.49769458174705505,8.07686804302606,False
0.332,202.19253706920577,0.4977327883243561,8.04851161905911,False
0.3325,202.1837594935448,0.4979117810726166,8.026844698546295,False
0.333,202.16368883137852,0.4982014298439026,8.014768107738504,False
0.3335,202.1331662721187,0.498373419046402,7.991631112246406,False
0.334,202.0873717124087,0.4986979365348816,7.965457850352795,False
0.3345,202.02638686526694,0.4991830885410309,7.946406588685298,False
0.335,201.95281972113327,0.4996682107448578,7.928743451654921,False
0.3355,201.8668607677609,0.5001807808876038,7.9102055732405265,False
0.336,201.76882981983798,0.500776469707489,7.895290674049489,False
0.3365,201.66076616552243,0.5014065504074097,7.8844741297262315,False
0.337,201.5445404091428,0.5020391345024109,7.875832023776189,False
0.3375,201.42153655553545,0.5026907920837402,7.870138728727195,False
0.338,201.29356119245136,0.5033489465713501,7.867951979150605,False
0.3385,201.16148372498384,0.5039332509040833,7.862812764901285,False
0.339,201.02587264584906,0.5045933127403259,7.864800368995916,False
0.3395,200.89098232264936,0.5052301287651062,7.874787336248573,False
0.34,200.76066422912461,0.5057966113090515,7.889285522586978,False
0.3405,200.63690913995296,0.5062868595123291,7.904855441739367,False
0.341,200.52083642754053,0.5067413449287415,7.92306033462453,False
0.3415,200.4149939730158,0.5071845650672913,7.948656580308921,False
0.342,200.3231704220297,0.5075473785400391,7.9796448273984035,False
0.3425,200.2471967765603,0.5077809691429138,8.009287374352226,False
0.343,200.18842960124087,0.5080509781837463,8.047957781312332,False
0.3435,200.15131059873409,0.5082315802574158,8.093133553160232,False
0.34400000000000003,200.13619123956474,0.5081760883331299,8.127245425727324,False
0.34450000000000003,200.13646437866504,0.5079939365386963,8.144770305245062,False
0.34500000000000003,200.1466373998585,0.507878839969635,8.161281946709053,False
0.34550000000000003,200.16870397094257,0.5077837109565735,8.187832690977139,False
0.34600000000000003,200.20763949601937,0.5075720548629761,8.22042133734078,False
0.34650000000000003,200.2650207896047,0.507196307182312,8.248855499173423,False
0.34700000000000003,200.33801728087414,0.5067187547683716,8.268661221262986,False
0.34750000000000003,200.4228687413797,0.5062167644500732,8.283118428206324,False
0.34800000000000003,200.51780464890726,0.5057063698768616,8.29678076264103,False
0.34850000000000003,200.6226980540066,0.5051574110984802,8.310214197852911,False
0.34900000000000003,200.7370279089418,0.5045488476753235,8.320649457177854,False
0.34950000000000003,200.85881474312234,0.5038959383964539,8.32580241786863,False
0.35000000000000003,200.98528152128858,0.5032318830490112,8.325914023979768,False
0.35050000000000003,201.11399058386317,0.5025778412818909,8.322548031499803,False
0.35100000000000003,201.24316566861117,0.5019364356994629,8.316564892732302,False
0.35150000000000003,201.3711997545465,0.5013058185577393,8.30756567935156,False
0.352,201.49617258924889,0.5006938576698303,8.294925144091993,False
0.3525,201.61590186989082,0.5001156330108643,8.278650397922172,False
0.353,201.72829849240208,0.49958547949790955,8.259401461273098,False
0.3535,201.83160691848235,0.49911126494407654,8.237873128419546,False
0.354,201.92434850873576,0.498696506023407,8.214386660063763,False
0.3545,202.0051554047625,0.4983455538749695,8.18905541606046,False
0.355,202.07273309052312,0.4980649948120117,8.162134930213888,False
0.3555,202.12596117051393,0.4978609085083008,8.134098181815222,False
0.356,202.16399458074054,0.4977370798587799,8.105512810391806,False
0.3565,202.18628477728853,0.4976944923400879,8.07685861539859,False
0.357,202.19253292955787,0.49773284792900085,8.048508861880327,False
0.3575,202.1837580917439,0.4979119896888733,8.0268639725175,False
0.358,202.16369370013308,0.4982012212276459,8.014765611984494,False
0.3585,202.13316888835553,0.4983733892440796,7.99162462190048,False
0.359,202.08737075413555,0.4986979365348816,7.965451151489465,False
0.3595,202.02638471069278,0.49918320775032043,7.946412463826085,False
0.36,201.95281969129223,0.499668151140213,7.928743514643726,False
0.3605,201.86685968757317,0.500180721282959,7.910199692004195,False
0.361,201.7688268933682,0.5007765293121338,7.895291381307894,False
0.3615,201.66076493422958,0.5014066100120544,7.884481438992224,False
0.362,201.54454195081337,0.5020390748977661,7.875833217564741,False
0.3625,201.42153857716025,0.5026907920837402,7.870139474364656,False
0.363,201.29356342351662,0.5033489465713501,7.867952190818735,False
0.3635,201.1614858748125,0.5039332509040833,7.862812427296882,False
0.364,201.02587444132652,0.5045933127403259,7.864799537530726,False
0.3645,200.89098354264158,0.5052301287651062,7.874786127948138,False
0.365,200.76066473111553,0.5057966113090515,7.889284099519889,False
0.3655,200.63690887597656,0.5062868595123291,7.904853989313373,False
0.366,200.52083544784193,0.5067413449287415,7.923059037555324,False
0.3665,200.4149924172221,0.5071845650672913,7.948655599284599,False
0.367,200.3231684992068,0.5075473785400391,7.979644279463998,False
0.3675,200.24719578172866,0.5077810287475586,8.009293222764398,False
0.368,200.18843165368563,0.5080509781837463,8.0479634968888,False
0.3685,200.1513153747512,0.5082315802574158,8.093138418909339,False
0.369,200.13619497584634,0.5081759095191956,8.127231145592969,False
0.3695,200.13646159775817,0.5079939961433411,8.144761938521887,False
0.37,200.1466326769674,0.5078789591789246,8.161286573092903,False
0.3705,200.1687030223015,0.5077837705612183,8.18784405117837,False
0.371,200.20764232707546,0.5075719356536865,8.220420399700881,False
0.3715,200.26502187589548,0.5071962475776672,8.248848041908,False
0.372,200.33801551804046,0.5067188143730164,8.268659884236426,False
0.3725,200.42286644714792,0.5062167644500732,8.28311759772755,False
0.373,200.51780212557725,0.5057063698768616,8.29678053411893,False
0.3735,200.6226956276002,0.5051574110984802,8.310214588356763,False
0.374,200.73702588734835,0.5045488476753235,8.320650404516797,False
0.3745,200.85881441692376,0.5038959980010986,8.325809709244625,False
0.375,200.98528390992104,0.5032318234443665,8.325915000842928,False
0.3755,201.11399222347083,0.5025777816772461,8.322542443844087,False
0.376,201.2431643028453,0.5019364356994629,8.316559271946689,False
0.3765,201.371197724741,0.5013059377670288,8.3075726198809,False
0.377,201.49617324497498,0.5006937980651855,8.294926186392816,False
0.3775,201.61590194598227,0.5001155734062195,8.278645273682894,False
0.378,201.72829645405307,0.49958550930023193,8.259399625218203,False
0.3785,201.83160464249656,0.4991112947463989,8.23787487948904,False
0.379,201.9243473325121,0.498696506023407,8.214388848172677,False
0.3795,202.00515545985314,0.4983455538749695,8.189057745808169,False
0.38,202.07273434442956,0.4980649948120117,8.162137093302572,False
0.3805,202.12596343395444,0.4978609085083008,8.13409989789596,False
0.381,202.16399699449073,0.4977370500564575,8.105510886078191,False
0.3815,202.1862849031504,0.4976944327354431,8.076850275919236,False
0.382,202.1925303627239,0.497732937335968,8.04850997472987,False
0.3825,202.18375632180846,0.4979119896888733,8.026865635532172,False
0.383,202.16369294192967,0.4982012212276459,8.014767595284129,False
0.3835,202.1331692195786,0.4983733892440796,7.991626658859487,False
0.384,202.08737102006745,0.4986978769302368,7.965447021366011,False
0.3845,202.0263833682377,0.4991832375526428,7.946411515564781,False
0.385,201.95281906224858,0.4996682107448578,7.928748902935691,False
0.3855,201.86685971433303,0.5001806020736694,7.910192986187974,False
0.386,201.76882455521147,0.5007765889167786,7.895291050272193,False
0.3865,201.66076370795315,0.5014066696166992,7.8844876354424,False
0.387,201.5445440061524,0.5020390748977661,7.875839308183863,False
0.3875,201.42154142192516,0.5026906728744507,7.870132805896088,False
0.388,201.2935636904119,0.5033490061759949,7.8679512002752885,False
0.3885,201.16148561304624,0.5039332509040833,7.862811436346408,False
0.389,201.02587369616174,0.5045933127403259,7.86479867288057,False
0.3895,200.89098241988506,0.5052301287651062,7.874785497054089,False
0.39,200.76066444384338,0.5057966709136963,7.889289695053139,False
0.3905,200.63691039995396,0.5062867999076843,7.904853383010189,False
0.391,200.52083653550895,0.5067413449287415,7.923058105873006,False
0.3915,200.41499294051258,0.5071845650672913,7.9486544672118145,False
0.392,200.32316945204587,0.5075474381446838,7.979648999896783,False
0.3925,200.2471980036212,0.5077809691429138,8.009291513898567,False
0.393,200.18843178229127,0.5080509185791016,8.047955465031048,False
0.3935,200.15131142360053,0.5082315802574158,8.093130863912336,False
0.394,200.13619063277247,0.5081760883331299,8.12724271000838,False
0.3945,200.13646244631718,0.5079939365386963,8.14476790582606,False
0.395,200.14663544634507,0.5078788995742798,8.16128606008359,False
0.3955,200.16870426700174,0.5077837109565735,8.187837009530506,False
0.396,200.20764195783178,0.5075720548629761,8.220425311724101,False
0.3965,200.26502403115435,0.5071962475776672,8.248852730373056,False
0.397,200.338018842768,0.5067187547683716,8.268657854373428,False
0.3975,200.42286742684522,0.5062167048454285,8.28310899456743,False
0.398,200.51780071031698,0.5057064890861511,8.296784066450831,False
0.3985,200.62269613221778,0.5051574110984802,8.310218233728577,False
0.399,200.7370271718302,0.5045487880706787,8.320647778854624,False
0.3995,200.85881425098373,0.5038959980010986,8.325806943968447,False
0.4,200.9852833862428,0.5032318830490112,8.32591837664289,False
0.4005,201.11399347341617,0.5025777816772461,8.322545727530661,False
0.401,201.2431671299522,0.5019364356994629,8.316562041611471,False
0.4015,201.37120067952534,0.501305878162384,8.307568594111867,False
0.402,201.4961749332187,0.5006938576698303,8.294927645592924,False
0.4025,201.6159042401852,0.5001155734062195,8.278646229332633,False
0.403,201.72829851156996,0.49958547949790955,8.259396991449748,False
0.4035,201.83160516491563,0.4991112947463989,8.23787191970644,False
0.404,201.92434628266977,0.498696506023407,8.214385955945938,False
0.4045,202.00515300725874,0.4983455538749695,8.189055298434717,False
0.405,202.07273083934518,0.4980649948120117,8.162135402458826,False
0.4055,202.1259593579694,0.4978609085083008,8.13409916977935,False
0.406,202.16399289453898,0.4977370500564575,8.105511196225745,False
0.40650000000000003,202.18628294458404,0.4976945221424103,8.076860495034627,False
0.40700000000000003,202.19253277003116,0.49773287773132324,8.048514040796917,False
0.40750000000000003,202.18375844803512,0.49791187047958374,8.026856938259584,False
0.40800000000000003,202.1636925669406,0.4982013404369354,8.014770863846111,False
0.40850000000000003,202.13316947699684,0.4983733296394348,7.991623849386273,False
0.40900000000000003,202.08737089341773,0.4986979365348816,7.965450286920748,False
0.40950000000000003,202.02638493592488,0.4991832375526428,7.946414597898437,False
0.41000000000000003,201.95282099628488,0.499668151140213,7.928745454672018,False
0.41050000000000003,201.86686079343926,0.5001806616783142,7.910195242534918,False
0.41100000000000003,201.7688267014965,0.5007765889167786,7.895292899085003,False
0.41150000000000003,201.66076553788088,0.5014066100120544,7.884482904511384,False
0.41200000000000003,201.54454109506443,0.5020389556884766,7.875822565141632,False
0.41250000000000003,201.421534493862,0.5026909112930298,7.870141587015906,False
0.41300000000000003,201.29356184219947,0.5033490061759949,7.867961080882796,False
0.41350000000000003,201.16148789733165,0.5039331912994385,7.8628151970939015,False
0.41400000000000003,201.02587663685196,0.5045932531356812,7.864795719974416,False
0.41450000000000004,200.89098360725976,0.5052301287651062,7.874782028704621,False
0.41500000000000004,200.7606637655953,0.5057966709136963,7.889286163940616,False
0.41550000000000004,200.63690904163144,0.5062868595123291,7.904856153038116,False
0.41600000000000004,200.52083564386487,0.5067412853240967,7.9230551132042955,False
0.4165,200.4149906046233,0.5071845650672913,7.948651877165066,False
0.417,200.3231670461612,0.5075474977493286,7.979653036418884,False
0.4175,200.24719680181354,0.507780909538269,8.009289964840454,False
0.418,200.18842989619765,0.5080509185791016,8.047954300175597,False
0.4185,200.151310142851,0.5082316398620605,8.093136122542541,False
0.419,200.13619315861402,0.5081761479377747,8.127253841644865,False
0.4195,200.1364683346826,0.5079938173294067,8.14476593113282,False
0.42,200.1466388065919,0.507878839969635,8.161276906769952,False
0.4205,200.16870373637403,0.5077837705612183,8.187833535947876,False
0.421,200.20764074099228,0.5075721144676208,8.2204280868655,False
0.4215,200.2650243253211,0.5071962475776672,8.248855619758078,False
0.422,200.33802058025972,0.5067187547683716,8.268660489835131,False
0.4225,200.42286932584486,0.5062166452407837,8.283105138974214,False
0.423,200.51780048613585,0.5057064890861511,8.296780002568395,False
0.4235,200.62269489129847,0.505157470703125,8.310220396705859,False
0.424,200.73702610229006,0.5045487284660339,8.32064418445028,False
0.4245,200.85881247575549,0.5038960576057434,8.325809756992768,False
0.425,200.98528320095198,0.5032318830490112,8.32592143513576,False
0.4255,201.11399382461053,0.5025777220726013,8.322542706569838,False
0.426,201.24316590199754,0.5019364356994629,8.316559131745846,False
0.4265,201.37119806262126,0.501305878162384,8.307566169577061,False
0.427,201.4961712943166,0.5006938576698303,8.294926011153597,False
0.4275,201.6159011323166,0.5001156330108643,8.278651521588804,False
0.428,201.72829839706964,0.49958547949790955,8.259402690022194,False
0.4285,201.83160639791907,0.49911120533943176,8.237868353998577,False
0.429,201.924346639925,0.49869656562805176,8.214388273510526,False
0.4295,202.00515453032205,0.4983455538749695,8.189057376988865,False
0.43,202.0727333046536,0.4980649948120117,8.162136974446264,False
0.4305,202.12596188279377,0.4978608787059784,8.134097062538203,False
0.431,202.16399465284252,0.4977370798587799,8.10551159179657,False
0.4315,202.18628421317155,0.4976944923400879,8.076857459577035,False
0.432,202.19253235978846,0.49773287773132324,8.048510897097525,False
0.4325,202.18375862293541,0.4979119896888733,8.0268660121341,False
0.433,202.163695238876,0.4982012212276459,8.014767388535489,False
0.4335,202.13317012401438,0.4983733296394348,7.991619954066199,False
0.434,202.0873711063841,0.49869802594184875,7.965455419944185,False
0.4345,202.02638614578348,0.49918314814567566,7.946410415822814,False
0.435,201.9528199482189,0.499668151140213,7.928741253148596,False
0.4355,201.8668598441541,0.5001807808876038,7.910203463262508,False
0.436,201.76883005855345,0.5007765889167786,7.895300814008536,False
0.4365,201.66076942522838,0.5014064311981201,7.884471669940743,False
0.437,201.5445421294618,0.5020391345024109,7.875828937811209,False
0.4375,201.42153762621382,0.502690851688385,7.870141363576067,False
0.438,201.29356351959453,0.5033489465713501,7.867954186880789,False
0.4385,201.16148698240232,0.5039332509040833,7.862814271982467,False
0.439,201.02587532744298,0.5045932531356812,7.864795073563584,False
0.4395,200.89098314456461,0.505230188369751,7.87478765836002,False
0.44,200.76066620747167,0.5057966709136963,7.889291545092311,False
0.4405,200.63691189732015,0.5062867403030396,7.9048487795464615,False
0.441,200.52083662297395,0.5067414045333862,7.923059348441829,False
0.4415,200.4149936513999,0.5071845650672913,7.948655610071291,False
0.442,200.32316963523502,0.5075473785400391,7.97964399531292,False
0.4425,200.24719563386998,0.5077809691429138,8.009286782439856,False
0.443,200.18842929536922,0.5080510377883911,8.047963400815936,False
0.4435,200.1513131653602,0.5082315802574158,8.093138890432314,False
0.444,200.13619319050667,0.5081759095191956,8.127232113439488,False
0.4445,200.13646148647885,0.5079940557479858,8.144769170765006,False
0.445,200.14663520827858,0.5078788995742798,8.161287473684169,False
0.4455,200.1687047656704,0.5077837109565735,8.187838390387661,False
0.446,200.2076431150823,0.5075720548629761,8.220426486214402,False
0.4465,200.2650246564917,0.5071961879730225,8.24884765057227,False
0.447,200.33801786575933,0.5067188143730164,8.268658853756978,False
0.4475,200.42286807287002,0.5062167644500732,8.283116071693533,False
0.448,200.51780283715257,0.5057063698768616,8.296778716494654,False
0.4485,200.6226963880742,0.505157470703125,8.31021862976495,False
0.449,200.73702760808132,0.5045487880706787,8.320648088139045,False
0.4495,200.85881480820913,0.5038959980010986,8.325807128619862,False
0.45,200.98528399052802,0.5032318830490112,8.32591841542399,False
0.4505,201.1139940460657,0.5025777816772461,8.322545618340957,False
0.451,201.2431675977127,0.5019364356994629,8.316561801477691,False
0.4515,201.37120098397972,0.501305878162384,8.307568256701117,False
0.452,201.49617503814204,0.5006938576698303,8.294927256598381,False
0.4525,201.6159041359259,0.5001155734062195,8.278645840348313,False
0.453,201.72829821590335,0.49958547949790955,8.259396653146705,False
0.4535,201.8316047202854,0.4991112947463989,8.237871675217038,False
0.454,201.92434682064797,0.49869656562805176,8.21439178360973,False
0.4545,202.0051565078372,0.4983455538749695,8.189060612543607,False
0.455,202.07273570605676,0.49806493520736694,8.162133564645677,False
0.4555,202.12596231441503,0.4978608787059784,8.134093293956406,False
0.456,202.16399309903738,0.4977370798587799,8.10550796661775,False
0.4565,202.18628363044658,0.49769464135169983,8.076869339473236,False
0.457,202.1925374255574,0.49773284792900085,8.04851915809298,False
0.4575,202.1837609971918,0.49791163206100464,8.026836765991568,False
0.458,202.16368719536877,0.49820148944854736,8.014766286836085,False
0.4585,202.1331649246874,0.49837347865104675,7.991635762246821,False
0.459,202.08737179271463,0.4986978769302368,7.965456568876539,False
0.4595,202.02638519076837,0.4991830289363861,7.946399420183484,False
0.46,201.95281612814372,0.49966830015182495,7.928746081550771,False
0.4605,201.8668588363395,0.5001807808876038,7.9102089004372385,False
0.461,201.76882868010335,0.5007764101028442,7.895288306467828,False
0.4615,201.66076498976685,0.5014066100120544,7.8844781327288125,False
0.462,201.54454030647747,0.5020390748977661,7.875830112056374,False
0.4625,201.42153763694543,0.5026909112930298,7.8701488361903635,False
0.463,201.29356627665868,0.5033488869667053,7.867955243397434,False
0.4635,201.1614889733929,0.5039331912994385,7.862808670158535,False
0.464,201.02587536057862,0.5045933127403259,7.86479527826396,False
0.4645,200.8909832792063,0.505230188369751,7.8747878420342365,False
0.465,200.76066642424016,0.5057966709136963,7.889291684836747,False
0.4655,200.6369121668827,0.5062867403030396,7.904848858583334,False
0.466,200.52083691000567,0.5067414045333862,7.92305935808479,False
0.4665,200.41499391920124,0.5071845650672913,7.948655550619682,False
0.467,200.32316985039319,0.5075473785400391,7.979643875778475,False
0.4675,200.24719577036635,0.5077809691429138,8.009286619196704,False
0.468,200.18842933769386,0.5080510377883911,8.047963215382776,False
0.4685,200.1513131101972,0.5082315802574158,8.093138706637815,False
0.46900000000000003,200.13619304684505,0.5081759095191956,8.127231954396374,False
0.46950000000000003,200.13646127425358,0.5079940557479858,8.144769056002707,False
0.47000000000000003,200.14663495567493,0.5078788995742798,8.161287416749714,False
0.47050000000000003,200.16870450539184,0.5077837109565735,8.187838397255474,False
0.47100000000000003,200.20764288013882,0.5075720548629761,8.220426554700126,False
0.47150000000000003,200.26502447606003,0.5071961879730225,8.248847770766528,False
0.47200000000000003,200.33801776158472,0.5067188143730164,8.268659009398633,False
0.47250000000000003,200.42286805663483,0.5062167644500732,8.283116242322935,False
0.47300000000000003,200.51780290915426,0.5057063698768616,8.29677888011793,False
0.47350000000000003,200.622696537375,0.505157470703125,8.310218765675254,False
0.47400000000000003,200.73702677670508,0.5045487284660339,8.32064226326168,False
0.47450000000000003,200.85881107161597,0.5038959980010986,8.325801877849704,False
0.47500000000000003,200.98527892849532,0.503231942653656,8.3259203243993,False
0.47550000000000003,201.1139903931554,0.5025777816772461,8.322548622481362,False
0.47600000000000003,201.243165797245,0.5019364356994629,8.316565491385974,False
0.47650000000000003,201.37120017953978,0.5013058185577393,8.307566208078411,False
0.47700000000000004,201.49617324959848,0.5006938576698303,8.294925535716164,False
0.47750000000000004,201.61590161537356,0.5001155734062195,8.278644664353191,False
0.47800000000000004,201.72829583799674,0.49958550930023193,8.259399135780694,False
0.47850000000000004,201.83160382714286,0.4991112947463989,8.237874571406024,False
0.47900000000000004,201.9243464284869,0.498696506023407,8.214388758045216,False
0.47950000000000004,202.0051540504501,0.4983455240726471,8.189054905752803,False
0.48,202.07273266638535,0.4980650544166565,8.16214073463926,False
0.4805,202.12596324300492,0.4978608787059784,8.134100730171818,False
0.481,202.16399725028276,0.4977370500564575,8.105511709917693,False
0.4815,202.18628556272807,0.4976944327354431,8.076850983324185,False
0.482,202.19253241707574,0.4977329969406128,8.048516430949956,False
0.4825,202.1837593607216,0.49791187047958374,8.026859256786002,False
0.483,202.16369133681454,0.4982011616230011,8.014754943291305,False
0.4835,202.13316393950385,0.49837353825569153,7.9916301133872185,False
0.484,202.08737015328416,0.49869799613952637,7.96546343581339,False
0.4845,202.02638668883276,0.4991829991340637,7.946403258771547,False
0.485,201.95281838803984,0.4996682405471802,7.928743356952153,False
0.4855,201.866859500366,0.5001807808876038,7.910205807098422,False
0.486,201.7688287812267,0.500776469707489,7.895291198829786,False
0.4865,201.6607654851176,0.5014065504074097,7.8844748710110375,False
0.487,201.5445401668762,0.5020391345024109,7.8758328810075025,False
0.4875,201.421536772864,0.5026907920837402,7.870139588887665,False
0.488,201.2935618311999,0.5033489465713501,7.867952731652159,False
0.4885,201.1614846939249,0.5039332509040833,7.862813315671393,False
0.489,201.02587381370952,0.5045933127403259,7.864800652113764,False
0.4895,200.89098353603708,0.5052301287651062,7.874787321565478,False
0.49,200.76066533262488,0.5057966113090515,7.889285218559522,False
0.4905,200.63690999584696,0.5062868595123291,7.904854893329923,False
0.491,200.52083693276688,0.5067413449287415,7.92305961669078,False
0.4915,200.4149930199072,0.5071845054626465,7.948649879310526,False
0.492,200.32316719742656,0.5075474381446838,7.979644683745048,False
0.4925,200.24719479415936,0.5077810287475586,8.009293911686493,False
0.493,200.18843109804098,0.5080509781837463,8.047964377477886,False
0.4935,200.15131531177337,0.5082315802574158,8.093139376161025,False
0.494,200.1361954031473,0.5081759095191956,8.127232057345344,False
0.4945,200.13646245134325,0.5079939961433411,8.144762690822018,False
0.495,200.1466328071889,0.5078788995742798,8.16128117385284,False
0.4955,200.16870040393144,0.5077837705612183,8.187838962663733,False
0.496,200.20763940981723,0.5075720548629761,8.220428062117827,False
0.4965,200.265023093467,0.5071962475776672,8.248855914177604,False
0.497,200.33801960168347,0.5067187547683716,8.268661059711802,False
0.4975,200.4228687195932,0.5062166452407837,8.283105906468009,False
0.498,200.5178003217934,0.5057064890861511,8.296780866135343,False
0.4985,200.62269518095664,0.505157470703125,8.310221244397201,False
0.499,200.7370267999287,0.5045487284660339,8.320644908322086,False
0.4995,200.85881244416566,0.5038959980010986,8.325804347281672,False
0.5,200.98528144749002,0.503231942653656,8.325922304662814,False
0.5005000000000001,202.2741971886794,0.528552234172821,13.850976788549623,False
0.501,205.6915729110686,0.4828210771083832,14.199722604045274,False
0.5015000000000001,208.33480654686977,0.44001415371894836,9.355165666294901,False
0.502,207.77869366981437,0.4325324296951294,3.5152140998199677,False
0.5025000000000001,205.16104584333877,0.47812607884407043,2.9958408284447504,False
0.503,203.57570488246154,0.525435209274292,7.994330107174462,False
0.5035000000000001,204.48991495431594,0.5191671848297119,12.500791754649573,False
0.504,206.9227601032068,0.46993860602378845,11.547127097034126,False
0.5045000000000001,208.0783024220416,0.44137585163116455,7.161562620821774,False
0.505,207.07710951960237,0.4602258801460266,4.787386689006659,False
0.5055000000000001,205.51592566197635,0.48752981424331665,5.651061937133336,False
0.506,204.9429519961742,0.506923496723175,8.825404774366273,False
0.5065000000000001,205.7454110589841,0.4895813763141632,10.183532892692998,False
0.507,206.77454609872063,0.46608197689056396,8.851732160635764,False
0.5075000000000001,206.87987430605298,0.4615898132324219,6.884110622213926,False
0.508,206.3155126152188,0.48140352964401245,7.028977512149412,False
0.5085000000000001,206.05781411705655,0.49075672030448914,8.22187224719902,False
0.509,206.25070681355766,0.48095810413360596,8.355276790148825,False
0.5095000000000001,206.34001800866767,0.473749041557312,7.642785952691256,False
0.51,206.16556187760605,0.4809395670890808,7.62725986236654,False
0.5105000000000001,206.04799023489798,0.4844021797180176,7.937717525892483,False
0.511,206.0213377591257,0.4811999797821045,7.852633655235744,False
0.5115000000000001,205.9257771669643,0.48105478286743164,7.682236061681653,False
0.512,205.78214911550356,0.48398157954216003,7.757491372186115,False
0.5125,205.67206037184582,0.4842660129070282,7.80183593086467,False
0.513,205.5616252539301,0.48383668065071106,7.735161395752269,False
0.5135,205.42441106940745,0.4850511848926544,7.731993981143745,False
0.514,205.2919029008567,0.4860153794288635,7.770522255150483,False
0.5145,205.1707061008699,0.48617517948150635,7.767985449986724,False
0.515,205.0462506919595,0.4866921901702881,7.764797867243548,False
0.5155,204.92416262387778,0.48742347955703735,7.788995138422238,False
0.516,204.81368849674243,0.4878048300743103,7.809436394617267,False
0.5165,204.71217852117206,0.48809438943862915,7.8220979072431644,False
0.517,204.61902815948585,0.48848089575767517,7.843965565986656,False
0.5175,204.53878672756593,0.4887535274028778,7.87056833956323,False
0.518,204.47282382912962,0.4888797104358673,7.894045265832307,False
0.5185,204.42058915610258,0.48897284269332886,7.918730392000393,False
0.519,204.38344253184164,0.48900577425956726,7.946423608358726,False
0.5195,204.3626428141813,0.48892703652381897,7.973458472044058,False
0.52,204.35804157900455,0.4887692332267761,7.999399127040605,False
0.5205,204.36956393309305,0.4885498881340027,8.025459468349087,False
0.521,204.39735143057206,0.4882514774799347,8.05065340672132,False
0.5215,204.44095386904544,0.48787835240364075,8.073922082568009,False
0.522,204.49953456390182,0.48744744062423706,8.095387458072636,False
0.5225,204.57223412934133,0.4869626462459564,8.11489763811776,False
0.523,204.65796246345514,0.48642653226852417,8.131774467634193,False
0.5235,204.75529615565648,0.4858516752719879,8.145794038343627,False
0.524,204.86267678864584,0.48524853587150574,8.15691954099827,False
0.5245,204.97843335079173,0.4846242368221283,8.164899430516922,False
0.525,205.1007157551004,0.48398882150650024,8.169541973658117,False
0.5255,205.2275583692966,0.48335379362106323,8.170862715957663,False
0.526,205.35695386445013,0.482728511095047,8.168863765748675,False
0.5265,205.4868519211753,0.48212236166000366,8.163553006976986,False
0.527,205.6151836263948,0.48154520988464355,8.15503048123527,False
0.5275,205.73991206813503,0.4810061454772949,8.143457900822094,False
0.528,205.8590672102232,0.48051342368125916,8.129032590272866,False
0.5285,205.97076945514752,0.4800744652748108,8.111974285795819,False
0.529,206.0732562473084,0.47969621419906616,8.092561586711076,False
0.5295,206.1649193186364,0.47938457131385803,8.071118152991618,False
0.53,206.2443280648104,0.47914403676986694,8.04796860077248,False
0.5305,206.31024212807836,0.47897830605506897,8.023464578398805,False
0.531,206.36163400544095,0.47889000177383423,7.997988606620676,False
0.5315,206.39771279524496,0.4788806438446045,7.9719565269727575,False
0.532,206.4179308581874,0.47894978523254395,7.945730876583126,False
0.5325,206.4219827484522,0.4790969789028168,7.919741539745432,False
0.533,206.40982390786354,0.4793195426464081,7.894370469640965,False
0.5335,206.3816531406971,0.4796139895915985,7.869982908285391,False
0.534,206.3379210741932,0.47997650504112244,7.84700415102404,False
0.5345,206.27932883522584,0.48040056228637695,7.825738337040239,False
0.535,206.20679583597348,0.48088037967681885,7.806542250134093,False
0.5355,206.12146571839241,0.4814082086086273,7.789706479546977,False
0.536,206.02467452469065,0.48197585344314575,7.775483677581296,False
0.5365,205.91793297784562,0.4825747013092041,7.764109301349369,False
0.537,205.80291181217297,0.4831954836845398,7.755782843060709,False
0.5375,205.6814103602779,0.4838281273841858,7.750619222400941,False
0.538,205.55532217915345,0.48446303606033325,7.748720562486107,False
0.5385,205.42661976561894,0.4850902557373047,7.750144785821575,False
0.539,205.2973194803719,0.48569953441619873,7.75486376315709,False
0.5395,205.16944224834114,0.4862813651561737,7.762815981920287,False
0.54,205.04499455321735,0.48682671785354614,7.773915244445064,False
0.5405,204.92593605721584,0.48732632398605347,7.787968767509343,False
0.541,204.81413625454505,0.48777246475219727,7.804768448033236,False
0.5415,204.71135801081314,0.4881579577922821,7.824063628773204,False
0.542,204.61923242770462,0.48847663402557373,7.845569307761034,False
0.5425,204.53922931734772,0.4887230098247528,7.868930052079744,False
0.543,204.4726198441212,0.48889294266700745,7.893745336856903,False
0.5435,204.4204647332618,0.48898428678512573,7.91965644611296,False
0.544,204.38361021236577,0.4889950156211853,7.946231501170211,False
0.5445,204.36265768281598,0.48892509937286377,7.973042564911365,False
0.545,204.35795575159617,0.48877549171447754,7.999639440359812,False
0.5455,204.36958999035437,0.48854872584342957,8.025587302170173,False
0.546,204.39739025174407,0.488248735666275,8.050489350432024,False
0.5465,204.44093063627207,0.48787981271743774,8.073907051856509,False
0.547,204.4995247731286,0.48744845390319824,8.09548151785655,False
0.5475,204.57225154932158,0.4869614243507385,8.1148642569208,False
0.548,204.65795842602225,0.4864264130592346,8.131727017221245,False
0.5485,204.7552821966689,0.48585245013237,8.145829184876954,False
0.549,204.86267868999218,0.485248327255249,8.156934632677613,False
0.5495,204.97843565008725,0.48462384939193726,8.164873804156107,False
0.55,205.10070940771274,0.48398908972740173,8.16954470691622,False
0.5505,205.22755634190872,0.4833539128303528,8.170878917396758,False
0.551,205.35695545448868,0.4827282428741455,8.16885215959472,False
0.5515,205.48684892115406,0.4821224510669708,8.16355088157369,False
0.552,205.61518150220763,0.4815452992916107,8.155038327580282,False
0.5525,205.73991200004303,0.48100602626800537,8.143453626183431,False
0.553,205.8590648664413,0.48051342368125916,8.129028633735588,False
0.5535,205.97076521108195,0.4800744652748108,8.111971196856983,False
0.554,206.07325308022575,0.4796963334083557,8.09257190251248,False
0.5545,206.1649201981623,0.47938448190689087,8.071119441598098,False
0.555,206.2443283770119,0.47914397716522217,8.047963512145056,False
0.5555,206.31024086691767,0.47897836565971375,8.0234658382975,False
0.556,206.36163471564973,0.478890061378479,7.997996162714194,False
0.5565,206.3977151191075,0.47888052463531494,7.971951230620347,False
0.557,206.41793013428568,0.47894978523254395,7.945725370702781,False
0.5575,206.42198092360172,0.47909706830978394,7.919745710756835,False
0.558,206.4098232936995,0.4793194830417633,7.894368734691181,False
0.5585,206.3816534365815,0.4796140789985657,7.869990553899007,False
0.559,206.33792424065683,0.47997644543647766,7.847005114834201,False
0.5595,206.27933104066045,0.4804005026817322,7.825732371834183,False
0.56,206.20679703219955,0.4808804988861084,7.806548280704991,False
0.5605,206.121467648985,0.48140808939933777,7.789699662447611,False
0.561,206.02467324304283,0.48197588324546814,7.775479884725522,False
0.5615,205.91793156812486,0.48257479071617126,7.764115179412269,False
0.562,205.80291129245296,0.48319536447525024,7.755776555358224,False
0.5625,205.6814065512762,0.4838281273841858,7.750613501511713,False
0.5630000000000001,205.55531861714374,0.4844631850719452,7.748731305667763,False
0.5635,205.426620452847,0.4850901663303375,7.750146605857719,False
0.5640000000000001,205.29731931579823,0.48569944500923157,7.754856226052278,False
0.5645,205.169439865251,0.48628145456314087,7.762818060376183,False
0.5650000000000001,205.0449934796171,0.48682671785354614,7.773917771015842,False
0.5655,204.9259352527866,0.4873262643814087,7.787965356324339,False
0.5660000000000001,204.814133725038,0.48777246475219727,7.8047654696135735,False
0.5665,204.71135817047005,0.4881581664085388,7.824082565677251,False
0.5670000000000001,204.61923851332412,0.488476425409317,7.8455658347634865,False
0.5675,204.53923189048788,0.48872295022010803,7.868919292430413,False
0.5680000000000001,204.47261939189576,0.4888930916786194,7.893749720032709,False
0.5685,204.4204666246337,0.48898428678512573,7.919660642194845,False
0.5690000000000001,204.38361357151692,0.4889949858188629,7.946231936400919,False
0.5695,204.36266097258797,0.48892509937286377,7.97304214067537,False
0.5700000000000001,204.35795795823688,0.48877546191215515,7.999635224950818,False
0.5705,204.3695909189164,0.48854878544807434,8.025588843820369,False
0.5710000000000001,204.3973913417246,0.48824870586395264,8.050487549348043,False
0.5715,204.44093181526452,0.4878798723220825,8.073911120738401,False
0.5720000000000001,204.4995274240205,0.48744842410087585,8.095482006711016,False
0.5725,204.57225308582053,0.48696136474609375,8.114858035139667,False
0.5730000000000001,204.65795881346705,0.48642653226852417,8.131732886564377,False
0.5735,204.75528565191402,0.48585245013237,8.145834553000991,False
0.5740000000000001,204.86268296552004,0.48524823784828186,8.1569297290038,False
0.5745,204.9784369433696,0.48462384939193726,8.164868175791,False
0.5750000000000001,205.10070931683535,0.4839891791343689,8.16954819793421,False
0.5755,205.22755811310114,0.4833539128303528,8.170882187910692,False
0.5760000000000001,205.35695880437194,0.4827282428741455,8.168854759157718,False
0.5765,205.4868516201005,0.48212236166000366,8.163543395000884,False
0.577,205.61518112489867,0.4815453588962555,8.155036737866709,False
0.5775,205.73991196996298,0.48100608587265015,8.143458293761732,False
0.578,205.85906733074071,0.48051342368125916,8.129032980172818,False
0.5785,205.97076977299085,0.4800744652748108,8.11197461793181,False
0.579,206.073256713734,0.47969621419906616,8.092561815520815,False
0.5795,206.16491986488617,0.47938457131385803,8.071118248353612,False
0.58,206.24432861220174,0.47914403676986694,8.047968551989017,False
0.5805,206.31024259933426,0.47897830605506897,8.023464395346814,False
0.581,206.36163433561515,0.47889000177383423,7.997988317951489,False
0.5815,206.39771294068117,0.4788806438446045,7.971956175671128,False
0.582,206.41793198745424,0.4789498448371887,7.945736583364936,False
0.5825,206.42198445593024,0.4790968596935272,7.919734418448657,False
0.583,206.40982046233108,0.4793194830417633,7.894357353014015,False
0.5835,206.38164893500877,0.4796142876148224,7.870001929797667,False
0.584,206.33792385218513,0.4799763262271881,7.84700468255537,False
0.5845,206.2793304567337,0.4804005026817322,7.825732067495026,False
0.585,206.20679633898342,0.4808804988861084,7.806548144173106,False
0.5855,206.12146694590288,0.48140808939933777,7.789699709136916,False
0.586,206.0246726285047,0.48197588324546814,7.77548010407236,False
0.5865,205.917931125805,0.48257479071617126,7.764115537035866,False
0.587,205.8029110800248,0.48319536447525024,7.755776998484853,False
0.5875,205.68140659309856,0.4838281273841858,7.750613966799277,False
0.588,205.55531890178642,0.4844631850719452,7.748731728263499,False
0.5885,205.42662093563746,0.4850901663303375,7.750146928394187,False
0.589,205.29731992587057,0.48569944500923157,7.754856406343788,False
0.5895,205.16944051598048,0.48628145456314087,7.762818076803418,False
0.59,205.04499408090285,0.48682671785354614,7.773917624939116,False
0.5905,204.92593572345095,0.4873262643814087,7.787965071294465,False
0.591,204.81413458123342,0.48777249455451965,7.8047681012703505,False
0.5915,204.7113580317498,0.48815804719924927,7.824072756477267,False
0.592,204.61923552483543,0.48847654461860657,7.845568773848273,False
0.5925,204.53923013969856,0.48872292041778564,7.868919759579506,False
0.593,204.47261804204638,0.4888930916786194,7.893750587838842,False
0.5935,204.4204647095902,0.48898422718048096,7.919655767831757,False
0.594,204.383609834348,0.4889950156211853,7.94623087497083,False
0.5945,204.36265814653188,0.48892515897750854,7.973048089477228,False
0.595,204.35795737457562,0.4887754023075104,7.999635451733804,False
0.5955,204.36959050639035,0.48854878544807434,8.02558919939753,False
0.596,204.397391153005,0.48824870586395264,8.050487982649624,False
0.5965,204.44093187152558,0.4878798723220825,8.073911571085512,False
0.597,204.49952771261314,0.48744842410087585,8.095482412240123,False
0.5975,204.5722535625713,0.48696136474609375,8.11485834125756,False
0.598,204.65795940923286,0.48642653226852417,8.131733053290324,False
0.5985,204.75528628245442,0.48585245013237,8.145834560211911,False
0.599,204.86268354330588,0.48524823784828186,8.156929578889757,False
0.5995,204.97843738969286,0.48462384939193726,8.16486789221187,False
0.6,205.10071071767734,0.48398923873901367,8.169553856575522,False
0.6005,205.22756009664727,0.48335379362106323,8.170875028389956,False
0.601,205.356956802261,0.4827282428741455,8.16884760392514,False
0.6015,205.48684887631356,0.4821225106716156,8.163552351734383,False
0.602,205.61518108729908,0.48154523968696594,8.155033658249362,False
0.6025,205.73991029330386,0.48100608587265015,8.14345544002796,False
0.603,205.85906544739868,0.48051348328590393,8.129036802275143,False
0.6035,205.9707683519333,0.48007437586784363,8.111969557447154,False
0.604,206.07325388752108,0.47969627380371094,8.092563529637708,False
0.6045,206.16491821354714,0.47938457131385803,8.071120551793555,False
0.605,206.24432716779344,0.47914397716522217,8.04796504293252,False
0.6055,206.31023940844736,0.47897830605506897,8.0234614982547,False
0.606,206.36163165757048,0.4788900911808014,7.997995531248013,False
0.6065,206.3977131859982,0.4788805842399597,7.971957482609692,False
0.607,206.41793172482895,0.47894978523254395,7.945731666205037,False
0.6075,206.42198395853637,0.4790969789028168,7.919742055462491,False
0.608,206.40982290870596,0.47931942343711853,7.894358505102594,False
0.6085,206.38165118036702,0.4796142578125,7.869999351142818,False
0.609,206.3379245150697,0.4799763262271881,7.847001721955486,False
0.6095,206.27932947854288,0.4804005026817322,7.82572914911948,False
0.61,206.206794486199,0.4808805286884308,7.806548708593451,False
0.6105,206.12146674755903,0.48140814900398254,7.789706760443746,False
0.611,206.02467442620892,0.481975793838501,7.775477621421108,False
0.6115,205.91793262273035,0.48257485032081604,7.764118835561196,False
0.612,205.80291419399973,0.48319536447525024,7.755779693368733,False
0.6125,205.681409679077,0.483828067779541,7.750609646994763,False
0.613,205.55531824644834,0.4844631254673004,7.7487208920523996,False
0.6135,205.42661753188574,0.48509031534194946,7.7501521149499935,False
0.614,205.29731956944903,0.48569944500923157,7.754862080701097,False
0.6145,205.1694414408216,0.4862813651561737,7.762814393243461,False
0.615,205.0449929795621,0.48682671785354614,7.773913965228032,False
0.6155,204.92593394954505,0.48732632398605347,7.787967965943717,False
0.616,204.81413391237473,0.48777246475219727,7.804768223129654,False
0.6165,204.71135748652648,0.48815804719924927,7.824073035463634,False
0.617,204.6192351748187,0.48847654461860657,7.845569168575276,False
0.6175,204.53923002830481,0.48872292041778564,7.868920213866719,False
0.618,204.47261817931977,0.4888930916786194,7.893751038665875,False
0.6185,204.4204650716034,0.48898422718048096,7.919656154020747,False
0.619,204.38361036718658,0.4889950156211853,7.9462311454208905,False
0.6195,204.36265763692043,0.48892509937286377,7.973042195173836,False
0.62,204.35795494739648,0.48877546191215515,7.999636099951303,False
0.6205,204.3695886357971,0.48854878544807434,8.025590403345324,False
0.621,204.39739064962677,0.488248735666275,8.050492574634779,False
0.6215,204.44093269662295,0.48787981271743774,8.073909956853722,False
0.622,204.4995264785507,0.4874483644962311,8.095474686385177,False
0.6225,204.57225063448567,0.4869614839553833,8.114863491783293,False
0.623,204.65795832577095,0.4864264726638794,8.131732553854194,False
0.6235,204.7552838936525,0.4858523905277252,8.14582833979525,False
0.624,204.86267978752178,0.485248327255249,8.156933423969834,False
0.6245,204.97843600859875,0.48462384939193726,8.164872405949012,False
0.625,205.1007095648684,0.4839891195297241,8.169546333387176,False
0.6255000000000001,205.22755734860766,0.4833539128303528,8.170880391342624,False
0.626,205.3569571538259,0.4827282428741455,8.168853279068305,False
0.6265000000000001,205.48685106246126,0.4821224510669708,8.163551497598192,False
0.627,205.6151826200773,0.48154523968696594,8.155032316568423,False
0.6275000000000001,205.73991097127555,0.48100608587265015,8.143453808431069,False
0.628,205.85906519271677,0.48051348328590393,8.129035115474563,False
0.6285000000000001,205.97076838675767,0.4800744354724884,8.111974110837211,False
0.629,206.07325518280754,0.47969621419906616,8.09256169256626,False
0.6295000000000001,206.16491840791875,0.47938457131385803,8.071118518990717,False
0.63,206.2443274331413,0.47914403676986694,8.047969169931383,False
0.6305000000000001,206.3102418588134,0.47897830605506897,8.023465266171756,False
0.631,206.36163294748857,0.47888994216918945,7.9979832453146695,False
0.6315000000000001,206.39771192231774,0.47888079285621643,7.97196698468344,False
0.632,206.4179344783596,0.47894972562789917,7.945734743330689,False
0.6325000000000001,206.4219857345012,0.4790968596935272,7.919732082110305,False
0.633,206.40982215528018,0.47931957244873047,7.894363965087804,False
0.6335000000000001,206.38165341510722,0.4796142578125,7.8700046146651985,False
0.634,206.33792757694982,0.47997623682022095,7.846996950836872,False
0.6345000000000001,206.27933149557265,0.48040059208869934,7.825733045507784,False
0.635,206.20679780515033,0.4808804988861084,7.806548792946665,False
0.6355000000000001,206.1214686247995,0.48140808939933777,7.789699945128577,False
0.636,206.02467368897646,0.48197585344314575,7.775476873507226,False
0.6365000000000001,205.9179303723613,0.48257479071617126,7.764112267122667,False
0.637,205.80291101726363,0.4831954836845398,7.755786252601394,False
0.6375000000000001,205.68141026871277,0.483828067779541,7.750616542321557,False
0.638,205.55532067550203,0.48446303606033325,7.748718091118011,False
0.6385000000000001,205.42661884602396,0.48509034514427185,7.750151925487054,False
0.639,205.2973206656651,0.48569944500923157,7.754861577742139,False
0.6395000000000001,205.169443338446,0.4862814247608185,7.7628196898244,False
0.64,205.04499634062856,0.48682665824890137,7.773912393488377,False
0.6405,204.92593502391586,0.4873262643814087,7.787959638881027,False
0.641,204.81413223782104,0.48777255415916443,7.804769241446482,False
0.6415,204.71135649690393,0.48815804719924927,7.824074398388618,False
0.642,204.61923384118893,0.4884764850139618,7.845564661074246,False
0.6425,204.53922930818135,0.4887230694293976,7.868931392949308,False
0.643,204.4726205405491,0.48889294266700745,7.893746588554269,False
0.6435,204.42046602569,0.48898428678512573,7.919657440469222,False
0.644,204.3836130516528,0.4889950752258301,7.946238123869413,False
0.6445,204.36266204493526,0.4889250099658966,7.973039012645031,False
0.645,204.3579572908712,0.48877546191215515,7.999632045354712,False
0.6455,204.36958977361513,0.4885488450527191,8.025592061002156,False
0.646,204.39739199130264,0.48824870586395264,8.050490829870482,False
0.6465,204.4409330000495,0.48787981271743774,8.073907999462854,False
0.647,204.49952685818846,0.48744842410087585,8.095478805996098,False
0.6475,204.57225315336012,0.4869614839553833,8.114867234244102,False
0.648,204.65796145876948,0.4864264130592346,8.131729391491312,False
0.6485,204.7552850744593,0.4858523905277252,8.145824617264031,False
0.649,204.86268003278366,0.4852483868598938,8.156935692640884,False
0.6495,204.97843743375122,0.48462384939193726,8.164874456278795,False
0.65,205.10071137665608,0.48398908972740173,8.169544869060468,False
0.6505,205.22755821932367,0.4833539128303528,8.170878576819518,False
0.651,205.35695698114785,0.4827282428741455,8.168851373676805,False
0.6515,205.4868498912824,0.4821224510669708,8.163549768759523,False
0.652,205.61518179142982,0.4815452992916107,8.155037049882306,False
0.6525,205.73991158154806,0.48100602626800537,8.143452365792715,False
0.653,205.85906497736408,0.48051348328590393,8.129033621311558,False
0.6535,205.97076739276665,0.4800744354724884,8.111972776142396,False
0.654,206.0732523952167,0.4796961545944214,8.092554641846217,False
0.6545,206.16491445065256,0.4793846905231476,8.0711247929351,False
0.655,206.24432719486782,0.47914403676986694,8.047975995112923,False
0.6555,206.3102435271535,0.4789782166481018,8.02346256790319,False
0.656,206.36163420020324,0.47889000177383423,7.997986386513789,False
0.6565,206.3977123752948,0.4788806736469269,7.9719574497458074,False
0.657,206.41793097062018,0.47894978523254395,7.9457318396531775,False
0.6575,206.42198336605355,0.4790969789028168,7.9197424063487825,False
0.658,206.40982255802984,0.47931942343711853,7.8943589801434415,False
0.6585,206.38165111567986,0.4796142578125,7.8699998807448805,False
0.659,206.3379247392664,0.4799763262271881,7.847002230432726,False
0.6595,206.27933114131244,0.48040056228637695,7.825735632015037,False
0.66,206.2067964894739,0.48088037967681885,7.8065391571325975,False
0.6605,206.1214658497281,0.4814082682132721,7.789709502325869,False
0.661,206.0246750694534,0.481975793838501,7.775480395951896,False
0.6615,205.917932319198,0.4825747311115265,7.764109141364439,False
0.662,205.80291112799148,0.4831954836845398,7.7557828586662945,False
0.6625,205.6814097460159,0.4838281273841858,7.750619407536269,False
0.663,205.55532054372958,0.4844629764556885,7.748714840379278,False
0.6635,205.42661700533233,0.48509034514427185,7.750148932478325,False
0.664,205.29731857573495,0.48569950461387634,7.754865289263196,False
0.6645,205.16944223066898,0.4862813651561737,7.7628176274729475,False
0.665,205.0449942435998,0.48682665824890137,7.773910747617313,False
0.6655,204.9259339839265,0.48732635378837585,7.787967671108245,False
0.666,204.81413378840077,0.48777246475219727,7.804767939975539,False
0.6665,204.71135722454636,0.48815804719924927,7.824072802341653,False
0.667,204.61923538793457,0.48847657442092896,7.845572027145887,False
0.6675,204.539231725478,0.48872292041778564,7.868922824712733,False
0.668,204.4726199547695,0.4888930320739746,7.893747034298065,False
0.6685,204.42046686716748,0.4889843463897705,7.91966401693438,False
0.669,204.38361442701336,0.48899492621421814,7.946229005854368,False
0.6695,204.36266021191227,0.48892509937286377,7.973039198615744,False
0.67,204.357956286371,0.48877549171447754,7.999635678801134,False
0.6705,204.3695896342991,0.48854878544807434,8.025589679961431,False
0.671,204.39739061136243,0.48824870586395264,8.050488646060447,False
0.6715,204.44093172746008,0.4878798723220825,8.07391232313911,False
0.672,204.49952684288206,0.4874483644962311,8.095477130471743,False
0.6725,204.5722522555684,0.4869614839553833,8.114865677627163,False
0.673,204.65796095611208,0.4864264726638794,8.131734186903653,False
0.6735,204.75528601327082,0.48585233092308044,8.145823182076489,False
0.674,204.862680127887,0.4852483868598938,8.156934123207412,False
0.6745,204.97843783139183,0.48462390899658203,8.164879002484971,False
0.675,205.10071185962894,0.4839889705181122,8.16953693265203,False
0.6755,205.22755616608308,0.48335400223731995,8.170880128478077,False
0.676,205.35695708939602,0.4827283024787903,8.168859370685894,False
0.6765,205.48685251486992,0.48212236166000366,8.163548112783007,False
0.677,205.61518213729337,0.48154523968696594,8.155028805461969,False
0.6775,205.7399098205514,0.4810061454772949,8.143456716105549,False
0.678,205.85906453468047,0.48051342368125916,8.129032052890917,False
0.6785,205.9707667362191,0.4800744652748108,8.11197445813935,False
0.679,206.0732538684535,0.47969621419906616,8.092562430067337,False
0.6795,206.1649176080344,0.47938457131385803,8.071119534780948,False
0.68,206.24432607332307,0.47914397716522217,8.047964250212056,False
0.6805,206.31023916884206,0.47897836565971375,8.023467103695491,False
0.681,206.36163385028647,0.478890061378479,7.997997765758038,False
0.6815,206.39771519113853,0.47888052463531494,7.971952937841299,False
0.682,206.41793111369137,0.47894978523254395,7.945726938862204,False
0.6825,206.42198146636312,0.47909700870513916,7.919740851536318,False
0.683,206.40982237463257,0.4793195426464081,7.894370152488639,False
0.6835,206.38165454724077,0.47961413860321045,7.869998171567706,False
0.684,206.33792516309617,0.47997623682022095,7.8469906780597345,False
0.6845,206.279328327129,0.4804007112979889,7.8257399533980125,False
0.685,206.20679623631202,0.48088037967681885,7.806543880221037,False
0.6855,206.12146695115203,0.4814082086086273,7.7897078949563054,False
0.686,206.02467521536173,0.481975793838501,7.775478625542199,False
0.6865,205.91793269246162,0.48257479071617126,7.764113515230152,False
0.687,205.80291261112163,0.483195424079895,7.755780780471067,False
0.6875,205.6814099928867,0.4838281273841858,7.750617103997377,False
0.6880000000000001,205.55532072214223,0.48446303606033325,7.748718682535423,False
0.6885,205.42661861577727,0.48509031534194946,7.7501494424005895,False
0.6890000000000001,205.29731914313163,0.48569944500923157,7.754859323298621,False
0.6895,205.16944134391272,0.48628145456314087,7.762820987139506,False
0.6900000000000001,205.04499520872565,0.48682665824890137,7.773914096254069,False
0.6905,204.92593489055847,0.4873262643814087,7.787961505267887,False
0.6910000000000001,204.814131944241,0.48777249455451965,7.804764985660061,False
0.6915,204.71135629335737,0.4881581664085388,7.824082555348256,False
0.6920000000000001,204.61923679759505,0.488476425409317,7.845566289219968,False
0.6925,204.53923056606754,0.48872295022010803,7.868920139862335,False
0.6930000000000001,204.47261863045313,0.4888930916786194,7.893750836859746,False
0.6935,204.4204653766509,0.48898422718048096,7.919655854542831,False
0.6940000000000001,204.38361048778626,0.4889950156211853,7.94623079101269,False
0.6945,204.3626586978497,0.48892515897750854,7.9730478498287045,False
0.6950000000000001,204.35795775095124,0.4887754023075104,7.999635092208054,False
0.6955,204.36959066023175,0.48854878544807434,8.02558877138214,False
0.6960000000000001,204.39739106792402,0.48824870586395264,8.050487545843783,False
0.6965,204.4409315639937,0.4878798723220825,8.073911185241197,False
0.6970000000000001,204.49952722914253,0.48744842410087585,8.095482129031488,False
0.6975,204.57225297286368,0.48696136474609375,8.114858197372245,False
0.6980000000000001,204.6579587962733,0.48642653226852417,8.131733065661257,False
0.6985,204.75528573092961,0.48585245013237,8.145834724012445,False
0.6990000000000001,204.8626831279433,0.48524823784828186,8.156929868536155,False
0.6995,204.9784371651178,0.48462384939193726,8.16486826520647,False
0.7000000000000001,205.10070956604284,0.4839891791343689,8.169548225854971,False
0.7005,205.22755835465276,0.4833539128303528,8.170882151687051,False
0.7010000000000001,205.3569590048329,0.4827282428741455,8.16885466510536,False
0.7015,205.48685175235204,0.48212236166000366,8.163543257384779,False
0.7020000000000001,205.61518117183218,0.4815453588962555,8.155036576784912,False
0.7025,205.73991192672207,0.48100608587265015,8.143458132237237,False
0.7030000000000001,205.8590672052086,0.48051342368125916,8.129032840871721,False
0.7035,205.9707695844718,0.4800744652748108,8.111974519977307,False
0.704,206.0732564900375,0.47969621419906616,8.092561771854962,False
0.7045,206.16491963824896,0.47938457131385803,8.07111826401629,False
0.705,206.24432841464662,0.47914403676986694,8.047968623547757,False
0.7055,206.31024245813856,0.47897830605506897,8.023464511541917,False
0.706,206.3616342695368,0.47889000177383423,7.997988461444243,False
0.7065,206.39771295747107,0.4788806438446045,7.971956325624661,False
0.707,206.41793208298705,0.4789498448371887,7.945736718471372,False
0.7075,206.42198461504577,0.4790968596935272,7.919734519958759,False
0.708,206.40982066122768,0.4793194830417633,7.894357407334732,False
0.7085,206.38164914480905,0.4796142876148224,7.870001930295708,False
0.709,206.33792404313579,0.4799763262271881,7.8470046303286365,False
0.7095,206.27932941493813,0.4804004430770874,7.825725904527342,False
0.71,206.20679388421712,0.48088058829307556,7.806551772740677,False
0.7105,206.12146664768994,0.48140808939933777,7.789703697930966,False
0.711,206.0246727049387,0.481975793838501,7.775474798360101,False
0.7115,205.91792955579285,0.48257485032081604,7.764116639969277,False
0.712,205.80291141741446,0.483195424079895,7.755784470513745,False
0.7125,205.68140850998776,0.48382800817489624,7.750608733596515,False
0.713,205.55531669842944,0.4844631254673004,7.748720333207331,False
0.7135,205.42661582699634,0.48509031534194946,7.7501519799077245,False
0.714,205.29731794591237,0.48569944500923157,7.754862378663069,False
0.7145,205.1694412849877,0.4862814247608185,7.762821110731837,False
0.715,205.04499522027496,0.48682665824890137,7.773914225963747,False
0.7155,204.92593496945437,0.4873262643814087,7.7879616232172735,False
0.716,204.81413207823644,0.48777249455451965,7.80476507600026,False
0.7165,204.71135646298282,0.4881581664085388,7.82408260636302,False
0.717,204.619236978981,0.488476425409317,7.845566294813691,False
0.7175,204.53923073428678,0.48872295022010803,7.868920100250774,False
0.718,204.47261876292077,0.4888930916786194,7.893750758392704,False
0.7185,204.42046545612754,0.48898422718048096,7.9196557487056385,False
0.719,204.3836105045918,0.4889950156211853,7.946230672759813,False
0.7195,204.36265865101197,0.48892515897750854,7.9730477354873575,False
0.72,204.35795764815958,0.4887754023075104,7.999634997240698,False
0.7205,204.36958938154086,0.48854872584342957,8.025582693614306,False
0.721,204.39738840642346,0.4882487952709198,8.050491222862318,False
0.7215,204.44092994126774,0.48787981271743774,8.073909252828296,False
0.722,204.49952473262366,0.48744842410087585,8.095480731087168,False
0.7225,204.57225223303692,0.4869614839553833,8.114869554064969,False
0.723,204.65796070886003,0.48642635345458984,8.131725757951331,False
0.7235,204.7552836094174,0.48585245013237,8.145827445345656,False
0.724,204.86268019576136,0.4852483868598938,8.156938689523235,False
0.7245,204.97843802725293,0.4846237897872925,8.164871174303785,False
0.725,205.10071074845584,0.4839891195297241,8.169544684086821,False
0.7255,205.22755754956972,0.4833539128303528,8.170878561523045,False
0.726,205.35695636379612,0.4827282428741455,8.168851526804376,False
0.7265,205.48684941132956,0.4821224510669708,8.16355006560364,False
0.727,205.6151815131687,0.4815452992916107,8.155037446094932,False
0.7275,205.73991153987927,0.48100602626800537,8.143452803907874,False
0.728,205.8590651733602,0.48051348328590393,8.129034039029424,False
0.7285,205.97076837781427,0.4800744652748108,8.111976143811143,False
0.729,206.07325509085666,0.4796961545944214,8.092557524114461,False
0.7295,206.1649172683041,0.4793846309185028,8.071120731050309,False
0.73,206.244327581416,0.47914403676986694,8.047971512047484,False
0.7305,206.31024206810918,0.4789782464504242,8.023461338444267,False
0.731,206.36163339779776,0.478890061378479,7.997991679428458,False
0.7315,206.39771388837335,0.4788806438446045,7.971959534959926,False
0.732,206.41793227654674,0.47894972562789917,7.945727326650668,False
0.7325,206.42198273053953,0.47909700870513916,7.919740919358094,False
0.733,206.4098235596872,0.4793195426464081,7.894369897643561,False
0.7335,206.38165430013737,0.4796140789985657,7.86999156783167,False
0.734,206.33792437946806,0.4799763858318329,7.846999772350523,False
0.7345,206.27933009555517,0.48040059208869934,7.825736470645014,False
0.735,206.20679717282832,0.4808804392814636,7.806546263616866,False
0.7355,206.12146670185865,0.48140808939933777,7.789697751693374,False
0.736,206.0246725484156,0.4819759428501129,7.77548440463575,False
0.7365,205.91793215795173,0.4825747311115265,7.764113500095085,False
0.737,205.80291211681677,0.483195424079895,7.75578089983765,False
0.7375,205.68140960644806,0.4838281273841858,7.750617338329077,False
0.738,205.555320494639,0.48446303606033325,7.748718996866244,False
0.7385,205.42661857508256,0.48509031534194946,7.750149791580702,False
0.739,205.2973204590829,0.48569950461387634,7.754865698957942,False
0.7395,205.1694441619504,0.4862813651561737,7.762817541421437,False
0.74,205.04499595700997,0.48682665824890137,7.773910188541143,False
0.7405,204.9259352498339,0.48732635378837585,7.787966725872607,False
0.741,204.814134443707,0.48777246475219727,7.80476674609533,False
0.7415,204.7113571931807,0.48815804719924927,7.824071527998195,False
0.742,204.6192346890227,0.48847657442092896,7.845570847597063,False
0.7425,204.53923046844784,0.48872292041778564,7.8689218983658105,False
0.743,204.47261832241156,0.4888930320739746,7.893746481655861,False
0.7435,204.42046508923085,0.4889843463897705,7.919663905151765,False
0.744,204.3836138870864,0.4889949858188629,7.946235356169919,False
0.7445,204.3626602142621,0.48892495036125183,7.973030212595686,False
0.745,204.3579538362836,0.4887756109237671,7.999639334198104,False
0.7455,204.3695893244649,0.48854878544807434,8.02559369141279,False
0.746,204.3973901709188,0.4882485866546631,8.050480429204622,False
0.7465,204.4409275664247,0.4878799021244049,8.073907786037697,False
0.747,204.4995223638586,0.48744845390319824,8.09548296210664,False
0.7475,204.57225011697142,0.4869614243507385,8.114866199274273,False
0.748,204.65795814735864,0.4864264130592346,8.131729181328527,False
0.7485,204.75528308689587,0.48585245013237,8.145831268899887,False
0.749,204.86268060318523,0.485248327255249,8.156936351161896,False
0.7495,204.97843830176646,0.48462384939193726,8.164874927116848,False
0.75,205.100712416248,0.48398908972740173,8.169545090786029,False
0.7505000000000001,205.22755928287114,0.4833539128303528,8.17087852362893,False
0.751,205.35695792028943,0.4827282428741455,8.16885105844466,False
0.7515000000000001,205.4868505776096,0.4821224510669708,8.163549240658922,False
0.752,205.6151821341319,0.4815452992916107,8.155036386953865,False
0.7525000000000001,205.7399115395545,0.48100602626800537,8.14345166355519,False
0.753,205.85906456432286,0.48051348328590393,8.129032979061147,False
0.7535000000000001,205.9707672579665,0.4800744652748108,8.111975311537181,False
0.754,206.07325479886555,0.47969621419906616,8.092563092082676,False
0.7545000000000001,206.16491880765338,0.47938457131385803,8.071119916058743,False
0.755,206.24432736741778,0.47914397716522217,8.047964302767076,False
0.7555000000000001,206.31024037281614,0.47897836565971375,8.023466826933173,False
0.756,206.36163479603272,0.478890061378479,7.997997205636422,False
0.7565000000000001,206.39771575053987,0.47888052463531494,7.9719521794157755,False
0.757,206.4179312159488,0.47894978523254395,7.945726093409677,False
0.7575000000000001,206.4219822932524,0.47909706830978394,7.919746110208669,False
0.758,206.40982475201747,0.4793194830417633,7.894368761495905,False
0.7585000000000001,206.38165418231614,0.4796140491962433,7.869987177780049,False
0.759,206.3379243022861,0.47997650504112244,7.847007857655058,False
0.7595000000000001,206.27933256115483,0.4804005026817322,7.82573490595862,False
0.76,206.20679857967193,0.4808804392814636,7.806544190770185,False
0.7605000000000001,206.12146806186976,0.48140814900398254,7.789701534332535,False
0.761,206.02467402311277,0.48197585344314575,7.775478492279948,False
0.7615000000000001,205.9179315371514,0.48257479071617126,7.7641136892780915,False
0.762,205.80291047272271,0.48319536447525024,7.755775176823373,False
0.7625000000000001,205.68140566262574,0.4838281571865082,7.750615448632656,False
0.763,205.55531884028997,0.4844631850719452,7.748733339070029,False
0.7635000000000001,205.42662173232594,0.4850901663303375,7.750148443034879,False
0.764,205.29732145203374,0.48569944500923157,7.754857618433756,False
0.7645000000000001,205.169441963275,0.4862814247608185,7.762815808033672,False
0.765,205.04499536364054,0.4868267774581909,7.773921186855645,False
0.7655000000000001,204.92593876947075,0.4873262643814087,7.787968071030848,False
0.766,204.81413720327157,0.4877724051475525,7.804761100460848,False
0.7665000000000001,204.71135673578084,0.48815804719924927,7.82406558579213,False
0.767,204.6192322954192,0.48847663402557373,7.845571446338947,False
0.7675000000000001,204.53922860221383,0.48872292041778564,7.868923047751998,False
0.768,204.47261836933933,0.4888930916786194,7.893754031602627,False
0.7685,204.42046624711085,0.48898419737815857,7.919655887790272,False
0.769,204.38361129847976,0.4889950156211853,7.946230606997305,False
0.7695,204.36265933987767,0.48892515897750854,7.973047478099378,False
0.77,204.357958140544,0.4887754023075104,7.9996345871985985,False
0.7705,204.3695896145145,0.48854872584342957,8.025582189854878,False
0.771,204.39738835357775,0.4882487952709198,8.050490695918231,False
0.7715,204.4409296156339,0.48787981271743774,8.073908775038158,False
0.772,204.49952418420645,0.48744842410087585,8.095480366721675,False
0.7725,204.5722515413694,0.4869614839553833,8.114869350700536,False
0.773,204.65795997164977,0.48642635345458984,8.13172574024185,False
0.7735,204.7552829288693,0.48585245013237,8.145827612009946,False
0.774,204.86267966446653,0.4852483868598938,8.156939013925614,False
0.7745,204.9784377155795,0.4846237897872925,8.164871608512664,False
0.775,205.10071069516098,0.4839891195297241,8.169545165821084,False
0.7755,205.22755775690334,0.4833539128303528,8.170879023001243,False
0.776,205.35695679773625,0.4827282428741455,8.168851904250939,False
0.7765,205.48685000687317,0.4821224510669708,8.163550308080676,False
0.777,205.6151821838925,0.4815452992916107,8.155037522427381,False
0.7775,205.73991160998128,0.481005996465683,8.143449681258014,False
0.778,205.85906357015458,0.48051348328590393,8.129031118686354,False
0.7785,205.97076536045253,0.4800744652748108,8.111973832020146,False
0.779,206.07325228340648,0.47969621419906616,8.092562193865918,False
0.7795,206.16491721505184,0.4793846309185028,8.071125776378992,False
0.78,206.24432787987593,0.4791439175605774,8.047964084037236,False
0.7805,206.31024072135537,0.47897836565971375,8.023466494761527,False
0.781,206.3616349348674,0.478890061378479,7.997996809293988,False
0.7815,206.39771566447624,0.47888052463531494,7.971951776220044,False
0.782,206.41793092190025,0.47894978523254395,7.945725740430643,False
0.7825,206.42198183714885,0.47909706830978394,7.919745856187011,False
0.783,206.40982420165298,0.4793194830417633,7.894368640128002,False
0.7835,206.3816536172555,0.4796140491962433,7.869987203299258,False
0.784,206.3379226144949,0.47997644543647766,7.847001955289037,False
0.7845,206.27932906299026,0.48040056228637695,7.825735909459994,False
0.785,206.20679593472636,0.4808804392814636,7.806546000786231,False
0.7855,206.12146543601986,0.48140808939933777,7.7896978174326135,False
0.786,206.0246714322388,0.4819759428501129,7.77548478251296,False
0.7865,205.91793075263143,0.4825747013092041,7.764111102031397,False
0.787,205.8029107443197,0.4831954836845398,7.7557850737812455,False
0.7875,205.68141057219697,0.4838281273841858,7.750621564301511,False
0.788,205.55532243860424,0.4844629764556885,7.748716641755878,False
0.7885,205.4266190979044,0.48509031534194946,7.7501471158015125,False
0.789,205.2973195202593,0.48569950461387634,7.754863077979822,False
0.7895,205.16944308787745,0.4862814247608185,7.7628213710593945,False
0.79,205.04499699952245,0.48682665824890137,7.77391402129716,False
0.7905,204.9259353237102,0.4873262047767639,7.78795496135068,False
0.791,204.81413235749903,0.487772673368454,7.804776864777978,False
0.7915,204.71136004239028,0.4881580173969269,7.824078458514016,False
0.792,204.61923748398513,0.48847639560699463,7.8455585343308325,False
0.7925,204.53922826014204,0.4887230098247528,7.868918764301089,False
0.793,204.4726169495671,0.48889315128326416,7.893756142661118,False
0.7935,204.4204660627376,0.48898419737815857,7.91965820562139,False
0.794,204.38361234852042,0.4889950156211853,7.946232812371854,False
0.7945,204.36266031852952,0.48892509937286377,7.973043259029027,False
0.795,204.35795795020448,0.48877546191215515,7.999636428620242,False
0.7955,204.36959040958604,0.48854872584342957,8.02558395259043,False
0.796,204.39738887099088,0.488248735666275,8.050486126145524,False
0.7965,204.44092938227533,0.4878799021244049,8.073913414708317,False
0.797,204.49952528203377,0.4874483644962311,8.095478728100522,False
0.7975,204.5722505411813,0.4869614243507385,8.114861532655578,False
0.798,204.6579583431355,0.48642653226852417,8.131736774812568,False
0.7985,204.75528500226102,0.48585233092308044,8.14582624059511,False
0.799,204.8626796858024,0.485248327255249,8.156931194213143,False
0.7995,204.97843644855354,0.4846239387989044,8.164879401878807,False
0.8,205.10071081316087,0.4839889705181122,8.169537649028543,False
0.8005,205.22755444650878,0.48335394263267517,8.170875018966571,False
0.801,205.3569545352078,0.48272839188575745,8.16886410860176,False
0.8015,205.48685271368186,0.48212236166000366,8.163553158040498,False
0.802,205.61518442751154,0.48154520988464355,8.15503042324262,False
0.8025,205.73991276554852,0.4810061454772949,8.143457646090837,False
0.803,205.85906770821177,0.48051342368125916,8.129032178502053,False
0.8035,205.97076968778742,0.4800744652748108,8.111973778026746,False
0.804,206.0732561872715,0.47969621419906616,8.092561056354446,False
0.8045,206.16491898037927,0.47938457131385803,8.07111767523702,False
0.805,206.24432750177402,0.47914403676986694,8.04796824191643,False
0.8055,206.3102414243894,0.47897830605506897,8.023464386621159,False
0.806,206.36163326339272,0.47889000177383423,7.997988605508432,False
0.8065,206.39771212042893,0.4788806438446045,7.9719567126723,False
0.807,206.41793212224042,0.4789498746395111,7.945740323607861,False
0.8075,206.42198539373481,0.47909680008888245,7.9197317899900135,False
0.808,206.4098210956725,0.4793195426464081,7.894360744439097,False
0.8085,206.38165073007104,0.4796142578125,7.870001887877119,False
0.809,206.33792486736604,0.4799762964248657,7.8470011587801105,False
0.8095,206.27933068556774,0.48040056228637695,7.825734603713751,False
0.81,206.2067967132906,0.4808804392814636,7.806544380038593,False
0.8105,206.12146646570113,0.48140814900398254,7.7897021778162525,False
0.811,206.02467291411307,0.48197585344314575,7.775479490099315,False
0.8115,205.9179298770172,0.4825747311115265,7.764108837523733,False
0.812,205.80290874484226,0.4831954836845398,7.755783185723343,False
0.8125,205.68140775109873,0.4838281273841858,7.750620306139382,False
0.8130000000000001,205.5553192044233,0.4844629764556885,7.748716173541842,False
0.8135,205.42661590617595,0.48509031534194946,7.750147484618901,False
0.8140000000000001,205.29731739370118,0.48569953441619873,7.754867234746423,False
0.8145,205.16944218191583,0.4862813651561737,7.762819732376443,False
0.8150000000000001,205.04499530983082,0.48682665824890137,7.773912719924122,False
0.8155,204.92593541556036,0.48732632398605347,7.7879662287263525,False
0.8160000000000001,204.81413433282162,0.48777246475219727,7.804766241971151,False
0.8165,204.71135797876482,0.48815810680389404,7.824077110322014,False
0.8170000000000001,204.6192366178974,0.4884764850139618,7.845566821415803,False
0.8175,204.53923182815996,0.4887230098247528,7.868926699926411,False
0.8180000000000001,204.47262208520593,0.4888930320739746,7.893750619886646,False
0.8185,204.4204684108185,0.48898422718048096,7.919654799047439,False
0.8190000000000001,204.3836126980449,0.4889950156211853,7.946229058050647,False
0.8195,204.3626586638255,0.48892509937286377,7.9730396743498835,False
0.8200000000000001,204.3579562618415,0.4887755513191223,7.999642519072783,False
0.8205,204.36959207451986,0.48854872584342957,8.025590044528455,False
0.8210000000000001,204.39739302642988,0.48824870586395264,8.050488382151295,False
0.8215,204.4409337885489,0.4878798723220825,8.073911479554425,False
0.8220000000000001,204.4995294105162,0.48744842410087585,8.095481852130746,False
0.8225,204.57225481344656,0.48696136474609375,8.114857398670377,False
0.8230000000000001,204.65796005055518,0.48642653226852417,8.131731865158894,False
0.8235,204.75528509992796,0.4858523905277252,8.14582727011338,False
0.8240000000000001,204.86268031951315,0.485248327255249,8.156932128242005,False
0.8245,204.97843694886754,0.48462390899658203,8.164877098099717,False
0.8250000000000001,205.1007123367068,0.48398908972740173,8.169547448177617,False
0.8255,205.22755931443487,0.483353853225708,8.170874699484285,False
0.8260000000000001,205.35695706685112,0.4827283024787903,8.168853534084421,False
0.8265,205.48685111909268,0.4821224510669708,8.163551756523205,False
0.8270000000000001,205.61518280953018,0.48154523968696594,8.1550325431499,False
0.8275,205.73991126436286,0.48100608587265015,8.14345397159682,False
0.8280000000000001,205.85906554624262,0.48051348328590393,8.129035193616138,False
0.8285,205.97076874982858,0.4800744354724884,8.111974094697722,False
0.8290000000000001,206.073255504142,0.47969621419906616,8.092561586337775,False
0.8295,206.16491864310044,0.47938457131385803,8.071118339487024,False
0.8300000000000001,206.24432755077964,0.47914403676986694,8.047968943980242,False
0.8305,206.31024184474575,0.47897830605506897,8.02346502662714,False
0.8310000000000001,206.36163280645297,0.47888994216918945,7.99798302628297,False
0.8315,206.3977116769007,0.47888079285621643,7.97196681666269,False
0.8320000000000001,206.41793416542106,0.47894972562789917,7.945734648962601,False
0.8325,206.4219853996428,0.4790968596935272,7.91973207314186,False
0.833,206.4098218461927,0.47931957244873047,7.8943640409518,False
0.8335,206.38165317477618,0.4796142578125,7.870004762844847,False
0.834,206.33792743769533,0.47997623682022095,7.846997148917668,False
0.8345,206.2793314747517,0.48040059208869934,7.825733264579361,False
0.835,206.2067979030874,0.4808804988861084,7.806549001833254,False
0.8355,206.12146882517533,0.48140808939933777,7.78970011482387,False
0.836,206.0246739615456,0.48197585344314575,7.775476981180499,False
0.8365,205.91793067754463,0.48257479071617126,7.764112299145097,False
0.837,205.80291131191134,0.4831954836845398,7.75578620619916,False
0.8375,205.68141051219513,0.483828067779541,7.7506164256693255,False
0.838,205.555320835269,0.48446303606033325,7.748717921911155,False
0.8385,205.42661890188242,0.48509034514427185,7.750151728240654,False
0.839,205.2973206122259,0.48569944500923157,7.7548613802316435,False
0.8395,205.1694431854668,0.4862814247608185,7.762819519184784,False
0.84,205.0449961112744,0.48682665824890137,7.773912272515626,False
0.8405,204.92593475124255,0.4873262643814087,7.787959583032636,False
0.841,204.81413196001412,0.48777255415916443,7.80476925692465,False
0.8415,204.71135625195532,0.48815804719924927,7.824074481531469,False
0.842,204.61923366174366,0.4884764850139618,7.845564799097103,False
0.8425,204.53922692521454,0.48872295022010803,7.868919526343597,False
0.843,204.47261499028676,0.4888930916786194,7.893751164610032,False
0.8435,204.42046223173872,0.48898422718048096,7.919657059060519,False
0.844,204.38360825492322,0.4889950156211853,7.946232690191897,False
0.8445,204.36265652402875,0.48892509937286377,7.973044156396692,False
0.845,204.35795496439223,0.48877546191215515,7.999638202361314,False
0.8455,204.36958862196562,0.48854872584342957,8.025586343300567,False
0.846,204.39738850044276,0.488248735666275,8.050488795564055,False
0.8465,204.44092988319534,0.4878798723220825,8.07391298487213,False
0.847,204.4995255117658,0.4874483644962311,8.095478203659694,False
0.8475,204.57225047375937,0.4869614243507385,8.114860987287965,False
0.848,204.6579579937703,0.48642653226852417,8.131736283722695,False
0.8485,204.7552844245972,0.48585233092308044,8.145825870184606,False
0.849,204.86267896394915,0.485248327255249,8.156930993093898,False
0.8495,204.9784356850296,0.4846239387989044,8.164879394446402,False
0.85,205.1007112595761,0.48398903012275696,8.16954386623767,False
0.8505,205.22755758026702,0.4833539128303528,8.170877673075706,False
0.851,205.3569570703405,0.4827283024787903,8.168856733366079,False
0.8515,205.4868522479921,0.48212242126464844,8.163551708949406,False
0.852,205.61518381069405,0.48154523968696594,8.155032216213284,False
0.8525,205.73991200021322,0.48100608587265015,8.143453416679419,False
0.853,205.85906591892626,0.48051348328590393,8.129034493154496,False
0.8535,205.97076929808387,0.4800744652748108,8.111976378694346,False
0.854,206.07325605278095,0.4796961545944214,8.092557511169142,False
0.8545,206.1649181355072,0.4793846309185028,8.071120477179493,False
0.855,206.24432823355139,0.47914403676986694,8.047971058024652,False
0.8555,206.31024359681638,0.47897830605506897,8.02346681914561,False
0.856,206.36163535810417,0.47888994216918945,7.997984250899784,False
0.8565,206.3977134674551,0.47888073325157166,7.971961243235438,False
0.857,206.41793280861725,0.47894972562789917,7.945729019822667,False
0.8575,206.42198352696752,0.4790969789028168,7.9197393238195755,False
0.858,206.40982224248035,0.4793194830417633,7.894362144963031,False
0.8585,206.38165133333302,0.4796141982078552,7.869996832152837,False
0.859,206.3379244959418,0.4799763858318329,7.84700541029252,False
0.8595,206.2793314304682,0.4804005026817322,7.825732582414599,False
0.86,206.20679631221643,0.4808804392814636,7.806542314113272,False
0.8605,206.12146618552157,0.4814082086086273,7.789706419745013,False
0.861,206.02467491766805,0.48197585344314575,7.7754835050808255,False
0.8615,205.91793324355226,0.4825747013092041,7.764109042677572,False
0.862,205.8029119164918,0.4831954836845398,7.75578253608222,False
0.8625,205.68141029232305,0.4838281273841858,7.750618910753888,False
0.863,205.55532195215065,0.48446303606033325,7.74872028938263,False
0.8635,205.426619414427,0.4850902557373047,7.750144588092487,False
0.864,205.29731905609822,0.48569953441619873,7.75486366635311,False
0.8645,205.16944181088743,0.4862813651561737,7.762815997106842,False
0.865,205.04499416284207,0.48682671785354614,7.7739153670721315,False
0.8655,204.9259357662934,0.48732632398605347,7.787968978443057,False
0.866,204.81413610063174,0.48777246475219727,7.804768716539851,False
0.8665,204.71135801191522,0.4881579577922821,7.82406391699241,False
0.867,204.6192325803186,0.48847663402557373,7.845569576021862,False
0.8675,204.539228451442,0.48872295022010803,7.86892424454459,False
0.868,204.4726177176202,0.4888930320739746,7.893749166122709,False
0.8685,204.42046480783281,0.48898428678512573,7.9196605395844255,False
0.869,204.3836124314987,0.4889950156211853,7.9462352971912225,False
0.8695,204.36265999416617,0.4889250099658966,7.97303653189291,False
0.87,204.35795468598317,0.48877549171447754,7.999633247813751,False
0.8705,204.36958803260666,0.4885488450527191,8.025593825275426,False
0.871,204.39739019897513,0.48824864625930786,8.050486888793328,False
0.8715,204.4409304263955,0.4878798723220825,8.073910788241763,False
0.872,204.4995259837174,0.48744842410087585,8.095482041043645,False
0.8725,204.57225179219895,0.48696136474609375,8.114858424205867,False
0.873,204.65795784094368,0.48642653226852417,8.131733569890033,False
0.8735,204.75528512768986,0.48585245013237,8.145835430792596,False
0.874,204.86268295284262,0.48524823784828186,8.156930676473921,False
0.8745,204.97843743379858,0.48462384939193726,8.164869060736857,False
0.875,205.10071023249293,0.4839891791343689,8.169548899121704,False
0.8755000000000001,205.22755931850898,0.4833539128303528,8.170882611715095,False
0.876,205.3569595506642,0.4827282130718231,8.168851831844787,False
0.8765000000000001,205.4868524720025,0.4821224510669708,8.163549552082635,False
0.877,205.6151840226387,0.4815452992916107,8.155036202138152,False
0.8775000000000001,205.7399131579397,0.48100602626800537,8.143451018340345,False
0.878,205.85906569105362,0.48051348328590393,8.12903197323716,False
0.8785000000000001,205.97076891218396,0.48007452487945557,8.11198015100148,False
0.879,206.07325713347143,0.479696124792099,8.092558083938181,False
0.8795000000000001,206.1649194239485,0.4793846309185028,8.071120737740626,False
0.88,206.24432954375322,0.47914403676986694,8.047970976067202,False
0.8805000000000001,206.31024474341848,0.47897830605506897,8.0234664133459,False
0.881,206.36163736417214,0.47889000177383423,7.997989653425885,False
0.8815000000000001,206.39771522390362,0.4788805842399597,7.971950585235015,False
0.882,206.41793106918976,0.4789498448371887,7.945730814458998,False
0.8825000000000001,206.42198290693074,0.4790969789028168,7.919741428942854,False
0.883,206.4098239925968,0.4793195426464081,7.894370326828073,False
0.8835000000000001,206.38165314133994,0.4796139895915985,7.869982754269549,False
0.884,206.33792099248004,0.47997650504112244,7.847004007714607,False
0.8845000000000001,206.2793286844315,0.48040056228637695,7.82573822433257,False
0.885,206.20679563875728,0.48088037967681885,7.80654218316025,False
0.8855000000000001,206.121465503377,0.4814082086086273,7.789706466672802,False
0.886,206.02467432229793,0.48197585344314575,7.775483719410396,False
0.8865000000000001,205.9179328159989,0.4825747013092041,7.7641093908434655,False
0.887,205.8029117124734,0.4831954836845398,7.755782966723728,False
0.8875000000000001,205.68141033517315,0.4838281273841858,7.750619362327314,False
0.888,205.55532105594835,0.4844629764556885,7.7487146515597685,False
0.8885000000000001,205.4266173716251,0.48509034514427185,7.750148629289961,False
0.889,205.2973187488995,0.48569950461387634,7.754864915978716,False
0.8895000000000001,205.16944219118565,0.4862813651561737,7.762817236914607,False
0.89,205.0449951633506,0.48682671785354614,7.77391642734752,False
0.8905000000000001,204.92593607806566,0.4873262643814087,7.787963687676815,False
0.891,204.81413417549933,0.48777249455451965,7.804766724627059,False
0.8915000000000001,204.71135808947534,0.48815810680389404,7.824077598889002,False
0.892,204.61923582688303,0.488476425409317,7.845561227240927,False
0.8925000000000001,204.53922931209263,0.4887230694293976,7.86892770273096,False
0.893,204.47262031955273,0.4888930320739746,7.893752175874223,False
0.8935000000000001,204.42046761955257,0.48898422718048096,7.919656685077194,False
0.894,204.38361296812644,0.4889950156211853,7.946231010955165,False
0.8945000000000001,204.3626599363505,0.48892509937286377,7.973041427381769,False
0.895,204.35795663900782,0.48877546191215515,7.999634816367285,False
0.8955000000000001,204.36958950200537,0.48854878544807434,8.025588789246104,False
0.896,204.39739002209785,0.48824870586395264,8.050487848957241,False
0.8965,204.44093077089434,0.4878798723220825,8.073911726451449,False
0.897,204.49952679197315,0.48744842410087585,8.095482829583117,False
0.8975,204.57225237644926,0.48696133494377136,8.114855948271925,False
0.898,204.65795763399072,0.48642656207084656,8.131734130441163,False
0.8985,204.75528409720127,0.4858523905277252,8.14582997946891,False
0.899,204.8626797001965,0.48524826765060425,8.156928872171397,False
0.8995,204.97843466015985,0.48462390899658203,8.164874221960682,False
0.9,205.1007093011022,0.4839891195297241,8.16954835936312,False
0.9005,205.22755703657182,0.483353853225708,8.170876304849477,False
0.901,205.35695584836537,0.4827283024787903,8.16885559653612,False
0.9015,205.48685110866364,0.4821224510669708,8.16355397943659,False
0.902,205.61518340571183,0.48154520988464355,8.155031588953127,False
0.9025,205.73991129747841,0.48100608587265015,8.143452935024117,False
0.903,205.8590650230032,0.48051348328590393,8.12903422172971,False
0.9035,205.97076833876034,0.4800744652748108,8.111976351378457,False
0.904,206.07325516633327,0.4796961545944214,8.092557726832638,False
0.9045,206.1649174453304,0.4793846309185028,8.071120900455984,False
0.905,206.24432783293233,0.47914403676986694,8.047971624935066,False
0.9055,206.31024235707295,0.4789782464504242,8.02346138005426,False
0.906,206.36163368262748,0.478890061378479,7.997991645375039,False
0.9065,206.39771412893515,0.4788806438446045,7.9719594316433735,False
0.907,206.41793243981385,0.47894972562789917,7.945727170124317,False
0.9075,206.42198279511894,0.47909700870513916,7.91974073284451,False
0.908,206.40982351858898,0.4793195426464081,7.8943697080857795,False
0.9085,206.38165534923468,0.47961413860321045,7.869997471080797,False
0.909,206.33792551771572,0.47997623682022095,7.846989825587231,False
0.9095,206.2793281943176,0.4804007112979889,7.825739071991193,False
0.91,206.20679683207788,0.4808804392814636,7.806549158723833,False
0.9105,206.12146793495606,0.48140808939933777,7.789700528974376,False
0.911,206.0246733724539,0.48197585344314575,7.775477589081892,False
0.9115,205.9179316470619,0.48257485032081604,7.764119068864652,False
0.912,205.80291343032445,0.48319536447525024,7.755780153997494,False
0.9125,205.68140805130926,0.48382800817489624,7.7506042152648496,False
0.913,205.5553162355119,0.48446324467658997,7.748728337336956,False
0.9135,205.42661847101553,0.4850902557373047,7.750153501382433,False
0.914,205.2973199891285,0.4856993854045868,7.754857097563407,False
0.9145,205.16944093866437,0.48628145456314087,7.762818704706837,False
0.915,205.04499479714696,0.48682671785354614,7.7739181048600665,False
0.9155,204.9259366288175,0.4873262643814087,7.7879653408329785,False
0.916,204.8141349703691,0.48777246475219727,7.804765114539813,False
0.9165,204.71135796619453,0.48815810680389404,7.824075902276347,False
0.917,204.619237119868,0.48847654461860657,7.845571720990539,False
0.9175,204.53923314263764,0.48872292041778564,7.8689221114579375,False
0.918,204.47262087124534,0.4888930320739746,7.893746019588106,False
0.9185,204.4204671690636,0.4889843463897705,7.919662845028561,False
0.919,204.38361522525915,0.4889949858188629,7.946233854608415,False
0.9195,204.3626629190838,0.4889250695705414,7.973040512233818,False
0.92,204.3579594437795,0.48877549171447754,7.999636233877136,False
0.9205,204.3695928031155,0.48854878544807434,8.025589416632014,False
0.921,204.39739335980445,0.48824870586395264,8.050487616971473,False
0.9215,204.4409325547829,0.48787981271743774,8.0739046678055,False
0.922,204.4995252641589,0.48744845390319824,8.095478822065049,False
0.9225,204.57225171010037,0.4869614839553833,8.114867644414474,False
0.923,204.65796036113045,0.4864264130592346,8.131730131604725,False
0.9235,204.75528446634235,0.4858523905277252,8.145825579008912,False
0.924,204.86267884786304,0.485248327255249,8.156930711672173,False
0.9245,204.97843543028114,0.4846239387989044,8.164879161439522,False
0.925,205.10071090417648,0.48398903012275696,8.169543712930711,False
0.9255,205.2275571755186,0.4833539128303528,8.170877619152012,False
0.926,205.35695667350592,0.4827283024787903,8.168856784344891,False
0.9265,205.4868519142217,0.48212242126464844,8.163551855630553,False
0.927,205.61518358534877,0.48154523968696594,8.155032436188765,False
0.9275,205.73991191265952,0.48100608587265015,8.143453677680375,False
0.928,205.85906597866477,0.48051348328590393,8.129034757742705,False
0.9285,205.97076949373678,0.4800744652748108,8.111976609619148,False
0.929,206.0732563540492,0.4796961545944214,8.092557676619942,False
0.9295,206.16491849778157,0.4793846309185028,8.071120555186274,False
0.93,206.2443286044831,0.47914403676986694,8.047971039388775,False
0.9305,206.31024392387616,0.47897830605506897,8.023466708503154,False
0.931,206.36163677756807,0.47889000177383423,7.997990133900282,False
0.9315,206.39771494817222,0.4788805842399597,7.971951179280439,False
0.932,206.41793113667785,0.4789498448371887,7.9457314358007025,False
0.9325,206.42198330079856,0.4790969789028168,7.919741989317652,False
0.933,206.409823462964,0.4793194830417633,7.89436467877374,False
0.9335,206.3816537973205,0.4796141982078552,7.869998880205644,False
0.934,206.3379260480132,0.4799762964248657,7.846997593025112,False
0.9345,206.27933163613798,0.4804006516933441,7.825740092637903,False
0.935,206.20679872554624,0.48088034987449646,7.8065401476992085,False
0.9355,206.12146722530423,0.4814082086086273,7.789703800869855,False
0.936,206.02467446900462,0.48197585344314575,7.775480809423494,False
0.9365,205.91793199292954,0.4825747311115265,7.764109676028061,False
0.937,205.80291111518267,0.4831954836845398,7.755783437519161,False
0.9375,205.68141004148654,0.4838281273841858,7.7506199493332035,False
0.9380000000000001,205.55532109975792,0.4844629764556885,7.748715270998903,False
0.9385,205.42661773939645,0.48509034514427185,7.750149194965452,False
0.9390000000000001,205.29731821444344,0.48569944500923157,7.754859310734636,False
0.9395,205.1694404916553,0.48628145456314087,7.762821205980032,False
0.9400000000000001,205.0449945480453,0.48682665824890137,7.773914511403767,False
0.9405,204.92593450763763,0.4873262643814087,7.787962055626392,False
0.9410000000000001,204.81413188530146,0.48777249455451965,7.804765593119652,False
0.9415,204.7113565593878,0.4881581664085388,7.824083135846441,False
0.9420000000000001,204.61923734533897,0.488476425409317,7.845566764298094,False
0.9425,204.5392313149567,0.48872295022010803,7.868920447165669,False
0.9430000000000001,204.47261947439415,0.4888930916786194,7.893750938202773,False
0.9435,204.42046619896243,0.48898422718048096,7.919655740526762,False
0.9440000000000001,204.38361117721456,0.4889950156211853,7.946230481664299,False
0.9445,204.3626591635021,0.48892515897750854,7.973047391267432,False
0.9450000000000001,204.35795793417876,0.4887754023075104,7.999634549871781,False
0.9455,204.36958940685267,0.48854872584342957,8.025582206089807,False
0.9460000000000001,204.3973881729265,0.4882487952709198,8.050490762405484,False
0.9465,204.44092948607786,0.48787981271743774,8.073908881685924,False
0.9470000000000001,204.49952412240543,0.48744842410087585,8.095480498147818,False
0.9475,204.57225155441344,0.4869614839553833,8.114869488419615,False
0.9480000000000001,204.65796005624756,0.48642635345458984,8.131725865242599,False
0.9485,204.7552830719653,0.48585245013237,8.145827707368724,False
0.9490000000000001,204.86267984518685,0.4852483868598938,8.156939067099257,False
0.9495,204.97843790822753,0.4846237897872925,8.164871612999988,False
0.9500000000000001,205.1007108728413,0.4839891195297241,8.169545121970076,False
0.9505,205.22755789526707,0.4833539128303528,8.170878937857907,False
0.9510000000000001,205.35695687832757,0.4827282428741455,8.16885179047905,False
0.9515,205.48685001961294,0.4821224510669708,8.16355018211123,False
0.9520000000000001,205.6151821283591,0.4815452992916107,8.155037402103549,False
0.9525,205.7399120757234,0.48100602626800537,8.143452608799612,False
0.9530000000000001,205.85906439213787,0.48051342368125916,8.129027669007474,False
0.9535,205.9707654320559,0.48007452487945557,8.111976476532783,False
0.9540000000000001,206.07325493297296,0.47969627380371094,8.092570693649233,False
0.9545,206.16492123515715,0.47938448190689087,8.0711178524219,False
0.9550000000000001,206.24432729223034,0.4791439175605774,8.047955709836335,False
0.9555,206.3102386525594,0.4789785146713257,8.023474028173474,False
0.9560000000000001,206.36163472553065,0.47888994216918945,7.997992193310746,False
0.9565,206.39771418634422,0.4788805842399597,7.971953609152089,False
0.9570000000000001,206.41793056010778,0.47894978523254395,7.945727815438008,False
0.9575,206.42198083926408,0.4790969789028168,7.919738770307958,False
0.9580000000000001,206.40982128502043,0.47931957244873047,7.894371411041916,False
0.9585,206.38165304215633,0.4796140789985657,7.869993545935303,False
0.9590000000000001,206.33792310524336,0.4799763262271881,7.84699585880946,False
0.9595,206.279329222698,0.4804007112979889,7.825745285577763,False
0.96,206.20679930165196,0.48088034987449646,7.80654558057871,False
0.9605,206.12146827350557,0.48140808939933777,7.789696583355026,False
0.961,206.02467217171838,0.48197588324546814,7.7754768649869375,False
0.9615,205.9179301698261,0.48257485032081604,7.764118695481483,False
0.962,205.80291188808405,0.48319536447525024,7.755780175449567,False
0.9625,205.68140783668727,0.483828067779541,7.750610670582478,False
0.963,205.55531711218944,0.4844631254673004,7.748722303538571,False
0.9635,205.4266160750702,0.4850902557373047,7.750147667005613,False
0.964,205.2973176438986,0.48569953441619873,7.754867362569903,False
0.9645,205.1694424772473,0.4862813651561737,7.762819789285703,False
0.965,205.04499560881618,0.48682665824890137,7.773912699682113,False
0.9655,204.92593567721448,0.48732632398605347,7.787966135796316,False
0.966,204.81413452222708,0.48777246475219727,7.804766090631898,False
0.9665,204.71135691972293,0.48815804719924927,7.82407089793519,False
0.967,204.61923353399763,0.48847654461860657,7.845567317175376,False
0.9675,204.53922927878466,0.4887230098247528,7.868927923941452,False
0.968,204.47261983378198,0.4888930022716522,7.8937493812746125,False
0.9685,204.4204657082548,0.48898422718048096,7.919654200963604,False
0.969,204.38361105997743,0.4889950752258301,7.946235183588962,False
0.9695,204.36266039061798,0.48892509937286377,7.973045786869204,False
0.97,204.35795820885843,0.4887754023075104,7.999632751718719,False
0.9705,204.3695909815528,0.4885488450527191,8.025592492209569,False
0.971,204.39739218415497,0.48824864625930786,8.050484917478986,False
0.9715,204.44093119673505,0.4878798723220825,8.073908460539558,False
0.972,204.49952602605146,0.48744845390319824,8.095482691112139,False
0.9725,204.57225217367005,0.48696136474609375,8.114859019117253,False
0.973,204.65795850244058,0.48642653226852417,8.131734029173773,False
0.9735,204.75528369597075,0.48585233092308044,8.145823644817538,False
0.974,204.86267883351664,0.4852484166622162,8.156938144025133,False
0.9745,204.9784376410131,0.48462384939193726,8.164877036349976,False
0.975,205.1007117886456,0.48398903012275696,8.169541184388292,False
0.9755,205.22755663743524,0.4833539128303528,8.170875045995405,False
0.976,205.3569559669979,0.48272836208343506,8.168860565961033,False
0.9765,205.48685213027787,0.48212236166000366,8.163549505175853,False
0.977,205.61518252946342,0.48154523968696594,8.155030196497693,False
0.9775,205.7399109189879,0.4810061454772949,8.143457911064184,False
0.978,205.8590661710828,0.48051342368125916,8.12903288810903,False
0.9785,205.9707686697789,0.4800744652748108,8.111974823548305,False
0.979,206.0732558210488,0.47969621419906616,8.092562283817623,False
0.9795,206.16491930418061,0.47938457131385803,8.071118907964879,False
0.98,206.24432727910457,0.47914397716522217,8.047963241144133,False
0.9805,206.31023972426493,0.47897836565971375,8.023465862725851,False
0.981,206.36163369051863,0.478890061378479,7.997996472949971,False
0.9815,206.39771435378464,0.47888052463531494,7.971951776843146,False
0.982,206.41793091651385,0.4789498448371887,7.945732140588747,False
0.9825,206.42198347795167,0.4790969789028168,7.919742699588557,False
0.983,206.40982281659228,0.47931942343711853,7.894359224503476,False
0.9835,206.38165148131765,0.4796142578125,7.870000042859446,False
0.984,206.33792515821443,0.4799763262271881,7.8470022892809705,False
0.9845,206.27933155355643,0.48040056228637695,7.8257355815837535,False
0.985,206.20679683735275,0.48088037967681885,7.806539006887257,False
0.9855,206.1214660859704,0.4814082682132721,7.789709275486742,False
0.986,206.02467516352962,0.481975793838501,7.7754801258847035,False
0.9865,205.91793226114495,0.4825747311115265,7.764108866652296,False
0.987,205.80291092925248,0.4831954836845398,7.755782617595959,False
0.9875,205.68140943727553,0.4838281273841858,7.750619232788256,False
0.988,205.55532134465648,0.48446303606033325,7.74872080205306,False
0.9885,205.42661913283803,0.4850902557373047,7.750145216425347,False
0.989,205.2973191319662,0.48569953441619873,7.754864321285416,False
0.9895,205.16944222588748,0.4862813651561737,7.762816588092154,False
0.99,205.04499485260908,0.48682671785354614,7.773915814518142,False
0.9905,204.9259366304247,0.48732632398605347,7.787969224294645,False
0.991,204.8141370173024,0.48777246475219727,7.804768731633528,False
0.9915,204.7113588549902,0.4881579577922821,7.824063704290223,False
0.992,204.61923323658425,0.48847663402557373,7.845569169413658,False
0.9925,204.53922998165496,0.4887230098247528,7.868929723284714,False
0.993,204.47262027664522,0.48889294266700745,7.893744866373376,False
0.9935,204.42046488015455,0.48898428678512573,7.919655900869297,False
0.994,204.3836111986821,0.4889950752258301,7.946236972154362,False
0.9945,204.36266088840028,0.4889250695705414,7.97304441187576,False
0.995,204.35795907556198,0.48877546191215515,7.999637362005196,False
0.9955,204.3695919258713,0.48854872584342957,8.02558454405567,False
0.996,204.39739169827777,0.4882487952709198,8.05049231750017,False
0.9965,204.44093238199608,0.48787975311279297,8.073903441334583,False
0.997,204.4995244603867,0.48744845390319824,8.095477722497616,False
0.9975,204.57225039804803,0.4869614839553833,8.11486681966799,False
0.998,204.6579587308926,0.4864264130592346,8.131729689255645,False
0.9985,204.7552838866568,0.48585245013237,8.145831596809266,False
0.999,204.86268150471858,0.485248327255249,8.15693645747986,False
0.9995,204.97843917859498,0.48462384939193726,8.164874801578607,False
1.0,205.1007131475305,0.48398908972740173,8.169544755381166,False
1.0005,202.67409969375046,0.43944647908210754,0.0,False
1.0010000000000001,197.98909675844783,0.5107219219207764,0.0,False
1.0015,195.15017339410446,0.5756701231002808,6.030612351796354,False
1.002,195.11805459008872,0.5710646510124207,12.005565681571898,False
1.0025,197.4585355171672,0.5348376631736755,14.234368737148202,False
1.0030000000000001,200.30887899449556,0.4968322813510895,12.114152554921658,False
1.0035,201.4196933320734,0.47186800837516785,7.02250561275823,False
1.004,199.9995576419657,0.4859878718852997,3.4758160253661323,False
1.0045,197.68637083693375,0.5227376818656921,4.166909385193636,False
1.0050000000000001,196.42344379299075,0.5508660674095154,8.12950656816316,False
1.0055,197.0116256200887,0.543906033039093,11.512975640035844,False
1.006,198.8469023421034,0.5168704390525818,11.940596017302582,False
1.0065,200.38530116826598,0.4912709593772888,9.38376622562012,False
1.0070000000000001,200.3684666055313,0.48689040541648865,6.187251905176689,False
1.0075,199.03608651845897,0.5045445561408997,4.939154977428469,False
1.008,197.61190453002047,0.5264888405799866,6.211404416096327,False
1.0085,197.14632886798964,0.5405641198158264,9.07553909735248,False
1.0090000000000001,197.91169198396688,0.529215395450592,10.72792130441161,False
1.0095,199.130316306837,0.509038507938385,10.06509221850457,False
1.01,199.6982632524015,0.4969747066497803,7.89867923372954,False
1.0105,199.16071058915338,0.5014022588729858,6.102373020410418,False
1.0110000000000001,198.03138356175765,0.5168988704681396,5.992042878971767,False
1.0115,197.17890676517803,0.5313904881477356,7.483209463583706,False
1.012,197.13207893768606,0.5339540839195251,9.244984439964416,False
1.0125,197.7635886786007,0.5233672261238098,9.789152870018846,False
1.0130000000000001,198.40579121829933,0.5112113356590271,8.868325540621695,False
1.0135,198.44772182879709,0.5077259540557861,7.41852934872867,False
1.014,197.82795209955344,0.513218879699707,6.497709393397254,False
1.0145,197.0013268096592,0.5256533622741699,6.904545456327368,False
1.0150000000000001,196.55517868278847,0.5338870286941528,8.195422768087338,False
1.0155,196.68112931868527,0.5296206474304199,9.020074703937741,False
1.016,197.10000410347442,0.5242418050765991,9.171862635529665,False
1.0165,197.44347114804907,0.5177233219146729,8.517288622628017,False
1.0170000000000001,197.40468372855335,0.5168256163597107,7.680251082765439,False
1.0175,196.96756836937263,0.5183764100074768,7.010169325633663,False
1.018,196.40967452459256,0.529079794883728,7.489508967959845,False
1.0185,196.1698623836597,0.5320172905921936,8.330969128391965,False
1.0190000000000001,196.33376644319546,0.5307815670967102,9.046896671555253,False
1.0195,196.76265182446335,0.5260822772979736,9.226143936584572,False
1.02,197.15538641746951,0.5199616551399231,8.71003743633795,False
1.0205,197.2406837982807,0.5183457136154175,7.998739538888547,False
1.0210000000000001,196.99936350093552,0.519819438457489,7.488393966001374,False
1.0215,196.62714219226675,0.5251911282539368,7.632408077725212,False
1.022,196.43062523328473,0.5290079712867737,8.279209215085212,False
1.0225,196.59036251126957,0.5296987295150757,9.063872633393643,False
1.0230000000000001,197.07385867811428,0.5254364013671875,9.421731637079512,False
1.0235,197.60588926311775,0.5182178020477295,9.018612987070275,False
1.024,197.86056007890994,0.5147581100463867,8.26025623405953,False
1.0245,197.76750297850785,0.5165259838104248,7.749503803948363,False
1.025,197.50217329385424,0.519538402557373,7.676897884119702,False
1.0255,197.32440237242747,0.5242649912834167,8.224269333539514,False
1.026,197.46148599116012,0.5248163938522339,8.926306378019259,False
1.0265,197.90026897303622,0.5212149620056152,9.293047641494779,False
1.027,198.40497428836204,0.5145609974861145,8.970036388034245,False
1.0275,198.66965764566862,0.5109688639640808,8.278424736014538,False
1.028,198.60669793321932,0.5122851133346558,7.774569138085952,False
1.0285,198.37395538113554,0.5157349109649658,7.7266123991765205,False
1.029,198.22232086220617,0.5198603868484497,8.204055282973336,False
1.0295,198.3249607811687,0.5193480253219604,8.691955391703486,False
1.03,198.6286233512628,0.5165796875953674,8.898735015727027,False
1.0305,198.94586560855137,0.5120144486427307,8.6061430914858,False
1.031,199.0619499269526,0.5100051164627075,8.08176704167998,False
1.0315,198.927085822695,0.5111822485923767,7.690162969280683,False
1.032,198.6785094253417,0.515329897403717,7.762660555600208,False
1.0325,198.52711996594,0.5178979635238647,8.129820674374505,False
1.033,198.55007085536744,0.5170140266418457,8.40022665003164,False
1.0335,198.67329396783197,0.5155632495880127,8.47214446292842,False
1.034,198.77453606424288,0.5133680701255798,8.250311966334767,False
1.0345,198.73100710712467,0.512714684009552,7.8998659835526155,False
1.035,198.51713604075795,0.5137818455696106,7.623148318166377,False
1.0355,198.23306147218136,0.5177866220474243,7.735708528392566,False
1.036,198.03807987500477,0.5195688605308533,8.004615012321795,False
1.0365,197.9628592609146,0.5190944671630859,8.172706659962497,False
1.037,197.9490932862264,0.5187610387802124,8.227731799690595,False
1.0375,197.92932660443995,0.5180842280387878,8.12567383260406,False
1.038,197.831776920227,0.5177842378616333,7.912958134693593,False
1.0385,197.61937455032947,0.5181784629821777,7.682452025425481,False
1.039,197.3349773295455,0.5210431218147278,7.704757278708854,False
1.0395,197.10129095182037,0.5233997702598572,7.933971487407649,False
1.04,196.98542881401025,0.5238721370697021,8.166125933374861,False
1.0405,196.98296706868018,0.5244928598403931,8.393878943662285,False
1.041,197.0593414499764,0.5235413312911987,8.444730519917123,False
1.0415,197.11557031578434,0.5220994353294373,8.270955652588395,False
1.042,197.0569567367082,0.5214325785636902,7.975193575633816,False
1.0425,196.85300009254337,0.5218715667724609,7.709070307250336,False
1.043,196.56475179519921,0.5242265462875366,7.70139215116404,False
1.0435,196.34090933622662,0.5273510217666626,8.041530893025922,False
1.044,196.32321934596618,0.5289749503135681,8.559461634234516,False
1.0445,196.5488356994205,0.5283235907554626,8.98796084536722,False
1.045,196.90263421561383,0.5239577889442444,8.92559080813569,False
1.0455,197.145270389298,0.5202232599258423,8.443511210760523,False
1.046,197.13831267293935,0.5202128291130066,7.966970286635813,False
1.0465,196.925463578077,0.5212900042533875,7.670227465168745,False
1.047,196.65798371821634,0.524950385093689,7.851354836280666,False
1.0475,196.55950313558643,0.5276274681091309,8.407209639696182,False
1.048,196.77120568217964,0.528515636920929,9.110909813042255,False
1.0485,197.25720483579377,0.5237004160881042,9.332731620981782,False
1.049,197.7365238802199,0.5172441005706787,8.88036122856685,False
1.0495,197.93435823529964,0.5147780776023865,8.189486718491125,False
1.05,197.8248193599633,0.5166117548942566,7.764792492407802,False
1.0505,197.58924179302775,0.5197290778160095,7.788668874940841,False
1.051,197.46741592202937,0.5233215689659119,8.309227109870486,False
1.0515,197.64139184045644,0.5237696170806885,8.961536901019734,False
1.052,198.08148543419907,0.5196521878242493,9.218925392488542,False
1.0525,198.53970589485564,0.5135428309440613,8.841267020964004,False
1.053,198.74595018531463,0.5108075737953186,8.187786031309761,False
1.0535,198.65160363726747,0.5124011039733887,7.7540040697720345,False
1.054,198.42702915787638,0.5160731673240662,7.793141586475558,False
1.0545,198.30818675185972,0.5192737579345703,8.250879546823334,False
1.055,198.4272399859152,0.5186532139778137,8.69215949383059,False
1.0555,198.71692840500958,0.5156773328781128,8.820180127885363,False
1.056,198.98693828835277,0.5116255879402161,8.496248234357466,False
1.0565,199.05036676844853,0.5101950168609619,7.999280637692014,False
1.057,198.88638887287888,0.5118436217308044,7.6806579469407765,False
1.0575,198.6428937296444,0.5158811211585999,7.805924745056171,False
1.058,198.50753265914653,0.5177508592605591,8.141377475267683,False
1.0585,198.5260178805926,0.5168288350105286,8.363502358856012,False
1.059,198.6227755845162,0.5156476497650146,8.407173780181052,False
1.0595,198.68945673678073,0.5138431191444397,8.193770570040105,False
1.06,198.61796242542772,0.51329106092453,7.860436327312813,False
1.0605,198.38765098787053,0.5145029425621033,7.612514839104865,False
1.061,198.10253790558,0.5185922384262085,7.757076792969597,False
1.0615,197.91526954507358,0.52004474401474,8.01821506193508,False
1.062,197.84249710090302,0.5195947289466858,8.175345035116301,False
1.0625,197.8261001643869,0.5193433165550232,8.22466919822501,False
1.063,197.8013404495989,0.5187031030654907,8.12003837333581,False
1.0635000000000001,197.69901239920546,0.5184623003005981,7.911855617749875,False
1.064,197.48506134791302,0.5188612937927246,7.688545200937621,False
1.0645,197.20176915333968,0.5216212868690491,7.710349530181459,False
1.065,196.96995030881226,0.5239878296852112,7.943848495805203,False
1.0655000000000001,196.86198660249104,0.5246352553367615,8.202193587801839,False
1.066,196.88014026029342,0.5251932740211487,8.453438748135577,False
1.0665,196.98529308582957,0.5240067839622498,8.506726934249258,False
1.067,197.06714578848562,0.5222844481468201,8.310209667685744,False
1.0675000000000001,197.02187298554438,0.5215200185775757,7.987399487690997,False
1.068,196.81995480203352,0.5219844579696655,7.7057054108647245,False
1.0685,196.52969400795666,0.5243976712226868,7.699548745438368,False
1.069,196.30935927970074,0.527633011341095,8.063679740578042,False
1.0695000000000001,196.31036749592764,0.5293251276016235,8.62158862062769,False
1.07,196.57087910413182,0.5283719897270203,9.065701077438332,False
1.0705,196.9589659335315,0.5234333872795105,8.965436339943551,False
1.071,197.21523760551702,0.5195736885070801,8.438388582598698,False
1.0715000000000001,197.20472733573794,0.5197986960411072,7.949898550589668,False
1.072,196.9869099192356,0.5209864377975464,7.663401573580464,False
1.0725,196.72694582825216,0.5249344706535339,7.89242655860238,False
1.073,196.65626102222035,0.5273305773735046,8.472318186750481,False
1.0735000000000001,196.9026371451542,0.5279216170310974,9.170144393501937,False
1.074,197.41084155168573,0.5225250720977783,9.326720524051456,False
1.0745,197.88069792013255,0.5161811709403992,8.822384506535384,False
1.075,198.05122090787393,0.5141710638999939,8.13227992785787,False
1.0755000000000001,197.9202613947981,0.5161892175674438,7.734381180534454,False
1.076,197.68711041323232,0.5198248028755188,7.839343756772189,False
1.0765,197.59718275893204,0.5228146314620972,8.375350092254445,False
1.077,197.80223881110672,0.5229167342185974,8.998039584325726,False
1.0775000000000001,198.2474561326294,0.5182735919952393,9.163975065389394,False
1.078,198.66876247913865,0.5125489234924316,8.730749200092344,False
1.0785,198.82271765253935,0.5105444192886353,8.098761256415436,False
1.079,198.69260157321318,0.5123363137245178,7.70914036659694,False
1.0795000000000001,198.46558878199332,0.5166165232658386,7.849008930624828,False
1.08,198.37772715732015,0.5189730525016785,8.309315427108125,False
1.0805,198.5190173011696,0.5180449485778809,8.70503220532924,False
1.081,198.79833349832342,0.5147350430488586,8.740955951126857,False
1.0815000000000001,199.01801963430853,0.5112200975418091,8.374330123749283,False
1.082,199.02142022259312,0.5104342699050903,7.9011942386567044,False
1.0825,198.81775353109006,0.5124343633651733,7.6420845242626,False
1.083,198.57199914680893,0.5168894529342651,7.861966905027564,False
1.0835000000000001,198.4640360128508,0.517900288105011,8.191293796429367,False
1.084,198.498780152129,0.5167866945266724,8.371970015235696,False
1.0845,198.58514624143226,0.5154759287834167,8.350412741625574,False
1.085,198.613350672069,0.5140369534492493,8.105291642862781,False
1.0855000000000001,198.4939733959557,0.513799250125885,7.774236400284626,False
1.086,198.23328385869428,0.5158213376998901,7.612259184162636,False
1.0865,197.95663457575222,0.519622802734375,7.810350628518532,False
1.087,197.791223284693,0.5204153656959534,8.050746586735704,False
1.0875000000000001,197.73071788987977,0.5201626420021057,8.199745292012098,False
1.088,197.71910038599444,0.5197861194610596,8.22488480738191,False
1.0885,197.68670878269106,0.5191421508789062,8.09607914486293,False
1.089,197.5681678876477,0.5190427303314209,7.882238792976879,False
1.0895,197.33909298987325,0.5195438265800476,7.670161041924518,False
1.09,197.05278530359917,0.5225554704666138,7.734558268327795,False
1.0905,196.83664295369866,0.5247000455856323,7.992491992731972,False
1.091,196.75937553610183,0.5255229473114014,8.294059967436896,False
1.0915,196.8215338324403,0.5256282687187195,8.542719685320666,False
1.092,196.96052270589857,0.5239490866661072,8.544354384200483,False
1.0925,197.04831095933963,0.5220797061920166,8.286880305379945,False
1.093,196.98397243562525,0.5214957594871521,7.933491810269793,False
1.0935,196.75540170202657,0.522149384021759,7.656917974398136,False
1.094,196.45893450189718,0.5253373980522156,7.748403675546223,False
1.0945,196.27771603145405,0.5282387733459473,8.184792253368201,False
1.095,196.3499514871505,0.5297802686691284,8.79875663368363,False
1.0955,196.68692108481795,0.5275406241416931,9.165469245035462,False
1.096,197.09796986526752,0.5217596292495728,8.903050115202777,False
1.0965,197.30813038269616,0.5186081528663635,8.297510924748845,False
1.097,197.22971303592465,0.5195235013961792,7.82325614616139,False
1.0975,196.96685792343803,0.5211892127990723,7.6215108927497335,False
1.098,196.7271312972617,0.5262262225151062,8.05461871602883,False
1.0985,196.76365731340547,0.52787184715271,8.755709133333161,False
1.099,197.1390924192513,0.5264790654182434,9.355127335179896,False
1.0995,197.69482533671024,0.5194018483161926,9.227954711843118,False
1.1,198.08216732125942,0.5140729546546936,8.54695848576695,False
1.1005,198.12200691755896,0.514167845249176,7.918166882134213,False
1.101,197.90619902701184,0.5164216160774231,7.631613303877738,False
1.1015,197.68121548109497,0.5218958854675293,8.039373723011161,False
1.102,197.71122395755214,0.5227310657501221,8.644443985088696,False
1.1025,198.03659738466592,0.5213518738746643,9.154825940243617,False
1.103,198.5135409103375,0.515246570110321,9.03696898667845,False
1.1035,198.83681543478184,0.5106645226478577,8.434422992513113,False
1.104,198.8461569099433,0.5106806755065918,7.85767893962779,False
1.1045,198.62651980726014,0.513458251953125,7.641989303164692,False
1.105,198.4180907398886,0.5186866521835327,8.04917102517751,False
1.1055,198.43735610764526,0.518684983253479,8.514117885553532,False
1.106,198.6613339073434,0.5167929530143738,8.78330742617253,False
1.1065,198.93778976413347,0.51268470287323,8.590641413166626,False
1.107,199.056137150747,0.5103840827941895,8.118036898106178,False
1.1075,198.93486617121272,0.5110582113265991,7.701776494589666,False
1.108,198.67277013041274,0.5147646069526672,7.681647157266206,False
1.1085,198.47087539253602,0.5181305408477783,8.021005649374814,False
1.109,198.43422860554983,0.5176273584365845,8.293037978992214,False
1.1095,198.5022641878141,0.5164317488670349,8.38538135207649,False
1.11,198.56833088105213,0.5148493647575378,8.237453726414842,False
1.1105,198.52207958745876,0.5139878988265991,7.927373093261121,False
1.111,198.31581225411674,0.5146686434745789,7.636263594720656,False
1.1115,198.02147601150472,0.5182756781578064,7.6816229111725844,False
1.112,197.79112575916625,0.5206517577171326,7.937834719664023,False
1.1125,197.677631331158,0.5203365683555603,8.110674104126236,False
1.113,197.63846045035552,0.5205342173576355,8.226741122997618,False
1.1135,197.62773795125344,0.520010232925415,8.201555424082924,False
1.114,197.57331671960168,0.5194693803787231,8.036819793422508,False
1.1145,197.42054224924402,0.5195517539978027,7.814990675805408,False
1.115,197.16581683699013,0.5205621123313904,7.657261149117678,False
1.1155,196.88839296047937,0.5238298773765564,7.808856096781108,False
1.116,196.71418616256318,0.5253421664237976,8.091712933154474,False
1.1165,196.6930335832786,0.5263927578926086,8.43715117961096,False
1.117,196.81678784371488,0.5256298780441284,8.638540265417289,False
1.1175,196.98281009983702,0.5233669281005859,8.534319911621699,False
1.118,197.04730160398677,0.5215859413146973,8.190114642174292,False
1.1185,196.92974536102065,0.5215150117874146,7.821676974134913,False
1.119,196.65443759218667,0.5225678086280823,7.593524328290145,False
1.1195,196.3611882636984,0.5269348621368408,7.867351639810492,False
1.12,196.25988341588143,0.5289585590362549,8.400736028037546,False
1.1205,196.44282188660026,0.5296973586082458,9.021182106865028,False
1.121,196.8586432205164,0.5254698991775513,9.185685451137335,False
1.1215,197.24845202368107,0.5198903679847717,8.74409870603974,False
1.122,197.37424307241585,0.5181627869606018,8.123788121248001,False
1.1225,197.22317901232924,0.5196789503097534,7.722973106534168,False
1.123,196.95206236908393,0.5225396156311035,7.731570881504816,False
1.1235,196.7899776427165,0.5264099836349487,8.257488110330977,False
1.124,196.9376051989412,0.5276237726211548,8.991721671839038,False
1.1245,197.3978586950965,0.5238720178604126,9.370283700004133,False
1.125,197.9255415598636,0.516932487487793,9.03056272010268,False
1.1255,198.20526180646652,0.5132314562797546,8.316927022100815,False
1.1260000000000001,198.1530710132261,0.5147266983985901,7.820224712811059,False
1.1265,197.9256906586869,0.517384946346283,7.717382644887862,False
1.127,197.76319848421207,0.5218579173088074,8.199564076574765,False
1.1275,197.87804935725626,0.5221832394599915,8.80597496523607,False
1.1280000000000001,198.2554561901568,0.519149124622345,9.1296911937413,False
1.1285,198.69015089961468,0.5133477449417114,8.846313405262773,False
1.129,198.91151001956098,0.5102081894874573,8.2320466724448,False
1.1295,198.83689130903025,0.5112698674201965,7.762435262839253,False
1.1300000000000001,198.60580074752275,0.5148465633392334,7.73570390246571,False
1.1305,198.4521213850963,0.518557608127594,8.163335823293169,False
1.131,198.51674822972822,0.517802357673645,8.549650011239358,False
1.1315,198.7378987969668,0.5157405138015747,8.706121779153655,False
1.1320000000000001,198.96148467283072,0.5122126340866089,8.45369312659967,False
1.1325,199.0110298543378,0.5106949210166931,8.00310174978852,False
1.133,198.84604186332177,0.512005090713501,7.674938073390331,False
1.1335,198.587358141112,0.5158267021179199,7.747768226311536,False
1.1340000000000001,198.41317483506208,0.5180916786193848,8.054790813689095,False
1.1345,198.38250898480513,0.5175333023071289,8.274787714860562,False
1.135,198.43087092230604,0.516522228717804,8.32609783586115,False
1.1355,198.4624619983755,0.5153121948242188,8.172985833113442,False
1.1360000000000001,198.38398076825055,0.5146697163581848,7.88087964332888,False
1.1365,198.15949000251288,0.5155602097511292,7.629086179421819,False
1.137,197.86839048690246,0.5192535519599915,7.719406132370822,False
1.1375,197.65350350527265,0.5211079716682434,7.96290752452418,False
1.1380000000000001,197.54919153821362,0.5208970308303833,8.128948695936636,False
1.1385,197.51600264179513,0.5211557745933533,8.242447092738924,False
1.139,197.50926001830743,0.5205944180488586,8.211285467410905,False
1.1395,197.45621169908796,0.5200451612472534,8.04208620358681,False
1.1400000000000001,197.30400625012118,0.5201465487480164,7.821819974669824,False
1.1405,197.05148403359132,0.5211209654808044,7.667371390666367,False
1.141,196.77801273872421,0.5243088006973267,7.820307498626979,False
1.1415,196.61168299062493,0.5259284973144531,8.121791069424992,False
1.1420000000000001,196.61041118982365,0.5270756483078003,8.501238922867202,False
1.1425,196.7663472577281,0.5259848833084106,8.707983533603759,False
1.143,196.96038371584206,0.5232693552970886,8.567794109421579,False
1.1435,197.0363652894232,0.5215251445770264,8.19790065628004,False
1.1440000000000001,196.92060473996378,0.5215166211128235,7.820122790027663,False
1.1445,196.64678459823247,0.5226592421531677,7.603083614057056,False
1.145,196.36354316145048,0.5270461440086365,7.900504725008417,False
1.1455,196.28464702631268,0.5290035009384155,8.45876495545548,False
1.1460000000000001,196.49976125424084,0.5295265913009644,9.087581387213945,False
1.1465,196.94459857616803,0.5247859358787537,9.2128302387877,False
1.147,197.34321494636828,0.5191425681114197,8.730767409489994,False
1.1475,197.46230425316654,0.5176306366920471,8.100267945613865,False
1.1480000000000001,197.3047405534578,0.5193215608596802,7.716556818905124,False
1.1485,197.04230600117955,0.5224514007568359,7.775985149925074,False
1.149,196.9080568854145,0.525924026966095,8.31472571686515,False
1.1495,197.08543197823306,0.5269107818603516,9.036793399024969,False
1.1500000000000001,197.56066669247568,0.5226513743400574,9.349816331624758,False
1.1505,198.07242897099317,0.5158901214599609,8.963097582843588,False
1.151,198.32090778441108,0.5126690864562988,8.255847018135382,False
1.1515,198.24664646339752,0.514401912689209,7.794452340864871,False
1.1520000000000001,198.02214255392406,0.5174278020858765,7.763244268134956,False
1.1525,197.88648461896227,0.5212917923927307,8.248377928676891,False
1.153,198.02220795536073,0.5213568210601807,8.820229236991784,False
1.1535,198.3950680617632,0.5179896354675293,9.06671429618913,False
1.154,198.79100376719393,0.5125975012779236,8.74364734367053,False
1.1545,198.96447015160925,0.5100976228713989,8.155206150574267,False
1.155,198.8609034212918,0.511418342590332,7.736890756120934,False
1.1555,198.62999320975163,0.5152029395103455,7.775076882633932,False
1.156,198.4939515701882,0.5182092785835266,8.183402646654356,False
1.1565,198.56113885371784,0.5173763036727905,8.528414476506416,False
1.157,198.7614041830362,0.5153322815895081,8.635614035670372,False
1.1575,198.9453330928392,0.5122573375701904,8.374858447919387,False
1.158,198.95754859869578,0.5111096501350403,7.950924852521274,False
1.1585,198.7708995740991,0.512523889541626,7.655730980605169,False
1.159,198.50829421515783,0.5164660811424255,7.76574107022326,False
1.1595,198.33919684683494,0.5183097720146179,8.057313830959849,False
1.16,198.30300862813203,0.5177415609359741,8.251735413927841,False
1.1605,198.33380725447182,0.5168712735176086,8.286259105775251,False
1.161,198.34208274821987,0.5158388018608093,8.132198141305365,False
1.1615,198.24394739572622,0.5154072642326355,7.859815398241412,False
1.162,198.01101621019683,0.5163365006446838,7.630535131789404,False
1.1625,197.72167037524736,0.5199764966964722,7.735485168106139,False
1.163,197.512711305585,0.5216907858848572,7.976966316929041,False
1.1635,197.41532595421617,0.5216386914253235,8.15524667275436,False
1.164,197.39385798660456,0.5218400359153748,8.274462745855349,False
1.1645,197.39960348679423,0.5211647748947144,8.237738892085234,False
1.165,197.35497270556502,0.5205244421958923,8.055792136271087,False
1.1655,197.20568209568975,0.520623505115509,7.82690472425382,False
1.166,196.95258257584885,0.5215497612953186,7.665684021268439,False
1.1665,196.67795881795544,0.5247828960418701,7.824516907988569,False
1.167,196.5175032367359,0.5265234112739563,8.15239163996439,False
1.1675,196.53765257103365,0.527730405330658,8.570908925182339,False
1.168,196.7296778022965,0.5262987017631531,8.78687672701239,False
1.1685,196.9559804957048,0.5230362415313721,8.604777420747595,False
1.169,197.04328038483592,0.5212539434432983,8.195657182813715,False
1.1695,196.92439903681932,0.5214277505874634,7.807742006299803,False
1.17,196.64833062862965,0.5227317810058594,7.609196185531592,False
1.1705,196.3763735712452,0.5272076725959778,7.944581778816288,False
1.171,196.32710930515293,0.5290465950965881,8.535542944183197,False
1.1715,196.58232533307975,0.529193103313446,9.162241751602838,False
1.172,197.05676279452373,0.5238373279571533,9.225735129972453,False
1.1725,197.45485896118285,0.5182397961616516,8.691648376352001,False
1.173,197.5553896924603,0.517119824886322,8.058554742135572,False
1.1735,197.38323191112752,0.5189406871795654,7.696364812795956,False
1.174,197.12754306874555,0.522554337978363,7.832392776645017,False
1.1745,197.02897516954465,0.5254663825035095,8.391377998343122,False
1.175,197.24538738511052,0.5261484980583191,9.097453478419121,False
1.1755,197.73937475623862,0.5212134122848511,9.321169164340036,False
1.176,198.22737723488126,0.5147010684013367,8.869674630805187,False
1.1765,198.43114728691583,0.5121505856513977,8.171313426020093,False
1.177,198.3227877170567,0.5140805840492249,7.7453763557286575,False
1.1775,198.0951765279836,0.5177819728851318,7.817562742378426,False
1.178,197.9944184163834,0.5209308862686157,8.325045050957737,False
1.1785,198.16524157221207,0.5205888152122498,8.86303150217789,False
1.179,198.54231227508333,0.5166147947311401,9.00155125120242,False
1.1795,198.89258843061324,0.5116819143295288,8.611854734188231,False
1.18,199.00174494293293,0.5100420713424683,8.046528184263423,False
1.1805,198.85425889225198,0.511709451675415,7.688764070076933,False
1.181,198.62079135835342,0.5160765647888184,7.840283244010448,False
1.1815,198.5180721759453,0.5180423259735107,8.241960901482559,False
1.182,198.60567755700293,0.5169642567634583,8.537262296189876,False
1.1825,198.79306201557716,0.5146803855895996,8.557760466030174,False
1.183,198.92710361789906,0.5121275782585144,8.25865719492125,False
1.1835,198.88231310982664,0.5116284489631653,7.863409061414183,False
1.184,198.65898160226678,0.5132510662078857,7.618473746850169,False
1.1845,198.39265215724015,0.5176149606704712,7.815568173294461,False
1.185,198.24800822091575,0.518700122833252,8.10625614464534,False
1.1855,198.227393428774,0.5178690552711487,8.260430771597033,False
1.186,198.25159626441032,0.5170519351959229,8.251957638713877,False
1.1865,198.23307712976262,0.5161482691764832,8.066178274003997,False
1.187,198.0992309691365,0.5160582065582275,7.799537569162391,False
1.1875,197.8449675765896,0.5175237059593201,7.633507613032686,False
1.188,197.56306088921036,0.520932674407959,7.778337514633299,False
1.1885000000000001,197.37316132931102,0.5222145318984985,8.013101720685238,False
1.189,197.2939256840567,0.5223885774612427,8.204176709009081,False
1.1895,197.29251143077764,0.5223701000213623,8.312612507216745,False
1.19,197.30983840090428,0.5215306878089905,8.24936805531245,False
1.1905000000000001,197.26376520032537,0.5208609700202942,8.042536314293658,False
1.191,197.10365560750458,0.5210200548171997,7.803234347605872,False
1.1915,196.84213058626065,0.5222200155258179,7.669249264735557,False
1.192,196.57540087326453,0.5254583954811096,7.864825420776275,False
1.1925000000000001,196.44034806333372,0.5270735025405884,8.222928840604215,False
1.193,196.49877173341778,0.5281402468681335,8.66090393134019,False
1.1935,196.73162309694425,0.5262699127197266,8.85475520149627,False
1.194,196.9800182115745,0.5225082039833069,8.60508152835948,False
1.1945000000000001,197.06025147629262,0.5209242105484009,8.158183201098584,False
1.195,196.92396659656092,0.5213976502418518,7.7772066460382385,False
1.1955,196.64464266278165,0.523086667060852,7.638098244970299,False
1.196,196.39863431723356,0.5273916721343994,8.02453348198823,False
1.1965000000000001,196.40046028638452,0.5292268395423889,8.66780076929072,False
1.197,196.71690181541467,0.5284629464149475,9.253213446877043,False
1.1975,197.21771580423993,0.5222622752189636,9.189588186140567,False
1.198,197.5851938876726,0.5171016454696655,8.579856931537673,False
1.1985000000000001,197.63558346164695,0.5168803334236145,7.9775430747792795,False
1.199,197.4341028169849,0.518698513507843,7.661376032737116,False
1.1995,197.18879633252365,0.5231167674064636,7.930419363230808,False
1.2,197.15075862017366,0.525118887424469,8.526302265210377,False
1.2005000000000001,197.43279290464162,0.525234043598175,9.199210389423627,False
1.201,197.9551219145238,0.5192170739173889,9.269771570998277,False
1.2015,198.39894745147475,0.5131743550300598,8.711386969589695,False
1.202,198.52572898188535,0.5117881894111633,8.034429257470503,False
1.2025000000000001,198.36278127395286,0.5140870213508606,7.678765312157348,False
1.203,198.13574694938174,0.5187791585922241,7.921357929505986,False
1.2035,198.09485250735912,0.5205444693565369,8.446408581161318,False
1.204,198.32015940173082,0.5197331309318542,8.932932474780145,False
1.2045000000000001,198.70571454277515,0.5148698687553406,8.9135052304414,False
1.205,198.99211236512556,0.5106105804443359,8.429575162844156,False
1.2055,199.0101336886023,0.5100595951080322,7.887736802656633,False
1.206,198.8022430830578,0.51252681016922,7.641223345419235,False
1.2065000000000001,198.5750525845148,0.5174071788787842,7.950179505041906,False
1.207,198.52813485085608,0.5178900957107544,8.340908631935278,False
1.2075,198.6542662953425,0.5165392160415649,8.57446581911062,False
1.208,198.83505595424197,0.5137502551078796,8.466778587409943,False
1.2085000000000001,198.90523621200614,0.511782705783844,8.09551522597515,False
1.209,198.77576034969158,0.51204514503479,7.712169779721534,False
1.2095,198.5046413277677,0.5151723623275757,7.636249390639703,False
1.21,198.26356620366624,0.5187975168228149,7.921232369380172,False
1.2105000000000001,198.16286665861205,0.5186573266983032,8.160335335635198,False
1.211,198.15814189889562,0.5179976224899292,8.265824096642858,False
1.2115,198.17055905278517,0.51713627576828,8.198021851323581,False
1.212,198.11417625620703,0.5164511203765869,7.9765029443329025,False
1.2125000000000001,197.93210175070817,0.5166582465171814,7.71140469998054,False
1.213,197.65160828377455,0.5191501975059509,7.6568775610527755,False
1.2135,197.39173680342907,0.5220342874526978,7.860763520166516,False
1.214,197.23902248858582,0.522574782371521,8.074808938547703,False
1.2145000000000001,197.19081682051413,0.5231442451477051,8.279266251553295,False
1.215,197.21851727695721,0.5226897597312927,8.354800047698868,False
1.2155,197.24442173877253,0.5216360688209534,8.238558063542873,False
1.216,197.18289062757594,0.5210316181182861,7.9931201685697815,False
1.2165,196.99392959643734,0.5213329792022705,7.742908361556778,False
1.217,196.71431563702174,0.5232207179069519,7.681174155595133,False
1.2175,196.46757585756382,0.5263919234275818,7.951824336738347,False
1.218,196.38702419122032,0.527835488319397,8.369703357313762,False
1.2185,196.5168681059448,0.5282395482063293,8.798037875417954,False
1.219,196.79840107485512,0.525351345539093,8.8785638268498,False
1.2195,197.03801393945585,0.5215373039245605,8.517259749365925,False
1.22,197.07034178166555,0.5207509398460388,8.056818542999231,False
1.2205,196.8906514136082,0.5214932560920715,7.711846341118473,False
1.221,196.60679620988094,0.5240698456764221,7.714043156593233,False
1.2215,196.4176854430575,0.5277432799339294,8.183412859892465,False
1.222,196.5126132401524,0.5294726490974426,8.891335966171606,False
1.2225,196.91909755413832,0.5267236232757568,9.331651172153867,False
1.223,197.42585537772732,0.5199741721153259,9.063914870186675,False
1.2235,197.7158563863351,0.5159720182418823,8.38045092328403,False
1.224,197.68238297108695,0.5171574354171753,7.870314238881557,False
1.2245,197.45046657424362,0.5189381241798401,7.660906176882422,False
1.225,197.2396615715845,0.5239039659500122,8.093752077487878,False
1.2255,197.30307965165477,0.5252546072006226,8.773694556988971,False
1.226,197.68607280627657,0.5231629610061646,9.286344655547063,False
1.2265,198.21169248629897,0.5164435505867004,9.111086124191912,False
1.227,198.55443284877046,0.5117481350898743,8.449575508829527,False
1.2275,198.56440524102783,0.5121456980705261,7.870733554972796,False
1.228,198.34864973355315,0.514793872833252,7.663335315829283,False
1.2285,198.1529244282885,0.5199425220489502,8.095365139822583,False
1.229,198.20437418161205,0.5200220942497253,8.617888359550621,False
1.2295,198.4928994642699,0.5180428624153137,8.956735917128485,False
1.23,198.85802076082138,0.51302170753479,8.757784003714182,False
1.2305,199.05150884634065,0.5099766254425049,8.219002513787347,False
1.231,198.97370765314554,0.5106058716773987,7.752993031909077,False
1.2315,198.73096496310677,0.5140693783760071,7.686703104351968,False
1.232,198.54221879063152,0.5179980397224426,8.067621620546188,False
1.2325,198.5464402404699,0.5174703598022461,8.406073562481621,False
1.233,198.68702933696142,0.5158905982971191,8.544633437510026,False
1.2335,198.8326171547654,0.5132221579551697,8.345152120570107,False
1.234,198.83429362149562,0.512022078037262,7.961167617591318,False
1.2345,198.6456316889523,0.5130046606063843,7.643065456302391,False
1.235,198.3625997954843,0.5168115496635437,7.699737194582899,False
1.2355,198.15350566348954,0.5192252397537231,7.9848590035065365,False
1.236,198.0741749186841,0.5187094807624817,8.17298733300896,False
1.2365,198.06567272831066,0.518251895904541,8.239868695029433,False
1.237,198.05619688773487,0.5175045728683472,8.143647536444831,False
1.2375,197.96941258371882,0.5170924663543701,7.924476972008381,False
1.238,197.76300938313892,0.5174553394317627,7.682420327201701,False
1.2385,197.47839353781788,0.5203421711921692,7.693496818997106,False
1.239,197.23965846973064,0.5227736830711365,7.916879884134588,False
1.2395,197.1127907568657,0.5230872631072998,8.125016479726478,False
1.24,197.0888780650043,0.5238119959831238,8.337323114671268,False
1.2405,197.13954384130793,0.5230689644813538,8.392073430616538,False
1.241,197.1755920325781,0.521856963634491,8.242368505953236,False
1.2415,197.10925180196122,0.5212708711624146,7.97285845085836,False
1.242,196.90789630730154,0.5216668844223022,7.719258518646811,False
1.2425,196.62317153484778,0.5238805413246155,7.698601157049526,False
1.243,196.39265661210467,0.5269505381584167,8.00951442563256,False
1.2435,196.3506953123763,0.5284935235977173,8.482225613730742,False
1.244,196.53543291831826,0.5282502174377441,8.90178863014625,False
1.2445,196.853743828592,0.5245265960693359,8.89150790669144,False
1.245,197.08746674008475,0.5208501815795898,8.461088790992042,False
1.2455,197.09051368375643,0.5205413103103638,7.995021835880524,False
1.246,196.88719397594582,0.5214822292327881,7.681970705118549,False
1.2465,196.611643791032,0.5247607827186584,7.79849023430591,False
1.247,196.47777583312376,0.5277934074401855,8.3209821210228,False
1.2475,196.64383443341384,0.5290244221687317,9.026786137235705,False
1.248,197.0986256833655,0.5250148773193359,9.33337439657004,False
1.2485,197.58823152226313,0.5184436440467834,8.951929122387005,False
1.249,197.82117136640633,0.5153860449790955,8.26332324152273,False
1.2495,197.74028625071708,0.5169700980186462,7.805088681708404,False
1.25,197.50290247624392,0.5194315910339355,7.725021393143073,False
1.2505,197.34059129434453,0.5237690210342407,8.22090947814802,False
1.2510000000000001,197.47161647449244,0.5246173143386841,8.899947736103218,False
1.2515,197.8969952076699,0.5212427973747253,9.268644783120855,False
1.252,198.3927254638875,0.5147496461868286,8.966431355898498,False
1.2525,198.659534928212,0.5111464262008667,8.295403134878471,False
1.2530000000000001,198.60675154523616,0.5123323798179626,7.797529399919189,False
1.2535,198.38240559707043,0.5155562162399292,7.730606503940983,False
1.254,198.22924343987023,0.5196912288665771,8.189243033158496,False
1.2545,198.32315705842495,0.519297182559967,8.671433782017054,False
1.2550000000000001,198.6189341157103,0.5167167782783508,8.89336606332277,False
1.2555,198.93679178487847,0.5121684670448303,8.61856064362334,False
1.256,199.06066041415932,0.5100501179695129,8.099991266615847,False
1.2565,198.93396798778494,0.5111177563667297,7.701205968817399,False
1.2570000000000001,198.6868714539692,0.5151283144950867,7.751587141821483,False
1.2575,198.52907542721258,0.5178847908973694,8.116172017158158,False
1.258,198.546179215938,0.5170810222625732,8.393536169146563,False
1.2585,198.6677887203085,0.5156489014625549,8.475199553565616,False
1.2590000000000001,198.77190818773477,0.5134215950965881,8.259741059250864,False
1.2595,198.73353504614087,0.5127266645431519,7.910508576346917,False
1.26,198.52380952128968,0.5137250423431396,7.626956816026126,False
1.2605,198.23903254509182,0.5176665782928467,7.725946134651813,False
1.2610000000000001,198.03906620553644,0.519588828086853,7.9960089084461545,False
1.2615,197.95987105256827,0.519116997718811,8.16659895330866,False
1.262,197.94407078558177,0.5188068747520447,8.2271824482907,False
1.2625,197.92535623394772,0.5181397795677185,8.131774090688612,False
1.2630000000000001,197.83167635963804,0.5178150534629822,7.922633571383846,False
1.2635,197.62411996659395,0.5181803107261658,7.691744631392828,False
1.264,197.34186260763457,0.5209200382232666,7.700363488884894,False
1.2645,197.10454041988189,0.5233438014984131,7.922784519916956,False
1.2650000000000001,196.98235978695544,0.5238373875617981,8.15146191472245,False
1.2655,196.97391759577104,0.5245535373687744,8.386708790641489,False
1.266,197.049265277323,0.5236532092094421,8.450994729799847,False
1.2665,197.11084275783895,0.5221902132034302,8.288041933472233,False
1.2670000000000001,197.06130964586336,0.5214489698410034,7.993953285825499,False
1.2675,196.8657892600105,0.521843433380127,7.722956972646903,False
1.268,196.5799472604012,0.524021565914154,7.691548244941944,False
1.2685,196.34835596375063,0.5272430777549744,8.0182797220414,False
1.2690000000000001,196.3172274269596,0.5288758277893066,8.526217945044637,False
1.2695,196.52948681221312,0.5284785032272339,8.97310394723854,False
1.27,196.8822938442594,0.5242703557014465,8.946560685664084,False
1.2705,197.13894878290375,0.5203505158424377,8.480373481398983,False
1.2710000000000001,197.15005731813497,0.5201707482337952,7.998975835160729,False
1.2715,196.95046475336855,0.5211935639381409,7.68818366019572,False
1.272,196.68303198582592,0.5245394110679626,7.822456535454406,False
1.2725,196.5658214572017,0.5274602174758911,8.357974494289872,False
1.2730000000000001,196.753589207423,0.5285496711730957,9.066408753725437,False
1.2735,197.22601290948128,0.5241587162017822,9.339701913837878,False
1.274,197.71672595039604,0.517591655254364,8.928226213868813,False
1.2745,197.939498891775,0.514739453792572,8.23527562580621,False
1.2750000000000001,197.8496826520138,0.5164520144462585,7.790934180320177,False
1.2755,197.6167519283388,0.5192362070083618,7.759222532815469,False
1.276,197.47620426093914,0.5231967568397522,8.262967944266512,False
1.2765,197.62685939190348,0.5237764120101929,8.91665637504666,False
1.2770000000000001,198.0524856028336,0.5200780630111694,9.221891173182625,False
1.2775,198.52006078159246,0.5138881206512451,8.884809475456594,False
1.278,198.74965842608103,0.5107938051223755,8.231905635770934,False
1.2785,198.67351068151456,0.512186586856842,7.773414554422007,False
1.2790000000000001,198.4496038872521,0.5156511068344116,7.764770710935915,False
1.2795,198.31390467981214,0.519216001033783,8.213293193372484,False
1.28,198.41422438079812,0.5186769366264343,8.65784543239285,False
1.2805,198.69346302342186,0.516025960445404,8.82530689619827,False
1.281,198.97232467488072,0.5118889808654785,8.532539536859815,False
1.2815,199.05543386555922,0.5102037787437439,8.03762629154847,False
1.282,198.90534779642252,0.5115557312965393,7.687080921511734,False
1.2825,198.6579135210538,0.5155557990074158,7.775520881564182,False
1.283,198.5069695077882,0.5177958011627197,8.113727501082689,False
1.2835,198.5148674208401,0.5170182585716248,8.356283063138694,False
1.284,198.61176671488678,0.5158194899559021,8.419905676636724,False
1.2845,198.68693621029595,0.5139152407646179,8.21540066119317,False
1.285,198.6262721494707,0.5132776498794556,7.880003313151014,False
1.2855,198.40249068941273,0.5143531560897827,7.614213100347813,False
1.286,198.11360422618574,0.5183920860290527,7.735580249088637,False
1.2865,197.91530443182347,0.5200747847557068,7.998382139842777,False
1.287,197.83318759670556,0.5196239948272705,8.159566845706442,False
1.2875,197.81188287985557,0.5194748640060425,8.224895574345563,False
1.288,197.79091232900873,0.5188564658164978,8.138585314523135,False
1.2885,197.69989616827192,0.5185379385948181,7.939115643946328,False
1.289,197.4992743663896,0.5188539624214172,7.713232747462838,False
1.2895,197.22124585387053,0.5212765336036682,7.69659452173753,False
1.29,196.97869984778256,0.5238412022590637,7.91210927246624,False
1.2905,196.85284336876262,0.5245345234870911,8.1604919597136,False
1.291,196.8540997107289,0.5253698229789734,8.433513784279228,False
1.2915,196.95687265805023,0.524344801902771,8.526965398726032,False
1.292,197.05495209753124,0.5225344300270081,8.360219246045688,False
1.2925,197.03582796324847,0.521550178527832,8.040187345752546,False
1.293,196.8572087115681,0.5218870639801025,7.742610579997728,False
1.2935,196.5724726427789,0.5238160490989685,7.6690499662221345,False
1.294,196.32933896296456,0.5273516774177551,7.9977984629764505,False
1.2945,196.29259044821157,0.5290573835372925,8.528925893857156,False
1.295,196.51612279502646,0.528815507888794,9.025671321378514,False
1.2955,196.90216607779755,0.5243063569068909,9.025569684934132,False
1.296,197.19825079314822,0.5199195742607117,8.541897517957407,False
1.2965,197.2358893157013,0.5195223689079285,8.024130974548365,False
1.297,197.0476375545059,0.5207095146179199,7.698922412997447,False
1.2975,196.78477092850127,0.5239944458007812,7.820240897575503,False
1.298,196.66860502774358,0.5269734263420105,8.356302571218151,False
1.2985,196.8594777984354,0.5280516743659973,9.070744799234335,False
1.299,197.33834907574732,0.523596465587616,9.34793302449898,False
1.2995,197.83681142209275,0.5169593095779419,8.935506315207999,False
1.3,198.06551262084957,0.514043390750885,8.236234552301058,False
1.3005,197.97863966020844,0.5157965421676636,7.79013936960338,False
1.301,197.749634037832,0.518710732460022,7.769077963910722,False
1.3015,197.61593747723813,0.5225600600242615,8.269894029397804,False
1.302,197.76808294403605,0.5229476094245911,8.897544118383284,False
1.3025,198.18133174597932,0.5192466378211975,9.17300728583595,False
1.303,198.62501381888558,0.5133229494094849,8.830919444726542,False
1.3035,198.83229916302344,0.5104946494102478,8.198133866966883,False
1.304,198.74419298337048,0.511919379234314,7.759065683784053,False
1.3045,198.51906072076758,0.5155177712440491,7.775836944776924,False
1.305,198.38792154558627,0.5188146233558655,8.21254571476962,False
1.3055,198.4820134653016,0.518150269985199,8.6221036666187,False
1.306,198.73759891557435,0.5156421065330505,8.761043064712704,False
1.3065,198.98302130125745,0.5118605494499207,8.470601060026928,False
1.307,199.03746204527204,0.5104086399078369,7.997209474626717,False
1.3075,198.87189229043355,0.5119240283966064,7.678121719300627,False
1.308,198.62182346709855,0.5158481001853943,7.780756079548343,False
1.3085,198.46849599997987,0.5178442597389221,8.097872461694484,False
1.309,198.46208589322998,0.5171329975128174,8.31722278659531,False
1.3095,198.53364886883716,0.5160524845123291,8.364291669656417,False
1.31,198.58211661504674,0.5145805478096008,8.183863270908436,False
1.3105,198.50721133883405,0.5139481425285339,7.869938998676907,False
1.311,198.2789632051957,0.5149902105331421,7.617419540529874,False
1.3115,197.98918777190417,0.5189167261123657,7.735354562205676,False
1.312,197.78675101380443,0.5205766558647156,7.988486561182677,False
1.3125,197.69688084515053,0.5202282667160034,8.148695937482044,False
1.313,197.6702450283773,0.5202457308769226,8.229769508435787,False
1.3135000000000001,197.65272744586045,0.5196601152420044,8.162742411270182,False
1.314,197.57387133546567,0.5192767977714539,7.975689690685823,False
1.3145,197.38973682686597,0.519490122795105,7.751396102522018,False
1.315,197.11972918235375,0.5213773250579834,7.684218380523346,False
1.3155000000000001,196.86572136915146,0.524223268032074,7.883210135737833,False
1.316,196.72824862918498,0.5252504944801331,8.157972748490204,False
1.3165,196.7356668810732,0.5262220501899719,8.479659939194907,False
1.317,196.86790032888632,0.5250564217567444,8.612820535751508,False
1.3175000000000001,197.00963507093766,0.5228869915008545,8.451484877257121,False
1.318,197.03030278895406,0.5215367078781128,8.101210609872673,False
1.3185,196.87519518751208,0.5218159556388855,7.771380356088177,False
1.319,196.5929212496612,0.5233755707740784,7.637500123794344,False
1.3195000000000001,196.33232892895856,0.5273236632347107,7.96067967739918,False
1.32,196.28062517903362,0.5290837287902832,8.50741369438495,False
1.3205,196.50579980480842,0.5291720628738403,9.065819163527042,False
1.321,196.92349953955792,0.524472713470459,9.115933607645834,False
1.3215000000000001,197.26748090358083,0.5195021629333496,8.625533164789209,False
1.322,197.3405560282729,0.5186386704444885,8.054477374418557,False
1.3225,197.1647276595384,0.5200896859169006,7.7057864812446715,False
1.323,196.9030292630916,0.5233342051506042,7.806418977681003,False
1.3235000000000001,196.78169094224816,0.5264277458190918,8.340939023477231,False
1.324,196.96902119334771,0.5275174379348755,9.061828076002529,False
1.3245,197.4496625454955,0.5231043696403503,9.353920470833886,False
1.325,197.95645381508004,0.5163835287094116,8.949270896302561,False
1.3255000000000001,198.19447176724572,0.5133312940597534,8.243174689726715,False
1.326,198.11251331338562,0.5150962471961975,7.789788657822857,False
1.3265,197.88560728777432,0.5181107521057129,7.769383817631768,False
1.327,197.7531757139063,0.521930456161499,8.264850075717147,False
1.3275000000000001,197.90032555923088,0.5221403241157532,8.865481081475414,False
1.328,198.29605351966245,0.5185481905937195,9.121419596056638,False
1.3285,198.71590563647058,0.5128888487815857,8.783851870823272,False
1.329,198.90443955177165,0.5102585554122925,8.172349034837582,False
1.3295000000000001,198.80704948333923,0.5116596817970276,7.746487357107089,False
1.33,198.5792484030831,0.5153589844703674,7.77811111380118,False
1.3305,198.44765113743534,0.5184903740882874,8.20276460589693,False
1.331,198.5308344715256,0.5177161693572998,8.579257858048189,False
1.3315000000000001,198.76050361952522,0.5154256820678711,8.699639615674737,False
1.332,198.97497896472603,0.5119717121124268,8.418551045963408,False
1.3325,199.00569723471142,0.5106956958770752,7.967036778864806,False
1.333,198.82681312311044,0.5122243762016296,7.66395347171871,False
1.3335000000000001,198.5704082338954,0.516186535358429,7.777331379358961,False
1.334,198.41147598713874,0.5180431604385376,8.081752770547059,False
1.3345,198.39163838665843,0.5173691511154175,8.28438675837725,False
1.335,198.44191994643003,0.5163938999176025,8.320366829579212,False
1.3355000000000001,198.46792657325565,0.5152031779289246,8.154302845453628,False
1.336,198.3792809204602,0.514647901058197,7.859919828447306,False
1.3365,198.14660001597895,0.5156705975532532,7.621341980203033,False
1.337,197.85670412322975,0.5194891095161438,7.738206816833624,False
1.3375000000000001,197.65214655583085,0.5211141109466553,7.983894631328905,False
1.338,197.55849198038814,0.5209078788757324,8.150052750223853,False
1.3385,197.53270240032768,0.5210160613059998,8.246462147682832,False
1.339,197.52353199058325,0.5204061269760132,8.192762661336543,False
1.3395000000000001,197.45823713635323,0.519927978515625,8.009901167716984,False
1.34,197.28906067101235,0.520093560218811,7.7859244141164865,False
1.3405,197.02581475027367,0.5214678049087524,7.670937352236267,False
1.341,196.76094863087462,0.5246003866195679,7.857998045555025,False
1.3415000000000001,196.61479323553732,0.5259523391723633,8.163511503348042,False
1.342,196.6325781421493,0.5270083546638489,8.533251637160696,False
1.3425,196.7973440621451,0.525657594203949,8.701115343669988,False
1.343,196.9804415535087,0.5229447484016418,8.522499582346061,False
1.3435000000000001,197.03107176337764,0.5214388370513916,8.14224251419989,False
1.344,196.89109446019563,0.5216884613037109,7.785780483303346,False
1.3445,196.61041241965518,0.5231213569641113,7.62261534383401,False
1.345,196.3442290726209,0.5273318886756897,7.955028276141552,False
1.3455,196.29536074442564,0.5291315317153931,8.526987992948726,False
1.346,196.53810741128902,0.5292173027992249,9.119296504333592,False
1.3465,196.98593935386265,0.524152398109436,9.172022661476227,False
1.347,197.3567671422871,0.5188727974891663,8.65642684608494,False
1.3475,197.44230219124813,0.5179083943367004,8.05443604839188,False
1.348,197.2674063885064,0.519547164440155,7.700190164209451,False
1.3485,197.00895598319696,0.5229960680007935,7.822375661297721,False
1.349,196.90085912070015,0.525974690914154,8.370997590660359,False
1.3495,197.10547172582355,0.5268585681915283,9.086326399622672,False
1.35,197.59567841342906,0.5221342444419861,9.341161824578185,False
1.3505,198.09423442440192,0.5155044198036194,8.90893668493015,False
1.351,198.31454628317246,0.5127200484275818,8.20490270410392,False
1.3515,198.21844459867597,0.5145869851112366,7.766302521167305,False
1.352,197.99153068589757,0.5179755687713623,7.7970890318214074,False
1.3525,197.87718723206905,0.5214217305183411,8.300027873699623,False
1.353,198.03893888942926,0.5213431715965271,8.869604763069793,False
1.3535,198.42747313781433,0.5175120830535889,9.062277161492378,False
1.354,198.81237960482903,0.512218177318573,8.694513264116503,False
1.3545,198.9596885214698,0.5101228952407837,8.106570217372283,False
1.355,198.83546074410813,0.5116170644760132,7.711973107674223,False
1.3555,198.60389380673763,0.5157678723335266,7.813193482172681,False
1.356,198.48961467499225,0.5182514786720276,8.229446210836588,False
1.3565,198.57875180012033,0.5172960758209229,8.564783850927594,False
1.357,198.78946819420224,0.514947235584259,8.627732360008773,False
1.3575,198.9621438868497,0.511958122253418,8.331376384522054,False
1.358,198.95105209687043,0.5111092925071716,7.9061429106034184,False
1.3585,198.74603764410077,0.5127312541007996,7.635658922652947,False
1.359,198.4841899823791,0.5169751644134521,7.802732536726138,False
1.3595,198.33621793776658,0.5183570981025696,8.102334786922919,False
1.36,198.31867353094515,0.5175009369850159,8.271094368166969,False
1.3605,198.3541549844873,0.5166483521461487,8.278882530061757,False
1.361,198.3536371562545,0.5156319737434387,8.100193302952906,False
1.3615,198.2376819900196,0.5153549313545227,7.821926808048642,False
1.362,197.99238389467965,0.5166882872581482,7.630909903340971,False
1.3625,197.70908808830663,0.5202344059944153,7.765418030195643,False
1.363,197.51469061107278,0.5216174125671387,8.000850419248911,False
1.3635,197.42846078335708,0.5216100215911865,8.174440323848007,False
1.364,197.41253447842837,0.5216629505157471,8.27215354432021,False
1.3645,197.41244241837992,0.5209678411483765,8.211981616741474,False
1.365,197.3526121854101,0.5204373002052307,8.020082828071143,False
1.3655,197.18569835882235,0.5206138491630554,7.792946130597797,False
1.366,196.9237162074996,0.5219253897666931,7.675024011124261,False
1.3665,196.6605794731019,0.525063157081604,7.867255465602328,False
1.367,196.52237370257205,0.5265229940414429,8.196574864287044,False
1.3675,196.56134596341204,0.5275813937187195,8.596890464490688,False
1.368,196.7590962092266,0.5259675979614258,8.773619947417469,False
1.3685,196.9723083275013,0.5227662920951843,8.559170092505365,False
1.369,197.03654327696896,0.5213018655776978,8.15366992308374,False
1.3695,196.90023163064956,0.5215951800346375,7.786159002893356,False
1.37,196.6218040574939,0.5231127142906189,7.631586543814026,False
1.3705,196.36530256217088,0.5273575782775879,7.986327229938574,False
1.371,196.3395690197153,0.5291983485221863,8.592156208098187,False
1.3715,196.6169954842242,0.5289052128791809,9.184687042039316,False
1.372,197.0916401944091,0.5233012437820435,9.18651492664301,False
1.3725,197.4643152267624,0.5180414319038391,8.627268885725595,False
1.373,197.5364298173683,0.5173892974853516,8.022242933599493,False
1.3735,197.35086438803168,0.5191238522529602,7.684568627944067,False
1.374,197.09942811941886,0.5230039954185486,7.872679567862231,False
1.3745,197.0236858198205,0.5255204439163208,8.44103716277623,False
1.375,197.26394057097437,0.5260927081108093,9.139962318860224,False
1.3755,197.77044346869465,0.5207536816596985,9.311805750725405,False
1.3760000000000001,198.24597621633578,0.5143688917160034,8.820985241878958,False
1.3765,198.4246949995289,0.5122089982032776,8.126994083423671,False
1.377,198.29757328809768,0.5142510533332825,7.722042299553037,False
1.3775,198.06848028345414,0.5182576179504395,7.84817428732525,False
1.3780000000000001,197.98670295792414,0.5210345983505249,8.370184605150756,False
1.3785,198.1801987540723,0.5205720067024231,8.90560286013988,False
1.379,198.57064791452848,0.516196608543396,8.996917713375737,False
1.3795,198.91090704306552,0.5113545656204224,8.568585826058454,False
1.3800000000000001,198.99697062690612,0.5100584030151367,8.003235087090891,False
1.3805,198.83364316613813,0.5120298862457275,7.680825842285684,False
1.381,198.60416273206377,0.5164421796798706,7.87360249408823,False
1.3815,198.51888166823187,0.5180140733718872,8.274364812552122,False
1.3820000000000001,198.62116614337685,0.5168793201446533,8.559150877904603,False
1.3825,198.81351764711664,0.5143928527832031,8.546368521070633,False
1.383,198.93689163878688,0.5119333267211914,8.224016672138307,False
1.3835,198.87461442319372,0.5116727352142334,7.832970713991044,False
1.3840000000000001,198.6424699824526,0.5135869979858398,7.624759402246454,False
1.3845,198.38363203682778,0.5177919864654541,7.842714522883521,False
1.385,198.2514871565119,0.5185981392860413,8.123854315313967,False
1.3855,198.23769264326086,0.5177695751190186,8.26638498369391,False
1.3860000000000001,198.26194502074705,0.5169262886047363,8.242807538120632,False
1.3865,198.2364496326049,0.5160543918609619,8.045949867892551,False
1.387,198.09261297656442,0.5160804986953735,7.781942524330591,False
1.3875,197.83381525513207,0.5177397727966309,7.639691735801914,False
1.3880000000000001,197.5573948518466,0.5210238099098206,7.795654985768796,False
1.3885,197.37532108169586,0.522144079208374,8.023812365834377,False
1.389,197.30087814670378,0.5223695039749146,8.211885064559988,False
1.3895,197.30127794545916,0.5222816467285156,8.309608991720577,False
1.3900000000000001,197.31498706720342,0.5214421153068542,8.235856417325492,False
1.3905,197.26135488987615,0.520832359790802,8.025844979239167,False
1.391,197.09335019947298,0.5210294723510742,7.7890228477629595,False
1.3915,196.8286265212288,0.5223989486694336,7.675714936688308,False
1.3920000000000001,196.56800834468513,0.525572657585144,7.885142671089191,False
1.3925,196.44330067860002,0.5270638465881348,8.242813802171025,False
1.393,196.51000577702303,0.5280649065971375,8.671621280538584,False
1.3935,196.74487457814342,0.5261176824569702,8.847426719541794,False
1.3940000000000001,196.9868264401917,0.5223945379257202,8.584032474103536,False
1.3945,197.05679130467914,0.5209665894508362,8.140952040020586,False
1.395,196.913558283143,0.5214753746986389,7.769390104491396,False
1.3955,196.63383409830885,0.5232440233230591,7.648477901553145,False
1.3960000000000001,196.3945682150896,0.5274426937103271,8.04174795532264,False
1.3965,196.40596088987354,0.5292837023735046,8.690478572160783,False
1.397,196.73119754876367,0.5283421277999878,9.261540453842418,False
1.3975,197.2317122738515,0.5220463871955872,9.173020012351722,False
1.3980000000000001,197.58862234027941,0.517026960849762,8.553716775296342,False
1.3985,197.62759524539342,0.516994833946228,7.963398949681718,False
1.399,197.42126041793964,0.518788754940033,7.658772790891245,False
1.3995,197.1785802684303,0.5232906341552734,7.947916866440847,False
1.4000000000000001,197.1505694587563,0.5251590609550476,8.549042732156849,False
1.4005,197.44274177773937,0.52516770362854,9.214167779969818,False
1.401,197.96855582674695,0.5190128684043884,9.261492413216816,False
1.4015,198.40522735373483,0.5130558013916016,8.688810221410897,False
1.4020000000000001,198.52107845757027,0.5118449330329895,8.017349004760979,False
1.4025,198.35174946373937,0.5141915678977966,7.674097519106092,False
1.403,198.1263944371911,0.5189626812934875,7.937544842351189,False
1.4035,198.09416484825746,0.5205387473106384,8.46323511108861,False
1.4040000000000001,198.3273502005543,0.5197010040283203,8.945750465503457,False
1.4045,198.71620771463026,0.5147120952606201,8.908327867682427,False
1.405,198.99746573839468,0.5105102062225342,8.412350847488828,False
1.4055,199.00662627028797,0.5100759863853455,7.871936772560442,False
1.4060000000000001,198.7926029707248,0.5126140713691711,7.635816939828012,False
1.4065,198.56646392251378,0.5175808072090149,7.96442087863782,False
1.407,198.52742896397837,0.5178964138031006,8.356912175897625,False
1.4075,198.6611187549842,0.5165101289749146,8.586797099795561,False
1.408,198.84503900330455,0.5135993361473083,8.461882372518629,False
1.4085,198.9101827131207,0.5116791129112244,8.07836637183954,False
1.409,198.7715300925417,0.5120368003845215,7.694098010406136,False
1.4095,198.49574663310185,0.5154050588607788,7.643142256551773,False
1.41,198.26000682941668,0.5188680291175842,7.93670253815429,False
1.4105,198.1659455614839,0.5185774564743042,8.16786389087871,False
1.411,198.16379857926776,0.5179422497749329,8.266744482520705,False
1.4115,198.17516150851827,0.5170726776123047,8.191323533831856,False
1.412,198.11445361152903,0.5164146423339844,7.965558158983262,False
1.4125,197.926838109351,0.5166544318199158,7.70068946359422,False
1.413,197.64382468925285,0.5192897915840149,7.661696405553094,False
1.4135,197.38788060290722,0.5220898389816284,7.87252766529603,False
1.414,197.2404621949603,0.5225256085395813,8.081961668739641,False
1.4145,197.19545068436085,0.5231313109397888,8.284397841483136,False
1.415,197.2243612569282,0.5226308107376099,8.352796130837788,False
1.4155,197.2478550738518,0.521577000617981,8.229548988325282,False
1.416,197.1812854172374,0.521012544631958,7.9819917580503095,False
1.4165,196.98706259166084,0.5213391780853271,7.7334236786654875,False
1.417,196.70531320137434,0.5233399868011475,7.685459993583174,False
1.4175,196.46262327048646,0.5264682173728943,7.965350997026514,False
1.418,196.39007942332657,0.5279003977775574,8.389890367986526,False
1.4185,196.52843327009543,0.5281693935394287,8.809520907125663,False
1.419,196.8116274513818,0.5251522064208984,8.867294763474044,False
1.4195,197.04310069051664,0.5214406847953796,8.494168375205598,False
1.42,197.06382513522598,0.5207645297050476,8.03525828831035,False
1.4205,196.8748450517516,0.5215432047843933,7.697958386664828,False
1.421,196.5900421819985,0.5243486166000366,7.731768941853517,False
1.4215,196.41217839751013,0.5278234481811523,8.211742130073521,False
1.422,196.5212582281359,0.5294702053070068,8.919044090655891,False
1.4225,196.93673661306605,0.5264652371406555,9.330547333247255,False
1.423,197.43826300658378,0.5197605490684509,9.037887722089975,False
1.4235,197.7142674899555,0.515972375869751,8.353142672147628,False
1.424,197.6688338355451,0.5172480344772339,7.853908625995595,False
1.4245,197.43231159373073,0.5190824866294861,7.66276376767017,False
1.425,197.22698455451226,0.5240936279296875,8.118213933733804,False
1.4255,197.30480456263228,0.5253443121910095,8.80839797225325,False
1.426,197.7014169064916,0.5229459404945374,9.297341409378394,False
1.4265,198.22724848761612,0.5161848068237305,9.092425856226814,False
1.427,198.55793331747682,0.511663556098938,8.42008731271962,False
1.4275,198.55460470466585,0.5122528076171875,7.852777708621243,False
1.428,198.33356325732152,0.5149620771408081,7.665299800877839,False
1.4285,198.142842299645,0.5201104879379272,8.117196798331186,False
1.429,198.2057738958666,0.5200135111808777,8.63990860322918,False
1.4295,198.50272006971124,0.5178914070129395,8.962211060520554,False
1.43,198.86722291849765,0.5128634572029114,8.745028937605095,False
1.4305,199.05282954813546,0.5099363327026367,8.20089540185873,False
1.431,198.96732217552906,0.5106948614120483,7.744467573830417,False
1.4315,198.7236891868047,0.5142343044281006,7.696426752675117,False
1.432,198.54050212960868,0.5180060267448425,8.079239127037043,False
1.4325,198.5496998530513,0.517413318157196,8.411779812221809,False
1.433,198.6916822787728,0.5158181190490723,8.542098115717494,False
1.4335,198.83485802192905,0.5131765604019165,8.337189815125722,False
1.434,198.83251577517737,0.512032151222229,7.954162306320131,False
1.4345,198.64119797255483,0.5130459666252136,7.64097438490987,False
1.435,198.35879007311675,0.5168874859809875,7.706267491231043,False
1.4355,198.1530104236811,0.51921147108078,7.990531817128682,False
1.436,198.07626317388676,0.5186930894851685,8.176824937839939,False
1.4365,198.0689837944126,0.5182207226753235,8.23992936594364,False
1.437,198.0586730722887,0.5174685716629028,8.13940051839367,False
1.4375,197.96926737401014,0.5170742273330688,7.918121871015731,False
1.438,197.75986667800888,0.5174643397331238,7.677367132106669,False
1.4385000000000001,197.4742604253538,0.5204166173934937,7.696757319130633,False
1.439,197.23793484139517,0.5228022336959839,7.92369106379991,False
1.4395,197.11485418583098,0.5231055617332458,8.133607380372323,False
1.44,197.09438090732672,0.5237736105918884,8.341181522415388,False
1.4405000000000001,197.14543377264985,0.5230018496513367,8.387877202534625,False
1.441,197.17805186538266,0.521801769733429,8.231668165488582,False
1.4415,197.10614674344575,0.5212657451629639,7.96172799174837,False
1.442,196.89991718606072,0.5216890573501587,7.7116759719904096,False
1.4425000000000001,196.61448126387472,0.5240240693092346,7.707286936443365,False
1.443,196.38957236850152,0.5269924402236938,8.023761957305673,False
1.4435,196.35548011400874,0.5285377502441406,8.500652213654119,False
1.444,196.54726506990465,0.5281487703323364,8.908170464914887,False
1.4445000000000001,196.865083070605,0.5243510603904724,8.877667801461843,False
1.445,197.09014069412873,0.5207922458648682,8.439790611132429,False
1.4455,197.0830168883874,0.5205767750740051,7.977843665766211,False
1.446,196.87289511298724,0.5215469002723694,7.673865317950084,False
1.4465000000000001,196.59811691153507,0.524979829788208,7.81548810949726,False
1.447,196.474918924667,0.5278762578964233,8.348150068929638,False
1.4475,196.65401189190035,0.5289984345436096,9.050499274874287,False
1.448,197.11582541156542,0.5247614979743958,9.328607835923124,False
1.4485000000000001,197.59880047200255,0.5182576775550842,8.925242355362183,False
1.449,197.81798740313988,0.5154135227203369,8.238484073962656,False
1.4495,197.72651692751808,0.5170612931251526,7.7914369183300805,False
1.45,197.4879688918515,0.5196982026100159,7.7414700241295025,False
1.4505000000000001,197.33597153254624,0.5238326787948608,8.24605131465598,False
1.451,197.47960726500793,0.5246117115020752,8.92412102115682,False
1.4515,197.9127324157413,0.5210116505622864,9.266865434390834,False
1.452,198.4033501991803,0.5145633816719055,8.94276971346805,False
1.4525000000000001,198.65749278053403,0.5111545920372009,8.271506426760974,False
1.453,198.59535077449092,0.5124779939651489,7.789912091626674,False
1.4535,198.37168369696292,0.5157633423805237,7.746468869745173,False
1.454,198.22701818179914,0.5196775794029236,8.205305403685022,False
1.4545000000000001,198.32881716384816,0.5192813277244568,8.68548787333308,False
1.455,198.6287821887433,0.5165697336196899,8.890780653686377,False
1.4555,198.94276242820726,0.5120604634284973,8.603176232155278,False
1.456,199.05858461309887,0.5100629925727844,8.085423321259,False
1.4565000000000001,198.92616947486502,0.5112012028694153,7.696253454513903,False
1.457,198.6798230552512,0.5152783393859863,7.763522603715363,False
1.4575,198.52816915742193,0.5178631544113159,8.126902968191407,False
1.458,198.54963878628655,0.5170174837112427,8.397581025773105,False
1.4585000000000001,198.6718878577953,0.5155822038650513,8.471626258716112,False
1.459,198.77332053746315,0.5133881568908691,8.25213327173782,False
1.4595,198.7309849200081,0.5127251744270325,7.902892922414811,False
1.46,198.51849481232375,0.5137738585472107,7.625208737325158,False
1.4605000000000001,198.23469614947837,0.5177493095397949,7.733664788602988,False
1.461,198.03852972457125,0.5195664763450623,8.00208020745973,False
1.4615,197.96208078778426,0.5190984010696411,8.170605776229035,False
1.462,197.94754822763775,0.5187739729881287,8.2272071649312,False
1.4625000000000001,197.92793965398525,0.5181019902229309,8.1272823594016,False
1.463,197.83149840866722,0.517795979976654,7.915943048405291,False
1.4635,197.62065584952143,0.5181816816329956,7.68563576595373,False
1.464,197.33708508108248,0.521004855632782,7.703713447590042,False
1.4645000000000001,197.10239002844824,0.5233799815177917,7.930571044277801,False
1.465,196.9845783831598,0.5238603353500366,8.161521992623106,False
1.4655,196.98021120362094,0.5245107412338257,8.391487721276572,False
1.466,197.05617786329591,0.5235758423805237,8.446485952170795,False
1.4665000000000001,197.11399244534763,0.5221285820007324,8.276184531264477,False
1.467,197.0581914957437,0.5214390158653259,7.981103668186747,False
1.4675,196.8569278541178,0.5218641757965088,7.713620420668222,False
1.468,196.56953807878992,0.5241623520851135,7.69851682011489,False
1.4685000000000001,196.34333672149518,0.5273152589797974,8.034248037373121,False
1.469,196.3214128189122,0.5289427638053894,8.548916364944006,False
1.4695,196.5427673201142,0.5283716320991516,8.983119896505457,False
1.47,196.89618194871687,0.5240568518638611,8.932098384371328,False
1.4705000000000001,197.14320743778896,0.5202644467353821,8.455148867980936,False
1.471,197.1419709467622,0.5202003121376038,7.977165326597624,False
1.4715,196.93336500369955,0.521260142326355,7.676050419823482,False
1.472,196.66595490283564,0.5248193740844727,7.842252585294441,False
1.4725,196.561553673886,0.5275737643241882,8.391583521782897,False
1.473,196.76564757867243,0.5285258889198303,9.096722328160078,False
1.4735,197.24730319152027,0.523845911026001,9.334881781721133,False
1.474,197.73021697727893,0.5173548460006714,8.895538517750568,False
1.4745,197.93596725660692,0.5147662162780762,8.204050412432116,False
1.475,197.83270768743063,0.5165612697601318,7.773145254902666,False
1.4755,197.5979920962613,0.5195722579956055,7.7793395822736,False
1.476,197.4702257369032,0.5232815742492676,8.29451915913776,False
1.4765,197.6367834706268,0.5237716436386108,8.947250594754818,False
1.477,198.0722655421356,0.5197875499725342,9.219846991655045,False
1.4775,198.53345366907732,0.5136527419090271,8.855104338199213,False
1.478,198.74712241104567,0.5108033418655396,8.201823075426754,False
1.4785,198.659006642752,0.5123586654663086,7.762719756347499,False
1.479,198.43555083180482,0.5159198045730591,7.784525203189725,False
1.4795,198.31096094140264,0.519226610660553,8.23617006238539,False
1.48,198.42251544431593,0.5186548829078674,8.677857614837423,False
1.4805,198.70765400314446,0.5158141851425171,8.8213223555501,False
1.481,198.9808067698877,0.5117350220680237,8.510288386752979,False
1.4815,199.05199536406892,0.5102046728134155,8.014846105347843,False
1.482,198.8937798754466,0.5117319226264954,7.683875323473327,False
1.4825,198.64897706857928,0.5157467722892761,7.7940025939207915,False
1.483,198.50732631578367,0.5177587866783142,8.129537318007193,False
1.4835,198.52124080125338,0.5169079303741455,8.360204707012475,False
1.484,198.6180395260626,0.5157262682914734,8.412927814985517,False
1.4845,198.68849891325567,0.5138733983039856,8.20326204024727,False
1.485,198.62171709218944,0.5132835507392883,7.868827792201183,False
1.4855,198.39410454081096,0.514433741569519,7.612711095767657,False
1.486,198.10716345920676,0.5185099840164185,7.747688784740784,False
1.4865,197.91514574739156,0.5200609564781189,8.009904890399401,False
1.487,197.8383265862542,0.5195983648300171,8.167921135323441,False
1.4875,197.819553955631,0.5194022059440613,8.224432705255579,False
1.488,197.79638136788265,0.5187743902206421,8.12832412732862,False
1.4885,197.6991852774314,0.5184993147850037,7.9244195048899835,False
1.489,197.4914382853851,0.518860399723053,7.700221117650026,False
1.4895,197.21072747967557,0.521462082862854,7.704300695808966,False
1.49,196.97407126489935,0.5239179134368896,7.929270096491827,False
1.4905,196.8577944595689,0.5245835781097412,8.182488233489494,False
1.491,196.86792499962024,0.5252749919891357,8.443828163655901,False
1.4915,196.97184325685328,0.5241660475730896,8.516042039975034,False
1.492,197.06126080526465,0.5224035382270813,8.333706734573708,False
1.4925,197.02831328283438,0.5215358138084412,8.012396530983448,False
1.493,196.83746973844714,0.5219401121139526,7.723393705564649,False
1.4935,196.54994740950394,0.5241227149963379,7.685383735702603,False
1.494,196.31892129620644,0.5274976491928101,8.032537132183345,False
1.4945,196.30205696359096,0.5291972160339355,8.577627851864717,False
1.495,196.5449881789454,0.5285810828208923,9.046556773915043,False
1.4955,196.93202604345527,0.5238474607467651,8.993799225268049,False
1.496,197.20712604650473,0.5197387337684631,8.48743164901101,False
1.4965,197.22058808190343,0.5197390913963318,7.992051816890961,False
1.497,197.0201372577228,0.5208552479743958,7.6865434374841435,False
1.4975,196.75997414718708,0.5243936777114868,7.85384644789808,False
1.498,196.6643885113753,0.5271124243736267,8.40717007178953,False
1.4985,196.87943614231915,0.5279905200004578,9.113651129571895,False
1.499,197.37063999604658,0.5231197476387024,9.337087128900885,False
1.4995,197.85581563692773,0.516621470451355,8.884669801566835,False
1.5,198.05857756795314,0.5141099691390991,8.19058928962054,False
1.5005,198.86078180979118,0.5348915457725525,12.074937802638068,False
1.5010000000000001,201.1718518665307,0.5069286823272705,12.865304474993026,False
1.5015,203.2640573681107,0.47534090280532837,9.96765716544871,False
1.502,203.43014970444125,0.46542882919311523,5.839498209228861,False
1.5025,201.90137665443842,0.48980358242988586,4.486184228643731,False
1.5030000000000001,200.40380280417472,0.5173518061637878,6.404548980901009,False
1.5035,200.23756225895093,0.5314525961875916,10.023445522738614,False
1.504,201.5349492314033,0.5082331895828247,11.21900922177939,False
1.5045,202.97638845492193,0.48406532406806946,9.657771554051081,False
1.5050000000000001,203.29655903419578,0.4747380018234253,6.953149594429808,False
1.5055,202.5083336085765,0.4922926425933838,6.150069151188646,False
1.506,201.6828317900179,0.5076492428779602,7.146924173832213,False
1.5065,201.5669747195608,0.5151425004005432,9.035542339129917,False
1.5070000000000001,202.1458226337338,0.4991096258163452,9.232030683650716,False
1.5075,202.59620212223732,0.4889865815639496,8.249996260219389,False
1.508,202.49901032426703,0.4897593855857849,7.278083412576062,False
1.5085,202.12133686533147,0.5016642212867737,7.550679656144766,False
1.5090000000000001,201.97822053510572,0.5057528018951416,8.260421813904514,False
1.5095,202.06827733039597,0.49860310554504395,8.190571611802463,False
1.51,202.05347506923974,0.49618151783943176,7.7985660522944125,False
1.5105,201.89259640311323,0.50021892786026,7.7679871016209425,False
1.5110000000000001,201.75477879494994,0.5027246475219727,7.950394453237742,False
1.5115,201.6734432180599,0.5012540817260742,7.92418965620802,False
1.512,201.561179376048,0.5011938214302063,7.825687902961388,False
1.5125,201.41783338700108,0.5030637383460999,7.856366774721096,False
1.5130000000000001,201.2889631642355,0.5036726593971252,7.888173449371989,False
1.5135,201.1649295007393,0.5037842988967896,7.868022785666224,False
1.514,201.02909127341934,0.5044487118721008,7.854476261112105,False
1.5145,200.88944616669207,0.5052736401557922,7.8686749905618445,False
1.5150000000000001,200.75777759700605,0.5058881640434265,7.893019909228759,False
1.5155,200.63618173577217,0.5062878131866455,7.909136572643816,False
1.516,200.52143286970812,0.5066897869110107,7.922130020277385,False
1.5165,200.41492501611117,0.5071764588356018,7.946839491517275,False
1.5170000000000001,200.3225228769468,0.5075665712356567,7.979860884007499,False
1.5175,200.24686351261056,0.5077895522117615,8.01049416566539,False
1.518,200.18868485174988,0.5080480575561523,8.04887845790737,False
1.5185,200.15185838245804,0.5082228183746338,8.093067861765723,False
1.5190000000000001,200.13654184984784,0.5081692934036255,8.126380800292434,False
1.5195,200.13639905850113,0.5079969167709351,8.144171857371576,False
1.52,200.14639402041402,0.507885754108429,8.161421392115827,False
1.5205,200.16859919697924,0.5077864527702332,8.188292762099751,False
1.5210000000000001,200.20773151831412,0.507569432258606,8.220617546244236,False
1.5215,200.2651469506367,0.5071929693222046,8.248686698304418,False
1.522,200.33804086800035,0.5067183971405029,8.268437589357514,False
1.5225,200.42280757530216,0.5062185525894165,8.283080638436035,False
1.5230000000000001,200.51775215146972,0.5057076811790466,8.296890049006564,False
1.5235,200.62270155050382,0.5051571726799011,8.310305415221226,False
1.524,200.73706105339028,0.5045478940010071,8.320639326581095,False
1.5245,200.85883158003222,0.5038954615592957,8.325737623929003,False
1.5250000000000001,200.9852700381454,0.5032322406768799,8.325884896370825,False
1.5255,201.11397248144212,0.5025782585144043,8.322565035339972,False
1.526,201.24315992964623,0.5019365549087524,8.316597017577395,False
1.5265,201.37120679028126,0.5013055801391602,8.30757336908172,False
1.5270000000000001,201.49617875052974,0.5006936192512512,8.294906886573022,False
1.5275,201.6158991666827,0.500115692615509,8.278637781701342,False
1.528,201.7282911178621,0.4995855689048767,8.259399239056343,False
1.5285,201.83159956670337,0.4991112947463989,8.237875811716707,False
1.5290000000000001,201.9243442457825,0.49869656562805176,8.214396898455025,False
1.5295,202.00515625931152,0.4983455240726471,8.189063040861118,False
1.53,202.07273565667296,0.49806487560272217,8.162129941218119,False
1.5305,202.12596093649566,0.4978609085083008,8.134092898005578,False
1.5310000000000001,202.16399163557648,0.4977370798587799,8.105507931529392,False
1.5315,202.18628227539688,0.49769464135169983,8.076869662286335,False
1.532,202.19253635454498,0.49773284792900085,8.048519788863226,False
1.5325,202.18376034469225,0.49791163206100464,8.02683761536169,False
1.5330000000000001,202.16368595073033,0.4982014298439026,8.01476128372072,False
1.5335,202.13316337938855,0.4983735978603363,7.99164329841939,False
1.534,202.08737372533855,0.49869784712791443,7.965461008675165,False
1.5345,202.02638761487103,0.49918293952941895,7.946394173634544,False
1.5350000000000001,201.95281672809065,0.4996683597564697,7.928746540813346,False
1.5355,201.86685962109505,0.5001807808876038,7.910209184649613,False
1.536,201.7688295436889,0.5007764101028442,7.895288382618903,False
1.5365,201.6607658185879,0.5014066100120544,7.884477995584075,False
1.537,201.54454099423623,0.5020390748977661,7.875829784072648,False
1.5375,201.4215380981639,0.5026909112930298,7.870148363872024,False
1.538,201.2935675314688,0.5033489465713501,7.867960622702069,False
1.5385,201.16149179788505,0.5039331316947937,7.86280747393246,False
1.539,201.02587733551016,0.5045933127403259,7.864793481448029,False
1.5395,200.89098417157416,0.505230188369751,7.8747856871380275,False
1.54,200.76066614443803,0.5057966709136963,7.889289453948834,False
1.5405,200.63691183461776,0.5062867999076843,7.904852750808361,False
1.541,200.520837528221,0.5067413449287415,7.923057171265861,False
1.5415,200.41499127250356,0.5071844458580017,7.948641538903165,False
1.542,200.32316346134067,0.5075475573539734,7.979649099472032,False
1.5425,200.24719361052516,0.5077810287475586,8.009298938263976,False
1.543,200.1884315200242,0.5080509185791016,8.047963466340018,False
1.5435,200.15131523681265,0.5082315802574158,8.093138422116127,False
1.544,200.13619485109191,0.5081759095191956,8.127231181444431,False
1.5445,200.136461501635,0.5079939961433411,8.144762001824258,False
1.545,200.146632620998,0.5078789591789246,8.161286655292963,False
1.5455,200.1687030127071,0.5077837705612183,8.18784414151354,False
1.546,200.2076423641096,0.5075719356536865,8.220420486600588,False
1.5465,200.2650219539295,0.5071962475776672,8.248848114458402,False
1.547,200.33801562636899,0.5067188143730164,8.268659933539958,False
1.5475,200.42286657141997,0.5062167644500732,8.283117617996032,False
1.548,200.517802249676,0.5057063698768616,8.296780523358692,False
1.5485,200.62269573572073,0.5051574110984802,8.310214548559719,False
1.549,200.73702596600313,0.5045488476753235,8.320650341343338,False
1.5495,200.85881445662812,0.5038959980010986,8.325809631246662,False
1.55,200.98528390635013,0.5032318234443665,8.325914918327113,False
1.5505,201.11399217794187,0.5025777816772461,8.322542367520745,False
1.551,201.24316422206493,0.5019364356994629,8.31655921154191,False
1.5515,201.37119761985784,0.5013059377670288,8.307572582892837,False
1.552,201.4961731300678,0.5006937980651855,8.294926177152194,False
1.5525,201.61590183618486,0.5001155734062195,8.278645292836785,False
1.553,201.7282963635634,0.49958550930023193,8.259399669701924,False
1.5535,201.83160458273397,0.4991112947463989,8.237874942985867,False
1.554,201.92434731066578,0.498696506023407,8.214388921995587,False
1.5545,202.00515547800973,0.4983455538749695,8.18905782008099,False
1.555,202.07273439938797,0.4980649948120117,8.162137158280157,False
1.5555,202.12596351774388,0.4978609085083008,8.134099945245502,False
1.556,202.1639970955121,0.4977370500564575,8.10551090995102,False
1.5565,202.18628500777768,0.4976944327354431,8.076850273673069,False
1.557,202.1925304571436,0.497732937335968,8.048509947211345,False
1.5575,202.18375639384803,0.4979119896888733,8.026865586892823,False
1.558,202.16369298262802,0.4982012212276459,8.014767532356013,False
1.5585,202.13316922427444,0.4983733892440796,7.991626590190538,False
1.559,202.08737098892598,0.4986978769302368,7.9654469560649925,False
1.5595,202.02638330611373,0.4991832375526428,7.9464114620865605,False
1.56,201.95281897792205,0.4996682107448578,7.9287488679919305,False
1.5605,201.866859619265,0.5001806020736694,7.910192973916845,False
1.561,201.76882446198232,0.5007765889167786,7.8952910617639365,False
1.5615,201.66076362859604,0.5014066696166992,7.884487668680744,False
1.562,201.54454395061066,0.5020390748977661,7.875839358392161,False
1.5625,201.42154139682495,0.5026906728744507,7.870132866228123,False
1.563,201.29356369830052,0.5033490061759949,7.867951262753313,False
1.5635000000000001,201.16148565218154,0.5039332509040833,7.862811492914303,False
1.564,201.02587376084233,0.5045933127403259,7.864798716437549,False
1.5645,200.89098250129214,0.5052301287651062,7.874785522335019,False
1.565,200.76066453124756,0.5057966709136963,7.8892896992458645,False
1.5655000000000001,200.63691048212394,0.5062867999076843,7.904853366045888,False
1.566,200.52083660214413,0.5067413449287415,7.9230580703652524,False
1.5665,200.41499298352196,0.5071845650672913,7.948654418058577,False
1.567,200.32316946650974,0.5075474381446838,7.979648943603434,False
1.5675000000000001,200.24719798832805,0.5077809691429138,8.009291457721568,False
1.568,200.1884317398106,0.5080509185791016,8.047955416048747,False
1.5685,200.15131135986448,0.5082315802574158,8.093130828139774,False
1.569,200.136190556253,0.5081760883331299,8.127242691674043,False
1.5695000000000001,200.13646236692108,0.5079939365386963,8.14476790687931,False
1.57,200.14663537414245,0.5078788995742798,8.161286079987724,False
1.5705,200.16870421094924,0.5077837109565735,8.187837045381498,False
1.571,200.20764192467072,0.5075720548629761,8.220425358667365,False
1.5715000000000001,200.26502402461006,0.5071962475776672,8.248852782249575,False
1.572,200.33801886313282,0.5067187547683716,8.268657904515031,False
1.5725,200.42286747099487,0.5062167048454285,8.283109036647227,False
1.573,200.51780077216173,0.5057064890861511,8.296784095280932,False
1.5735000000000001,200.62269620352535,0.5051574110984802,8.310218245900938,False
1.574,200.73702724330735,0.5045487880706787,8.320647773146195,False
1.5745,200.85881431347715,0.5038959980010986,8.325806921464526,False
1.575,200.98528343190947,0.5032318830490112,8.32591834056498,False
1.5755000000000001,201.11399349671288,0.5025777816772461,8.32254568279145,False
1.576,201.24316712831717,0.5019364356994629,8.316561994156167,False
1.5765,201.37120065366543,0.501305878162384,8.307568550133634,False
1.577,201.49617488696902,0.5006938576698303,8.294927610725836,False
1.5775000000000001,201.61590417996376,0.5001155734062195,8.278646207926988,False
1.578,201.72829844550043,0.49958547949790955,8.259396986023953,False
1.5785,201.83160510173784,0.4991112947463989,8.237871930646376,False
1.579,201.92434623058378,0.498696506023407,8.214385981489485,False
1.5795000000000001,202.00515297285716,0.4983455538749695,8.18905533493963,False
1.58,202.072730826774,0.4980649948120117,8.162135444914915,False
1.5805,202.12595936842663,0.4978609085083008,8.134099212493405,False
1.581,202.16399292617237,0.4977370500564575,8.105511233585172,False
1.5815000000000001,202.18628299279587,0.4976945221424103,8.07686052224622,False
1.582,202.1925328281411,0.49773287773132324,8.048514054502231,False
1.5825,202.18375850820567,0.49791187047958374,8.026856936949006,False
1.583,202.163692621239,0.4982013404369354,8.014770848015637,False
1.5835000000000001,202.13316951843595,0.4983733296394348,7.991623821419752,False
1.584,202.0873709168537,0.4986979365348816,7.965450250740066,False
1.5845,202.0263849386916,0.4991832375526428,7.946414558409421,False
1.585,201.9528209784755,0.499668151140213,7.928745417095003,False
1.5855000000000001,201.86686075782393,0.5001806616783142,7.910195211716537,False
1.586,201.76882665309375,0.5007765889167786,7.895292878875698,False
1.5865,201.66076548324367,0.5014066100120544,7.884482897292085,False
1.587,201.5445410413897,0.5020389556884766,7.875822571555876,False
1.5875000000000001,201.42153444804453,0.5026909112930298,7.87014160593366,False
1.588,201.29356180995245,0.5033490061759949,7.8679611095945745,False
1.5885,201.16148788248873,0.5039331912994385,7.8628152317024,False
1.589,201.0258766409232,0.5045932531356812,7.864795755923263,False
1.5895000000000001,200.8909836293049,0.5052301287651062,7.874782061379577,False
1.59,200.76066380241144,0.5057966709136963,7.8892861892568655,False
1.5905,200.63690908821854,0.5062868595123291,7.904856167942999,False
1.591,200.52083569410382,0.5067412853240967,7.923055116037038,False
1.5915000000000001,200.4149906520776,0.5071845650672913,7.948651867831601,False
1.592,200.32316708489654,0.5075474977493286,7.9796530163626365,False
1.5925,200.24719682712947,0.507780909538269,8.009289936822588,False
1.593,200.18842990519232,0.5080509185791016,8.047954267899335,False
1.5935000000000001,200.15131013474067,0.5082316398620605,8.093136090163956,False
1.594,200.1361931347784,0.5081761479377747,8.127253813243849,False
1.5945,200.1364682984508,0.5079938173294067,8.144765910205988,False
1.595,200.14663876279022,0.507878839969635,8.161276895800093,False
1.5955000000000001,200.16870369068508,0.5077837705612183,8.187833536110842,False
1.596,200.20764069922174,0.5075721144676208,8.220428097910856,False
1.5965,200.26502429266822,0.5071962475776672,8.248855640068424,False
1.597,200.3380205606748,0.5067187547683716,8.268660516652055,False
1.5975000000000001,200.42286932154974,0.5062166452407837,8.283105168764513,False
1.598,200.51780049736942,0.5057064890861511,8.296780031484978,False
1.5985,200.622694916319,0.505157470703125,8.310220421081969,False
1.599,200.73702613762842,0.5045487284660339,8.32064420126313,False
1.5995000000000001,200.85881147686607,0.5038959980010986,8.325803844705863,False
1.6,200.98528030538185,0.503231942653656,8.325922067040564,False
1.6005,201.11399149945134,0.5025777220726013,8.322543994661322,False
1.601,201.2431644359126,0.5019364356994629,8.316560896782438,False
1.6015,201.3711976281688,0.501305878162384,8.307568173744183,False
1.602,201.4961719272939,0.5006938576698303,8.294927989782083,False
1.6025,201.6159016694424,0.5001155734062195,8.278647278071576,False
1.603,201.72829670210243,0.49958547949790955,8.259398593990484,False
1.6035,201.83160380402208,0.49911126494407654,8.237870882841607,False
1.604,201.92434557452285,0.49869656562805176,8.214391265446094,False
1.6045,202.00515510171408,0.4983455538749695,8.189060430841085,False
1.605,202.07273432752274,0.49806493520736694,8.162133736315173,False
1.6055,202.12596114374995,0.4978608787059784,8.134093789170306,False
1.606,202.16399336775783,0.4977371394634247,8.105514668467475,False
1.6065,202.18628517194608,0.4976945221424103,8.076863623509299,False
1.607,202.19253587897418,0.49773284792900085,8.048513444171483,False
1.6075,202.18375934931942,0.4979117810726166,8.026846692586656,False
1.608,202.16368864232481,0.4982013702392578,8.014764050641066,False
1.6085,202.13316509220647,0.49837347865104675,7.991633321874997,False
1.609,202.08737177436822,0.4986979365348816,7.965460201110606,False
1.6095,202.02638704646338,0.4991830289363861,7.946402818936387,False
1.61,201.95281848839554,0.4996682405471802,7.928742859302391,False
1.6105,201.86685933605122,0.5001807808876038,7.910205317649461,False
1.611,201.7688283794407,0.500776469707489,7.895290780931272,False
1.6115,201.6607649031747,0.5014065504074097,7.884474577182897,False
1.612,201.544539483961,0.5020391345024109,7.875832746440967,False
1.6125,201.421536079222,0.5026907920837402,7.870139627370725,False
1.613,201.2935612162158,0.5033489465713501,7.8679529343828225,False
1.6135,201.16148423470136,0.5039332509040833,7.8628136530245945,False
1.614,201.02587356550015,0.5045933127403259,7.864801077955386,False
1.6145,200.89098352580584,0.5052301287651062,7.874787779619714,False
1.615,200.76066555640878,0.5057966113090515,7.889285649835634,False
1.6155,200.63691042008378,0.5062868595123291,7.904855243657315,False
1.616,200.52083749929048,0.5067413449287415,7.92305984344483,False
1.6165,200.41499260250185,0.5071844458580017,7.948644048434503,False
1.617,200.32316490494466,0.5075474977493286,7.97964522736185,False
1.6175,200.24719296965907,0.5077810287475586,8.009294967221862,False
1.618,200.18842996142098,0.5080509781837463,8.047965800846438,False
1.6185,200.15131499147333,0.5082315802574158,8.093140980230185,False
1.619,200.13619488747935,0.5081758499145508,8.127227735958908,False
1.6195,200.13645978866384,0.5079939961433411,8.144758765577318,False
1.62,200.14662941108,0.5078789591789246,8.16128403196004,False
1.6205,200.16869874194992,0.5077837705612183,8.187842449192756,False
1.621,200.2076386246925,0.5075719952583313,8.220425821842502,False
1.6215,200.26502123711003,0.5071962475776672,8.248854003359508,False
1.622,200.33801693069623,0.5067187547683716,8.268659713669628,False
1.6225,200.422867653973,0.5062167644500732,8.283117100347617,False
1.623,200.51780297730213,0.5057063698768616,8.296779779723726,False
1.6235,200.6226970582294,0.505157470703125,8.31021959141221,False
1.624,200.7370287121254,0.5045487880706787,8.320648827412688,False
1.6245,200.85881619621247,0.5038959980010986,8.325807555271403,False
1.625,200.98528443605096,0.5032318234443665,8.32591255794195,False
1.6255,201.11399145357433,0.5025777816772461,8.322540032174125,False
1.6260000000000001,201.24316236197194,0.5019364356994629,8.316557202096833,False
1.6265,201.37119488719122,0.5013059377670288,8.30757115283182,False
1.627,201.49617095255854,0.5006938576698303,8.294931437089677,False
1.6275,201.61590255235873,0.5001155734062195,8.278650736146504,False
1.6280000000000001,201.72829822704307,0.49958541989326477,8.259395669186821,False
1.6285,201.83160368967185,0.49911126494407654,8.237867780149232,False
1.629,201.92434386907104,0.49869656562805176,8.214388394115224,False
1.6295,202.00515206088264,0.4983455538749695,8.189058162092035,False
1.6300000000000001,202.0727303772917,0.49806493520736694,8.162132355171906,False
1.6305,202.12595736097703,0.4978609085083008,8.134096435379373,False
1.631,202.16399019779547,0.4977370798587799,8.105512104569643,False
1.6315,202.18628203496797,0.49769458174705505,8.07686795424742,False
1.6320000000000001,202.19253525195438,0.49773284792900085,8.048518251764344,False
1.6325,202.18375854307058,0.49791163206100464,8.026836447250536,False
1.633,202.16368533210098,0.49820151925086975,8.014769562290446,False
1.6335,202.1331649133621,0.49837347865104675,7.9916392746086276,False
1.6340000000000001,202.08737305081567,0.49869784712791443,7.965456876934228,False
1.6345,202.02638649936583,0.4991830289363861,7.946399403235719,False
1.635,201.95281731551708,0.49966830015182495,7.928745748943254,False
1.6355,201.86685975065768,0.5001807808876038,7.91020830238893,False
1.6360000000000001,201.76883029251618,0.500776469707489,7.895293471236382,False
1.6365,201.66076695179635,0.5014064908027649,7.8844706893705805,False
1.637,201.54453936441897,0.5020391345024109,7.8758286167743,False
1.6375,201.42153600946662,0.5026909112930298,7.8701476642275665,False
1.6380000000000001,201.29356418819808,0.5033488869667053,7.867954538133747,False
1.6385,201.1614877736909,0.5039332509040833,7.862814440128581,False
1.639,201.02587613748898,0.5045932531356812,7.86479504118721,False
1.6395,200.89098386962598,0.505230188369751,7.87478743405276,False
1.6400000000000001,200.76066675716228,0.5057966709136963,7.889291161638894,False
1.6405,200.63691220568916,0.5062867403030396,7.904848289132076,False
1.641,200.52083665622285,0.5067414045333862,7.923058815562827,False
1.6415,200.41499341134508,0.5071845650672913,7.948655103070676,False
1.6420000000000001,200.32316915814414,0.5075473785400391,7.9796435776689325,False
1.6425,200.24719602953604,0.5077810287475586,8.009292408358307,False
1.643,200.18843146799134,0.5080509781837463,8.047962674952503,False
1.6435,200.15131478821849,0.5082315802574158,8.093137693120646,False
1.6440000000000001,200.13619510566463,0.5081759691238403,8.127236505698724,False
1.6445,200.13646339958177,0.5079939365386963,8.144761028394564,False
1.645,200.14663386626947,0.5078789591789246,8.161285291235886,False
1.6455,200.16870242965314,0.5077837109565735,8.18783666589981,False
1.6460000000000001,200.2076401004269,0.5075720548629761,8.22042542790505,False
1.6465,200.26502238883828,0.5071962475776672,8.248853282329694,False
1.647,200.33801761913173,0.5067187547683716,8.268658763436283,False
1.6475,200.42286780109603,0.5062167644500732,8.28311604607923,False
1.6480000000000001,200.51780257528327,0.5057063698768616,8.296778757543626,False
1.6485,200.62269616926986,0.505157470703125,8.310218730913146,False
1.649,200.73702745942327,0.5045487880706787,8.320648235272644,False
1.6495,200.85881474733716,0.5038959980010986,8.325807301988682,False
1.6500000000000001,200.9852840235168,0.5032318830490112,8.325918592252078,False
1.6505,201.1139931210255,0.5025777220726013,8.322539849409406,False
1.651,201.24316379332407,0.5019364356994629,8.316556629288284,False
1.6515,201.37119590200163,0.5013059377670288,8.307570271831628,False
1.6520000000000001,201.49617142753843,0.5006938576698303,8.294930368284135,False
1.6525,201.6159024365582,0.5001155734062195,8.278649622215982,False
1.653,201.72829861076377,0.49958547949790955,8.259400599105229,False
1.6535,201.83160658213288,0.49911126494407654,8.237872294061345,False
1.6540000000000001,201.92434777086393,0.498696506023407,8.214385962034527,False
1.6545,202.00515437015625,0.4983455538749695,8.189054942971467,False
1.655,202.0727319008813,0.4980649948120117,8.162134739461203,False
1.6555,202.12595998511077,0.4978609085083008,8.134098292588932,False
1.6560000000000001,202.1639935550934,0.4977370798587799,8.1055132018721,False
1.6565,202.186284584888,0.4976945221424103,8.076862208028961,False
1.657,202.1925351540197,0.49773287773132324,8.048515242409984,False
1.6575,202.18375852915693,0.4979117214679718,8.026842593029343,False
1.6580000000000001,202.163688493544,0.49820151925086975,8.014775307310982,False
1.6585,202.1331680493292,0.4983733296394348,7.991628989325065,False
1.659,202.0873706093155,0.49869784712791443,7.96544650615147,False
1.6595,202.02638272724838,0.4991832375526428,7.946411133620299,False
1.6600000000000001,201.95281719325428,0.499668151140213,7.928742751530861,False
1.6605,201.86685809662657,0.5001807808876038,7.910205530113299,False
1.661,201.7688273554077,0.500776469707489,7.895291278953752,False
1.6615,201.6607642223659,0.5014065504074097,7.884475289930053,False
1.6620000000000001,201.54453922669344,0.5020391345024109,7.875833577080279,False
1.6625,201.42153626921083,0.5026907920837402,7.870140466267276,False
1.663,201.2935618190745,0.5033489465713501,7.867953673561987,False
1.6635,201.16148516399315,0.5039332509040833,7.862814199945634,False
1.6640000000000001,201.0258736263163,0.5045932531356812,7.864795442179697,False
1.6645,200.89098177509564,0.505230188369751,7.874788410813553,False
1.665,200.7606663984396,0.5057967305183411,7.889298494731402,False
1.6655,200.63691560623465,0.5062867403030396,7.904855240997097,False
1.666,200.5208401375603,0.5067412257194519,7.923046780557818,False
1.6665,200.41498943923588,0.5071845054626465,7.948637093002038,False
1.667,200.32316057444143,0.5075476169586182,7.979651277886329,False
1.6675,200.24719311489622,0.5077810883522034,8.009307570203633,False
1.668,200.18843544046754,0.5080509185791016,8.047971670538406,False
1.6685,200.1513209101926,0.5082314610481262,8.093133372870339,False
1.669,200.13619645585734,0.5081758499145508,8.127219199941706,False
1.6695,200.13645896679418,0.5079941153526306,8.144762196429008,False
1.67,200.14663039742516,0.5078789591789246,8.161287441555313,False
1.6705,200.1687003421576,0.5077837109565735,8.187839506776072,False
1.671,200.20763962923334,0.5075720548629761,8.220428586487376,False
1.6715,200.26502356062483,0.5071962475776672,8.248856352928232,False
1.672,200.33802025244833,0.5067187547683716,8.268661359011894,False
1.6725,200.42286946772197,0.5062166452407837,8.28310603114633,False
1.673,200.51780107023353,0.5057064890861511,8.296780803848232,False
1.6735,200.6226958343611,0.505157470703125,8.310221006822164,False
1.674,200.73702831413226,0.5045487880706787,8.320650445557341,False
1.6745,200.85881561885705,0.5038959383964539,8.325803245413736,False
1.675,200.9852827458514,0.5032318830490112,8.325914587637469,False
1.6755,201.11399094697268,0.5025777816772461,8.322542337560142,False
1.676,201.24316412990294,0.5019364953041077,8.316565410077008,False
1.6765,201.37120071806106,0.5013059377670288,8.307578401034913,False
1.677,201.49617789737732,0.5006937384605408,8.294924931259557,False
1.6775,201.61590555308206,0.5001155734062195,8.27864297523401,False
1.678,201.72829803533307,0.49958547949790955,8.259393632310644,False
1.6785,201.83160406473414,0.4991113543510437,8.237874841831136,False
1.679,201.9243467851309,0.498696506023407,8.214388953102722,False
1.6795,202.00515501389347,0.4983455538749695,8.18905797667937,False
1.68,202.0727340562619,0.4980649948120117,8.162137417266228,False
1.6805,202.12596279829452,0.4978608787059784,8.13409729363306,False
1.681,202.16399506756025,0.4977370500564575,8.105508607819946,False
1.6815,202.1862830493838,0.4976944923400879,8.076854571446312,False
1.682,202.19253088976177,0.497732937335968,8.048514437661261,False
1.6825,202.18375693533898,0.49791187047958374,8.026857765673359,False
1.683,202.1636905250384,0.49820128083229065,8.014766049026033,False
1.6835,202.13316675668676,0.498373419046402,7.991628777827747,False
1.684,202.08737203844748,0.49869799613952637,7.965461504697203,False
1.6845,202.0263879598229,0.4991830289363861,7.946403973148695,False
1.685,201.952819917697,0.4996682405471802,7.928743716959963,False
1.6855,201.86686108396034,0.5001807808876038,7.910205773700453,False
1.686,201.7688302119702,0.500776469707489,7.895290785081595,False
1.6865,201.66076658111473,0.5014065504074097,7.884474138942013,False
1.687,201.54454079398536,0.5020391345024109,7.875831932249569,False
1.6875,201.42153793784894,0.502690851688385,7.870144485982397,False
1.688,201.29356540157627,0.5033489465713501,7.86795703320196,False
1.6885000000000001,201.16148908688675,0.5039331912994385,7.8628105550152085,False
1.689,201.02587642609225,0.5045933127403259,7.864797015064425,False
1.6895,200.890985139642,0.505230188369751,7.874789212583896,False
1.69,200.76066882526484,0.5057966709136963,7.889292522863944,False
1.6905000000000001,200.63691479170663,0.5062867403030396,7.904849069388585,False
1.691,200.52083942101922,0.5067414045333862,7.923058928696824,False
1.6915,200.4149938983461,0.5071844458580017,7.948642733223211,False
1.692,200.32316542481047,0.5075474977493286,7.979643686522449,False
1.6925000000000001,200.24719266462625,0.5077810287475586,8.009293400024065,False
1.693,200.18842888773042,0.5080509781837463,8.047964405397092,False
1.6935,200.1513133008023,0.5082315802574158,8.093139928600943,False
1.694,200.13619384059714,0.5081759095191956,8.127233053745247,False
1.6945000000000001,200.136461524823,0.5079939961433411,8.144763996427608,False
1.695,200.14663262026193,0.5078788995742798,8.161282617608324,False
1.6955,200.16869993253218,0.5077837109565735,8.187834458444817,False
1.696,200.20763669320542,0.5075720548629761,8.220423955633954,False
1.6965000000000001,200.26501852062685,0.5071962475776672,8.248852716378405,False
1.697,200.33801482026212,0.5067188143730164,8.268665062811495,False
1.6975,200.42286844196386,0.5062167644500732,8.283122613238813,False
1.698,200.51780547155937,0.5057063102722168,8.296778841800638,False
1.6985000000000001,200.6226978281655,0.5051574110984802,8.310212202835729,False
1.699,200.73702564693585,0.5045487880706787,8.320641727977561,False
1.6995,200.85881080410195,0.5038960576057434,8.32580756778365,False
1.7,200.98528159430398,0.503231942653656,8.32592571187091,False
1.7005000000000001,201.11399454531414,0.5025777220726013,8.322547093659232,False
1.701,201.243167761818,0.5019363760948181,8.31655713100795,False
1.7015,201.3711997885986,0.5013059377670288,8.307569783325828,False
1.702,201.49617367388723,0.5006937980651855,8.294923035924112,False
1.7025000000000001,201.61590071685458,0.5001155734062195,8.278642225086909,False
1.703,201.72829376023236,0.49958550930023193,8.259397073578373,False
1.7035,201.83160086505708,0.4991112947463989,8.237873147816936,False
1.704,201.92434405764985,0.49869656562805176,8.214394094516003,False
1.7045000000000001,202.00515463964197,0.4983455240726471,8.189060466855196,False
1.705,202.0727350007911,0.4980649948120117,8.162139834475338,False
1.7055,202.12596491043013,0.4978608787059784,8.134099322249496,False
1.706,202.16399804573496,0.4977370500564575,8.105509989631667,False
1.7065000000000001,202.18628648438735,0.4976944923400879,8.076855138578269,False
1.707,202.19253160563363,0.4977327883243561,8.048499243683736,False
1.7075,202.1837546297065,0.49791213870048523,8.026870197788979,False
1.708,202.16369266507508,0.4982011616230011,8.01476631325981,False
1.7085000000000001,202.13316721715628,0.4983733296394348,7.991619574022232,False
1.709,202.08736825404395,0.49869802594184875,7.965455769798927,False
1.7095,202.0263848066317,0.49918320775032043,7.946417385366554,False
1.71,201.95282068416094,0.49966806173324585,7.928739166806279,False
1.7105000000000001,201.866859443438,0.5001807808876038,7.9102013350735945,False
1.711,201.76882859839867,0.5007765889167786,7.895298921143534,False
1.7115,201.66076820013956,0.5014064908027649,7.884476194142309,False
1.712,201.54454224889457,0.5020390748977661,7.875827525421516,False
1.7125000000000001,201.42153701224055,0.502690851688385,7.870140013682638,False
1.713,201.29356226746964,0.5033489465713501,7.867953071539571,False
1.7135,201.16148526679345,0.5039332509040833,7.862813528964588,False
1.714,201.02587444687106,0.5045933127403259,7.864800714364761,False
1.7145000000000001,200.89098414738757,0.5052301287651062,7.874787228197061,False
1.715,200.76066584485056,0.5057966113090515,7.889284984893751,False
1.7155,200.63691034607885,0.5062868595123291,7.904854552119228,False
1.716,200.5208360251402,0.5067412853240967,7.923053302549669,False
1.7165000000000001,200.41499003469653,0.5071845650672913,7.948650090428445,False
1.717,200.32316561771077,0.5075474977493286,7.979651498768457,False
1.7175,200.24719575804124,0.5077809691429138,8.009294768368488,False
1.718,200.18843241527009,0.5080509781837463,8.047964950407035,False
1.7185000000000001,200.15131680888456,0.5082315802574158,8.093139599252325,False
1.719,200.13619585290303,0.5081758499145508,8.127226009475276,False
1.7195,200.13645979808982,0.5079939961433411,8.144756918305648,False
1.72,200.14662951638468,0.5078790187835693,8.161288199883243,False
1.7205000000000001,200.16869991954414,0.5077837109565735,8.187840427066101,False
1.721,200.2076397089217,0.5075720548629761,8.22042954923095,False
1.7215,200.26502412232864,0.5071962475776672,8.248857235576128,False
1.722,200.33802121534362,0.5067187547683716,8.268662051413182,False
1.7225000000000001,200.42287070159722,0.5062166452407837,8.283106449275653,False
1.723,200.5178024128044,0.5057064890861511,8.296780900055598,False
1.7235,200.62269607703158,0.5051574110984802,8.310214862086479,False
1.724,200.7370264383699,0.5045488476753235,8.320650552916126,False
1.7245000000000001,200.85881395716768,0.5038959383964539,8.325803796262834,False
1.725,200.98528254994108,0.503231942653656,8.32592142540889,False
1.7255,201.1139932240982,0.5025777220726013,8.322542854183924,False
1.726,201.24316542845756,0.5019364356994629,8.31655941452979,False
1.7265000000000001,201.37119777477943,0.501305878162384,8.307566548262239,False
1.727,201.4961712257982,0.5006938576698303,8.294926434721578,False
1.7275,201.61590128764678,0.5001156330108643,8.27865193408528,False
1.728,201.72829875152726,0.49958547949790955,8.259403037935149,False
1.7285,201.83160690123262,0.49911120533943176,8.237868593221705,False
1.729,201.92434722328173,0.49869656562805176,8.214388374972026,False
1.7295,202.00515511571965,0.4983455538749695,8.189057330214494,False
1.73,202.0727338153213,0.4980649948120117,8.16213678861048,False
1.7305,202.12596225328178,0.4978608787059784,8.134096764897025,False
1.731,202.1639942963494,0.4977370500564575,8.105508246332027,False
1.7315,202.18628378448986,0.49769458174705505,8.076863354367436,False
1.732,202.19253447235326,0.49773284792900085,8.048513529858143,False
1.7325,202.1837581085353,0.4979117810726166,8.026847114269799,False
1.733,202.16368990077967,0.49820148944854736,8.014776655834497,False
1.7335,202.13316894383587,0.49837327003479004,7.991623953502803,False
1.734,202.08737045994656,0.4986979365348816,7.965450513503687,False
1.7345,202.0263846565779,0.4991832375526428,7.946414914665335,False
1.735,201.95281981770475,0.49966809153556824,7.928739868756168,False
1.7355,201.8668590125293,0.5001807808876038,7.91020220075873,False
1.736,201.76882864932622,0.5007765889167786,7.895299834566902,False
1.7365,201.66076871559554,0.5014064908027649,7.884477035970006,False
1.737,201.54454315195943,0.5020390748977661,7.875828188516544,False
1.7375,201.4215392550404,0.5026909112930298,7.870146352091031,False
1.738,201.2935664867704,0.5033488869667053,7.86795253041758,False
1.7385,201.1614888515484,0.5039332509040833,7.862812009595887,False
1.739,201.02587588401062,0.5045932531356812,7.864792508022097,False
1.7395,200.89098234677328,0.505230188369751,7.874785123587314,False
1.74,200.76066418680625,0.5057966709136963,7.88928936290576,False
1.7405,200.6369099956756,0.5062867999076843,7.904853133446828,False
1.741,200.5208360384597,0.5067413449287415,7.923057968712167,False
1.7415,200.41499241561314,0.5071845650672913,7.948654457344515,False
1.742,200.32316896621143,0.5075474381446838,7.97964911580189,False
1.7425,200.24719761731834,0.5077809691429138,8.00929173824782,False
1.743,200.18843258306484,0.5080509781837463,8.047961669022001,False
1.7435,200.1513153002536,0.5082315802574158,8.093136485244582,False
1.744,200.1361959977349,0.5081760287284851,8.127241152581826,False
1.7445,200.13646657207798,0.5079939365386963,8.144765168885616,False
1.745,200.14663783855354,0.5078788995742798,8.161282513282602,False
1.7455,200.16870466011017,0.5077837109565735,8.187833117141718,False
1.746,200.207640343503,0.5075720548629761,8.220421572202806,False
1.7465,200.26502168508037,0.507196307182312,8.24885551693813,False
1.747,200.33801811000427,0.5067187547683716,8.26866102405425,False
1.7475,200.42286733552245,0.5062166452407837,8.283106229649105,False
1.748,200.51779921910338,0.5057064890861511,8.296781499860508,False
1.7485,200.62269345908783,0.5051574110984802,8.310216188503885,False
1.749,200.7370236816262,0.5045487880706787,8.320646505818486,False
1.7495,200.8588104066857,0.5038959980010986,8.325806590815066,False
1.75,200.98527968827366,0.5032318830490112,8.325918970495975,False
1.7505,201.1139893489666,0.5025777220726013,8.322541246794007,False
1.7510000000000001,201.24316210899403,0.5019364953041077,8.316564775133976,False
1.7515,201.37119854403915,0.5013059377670288,8.307578295000079,False
1.752,201.49617585517208,0.5006937384605408,8.294925357356751,False
1.7525,201.61590390547127,0.5001155734062195,8.27864386745031,False
1.7530000000000001,201.72829698899213,0.49958547949790955,8.259394865070515,False
1.7535,201.8316026771211,0.4991112947463989,8.237870301610446,False
1.754,201.9243442448689,0.49869656562805176,8.214390995652266,False
1.7545,202.00515374751336,0.4983455538749695,8.189060501455817,False
1.7550000000000001,202.0727331267762,0.49806493520736694,8.162134131093893,False
1.7555,202.12596025081154,0.4978608787059784,8.134094449617567,False
1.756,202.16399397560622,0.49773719906806946,8.105521457189072,False
1.7565,202.1862892368349,0.4976945221424103,8.076869817229811,False
1.7570000000000001,202.1925389927464,0.49773263931274414,8.04849739739545,False
1.7575,202.18375661943787,0.4979119300842285,8.026845834674777,False
1.758,202.16368842295273,0.49820151925086975,8.014778799364924,False
1.7585,202.13316870026705,0.49837327003479004,7.991626314790666,False
1.7590000000000001,202.0873703679928,0.4986978769302368,7.965446825819192,False
1.7595,202.026382671494,0.4991832375526428,7.946411490818733,False
1.76,201.9528173262628,0.499668151140213,7.928743098872417,False
1.7605,201.86685731161853,0.500180721282959,7.9101998752950005,False
1.7610000000000001,201.76882589899202,0.5007765889167786,7.895298071335901,False
1.7615,201.66076529536107,0.5014064908027649,7.88447605078011,False
1.762,201.54453951856414,0.5020390748977661,7.875828091310724,False
1.7625,201.42153588140977,0.5026909112930298,7.870147135610807,False
1.7630000000000001,201.2935638006871,0.5033488869667053,7.86795407435653,False
1.7635,201.16148718215493,0.5039332509040833,7.862814099202599,False
1.764,201.0258754221244,0.5045932531356812,7.864794863962445,False
1.7645,200.89098312443616,0.505230188369751,7.874787439487015,False
1.7650000000000001,200.76066607763482,0.5057966709136963,7.889291344999685,False
1.7655,200.63691167667443,0.5062867403030396,7.904848623227214,False
1.766,200.52083634147695,0.5067414045333862,7.92305925474771,False
1.7665,200.41499334600059,0.5071845650672913,7.948655589484264,False
1.7670000000000001,200.3231693450336,0.5075473785400391,7.979644048843988,False
1.7675,200.2471953951596,0.5077809691429138,8.009286901741316,False
1.768,200.18842809613548,0.5080509781837463,8.0479576676176,False
1.7685,200.15131019957408,0.5082316398620605,8.093139705819974,False
1.7690000000000001,200.13619295623445,0.5081760287284851,8.127245384249619,False
1.7695,200.13646593037444,0.5079939365386963,8.144769857454932,False
1.77,200.14663859440805,0.507878839969635,8.161281157529686,False
1.7705,200.16870466511847,0.5077837109565735,8.187831667075555,False
1.7710000000000001,200.2076396125373,0.5075720548629761,8.220420212806395,False
1.7715,200.26502135633586,0.5071963667869568,8.248860321859699,False
1.772,200.3380202502911,0.5067187547683716,8.268665602038517,False
1.7725,200.4228705913117,0.5062165856361389,8.283104096562507,False
1.7730000000000001,200.51780111407987,0.5057064890861511,8.296778723897846,False
1.7735,200.62269481448655,0.505157470703125,8.310219049418562,False
1.774,200.7370253445549,0.5045487284660339,8.320642941975656,False
1.7745,200.85881114759118,0.5038960576057434,8.325808776338429,False
1.7750000000000001,200.98528148412115,0.5032318830490112,8.325920837011008,False
1.7755,201.11399194774782,0.5025777220726013,8.322542560379278,False
1.776,201.24316411042489,0.5019364356994629,8.316559447385366,False
1.7765,201.3711976388561,0.5013059377670288,8.307572830356666,False
1.7770000000000001,201.49617327464094,0.5006937980651855,8.294926403912822,False
1.7775,201.61590208503617,0.5001155734062195,8.278645469831883,False
1.778,201.72829668218967,0.49958550930023193,8.259399774873412,False
1.7785,201.8316049281481,0.4991112947463989,8.237874964055456,False
1.7790000000000001,201.9243476371714,0.498696506023407,8.214388857914027,False
1.7795,202.00515574324828,0.4983455538749695,8.189057680975257,False
1.78,202.07273456985206,0.4980649948120117,8.16213696392482,False
1.7805,202.1259630332022,0.4978608787059784,8.134096745390721,False
1.7810000000000001,202.16399499875217,0.4977370500564575,8.105508038622174,False
1.7815,202.18628269226454,0.4976944923400879,8.076854056471705,False
1.782,202.1925302973106,0.497732937335968,8.048514043379035,False
1.7825,202.18375619033614,0.49791187047958374,8.02685754124148,False
1.7830000000000001,202.16368972844754,0.49820128083229065,8.014766020197731,False
1.7835,202.13316547018675,0.4983733892440796,7.991625967077338,False
1.784,202.08736995643827,0.49869802594184875,7.965462166946333,False
1.7845,202.02638639845367,0.4991830289363861,7.946405096469557,False
1.7850000000000001,201.95281852590628,0.4996682107448578,7.928742169998238,False
1.7855,201.86685901567358,0.5001807808876038,7.91020466424862,False
1.786,201.76882883450105,0.5007765293121338,7.895296192196499,False
1.7865,201.66076701521132,0.5014064908027649,7.884473585423527,False
1.7870000000000001,201.5445398276121,0.5020390748977661,7.875825371195408,False
1.7875,201.42153477126132,0.5026909112930298,7.870144516835933,False
1.788,201.29356359436466,0.5033490061759949,7.867963755255278,False
1.7885,201.16148979517996,0.5039331316947937,7.862811350399097,False
1.7890000000000001,201.02587641139326,0.5045932531356812,7.864791664815185,False
1.7895,200.89098239990102,0.505230188369751,7.87478420799744,False
1.79,200.76066376941068,0.5057966709136963,7.889288493024426,False
1.7905,200.6369102295142,0.5062868595123291,7.904858332896383,False
1.7910000000000001,200.520836784278,0.5067412257194519,7.923050959858706,False
1.7915,200.41498954079103,0.5071845650672913,7.9486477152592325,False
1.792,200.3231639603991,0.5075474977493286,7.979649391842093,False
1.7925,200.24719421595822,0.5077810287475586,8.009299093195335,False
1.793,200.18843215321883,0.5080509185791016,8.047963467268165,False
1.7935,200.15131581742395,0.5082315802574158,8.093138272219186,False
1.794,200.13619530710054,0.5081759095191956,8.127230902759552,False
1.7945,200.13646177816022,0.5079939961433411,8.144761632136682,False
1.795,200.1466326869152,0.5078789591789246,8.161286243109716,False
1.7955,200.16870286409778,0.5077837705612183,8.18784373971163,False
1.796,200.20764202416044,0.5075719356536865,8.220420145683354,False
1.7965,200.26502146949431,0.5071962475776672,8.248847876277825,False
1.797,200.3380160930039,0.5067188739776611,8.268665731786925,False
1.7975,200.4228699476523,0.5062167644500732,8.283122935369555,False
1.798,200.51780701412315,0.5057063102722168,8.296778783098851,False
1.7985,200.62269921036554,0.5051574110984802,8.310211778401882,False
1.799,200.73702669547566,0.5045487880706787,8.320640999294953,False
1.7995,200.85881139136916,0.5038960576057434,8.325806634181752,False
1.8,200.98528165405614,0.503231942653656,8.325924697259651,False
1.8005,201.11399408031724,0.5025777220726013,8.322546130237512,False
1.801,201.24316684247822,0.5019363760948181,8.316556342082599,False
1.8015,201.37119854285166,0.5013059377670288,8.307569267491449,False
1.802,201.49617226975255,0.5006937980651855,8.294922854640998,False
1.8025,201.61590039968277,0.5001156330108643,8.27864833516119,False
1.803,201.728296086051,0.49958547949790955,8.259399889361351,False
1.8035,201.8316039088897,0.49911126494407654,8.237872242620346,False
1.804,201.92434530155396,0.498696506023407,8.214386562272969,False
1.8045,202.0051524238877,0.4983455538749695,8.189056103008381,False
1.805,202.07273072201681,0.4980649948120117,8.162136295743469,False
1.8055,202.12595971244215,0.4978609085083008,8.134100032743522,False
1.806,202.16399420554515,0.4977370798587799,8.10551489363487,False
1.8065,202.18628605369273,0.4976945221424103,8.076863630276149,False
1.807,202.1925366879795,0.49773284792900085,8.048513236262641,False
1.8075,202.18375998097278,0.4979117810726166,8.026846301875416,False
1.808,202.1636884740663,0.4982013404369354,8.014760554780503,False
1.8085,202.1331631335267,0.49837347865104675,7.991630096570841,False
1.809,202.08736940811778,0.49869799613952637,7.965463615562199,False
1.8095,202.0263861004813,0.4991829991340637,7.946403607293077,False
1.81,201.95281802976783,0.4996682405471802,7.928743825108065,False
1.8105,201.86685941372716,0.5001807808876038,7.910206331349732,False
1.811,201.76882897144785,0.500776469707489,7.895291709884226,False
1.8115,201.6607659214082,0.5014065504074097,7.8844753029892995,False
1.812,201.54453970777732,0.5020390748977661,7.8758272410933765,False
1.8125,201.42153561913932,0.5026909112930298,7.870146294779513,False
1.813,201.29356420506033,0.5033489465713501,7.867959282792926,False
1.8135000000000001,201.16148914110624,0.5039331912994385,7.862812947277188,False
1.814,201.02587662743548,0.5045932531356812,7.864793316154136,False
1.8145,200.89098343913747,0.505230188369751,7.874785701994256,False
1.815,200.7606654813831,0.5057966709136963,7.889289643079484,False
1.8155000000000001,200.63691132362132,0.5062867999076843,7.90485308636891,False
1.816,200.52083617569977,0.5067412853240967,7.923051696535013,False
1.8165,200.41498935732886,0.5071845650672913,7.948648550393665,False
1.817,200.32316421598696,0.5075474977493286,7.979650217805617,False
1.8175000000000001,200.24719486890615,0.5077810287475586,8.00929980596687,False
1.818,200.18843311264902,0.5080509185791016,8.047963979446985,False
1.8185,200.15131695593877,0.5082315802574158,8.093138523592069,False
1.819,200.13619544263975,0.5081758499145508,8.127224966776385,False
1.8195000000000001,200.13645992756767,0.5079940557479858,8.14476193959532,False
1.82,200.14663114741015,0.5078789591789246,8.161286972050995,False
1.8205,200.1687018233646,0.5077837705612183,8.187844789395031,False
1.821,200.20764160325803,0.5075719356536865,8.220421376988947,False
1.8215000000000001,200.26502170901026,0.5071962475776672,8.248849129881167,False
1.822,200.33801591799656,0.5067188143730164,8.26866094290149,False
1.8225,200.422867351816,0.5062167644500732,8.28311849335445,False
1.823,200.51780340982532,0.5057063698768616,8.296781156117115,False
1.8235000000000001,200.62269608484038,0.5051573514938354,8.310208949748278,False
1.824,200.7370234288465,0.5045488476753235,8.320645017823438,False
1.8245,200.8588104549999,0.5038960576057434,8.32581117871289,False
1.825,200.98528207932395,0.5032318830490112,8.325923251038471,False
1.8255000000000001,201.11399372862687,0.5025777220726013,8.322544675112816,False
1.826,201.24316682368706,0.5019364356994629,8.31656099587335,False
1.8265,201.37119986255243,0.501305878162384,8.307567690205516,False
1.827,201.49617372163112,0.5006938576698303,8.294926997918006,False
1.8275000000000001,201.61590279932386,0.5001155734062195,8.278645916961414,False
1.828,201.7282970336973,0.49958547949790955,8.259397048347179,False
1.8285,201.83160384363708,0.4991112947463989,8.237872330999815,False
1.829,201.92434528753014,0.498696506023407,8.214386660676853,False
1.8295000000000001,202.00515246188368,0.4983455538749695,8.189056198348325,False
1.83,202.0727308059845,0.4980649948120117,8.162136375584948,False
1.8305,202.1259598304155,0.4978609085083008,8.134100086931833,False
1.831,202.16399434132992,0.4977370798587799,8.105514915590652,False
1.8315000000000001,202.18628456257855,0.4976944327354431,8.076854684589385,False
1.832,202.1925323306077,0.497732937335968,8.048514175703506,False
1.8325,202.18375811630025,0.49791187047958374,8.026857171011176,False
1.833,202.16369129690185,0.49820128083229065,8.01476520679605,False
1.8335000000000001,202.13316702708877,0.498373419046402,7.991627803639662,False
1.834,202.08737069508265,0.4986979365348816,7.96545457579725,False
1.8345,202.02638533472324,0.49918314814567566,7.9464097266255065,False
1.835,201.95281885192156,0.499668151140213,7.928740805340788,False
1.8355000000000001,201.8668586115463,0.5001807808876038,7.9102033097898055,False
1.836,201.76882885268176,0.5007765889167786,7.895300968267497,False
1.8365,201.6607684016694,0.5014064311981201,7.88447210511604,False
1.837,201.54454141638902,0.5020391345024109,7.875829591448968,False
1.8375000000000001,201.42153838571696,0.5026909112930298,7.870148082092623,False
1.838,201.29356657610916,0.5033488869667053,7.867954357908505,False
1.8385,201.16148986685835,0.5039332509040833,7.862813698164261,False
1.839,201.02587767480478,0.5045932531356812,7.864793844873082,False
1.8395000000000001,200.89098466737016,0.505230188369751,7.874785946063326,False
1.84,200.76066673018138,0.5057966709136963,7.889289577743346,False
1.8405,200.63691243394751,0.5062867999076843,7.904852726724136,False
1.841,200.52083806487235,0.5067413449287415,7.923057005595765,False
1.8415000000000001,200.41499167994814,0.5071844458580017,7.948641255705516,False
1.842,200.323163690916,0.5075475573539734,7.979648737073669,False
1.8425,200.24719468157903,0.5077810883522034,8.009304447523215,False
1.843,200.18843529328902,0.5080509185791016,8.047968372138618,False
1.8435000000000001,200.15131806692293,0.5082314014434814,8.093124417120784,False
1.844,200.13619241811944,0.5081760287284851,8.127229188309483,False
1.8445,200.13645929628328,0.5079940557479858,8.14476661462594,False
1.845,200.14663293909493,0.5078789591789246,8.161291501691498,False
1.8455000000000001,200.16870472925905,0.5077837109565735,8.187842704205321,False
1.846,200.2076442387015,0.5075719952583313,8.220424633265552,False
1.8465,200.26502474506802,0.5071961879730225,8.248845647110183,False
1.847,200.33801796024355,0.5067188739776611,8.268662862101289,False
1.8475000000000001,200.4228691655975,0.5062167048454285,8.283113894275111,False
1.848,200.51780376289875,0.5057064294815063,8.296782326989996,False
1.8485,200.62269804016884,0.5051574110984802,8.310215874358185,False
1.849,200.73702667693627,0.5045487284660339,8.320639196960808,False
1.8495000000000001,200.8588104536346,0.5038960576057434,8.325804952172021,False
1.85,200.98527993568302,0.503231942653656,8.325923349122691,False
1.8505,201.11399181790736,0.5025777220726013,8.322545282878428,False
1.851,201.24316433871627,0.5019363760948181,8.31655609490884,False
1.8515000000000001,201.37119612637358,0.5013059377670288,8.307569640554968,False
1.852,201.4961713081878,0.5006938576698303,8.29492972390578,False
1.8525,201.6159019958599,0.5001155734062195,8.278649048757892,False
1.853,201.72829791256223,0.49958547949790955,8.25940016984651,False
1.8535000000000001,201.83160572273454,0.49911126494407654,8.237872062119813,False
1.854,201.92434686587976,0.498696506023407,8.214385953732908,False
1.8545,202.0051535389914,0.4983455538749695,8.189055154835007,False
1.855,202.07273125096233,0.4980649948120117,8.162135139198437,False
1.8555000000000001,202.125959597954,0.4978609085083008,8.134098823871248,False
1.856,202.1639934760491,0.4977370798587799,8.105513792217419,False
1.8565,202.1862848178731,0.4976945221424103,8.076862778682662,False
1.857,202.19253566185245,0.49773287773132324,8.048515718862907,False
1.8575,202.1837592393167,0.4979117214679718,8.026842914774255,False
1.858,202.1636876778234,0.4982014298439026,8.014766502976709,False
1.8585,202.13316438956232,0.498373419046402,7.991629892866868,False
1.859,202.0873704507544,0.49869799613952637,7.965463120619797,False
1.8595,202.02638679820726,0.4991829991340637,7.946402892150115,False
1.86,201.95281829918875,0.4996682405471802,7.928742987824053,False
1.8605,201.86685922921342,0.5001807808876038,7.910205483541385,False
1.861,201.76882836701643,0.500776469707489,7.895290961831992,False
1.8615,201.660764984674,0.5014065504074097,7.884474749335211,False
1.862,201.54453964676657,0.5020391345024109,7.8758328878045,False
1.8625,201.42153630054457,0.5026907920837402,7.870139720419947,False
1.863,201.2935614663071,0.5033489465713501,7.867952968238657,False
1.8635,201.16148448086057,0.5039332509040833,7.862813624658627,False
1.864,201.02587377633552,0.5045933127403259,7.864800992381779,False
1.8645,200.89098367521058,0.5052301287651062,7.874787649024589,False
1.865,200.7606656267298,0.5057966113090515,7.889285491830612,False
1.8655,200.6369104041293,0.5062868595123291,7.904855078906836,False
1.866,200.5208374009734,0.5067413449287415,7.923059692976234,False
1.8665,200.41499243606506,0.5071844458580017,7.948643930970571,False
1.867,200.32316469289484,0.5075474977493286,7.979645157022237,False
1.8675,200.2471927397348,0.5077810287475586,8.009294951868867,False
1.868,200.18842974299127,0.5080509781837463,8.047965841229415,False
1.8685,200.15131481180345,0.5082315802574158,8.093141070070695,False
1.869,200.1361947683846,0.5081758499145508,8.127227862906523,False
1.8695,200.13645974389686,0.5079939961433411,8.144758912866338,False
1.87,200.1466294447365,0.5078789591789246,8.16128418059612,False
1.8705,200.1686988481481,0.5077837705612183,8.18784258039979,False
1.871,200.20763878853035,0.5075719952583313,8.220425919418668,False
1.8715,200.26502143670967,0.5071962475776672,8.248854055655665,False
1.872,200.3380171400671,0.5067187547683716,8.268659714975971,False
1.8725,200.42286784635894,0.5062167644500732,8.283117051523236,False
1.873,200.51780312858955,0.5057063698768616,8.296779687982756,False
1.8735,200.62269714996887,0.505157470703125,8.310219469302131,False
1.874,200.7370287337881,0.5045487880706787,8.320648691132703,False
1.8745,200.8588161464141,0.5038959980010986,8.325807422551467,False
1.875,200.98528432259803,0.5032318234443665,8.32591244574969,False
1.8755,201.1139912923281,0.5025777816772461,8.32253995454329,False
1.8760000000000001,201.24316217468447,0.5019364356994629,8.31655716835924,False
1.8765,201.37119469860392,0.5013059377670288,8.307571166479914,False
1.877,201.49617078714928,0.5006938576698303,8.294931495410395,False
1.8775,201.61590243116171,0.5001155734062195,8.278650830666908,False
1.8780000000000001,201.7282981649565,0.49958541989326477,8.25939578686795,False
1.8785,201.83160369360593,0.49911126494407654,8.237867905164647,False
1.879,201.92434393717278,0.49869656562805176,8.214388509971801,False
1.8795,202.00515218292765,0.4983455538749695,8.189058253807634,False
1.8800000000000001,202.07273053617592,0.49806493520736694,8.162132411219776,False
1.8805,202.1259575350949,0.4978609085083008,8.134096449143444,False
1.881,202.1639903639737,0.4977370798587799,8.105512075123475,False
1.8815,202.18628217155324,0.49769458174705505,8.076867886363708,False
1.8820000000000001,202.19253534163835,0.49773284792900085,8.048518155167919,False
1.8825,202.1837585750869,0.49791163206100464,8.0268363352311,False
1.883,202.16368530349746,0.49820151925086975,8.014769449865431,False
1.8835,202.13316482918117,0.49837347865104675,7.9916391765125505,False
1.8840000000000001,202.08737292327595,0.49869784712791443,7.965456805691296,False
1.8845,202.0263863460795,0.4991830289363861,7.946399367561205,False
1.885,201.95281715703467,0.49966830015182495,7.928745752706615,False
1.8855,201.866859607715,0.5001807808876038,7.910208344232498,False
1.8860000000000001,201.76883018332654,0.500776469707489,7.89529354488466,False
1.8865,201.66076688975028,0.5014064908027649,7.884470784580286,False
1.887,201.54453935648345,0.5020391345024109,7.875828720768799,False
1.8875,201.42153605545886,0.5026909112930298,7.870147763413898,False
1.8880000000000001,201.29356428100516,0.5033488869667053,7.867954619874499,False
1.8885,201.16148790037724,0.5039332509040833,7.86281449433248,False
1.889,201.02587628109816,0.5045932531356812,7.864795061538038,False
1.8895,200.8909840114635,0.505230188369751,7.874787418708595,False
1.8900000000000001,200.760666879218,0.5057966709136963,7.8892911133416765,False
1.8905,200.636912292898,0.5062867403030396,7.904848214738465,False
1.891,200.52083669829446,0.5067414045333862,7.923058725072889,False
1.8915,200.41499340394444,0.5071845650672913,7.9486550082845,False
1.8920000000000001,200.32316910328177,0.5075473785400391,7.9796434906526645,False
1.8925,200.2471959351551,0.5077810287475586,8.009292339924441,False
1.893,200.18843134684147,0.5080509781837463,8.047962633326101,False
1.8935,200.1513146561312,0.5082315802574158,8.093137682970674,False
1.8940000000000001,200.13619497950384,0.5081759691238403,8.127236527644177,False
1.8945,200.13646329512204,0.5079939365386963,8.144761079005425,False
1.895,200.14663379622877,0.5078789591789246,8.161285363533814,False
1.8955,200.16870240214732,0.5077837109565735,8.187836750312986,False
1.8960000000000001,200.2076401180493,0.5075720548629761,8.220425513528177,False
1.8965,200.265022448444,0.5071962475776672,8.248853358315856,False
1.897,200.3380177123288,0.5067187547683716,8.268658820357942,False
1.8975,200.42286791538672,0.5062167644500732,8.283116077097544,False
1.8980000000000001,200.5178026957161,0.5057063698768616,8.296778759235355,False
1.8985,200.6226962803805,0.505157470703125,8.310218703649634,False
1.899,200.73702754720992,0.5045487880706787,8.320648183111961,False
1.8995,200.85881480102427,0.5038959980010986,8.325807232102848,False
1.9000000000000001,200.98528403688883,0.5032318830490112,8.325918513963725,False
1.9005,201.11399309316067,0.5025777220726013,8.322539772961813,False
1.901,201.2431637286359,0.5019364356994629,8.316556564509948,False
1.9015,201.37119580958853,0.5013059377670288,8.307570226870881,False
1.9020000000000001,201.49617131993438,0.5006938576698303,8.29493034857729,False
1.9025,201.61590232805116,0.5001155734062195,8.278649629820375,False
1.903,201.72829851550418,0.49958547949790955,8.25940063248235,False
1.9035,201.83160651228465,0.49911126494407654,8.237872348335205,False
1.9040000000000001,201.92434773504246,0.498696506023407,8.214386029685697,False
1.9045,202.00515437235708,0.4983455538749695,8.189055014869625,False
1.905,202.07273194003548,0.4980649948120117,8.162134806094539,False
1.9055,202.12596005531773,0.4978609085083008,8.134098345324071,False
1.9060000000000001,202.16399364649064,0.4977370798587799,8.10551323407572,False
1.9065,202.18628468503022,0.4976945221424103,8.07686221590313,False
1.907,202.19253524957367,0.49773287773132324,8.048515225434773,False
1.9075,202.18375860768123,0.4979117214679718,8.026842553963688,False
1.9080000000000001,202.16368854511174,0.49820151925086975,8.014775251752877,False
1.9085,202.13316806776155,0.4983733296394348,7.991628924904222,False
1.909,202.0873711368102,0.4986978769302368,7.965449418023877,False
1.9095,202.02638416679974,0.49918320775032043,7.946410751191035,False
1.9100000000000001,201.95281831208789,0.499668151140213,7.928742045636925,False
1.9105,201.8668587562205,0.5001807808876038,7.910204599709062,False
1.911,201.7688285641087,0.5007765293121338,7.8952961945300055,False
1.9115,201.6607667691411,0.5014064908027649,7.884473652841219,False
1.9120000000000001,201.5445407167364,0.5020391345024109,7.875831432323414,False
1.9125,201.42153761118786,0.502690851688385,7.870144036942816,False
1.913,201.2935648730443,0.5033489465713501,7.8679566916121395,False
1.9135,201.16148842871726,0.5039331912994385,7.862810362280667,False
1.9140000000000001,201.02587572534438,0.5045933127403259,7.864796992508285,False
1.9145,200.89098448664632,0.505230188369751,7.87478935929525,False
1.915,200.7606683020608,0.5057966709136963,7.889292816431948,False
1.9155,200.63691446188326,0.5062867403030396,7.904849469310937,False
1.9160000000000001,200.52083826712345,0.5067413449287415,7.9230534709735485,False
1.9165,200.41499112231517,0.5071845054626465,7.9486438051764505,False
1.917,200.32316447339568,0.5075475573539734,7.97965125796761,False
1.9175,200.24719563213142,0.5077810287475586,8.009300718944525,False
1.9180000000000001,200.18843427457287,0.5080509185791016,8.047964652906236,False
1.9185,200.15131732425093,0.508231520652771,8.093132977041689,False
1.919,200.13619503972618,0.5081759691238403,8.127231483759754,False
1.9195,200.13646286150035,0.5079940557479858,8.14476814039795,False
1.92,200.14663697876972,0.5078789591789246,8.16129208144646,False
1.9205,200.1687076917606,0.5077836513519287,8.187836383425317,False
1.921,200.2076437462415,0.5075719952583313,8.220418006626325,False
1.9215,200.26502299184608,0.507196307182312,8.248851365748424,False
1.922,200.33801719757753,0.5067187547683716,8.26865682468848,False
1.9225,200.42286746144643,0.506216824054718,8.283120239449238,False
1.923,200.51780439912514,0.5057063698768616,8.296782764531903,False
1.9235,200.62269781018247,0.5051573514938354,8.310210218311848,False
1.924,200.73702565528083,0.5045488476753235,8.320645791289085,False
1.9245,200.8588128875861,0.5038960576057434,8.325811367859291,False
1.925,200.9852844017602,0.5032318830490112,8.325922843152618,False
1.9255,201.11399459844793,0.5025776624679565,8.32253780813748,False
1.926,201.24316409782259,0.5019364356994629,8.31655436419251,False
1.9265,201.37119606998192,0.5013059973716736,8.307574013708154,False
1.927,201.49617244849918,0.5006937980651855,8.294927889240146,False
1.9275,201.6159020941629,0.5001155734062195,8.27864705803266,False
1.928,201.72829697695641,0.49958547949790955,8.259398285515195,False
1.9285,201.83160389616393,0.49911126494407654,8.237870527974732,False
1.929,201.92434440518403,0.498696506023407,8.214384963245813,False
1.9295,202.0051518529748,0.49834561347961426,8.189060777075845,False
1.93,202.0727326150955,0.4980649948120117,8.16214080090886,False
1.9305,202.12596323039702,0.4978608787059784,8.134100804536171,False
1.931,202.16399727720642,0.4977370500564575,8.105511782446225,False
1.9315,202.18628562481908,0.4976944327354431,8.076851044531953,False
1.932,202.19253250543872,0.4977329969406128,8.048516473039694,False
1.9325,202.18375946319884,0.49791187047958374,8.026859274643394,False
1.933,202.1636914396665,0.4982011616230011,8.014754935098615,False
1.9335,202.1331640292498,0.49837353825569153,7.991630080774358,False
1.934,202.08737021846474,0.49869799613952637,7.965463383576165,False
1.9345,202.02638672147293,0.4991829991340637,7.946403194163419,False
1.935,201.9528183845986,0.4996682405471802,7.928743288666921,False
1.9355,201.86685946208522,0.5001807808876038,7.910205744100736,False
1.936,201.76882871384848,0.500776469707489,7.89529114917967,False
1.9365,201.66076539801495,0.5014065504074097,7.884474840840606,False
1.937,201.54454007174007,0.5020391345024109,7.8758328737802845,False
1.9375,201.421536682132,0.5026907920837402,7.870139605023669,False
1.938,201.29356175643457,0.5033489465713501,7.867952768557292,False
1.9385000000000001,201.16148464435807,0.5039332509040833,7.862813368154972,False
1.939,201.02587379511797,0.5045933127403259,7.864800713118102,False
1.9395,200.89098355010282,0.5052301287651062,7.874787383121233,False
1.94,200.7606653768356,0.5057966113090515,7.889285272822779,False
1.9405000000000001,200.63691006392574,0.5062868595123291,7.904854933571191,False
1.941,200.52083701556143,0.5067413449287415,7.923059638117333,False
1.9415,200.41499310661965,0.5071845054626465,7.9486498796236456,False
1.942,200.32316727701746,0.5075474381446838,7.97964466336425,False
1.9425000000000001,200.24719485673845,0.5077810287475586,8.009293873628206,False
1.943,200.18843113608668,0.5080509781837463,8.047964326920413,False
1.9435,200.1513153210186,0.5082315802574158,8.093139319739118,False
1.944,200.1361953830311,0.5081759095191956,8.12723200228761,False
1.9445000000000001,200.1364624050083,0.5079939961433411,8.144762644038336,False
1.945,200.14663274102318,0.5078788995742798,8.161281141069452,False
1.9455,200.16870032669436,0.5077837705612183,8.18783894772353,False
1.946,200.20763933148604,0.5075720548629761,8.220428066538185,False
1.9465000000000001,200.2650230239633,0.5071962475776672,8.248855937006066,False
1.947,200.3380195496289,0.5067187547683716,8.268661097686941,False
1.9475,200.4228686912405,0.5062166452407837,8.283105954467235,False
1.948,200.51780032027045,0.5057064890861511,8.296780917854969,False
1.9485000000000001,200.62269417052457,0.5051574110984802,8.310215379967506,False
1.949,200.737023920248,0.5045487880706787,8.320645578518763,False
1.9495,200.85881119113398,0.5038960576057434,8.325811585369644,False
1.95,200.985282960863,0.5032318830490112,8.325923454501215,False
1.9505000000000001,201.11399359346325,0.5025776624679565,8.322538726830265,False
1.951,201.24316364975894,0.5019364356994629,8.316555465579233,False
1.9515,201.37119622572783,0.5013059973716736,8.307575151675193,False
1.952,201.49617317584276,0.5006937980651855,8.294928915482632,False
1.9525000000000001,201.61590328716258,0.5001155734062195,8.27864784138411,False
1.953,201.72829847089034,0.49958547949790955,8.259398728804376,False
1.9535,201.83160549000846,0.49911126494407654,8.237870580202353,False
1.954,201.92434588856264,0.498696506023407,8.21438462551346,False
1.9545000000000001,202.00515303394528,0.49834561347961426,8.189060101556542,False
1.955,202.07273334507454,0.4980649948120117,8.162139883086072,False
1.9555,202.12596342294134,0.4978608787059784,8.134099769835732,False
1.956,202.16399745931807,0.4977370798587799,8.10551374654839,False
1.9565000000000001,202.18628680657588,0.4976944327354431,8.076852834970703,False
1.957,202.1925317952625,0.49773284792900085,8.048502969228421,False
1.9575,202.1837556410501,0.49791207909584045,8.026867676524816,False
1.958,202.16369228691917,0.4982011616230011,8.014763712291735,False
1.9585000000000001,202.13316716004343,0.498373419046402,7.9916261671023126,False
1.959,202.0873699721387,0.4986979365348816,7.965453014421804,False
1.9595,202.0263849563833,0.49918320775032043,7.94641439419936,False
1.96,201.9528198236785,0.49966809153556824,7.928739309744654,False
1.9605000000000001,201.86685873036137,0.5001807808876038,7.910201676776012,False
1.961,201.76882812203658,0.5007765889167786,7.895299412850449,False
1.9615,201.66076801692236,0.5014064908027649,7.884476768851198,False
1.962,201.54454237597193,0.5020390748977661,7.875828107057992,False
1.9625000000000001,201.42153850344982,0.5026909112930298,7.8701464626509825,False
1.963,201.29356585562599,0.5033488869667053,7.867952814509943,False
1.9635,201.1614884190988,0.5039332509040833,7.862812426960754,False
1.964,201.02587570112834,0.5045932531356812,7.864793002325621,False
1.9645000000000001,200.89098243123152,0.505230188369751,7.874785630079942,False
1.965,200.76066452194283,0.5057966709136963,7.889289816876938,False
1.9655,200.63691053342134,0.5062867999076843,7.904853478410208,False
1.966,200.52083670621352,0.5067413449287415,7.9230581633378065,False
1.9665000000000001,200.41499312604043,0.5071845650672913,7.948654480302162,False
1.967,200.32316962863723,0.5075474381446838,7.979648967923969,False
1.9675,200.24719814918467,0.5077809691429138,8.00929144186552,False
1.968,200.1884318791466,0.5080509185791016,8.04795536288115,False
1.9685000000000001,200.15131146059093,0.5082315802574158,8.093130745154976,False
1.969,200.13619060649344,0.5081760883331299,8.127242589947697,False
1.9695,200.13646236139004,0.5079939365386963,8.144767799618554,False
1.97,200.1466353146991,0.5078788995742798,8.1612859808316,False
1.9705000000000001,200.16870410621644,0.5077837109565735,8.187836966667776,False
1.971,200.20764178880265,0.5075720548629761,8.2204253099096,False
1.9715,200.2650238754108,0.5071962475776672,8.24885276900132,False
1.972,200.3380187197602,0.5067187547683716,8.268657927738492,False
1.9725000000000001,200.42286735151933,0.5062167048454285,8.28310909266283,False
1.973,200.51780069129026,0.5057064890861511,8.2967841763086,False
1.9735,200.62269617078724,0.5051574110984802,8.31021834111644,False
1.974,200.73702726192494,0.5045487880706787,8.320647870107086,False
1.9745000000000001,200.85881438004938,0.5038959980010986,8.325807007721439,False
1.975,200.98528353694232,0.5032318830490112,8.325918405256477,False
1.9755,201.1139936259279,0.5025777816772461,8.322545718018375,False
1.976,201.24316726456362,0.5019364356994629,8.316561995957452,False
1.9765000000000001,201.37120077918127,0.501305878162384,8.307568518940277,False
1.977,201.4961749856935,0.5006938576698303,8.294927551239939,False
1.9775,201.61590423960138,0.5001155734062195,8.27864612844587,False
1.978,201.72829845906784,0.49958547949790955,8.259396897302318,False
1.9785000000000001,201.83160506839363,0.4991112947463989,8.237871844450307,False
1.979,201.92434615563803,0.498696506023407,8.214385909036961,False
1.9795,202.00515286696987,0.4983455538749695,8.189055285436426,False
1.98,202.07273070445913,0.4980649948120117,8.162135424378933,False
1.9805000000000001,202.1259592460703,0.4978609085083008,8.134099223020122,False
1.981,202.16399281983698,0.4977370500564575,8.105511273145968,False
1.9815,202.18628291610767,0.4976945221424103,8.076860585037581,False
1.982,202.19253279054288,0.49773287773132324,8.048514131789142,False
1.9825000000000002,202.18375851379557,0.49791187047958374,8.026857018279642,False
1.983,202.16369266835173,0.4982013404369354,8.014770922641187,False
1.9835,202.1331696000127,0.4983733296394348,7.9916238797087695,False
1.984,202.08737102147376,0.4986979365348816,7.965450285420009,False
1.9845,202.02638505218272,0.4991832375526428,7.94641456546922,False
1.985,201.95282108584632,0.499668151140213,7.928745396220851,False
1.9855,201.8668608452382,0.5001806616783142,7.910195166238854,False
1.986,201.7688267096451,0.5007765889167786,7.89529281524301,False
1.9865,201.6607655022944,0.5014066100120544,7.884482824147325,False
1.987,201.5445410213127,0.5020389556884766,7.875822498557844,False
1.9875,201.42153439229838,0.5026909112930298,7.870141542483196,False
1.988,201.29356280085352,0.5033490657806396,7.8679669956833544,False
1.9885,201.1614896525835,0.5039330720901489,7.862808644576033,False
1.989,201.025875969184,0.5045933127403259,7.864795091459212,False
1.9895,200.8909837411674,0.505230188369751,7.874787521417961,False
1.99,200.76066668401518,0.5057966709136963,7.889291274161226,False
1.9905,200.6369121959268,0.5062867403030396,7.904848411971684,False
1.991,200.52083670969373,0.5067414045333862,7.9230589329255725,False
1.9915,200.4149935198993,0.5071845650672913,7.948655200229178,False
1.992,200.32316930687065,0.5075473785400391,7.979643642790035,False
1.9925,200.24719619880383,0.5077810287475586,8.009292433913886,False
1.993,200.18843163602008,0.5080509781837463,8.047962658574663,False
1.9935,200.15131493387153,0.5082315802574158,8.093137637769217,False
1.994,200.13619521106745,0.5081759691238403,8.127236419161,False
1.9945,200.13646345228616,0.5079939365386963,8.144760922221348,False
1.995,200.14663282757957,0.5078788995742798,8.161279278665011,False
1.9955,200.1686994616629,0.5077837705612183,8.187837182577352,False
1.996,200.20763764369758,0.5075720548629761,8.220426619448654,False
1.9965,200.26502177430027,0.507196307182312,8.248860888081008,False
1.997,200.3380209207705,0.5067187547683716,8.26866603245376,False
1.9975,200.4228724565754,0.5062166452407837,8.283110247150372,False
1.998,200.51780388552385,0.5057063698768616,8.296772214809822,False
1.9985,200.62269506970753,0.5051575303077698,8.310218206068045,False
1.999,200.7370272225964,0.5045488476753235,8.320653924036774,False
1.9995,200.85881639704868,0.5038959383964539,8.325806762350602,False
2.0,200.98528525687107,0.5032318830490112,8.325917690777661,False
