time_s,output_voltage_V,duty_cycle,inductor_current_A,bound_hit
0.0005,200.0,0.5,8.0,False
0.001,200.02455013400112,0.5,8.091941337524801,False
0.0015,200.11844963417778,0.49999840424128994,8.262274086235147,False
0.002,200.31523843496777,0.49999193252176843,8.485743201862908,False
0.0025,200.6321555610466,0.4999773645052044,8.728925237983352,False
0.003,201.0673640323751,0.4999520363154848,8.954823018724259,False
0.0035,201.59978791972136,0.4999142654314327,9.127894446332082,False
0.004,202.19155723232134,0.49986364741826955,9.218843834132095,False
0.0045000000000000005,202.7927131212832,0.49980118559415476,9.208544570042518,False
0.005,203.34753282831878,0.4997292371028874,9.090583520096697,False
0.0055,203.8016270531405,0.49965128312511087,8.872103806100036,False
0.006,204.10886729789524,0.4995715540080727,8.572849374236977,False
0.006500000000000001,204.2372291768585,0.4994945589863665,8.22255312389981,False
0.007,204.17278645336017,0.49942458245476545,7.85702945753856,False
0.0075,203.92134100056268,0.49936521279414,7.513502870585508,False
0.008,203.50749324310493,0.4993189649517714,7.225803209457394,False
0.0085,202.9713027778704,0.49928704494099774,7.020071377067335,False
0.009000000000000001,202.36301202046627,0.4992692849225914,6.91154438267864,False
0.0095,201.73656163769104,0.4992642542801546,6.90283630638174,False
0.01,201.14277968571983,0.49926952837472804,6.983923955818333,False
0.0105,200.6231566439197,0.49928207577704076,7.133812640705559,False
0.011,200.2050240555543,0.499298709579472,7.323631576558011,False
0.0115,199.89875128179781,0.49931654084805693,7.520720872549444,False
0.012,199.697293517588,0.4993333732175178,7.693147253361559,False
0.0125,199.5781045592139,0.49934798670296443,7.814038480050886,False
0.013000000000000001,199.50711300732164,0.49936027458249493,7.865160921357483,False
0.0135,199.44419144719288,0.4993712174649797,7.839274362632342,False
0.014,199.3493584487354,0.49938270067127827,7.7409672255284905,False
0.0145,199.1888661700585,0.4993972019444702,7.585881194567088,False
0.015,198.94035214114044,0.4994173935658531,7.3984497688518,False
0.0155,198.59636842886778,0.49944571398518184,7.208472220703286,False
0.016,198.16582672082544,0.49948396764436254,7.046996781543889,False
0.0165,197.67318349423454,0.4995330073289522,6.942074177355806,False
0.017,197.15549630746813,0.4995925417378682,6.914953186030568,False
0.0175,196.65776800617186,0.4996610936525946,6.9772226710030445,False
0.018000000000000002,196.22722087199054,0.4997361135475668,7.12926964880716,False
0.0185,195.90727707174602,0.49981423259119595,7.360240109671029,False
0.019,195.73204841721147,0.4998916206251321,7.649484781324055,False
0.0195,195.72205645544102,0.4999644013316006,7.9692743857097685,False
0.02,195.88172755360637,0.5000290700828576,8.288404728791548,False
0.0205,196.1989634634681,0.5000828606146451,8.57620199951082,False
0.021,196.64681012756154,0.5001240143672001,8.806395577222629,False
0.021500000000000002,197.18697317543658,0.500151919882082,8.960352915646554,False
0.022,197.77469255076787,0.5001671071320567,9.029263224273773,False
0.0225,198.3643199481566,0.5001711007750286,9.015000530678309,False
0.023,198.91486128740667,0.5001661546059368,8.92957320940357,False
0.0235,199.39476154440308,0.5001549046196632,8.793253459047593,False
0.024,199.785318275136,0.5001399881836474,8.631652603245287,False
0.0245,200.08229870839324,0.5001236805729836,8.472144198721656,False
0.025,200.2955785130196,0.5001075970706949,8.340118900463429,False
0.025500000000000002,200.44688584296838,0.5000924994027682,8.255571972877037,False
0.026000000000000002,200.56598620458078,0.5000782307486263,8.23047410544944,False
0.0265,200.685847913598,0.500063785937477,8.26726596224378,False
0.027,200.83745698431818,0.5000475051333221,8.358662237055182,False
0.0275,201.04498761515035,0.5000273628250214,8.488773553890935,False
0.028,201.3219765180009,0.5000013114792524,8.635378779984503,False
0.0285,201.66900591864743,0.49996763238633996,8.773029786049788,False
0.029,202.07319213025872,0.4999252458275279,8.876564839829255,False
0.029500000000000002,202.50953298546403,0.49987393863499346,8.924558551704997,False
0.03,202.94392055441992,0.4998144785974512,8.902250661499966,False
0.0305,203.33740736776,0.49974860041068714,8.803569974458382,False
0.031,203.6511523973081,0.49967886495950375,8.63199308608236,False
0.0315,203.85138757912065,0.4996084104220667,8.400133881474456,False
0.032,203.91374736164005,0.4995406278492893,8.128128801900356,False
0.0325,203.82639235093907,0.4994788036497387,7.841042467136214,False
0.033,203.59152210258907,0.49942577551500966,7.565647294106433,False
0.0335,203.22508978015847,0.4993836461958883,7.327011845274228,False
0.034,202.75477338394293,0.49935359146530744,7.145354620269338,False
0.0345,202.216491365733,0.4993357856843591,7.033579822828453,False
0.035,201.64994247637586,0.4993294524147836,6.995815046121072,False
0.035500000000000004,201.09377428279512,0.49933303072210583,7.0271316623169815,False
0.036000000000000004,200.58102545799338,0.4993444325175429,7.114466814010483,False
0.0365,200.1354394603296,0.49936135457691316,7.23860403698792,False
0.037,199.76911989132094,0.49938160228489137,7.376929889341355,False
0.0375,199.48180979823815,0.49940338146497193,7.506584959080099,False
0.038,199.26185521062078,0.49942551982265254,7.6075815575387375,False
0.0385,199.08868758019145,0.4994475897238741,7.665472098655461,False
0.039,198.93646029749067,0.49946991779169275,7.673218753277484,False
0.0395,198.77832663304454,0.49949348225136536,7.632026637856937,False
0.04,198.59076869870472,0.49951971403509204,7.55104422245784,False
0.0405,198.3573885706268,0.4995502304013284,7.445986942587746,False
0.041,198.07165255665234,0.49958653857917296,7.33688304057983,False
0.0415,197.73822654508518,0.49962975059152187,7.245255555371248,False
0.042,197.37273433820602,0.49968034849392395,7.19112594183688,False
0.0425,196.99998533906938,0.4997380320891949,7.19024368234104,False
0.043000000000000003,196.65092356928713,0.4998016697590656,7.251910358316722,False
0.043500000000000004,196.35871873456978,0.4998693589940154,7.377681530630603,False
0.044,196.1545293604001,0.4999385884547327,7.561107836447757,False
0.0445,196.0635040593742,0.5000064799830353,7.788535297409052,False
0.045,196.10154649474322,0.5000700786871959,8.040843581399876,False
0.0455,196.2732599566151,0.5001266533680063,8.29587886176191,False
0.046,196.57132515831705,0.5001739687955634,8.531250686241496,False
0.0465,196.97737272505543,0.5002104956581037,8.727120384021497,False
0.047,197.46421568851554,0.5002355326888909,8.868616200120112,False
0.0475,197.99913247699754,0.5002492273053901,8.947565314535924,False
0.048,198.54775928243475,0.500252494478811,8.963327113596305,False
0.0485,199.07807828806233,0.5002468467493028,8.922632817760368,False
0.049,199.5639834740303,0.5002341596247004,8.83846804837907,False
0.0495,199.98796852124855,0.5002164046132915,8.728160137580227,False
0.05,200.34260311356485,0.5001953858331118,8.610934758969245,False
0.0505,200.6306284778984,0.5001725150567926,8.50527342258089,False
0.051000000000000004,200.8636883676582,0.5001486543614074,8.426425810082192,False
0.051500000000000004,201.0598930447323,0.5001240460414046,8.384406027583848,False
0.052000000000000005,201.24056679287773,0.5000983374118799,8.382733262497815,False
0.0525,201.42663369652894,0.5000706952225795,8.418074681631582,False
0.053,201.63513832932531,0.500039992371949,8.480825951280373,False
0.0535,201.8763728604447,0.5000050400653693,8.55653927143967,False
0.054,202.1519943933393,0.49996483274590664,8.62799716070818,False
0.0545,202.45437891966986,0.49991877175336186,8.677647016504837,False
0.055,202.76729019425906,0.49986683684325023,8.690067174962769,False
0.0555,203.0677657178123,0.4998096819266069,8.654134932310301,False
0.056,203.32896095792816,0.49974864166466204,8.564610109451502,False
0.0565,203.52356768873227,0.49968564748828737,8.42292807789923,False
0.057,203.62734881605667,0.4996230636364161,8.237102910264497,False
0.0575,203.62231953121685,0.49956346434780907,8.020760367764844,False
0.058,203.49915452849896,0.4995093810190828,7.79143609826456,False
0.0585,203.25850663014316,0.4994630519512912,7.568371355198613,False
0.059000000000000004,202.91106933571206,0.49942620674675686,7.370103785023431,False
0.059500000000000004,202.47638464242442,0.4993999125714428,7.212175572714219,False
0.06,201.98056492627384,0.49938450103647075,7.105262204757609,False
0.0605,201.45324078762275,0.4993795835483842,7.053965134654675,False
0.061,200.92414605850038,0.49938415114350243,7.056419307511005,False
0.0615,200.41979348206712,0.499396743689081,7.104754909799355,False
0.062,199.9606749550183,0.49941566441567165,7.186337475032295,False
0.0625,199.55934247423767,0.4994392102176989,7.285607405728041,False
0.063,199.21960178939307,0.4994658867046243,7.386262799023975,False
0.0635,198.93689795698006,0.4994945797120256,7.4734880052329276,False
0.064,198.6998115554884,0.4995246614342916,7.535929346632984,False
0.0645,198.49243768477265,0.49955601858103377,7.567158142443764,False
0.065,198.2973060927749,0.49958900070929807,7.5664337311598535,False
0.0655,198.0984342256452,0.4996242976975062,7.538675414239716,False
0.066,197.88409370904108,0.49966276477747806,7.493659143939307,False
0.0665,197.6489155044815,0.4997052203976726,7.444558099911941,False
0.067,197.39505318088823,0.49975224557533343,7.406032386061053,False
0.0675,197.1322543235326,0.4998040128937998,7.3921306295312705,False
0.068,196.87683917108265,0.49986016902181457,7.414287855728262,False
0.0685,196.64973280638668,0.49991978719187086,7.479687148722617,False
0.069,196.47382271446565,0.4999813965180098,7.590200078445989,False
0.0695,196.37100057857913,0.5000430846818888,7.742040356749009,False
0.07,196.35928470762943,0.5001026607800045,7.926168071630317,False
0.07050000000000001,196.45040341930317,0.5001578573029376,8.129381563127238,False
0.07100000000000001,196.64815339551032,0.5002065453160643,8.335944034486925,False
0.07150000000000001,196.9477404896745,0.5002469355163213,8.529524027482603,False
0.07200000000000001,197.33617871274473,0.5002777400542681,8.695191325445006,False
0.0725,197.79368395924226,0.5002982754624232,8.82120684192038,False
0.073,198.29587064745866,0.5003084949407098,8.900376207978992,False
0.0735,198.81645815242487,0.5003089475465872,8.930797376643714,False
0.074,199.33013223760574,0.5003006712990524,8.915914317404058,False
0.0745,199.8151919887843,0.5002850356112294,8.863880964093157,False
0.075,200.25564637375507,0.5002635547438387,8.786330006326413,False
0.0755,200.64250169744963,0.5002376973289838,8.696718154310789,False
0.076,200.97409149863466,0.5002087170373373,8.608473176408758,False
0.0765,201.25542910699795,0.5001775261747985,8.533191375167984,False
0.077,201.4966929578349,0.5001446278577754,8.479124312559824,False
0.0775,201.7110684997619,0.5001101142708659,8.450152065765932,False
0.078,201.91225302581606,0.5000737294662732,8.445372924851963,False
0.0785,202.1119702645647,0.5000349864445832,8.45935554203594,False
0.079,202.3178351738578,0.4999933210286774,8.483010563650405,False
0.0795,202.53185760410906,0.49994826025560485,8.504956692414128,False
0.08,202.74978393599747,0.49989958127003065,8.513191771236512,False
0.0805,202.96136092632716,0.49984743819439625,8.496841111420139,False
0.081,203.1514813748232,0.4997924389309849,8.4477475833037,False
0.0815,203.30205338985238,0.49973566068793773,8.361691536739269,False
0.082,203.39433937137812,0.4996786012863385,8.239079956712034,False
0.0825,203.4114496825641,0.4996230718966915,8.085016373615385,False
0.083,203.34065712893687,0.49957104463589375,7.908746290318849,False
0.0835,203.17522406240448,0.49952447440664105,7.722556191572163,False
0.084,202.91550058246247,0.4994851176990316,7.540276483536068,False
0.0845,202.56915086560477,0.4994543713642918,7.3755903274554395,False
0.085,202.15048172777918,0.4994331515871506,7.2403743945461025,False
0.0855,201.6789671591446,0.49942182781812516,7.143290943936621,False
0.08600000000000001,201.1771684525846,0.4994202190391698,7.088814418322566,False
0.08650000000000001,200.6683273320716,0.499427651447709,7.076815181310484,False
0.08700000000000001,200.1739488612752,0.49944306859375354,7.102746660967394,False
0.08750000000000001,199.71168704793075,0.49946517828437426,7.158400678021588,False
0.088,199.29380020708948,0.49949261606932255,7.233120307666884,False
0.0885,198.9263623071992,0.4995241034082582,7.315300357902752,False
0.089,198.60931228996563,0.49955857986864477,7.393970102920397,False
0.0895,198.3373101676144,0.49959529268515696,7.460245540091859,False
0.09,198.10126181269686,0.49963383313876025,7.508459549988387,False
0.0905,197.89028780969824,0.4996741166293157,7.5368245734026615,False
0.091,197.6938566009139,0.49971631101232017,7.547547205943861,False
0.0915,197.50378518688518,0.4997607247237457,7.546388580803009,False
0.092,197.31583349779402,0.49980767151664385,7.5417385677876245,False
0.0925,197.1306776515912,0.49985733159863155,7.543335832095208,False
0.093,196.95413431656422,0.4999096292261678,7.560811283046267,False
0.0935,196.79661131431772,0.4999641443781706,7.602253564336698,False
0.094,196.6718644182499,0.5000200713585682,7.672989489248693,False
0.0945,196.5952329006665,0.5000762307370978,7.774740867397667,False
0.095,196.5815944866104,0.500131133819467,7.90526664159547,False
0.0955,196.6433152489917,0.5001830918228707,8.058533076941043,False
0.096,196.78846757816618,0.5002303560560167,8.225384038652871,False
0.0965,197.01955075429146,0.5002712714258856,8.394617671340335,False
0.097,197.33287972933016,0.5003044240057649,8.554323643342128,False
0.0975,197.71871821861473,0.500328764361073,8.693303104164858,False
0.098,198.16213425455285,0.5003436916633295,8.802385366527874,False
0.0985,198.64446287104775,0.5003490888477143,8.875471630415824,False
0.099,199.14518357833828,0.5003453054738239,8.91017424090365,False
0.0995,199.64396941642983,0.5003330916847843,8.907974717055286,False
0.1,200.12264582545092,0.5003134928516333,8.873887796200817,False
0.1005,200.56681334427063,0.5002877193438005,8.815683608026498,False
0.101,200.96693584191897,0.5002570087676954,8.74277738363761,False
0.1015,201.31876909109278,0.5002224986051842,8.66493839058487,False
0.10200000000000001,201.6230932045158,0.5001851254063591,8.590991617008322,False
0.10250000000000001,201.88480492965462,0.5001455628026202,8.527684366273771,False
0.10300000000000001,202.11150972017822,0.5001042051424185,8.47886572435553,False
0.10350000000000001,202.31181775714126,0.5000611972570896,8.445083246615624,False
0.10400000000000001,202.4935842875807,0.5000165045888844,8.423644195679842,False
0.1045,202.6623382592018,0.4999700124980487,8.409126018989804,False
0.105,202.82011418145171,0.49992163972557957,8.3942609210296,False
0.1055,202.96484474672994,0.49987144921674526,8.371070303160504,False
0.106,203.09039402793326,0.4998197400172804,8.332092898055057,False
0.1065,203.18722362072762,0.4997671066428013,8.271539628130482,False
0.107,203.24359862762535,0.4997144568088506,8.186219734264183,False
0.1075,203.24716817011983,0.4996629840790914,8.076114777951197,False
0.108,203.18670558516257,0.49961409807941487,7.944525275640454,False
0.1085,203.05377298542462,0.49956932062488524,7.797772465621322,False
0.109,202.84408595951137,0.4995301606600908,7.644497296981511,False
0.1095,202.55839519577003,0.4994979837219938,7.494652205708424,False
0.11,202.20276708002947,0.4994738923322443,7.358321470356738,False
0.1105,201.78822592718416,0.4994586322318309,7.2445275762579,False
0.111,201.32980546621985,0.49945253590056543,7.160181258597532,False
0.1115,200.84513494989224,0.4994555098416203,7.10931188068271,False
0.112,200.3527453022458,0.4994670663431883,7.09267560564477,False
0.1125,199.87031508831885,0.49948639464603695,7.107786995815294,False
0.113,199.4130804766674,0.4995124614304085,7.14936245631141,False
0.1135,198.99260765344158,0.4995441269538411,7.210109184237216,False
0.114,198.61607434908353,0.4995802614802008,7.281748356545799,False
0.1145,198.28613672690418,0.4996198470301824,7.356132052727444,False
0.115,198.0013786622941,0.4996620518603878,7.426303473262471,False
0.1155,197.7572631589615,0.49970626908368393,7.4873603239618935,False
0.116,197.54744054074388,0.49975211591146607,7.537010024650751,False
0.1165,197.36522352811394,0.4997993954342658,7.575748504298617,False
0.117,197.20502088744496,0.49984802793197564,7.606645801022134,False
0.11750000000000001,197.06353103010073,0.49989796275069737,7.6347745395398094,False
0.11800000000000001,196.94053300742294,0.4999490842781131,7.6663645793449,False
0.11850000000000001,196.83916960308662,0.5000011261841356,7.707802524107085,False
0.11900000000000001,196.7656877226325,0.5000536068103062,7.764613816533506,False
0.11950000000000001,196.72867540729618,0.5001057955884893,7.840565515846472,False
0.12,196.73790258100203,0.5001567160731467,7.937009803572848,False
0.1205,196.80292510133071,0.5002051861757465,8.05255449776645,False
0.121,196.93164206649965,0.50024989117321,8.183102153728285,False
0.1215,197.12900096714048,0.5002894806939541,8.322249843411178,False
0.122,197.39602402415744,0.500322677734415,8.46199409434741,False
0.1225,197.72928522805265,0.5003483862212018,8.593645984954746,False
0.123,198.12090739504742,0.5003657838825862,8.708835064874643,False
0.1235,198.55908017434848,0.5003743891633108,8.800470782449175,False
0.124,199.02903243808558,0.5003740943217304,8.863537449844026,False
0.1245,199.51433460723868,0.5003651612219724,8.895622201516781,False
0.125,199.99836555725622,0.5003481810944062,8.89711161171205,False
0.1255,200.4657598623621,0.5003240040635464,8.871036758359004,False
0.126,200.90365645182683,0.5002936479503556,8.822592729661299,False
0.1265,201.3025983099185,0.500258198274105,8.75840082685475,False
0.127,201.6569807007835,0.5002187122065517,8.685614533663509,False
0.1275,201.96500609281514,0.5001761383764967,8.610989468031539,False
0.128,202.2281693847072,0.5001312620155028,8.540040586778105,False
0.1285,202.45035849337762,0.5000846813101376,8.47639660311498,False
0.129,202.6367047204044,0.5000368164773035,8.4214338097972,False
0.1295,202.79234811037736,0.499987948595146,8.374233112556334,False
0.13,202.92129134015258,0.4999382812039917,8.331860301319136,False
0.1305,203.0255006802644,0.4998880146724007,8.289926325009572,False
0.131,203.10437653537196,0.4998374216951911,8.243347356900296,False
0.1315,203.1546640694513,0.49978691225440514,8.187198596058337,False
0.132,203.17081358127348,0.4997370779166594,8.117544354146734,False
0.1325,203.14573882196112,0.4996887082373492,8.032131374754476,False
0.133,203.07186752671527,0.4996427758929854,7.93085176880831,False
0.1335,202.9423391684525,0.49960039144484697,7.815913690867814,False
0.134,202.75218543376363,0.49956273277523333,7.691697591595447,False
0.1345,202.49933162065145,0.49953095768046135,7.564318199709378,False
0.135,202.18528154507422,0.49950611039680715,7.440951631812984,False
0.1355,201.81539120110875,0.4994890336774099,7.329017955882238,False
0.136,201.39869148037175,0.49948029732659155,7.235328041340678,False
0.1365,200.94728019487977,0.4994801519404228,7.165307217284715,False
0.137,200.47536031331543,0.49948851330177424,7.122396769335145,False
0.1375,199.99804707124585,0.4995049788911527,7.107709357730288,False
0.138,199.53009538275504,0.49952887384718747,7.119979589000187,False
0.1385,199.08470710490246,0.49955932000087067,7.155811089298988,False
0.139,198.67256441374298,0.4995953188081898,7.210181990169782,False
0.1395,198.30120300464284,0.49963583747654167,7.277137065430275,False
0.14,197.9747917625282,0.499679887501927,7.350571276601486,False
0.1405,197.69433054602942,0.49972658618759486,7.424999146897866,False
0.14100000000000001,197.45822229295518,0.49977519429022926,7.496208314744281,False
0.14150000000000001,197.26312717041554,0.4998251263684887,7.561713015907055,False
0.14200000000000002,197.1049712649867,0.49987593421705945,7.6209515405743495,False
0.14250000000000002,196.97996475940766,0.499927267443356,7.675206953756125,False
0.14300000000000002,196.88548667962132,0.49997881829724394,7.727267759490732,False
0.14350000000000002,196.8207144948348,0.5000302599010389,7.780879736930377,False
0.14400000000000002,196.78691397980538,0.5000811877928557,7.840067341019417,False
0.1445,196.7873526050449,0.5001310741089101,7.908419350786378,False
0.145,196.82685175897112,0.5001792418885724,7.988436869682374,False
0.1455,196.91104231809572,0.5002248641544915,8.081032084961455,False
0.146,197.04542794639184,0.5002669889917639,8.18524488134708,False
0.1465,197.2343858613519,0.5003045882911532,8.298214506796706,False
0.147,197.48024252079696,0.500336624607485,8.415409121322513,False
0.1475,197.7825510384846,0.5003621281367007,8.531081851015447,False
0.148,198.13766985192765,0.500380274445239,8.63889242734084,False
0.1485,198.5387021200548,0.500390453456788,8.732612413430656,False
0.149,198.97580798477696,0.5003923213115808,8.806822013148203,False
0.1495,199.43685348715647,0.500385828898573,8.857508641165598,False
0.15,199.90831689009642,0.5003712238211467,8.882491322728162,False
0.1505,200.37634093597245,0.5003490258976483,8.88161861092597,False
0.151,200.82780219651644,0.5003199795813149,8.856717856998051,False
0.1515,201.25126822994065,0.50028498948534,8.81130634484169,False
0.152,201.63772961929075,0.5002450471602197,8.750105716682848,False
0.1525,201.98102482307834,0.5002011581464628,8.678426245540432,False
0.153,202.27791694579858,0.5001542780139272,8.60150360329255,False
0.1535,202.5278275215518,0.5001052646536043,8.523875785339106,False
0.154,202.7322770810758,0.5000548517119933,8.448881213232394,False
0.1545,202.89411973099456,0.5000036450778009,8.3783417266571,False
0.155,203.01668430540036,0.49995214114934006,8.312468596449452,False
0.1555,203.10294460664798,0.49990076265603883,8.249999331885249,False
0.156,203.1548346777257,0.49984990547187674,8.188542020067725,False
0.1565,203.17280301423042,0.49979998844815693,8.125076375205694,False
0.157,203.15566525937638,0.49975149798611823,8.056540233094596,False
0.1575,203.10077297122973,0.4997050198949703,7.980419551108446,False
0.158,203.00447220436627,0.4996612529148092,7.895260383904052,False
0.1585,202.8627857926594,0.4996210008700869,7.8010326273868715,False
0.159,202.67222264770143,0.49958514340378235,7.69929593633113,False
0.1595,202.4306001056317,0.49955458822131465,7.5931452811493445,False
0.16,202.13776356711855,0.4995302103468337,7.486943436932495,False
0.1605,201.79610149729476,0.4995127857202526,7.385876269416877,False
0.161,201.4107813049494,0.49950292730128437,7.295390169267171,False
0.1615,200.9896688977613,0.4995010315913274,7.220586269818219,False
0.162,200.5429367010615,0.49950724217822035,7.165651179300166,False
0.1625,200.08240591673894,0.49952143473753946,7.133398283976667,False
0.163,199.62070325945598,0.4995432251880045,7.124978126810399,False
0.1635,199.17033576462765,0.4995719997719768,7.139793170843948,False
0.164,198.74279651909157,0.4996069631102488,7.175624665697949,False
0.1645,198.34780829322983,0.49964719812473923,7.228951145982034,False
0.165,197.99279209998457,0.4996917304116338,7.295413111492657,False
0.1655,197.68261660521327,0.4997395893397963,7.3703599696722675,False
0.166,197.41964643877188,0.49978985886545674,7.4494057123183754,False
0.1665,197.2040679921461,0.4998417126771972,7.528920162539185,False
0.167,197.034435518642,0.4998944305796463,7.606392721040935,False
0.1675,196.90835295214217,0.4999473956705419,7.680623832734986,False
0.168,196.82319129948064,0.5000000745045847,7.751723301999644,False
0.1685,196.7767395750222,0.5000519847177256,7.820920834110718,False
0.169,196.76769902920626,0.5001026562103232,7.890219250116703,False
0.1695,196.795954064908,0.5001515927521759,7.961941409566724,False
0.17,196.8625853874256,0.5001982406894172,8.038235325025028,False
0.1705,196.96962717358824,0.50024197034248,8.120606597652678,False
0.171,197.11960547968505,0.500282073845568,8.209542672047705,False
0.1715,197.31492503073767,0.5003177808480679,8.304280267360623,False
0.17200000000000001,197.55719205122716,0.5003482909950542,8.402747572635699,False
0.17250000000000001,197.84656933309032,0.5003728197632613,8.501689124090179,False
0.17300000000000001,198.18125534823267,0.5003906523591717,8.59695690218138,False
0.17350000000000002,198.55716268146494,0.5004011992281912,8.683929320436665,False
0.17400000000000002,198.9678447483451,0.5004040464213075,8.758003256979075,False
0.17450000000000002,199.40468726831315,0.5003989946467383,8.815095181393755,False
0.17500000000000002,199.8573466233341,0.5003860822117152,8.85208682773735,False
0.17550000000000002,200.31438554739643,0.5003655890446143,8.867158712929777,False
0.176,200.76403165016438,0.5003380213152001,8.859969960650737,False
0.1765,201.1949692392872,0.5003040785353093,8.83166329779151,False
0.177,201.5970716144105,0.5002646071172638,8.784697023470125,False
0.1775,201.96198976759416,0.5002205459242915,8.722528188872985,False
0.178,202.2835329777865,0.5001728701701185,8.649190237296924,False
0.1785,202.55780447032794,0.5001225400149419,8.568821472224629,False
0.179,202.78308741505793,0.50007045937326,8.485206269497043,False
0.1795,202.95950878597904,0.5000174489147976,8.401388258733613,False
0.18,203.08853673506223,0.4999642352144619,8.319404197406136,False
0.1805,203.1723874525643,0.49991145576598184,8.240170415234564,False
0.181,203.21342737672953,0.4998596774183182,8.163532821887266,False
0.1815,203.21365487586868,0.49980942401145906,8.088469375440111,False
0.182,203.17433252456513,0.4997612078133641,8.013413568281699,False
0.1825,203.09581870805386,0.4997155589430608,7.93665160298762,False
0.183,202.9776186271709,0.4996730473532655,7.856736580372381,False
0.1835,202.81864375920514,0.4996342930779021,7.77286138645675,False
0.184,202.6176396489503,0.4995999621649123,7.685138181378028,False
0.1845,202.37371846173357,0.49957074777569077,7.594745547097752,False
0.185,202.08691812289464,0.4995473380581256,7.50392260874931,False
0.1855,201.75870598121847,0.49953037430322417,7.415810306228129,False
0.186,201.39235219739564,0.4995204043205897,7.334160629736433,False
0.1865,200.9931153987007,0.4995178367268199,7.262952270768794,False
0.187,200.5682081320602,0.49952290183577414,7.20596343197175,False
0.1875,200.1265388481479,0.49953562407712526,7.166357883698629,False
0.188,199.67825657772227,0.4995558094585987,7.1463381092767815,False
0.1885,199.23415014692984,0.49958304972345413,7.146909942297524,False
0.189,198.80497230637343,0.4996167427927898,7.167787839669269,False
0.1895,198.40076812575074,0.49965612710022195,7.207450998784042,False
0.19,198.03028537316408,0.4997003257873669,7.263340526093157,False
0.1905,197.70053275320942,0.4997483956443987,7.3321695054754725,False
0.191,197.4165315893218,0.49979937528409835,7.410303531012476,False
0.1915,197.1812806712821,0.49985232736845286,7.4941608941699895,False
0.192,196.9959261009601,0.4999063707042857,7.580580152530414,False
0.1925,196.86010180276298,0.49996069954128736,7.667108314499935,False
0.193,196.77238535351123,0.5000145892291558,7.752174482478006,False
0.1935,196.73080060640206,0.5000673892713157,7.835129846661293,False
0.194,196.73329482106743,0.5001185064995751,7.916153200788153,False
0.1945,196.7781239769411,0.5001673823665258,7.996039196755134,False
0.195,196.86409466038842,0.500213469049078,8.075901981253406,False
0.1955,196.99063225978816,0.5002562090949998,8.156837667032843,False
0.196,197.15767022003956,0.500295022731133,8.23959393101304,False
0.1965,197.36538040639516,0.5003293057798198,8.324293359782837,False
0.197,197.6137868348958,0.5003584395644062,8.410249308148165,False
0.1975,197.9023212371346,0.5003818124404577,8.495900137589663,False
0.198,198.2293870776257,0.5003988509017887,8.578871544055703,False
0.1985,198.59199776969942,0.5004090568035997,8.656159451783722,False
0.199,198.98554518299292,0.5004120463024506,8.724409927945825,False
0.1995,199.40373749377946,0.5004075857540411,8.780259849087255,False
0.2,199.83872333398074,0.5003956200760951,8.820694244946495,False
0.2005,200.2813950028298,0.5003762899340752,8.843374311230663,False
0.201,200.72184040202805,0.5003499354255904,8.846894195558438,False
0.2015,201.14989434091495,0.5003170855496,8.83093420856898,False
0.202,201.55572736583304,0.5002784344375419,8.796291786754017,False
0.2025,201.930405859159,0.5002348068758086,8.744787505521222,False
0.203,202.26636132629577,0.5001871168632549,8.679059599437664,False
0.20350000000000001,202.5577189204286,0.5001363236700036,8.602274672966054,False
0.20400000000000001,202.800453687045,0.5000833900064905,8.517792727870184,False
0.20450000000000002,202.99236526912614,0.500029246462854,8.4288299498308,False
0.20500000000000002,203.13288493638123,0.49997476540471303,8.338162228246981,False
0.20550000000000002,203.22274972892635,0.4999207461473046,8.247906242354572,False
0.20600000000000002,203.26359449074326,0.49986791166174344,8.159404001032199,False
0.20650000000000002,203.25752154394652,0.4998169155062914,8.073222476511086,False
0.20700000000000002,203.20670860865266,0.49976835633047206,7.9892643581453076,False
0.20750000000000002,203.11310829084226,0.49972279634810696,7.906971073350562,False
0.20800000000000002,202.97827811955267,0.4996807797396349,7.825587063216098,False
0.2085,202.8033607290922,0.49964284707640605,7.744446460510632,False
0.209,202.58921202187813,0.4996095425349927,7.66324080237763,False
0.2095,202.33665397353303,0.49958141179002524,7.582229498651282,False
0.21,202.04681100473854,0.49955898988283953,7.502362994079882,False
0.2105,201.7214769037057,0.4995427798662081,7.425300749580449,False
0.211,201.36345469558864,0.4995332244177042,7.353320642700696,False
0.2115,200.97681517203952,0.49953067370767623,7.289131177926715,False
0.212,200.56703049500527,0.4995353534562731,7.235611007310097,False
0.2125,200.14095586029407,0.4995473372326997,7.195509942075081,False
0.213,199.70665235488215,0.4995665266265309,7.171150619990024,False
0.2135,199.27306511296183,0.4995926420164782,7.1641696659467256,False
0.214,198.84958983501124,0.4996252254018798,7.17533165754723,False
0.2145,198.4455751566463,0.4996636553182522,7.204439301010855,False
0.215,198.06981636589765,0.4997071724248207,7.250350335020251,False
0.2155,197.7300965926247,0.4997549131188697,7.311097591555176,False
0.216,197.43282487026667,0.49980594765864395,7.384095263720124,False
0.2165,197.1828074246395,0.49985931887170787,7.466403538607225,False
0.217,196.98317103064696,0.4999140776326196,7.5550167552506045,False
0.2175,196.83543770685625,0.49996931188685956,7.647137999480754,False
0.218,196.73973102235283,0.5000241669874462,7.740405752848358,False
0.2185,196.6950783681081,0.5000778563563362,7.833045413007929,False
0.219,196.69976273266272,0.5001296628135268,7.9239291537228915,False
0.2195,196.75167313680598,0.500178932154309,8.01254021557052,False
0.22,196.84860536612797,0.5002250615370498,8.098850604882426,False
0.2205,196.98847352098488,0.5002674858450917,8.183132618460485,False
0.221,197.16940687314926,0.5003056653345342,8.265733117804798,False
0.2215,197.38972362253116,0.5003390775638287,8.346843975011357,False
0.222,197.64779105231818,0.5003672158720216,8.42630207603,False
0.2225,197.9417978879259,0.5003895956347476,8.503447775000273,False
0.223,198.2694772272247,0.5004057683246482,8.57706241079431,False
0.2235,198.6278256096644,0.500415342199275,8.645394576414684,False
0.224,199.01286474669047,0.500418007396008,8.706272754013977,False
0.2245,199.41948709811146,0.5004135624679563,8.757290301327968,False
0.225,199.84141562917037,0.5004019390439136,8.796039122862604,False
0.2255,200.27129321217546,0.5003832213829231,8.82036192329282,False
0.226,200.70090024064686,0.5003576581055903,8.82859052542902,False
0.2265,201.12148233718708,0.500325664250557,8.819739610301097,False
0.227,201.5241557390806,0.5002878129106721,8.79363111032675,False
0.2275,201.9003478843233,0.5002448169044912,8.750933549299264,False
0.228,202.24222617336986,0.5001975020789643,8.693111659048379,False
0.2285,202.5430693979088,0.5001467747719114,8.622293149312123,False
0.229,202.79754366203227,0.5000935865697158,8.541070046079179,False
0.2295,203.00185676845427,0.5000388997015792,8.452260168123194,False
0.23,203.15378037265086,0.49998365619473123,8.35865902747817,False
0.2305,203.25254568126155,0.49992875330893166,8.262813123465406,False
0.231,203.29863390984042,0.4998750268582822,8.166842196227643,False
0.2315,203.29349509335248,0.4998232429382056,8.072331003821116,False
0.232,203.23923655787797,0.49977409745262974,7.98030155344754,False
0.2325,203.13832444744858,0.4997282218310353,7.891265764469854,False
0.233,202.99333795235432,0.4996861925698451,7.805347747119631,False
0.2335,202.80680688614024,0.4996485418253145,7.722455690707424,False
0.234,202.58115028927173,0.4996157662753331,7.642476984033228,False
0.23450000000000001,202.31871860001846,0.4995883318508374,7.565467462718501,False
0.23500000000000001,202.02192670168907,0.4995666726562998,7.491806918825573,False
0.23550000000000001,201.69345189404515,0.49955118335069093,7.4222980052562875,False
0.23600000000000002,201.33646132143255,0.49954220531266247,7.358193705265452,False
0.23650000000000002,200.95482887208797,0.4995400079214716,7.301148498142105,False
0.23700000000000002,200.55330260499994,0.4995447671108575,7.253098870627208,False
0.23750000000000002,200.137590167618,0.49955654388513693,7.216088474624316,False
0.23800000000000002,199.714340520503,0.49957526565449173,7.192060723357122,False
0.23850000000000002,199.29101407251324,0.49960071302903997,7.182645966005979,False
0.23900000000000002,198.87564816098177,0.4996325141403517,7.188971038783408,False
0.23950000000000002,198.47653867636126,0.4996701477135136,7.211515919361948,False
0.24,198.10186967864541,0.49971295510759917,7.25003587805632,False
0.2405,197.7593296403636,0.49976016051230526,7.303558823677727,False
0.241,197.45575463296854,0.49981089756961394,7.370457688593586,False
0.2415,197.19683520665563,0.4998642400004891,7.448588024163701,False
0.242,196.98691546145105,0.4999192334437049,7.5354727718782435,False
0.2425,196.82890104816133,0.4999749256990434,7.628510501558889,False
0.243,196.72427919216315,0.5000303929039855,7.7251809694742,False
0.2435,196.67324013679328,0.5000847598089029,7.823222903790396,False
0.244,196.6748774579179,0.5001372131596196,7.9207632609293945,False
0.2445,196.72743603725127,0.5001870081316945,8.016384173002773,False
0.245,196.82857216281272,0.5002334686621691,8.10912244747933,False
0.2455,196.97559071887514,0.5002759832734488,8.198405610467193,False
0.246,197.1656295596483,0.5003139984848626,8.2839368884643,False
0.2465,197.39577014841203,0.5003470120994292,8.365548103252301,False
0.247,197.66306511187568,0.5003745685177649,8.44304337407756,False
0.2475,197.9644859168562,0.5003962577929135,8.516057308456872,False
0.248,198.2968057295747,0.5004117194639116,8.583948965945105,False
0.2485,198.6564420954769,0.5004206513873322,8.645747665579968,False
0.249,199.03929013394878,0.5004228229376049,8.700159409273263,False
0.2495,199.44057871590573,0.500418091183672,8.745634304304115,False
0.25,199.85477939685867,0.5004064180738356,8.780487010530937,False
0.2505,200.2755911182247,0.500387886348835,8.803055013812711,False
0.251,200.69601379849368,0.5003627118959934,8.811874374715424,False
0.2515,201.10851224584695,0.5003312505550025,8.805850176194621,False
0.252,201.50525988817205,0.5002939979489472,8.784399486895156,False
0.2525,201.87844120502874,0.5002515816685084,8.747548162131324,False
0.253,202.22058384205087,0.5002047459845901,8.695968737519232,False
0.2535,202.52488721025364,0.5001543300951082,8.630954232807658,False
0.254,202.78551444570576,0.5001012416185443,8.554330870893144,False
0.2545,202.9978188947005,0.5000464275400861,8.468320449526896,False
0.255,203.15848420924445,0.49999084503421587,8.37536936758132,False
0.2555,203.26556762713588,0.49993543450534994,8.27796529019069,False
0.256,203.3184476774339,0.4998810968200484,8.17846363040123,False
0.2565,203.31768885606706,0.4998286761023719,8.07894429518399,False
0.257,203.26484527665562,0.49977894871059925,7.981114747013579,False
0.2575,203.16223169392714,0.49973261821042,7.886268979561013,False
0.258,203.01269281694962,0.49969031541414755,7.795304379249496,False
0.2585,202.81940019831313,0.4996526019657422,7.708790675931394,False
0.259,202.58570048481397,0.4996199755936993,7.627078318303191,False
0.2595,202.3150302439948,0.49959287507210204,7.550428554380164,False
0.26,202.01090214264056,0.49957168313048306,7.479144912616215,False
0.2605,201.67695638956747,0.49955672600341117,7.413685983301648,False
0.261,201.31706154782262,0.4995482689452213,7.35474233129066,False
0.2615,200.93544139243883,0.4995465077640912,7.303265601130814,False
0.262,200.5368004234162,0.4995515571509738,7.260444670131097,False
0.2625,200.1264204569448,0.4995634371930737,7.227631127007796,False
0.263,199.71020439650854,0.4995820598845431,7.206223393223452,False
0.2635,199.29465029107737,0.4996072176216173,7.197524515120766,False
0.264,198.88674813721906,0.49963857557252267,7.202592283611147,False
0.2645,198.49380228735978,0.49967566945815733,7.222101422648772,False
0.265,198.1231923732492,0.49971790971633984,7.256236016828357,False
0.2655,197.7820939957524,0.49976459232644665,7.304626371426625,False
0.266,197.47718597329103,0.49981491583538523,7.366338684758742,False
0.2665,197.21437297991292,0.4998680034469089,7.439919069740601,False
0.267,196.99855072028484,0.4999229285018792,7.523486519091014,False
0.2675,196.8334356645866,0.49997874135405634,7.6148632916467465,False
0.268,196.72147353560155,0.5000344955718724,7.711726701379353,False
0.2685,196.66383128126404,0.5000892715752876,7.811763978606948,False
0.269,196.66046744849322,0.5001421962187855,7.9128120050919275,False
0.2695,196.7102669871363,0.5001924573986967,8.012966232377869,False
0.27,196.81121969342516,0.5002393134169575,8.110647594821115,False
0.2705,196.96061759011243,0.5002820974862418,8.204622089699301,False
0.271,197.15524597436416,0.5003202183275557,8.293974115576304,False
0.2715,197.3915456344897,0.5003531582187275,8.378040778931576,False
0.272,197.66572939463657,0.500380470051204,8.456319396449947,False
0.2725,197.97384387413604,0.5004017749222771,8.528363694689563,False
0.273,198.31177607042665,0.5004167615401901,8.593685339011408,False
0.2735,198.6752129055486,0.500425188289319,8.651676297111592,False
0.274,199.0595690762788,0.5004268882539799,8.701564344962728,False
0.2745,199.45990347171963,0.5004217769092991,8.742409209247743,False
0.275,199.87084643928327,0.5004098616374513,8.773141070710412,False
0.2755,200.28655905292794,0.5003912517924839,8.792637203657728,False
0.276,200.70074144662345,0.5003661677760077,8.799827187756616,False
0.2765,201.10670079042077,0.5003349475346236,8.793813099070505,False
0.277,201.4974814847009,0.5002980490555774,8.773988888044624,False
0.2775,201.8660517000428,0.5002560477985928,8.740143057708888,False
0.278,202.20553261559505,0.5002096285123251,8.692530762214146,False
0.2785,202.5094506315925,0.5001595714773136,8.631905275127473,False
0.279,202.77198924665328,0.5001067338170399,8.559503913002642,False
0.2795,202.9882166615705,0.500052027047587,8.47698925885225,False
0.28,203.15426757219905,0.49999639242691757,8.386352150764377,False
0.2805,203.26746272014216,0.49994077586780317,8.289787644079533,False
0.281,203.32635690232058,0.49988610416960383,8.189558402294994,False
0.28150000000000003,203.33071435656862,0.49983326410696016,8.087861304899562,False
0.28200000000000003,203.28141865978685,0.49978308551889916,7.986712319106903,False
0.28250000000000003,203.18033142428163,0.49973632902384146,7.887861983903275,False
0.28300000000000003,203.03011923359014,0.4996936784142525,7.792749576791875,False
0.28350000000000003,202.8340707719967,0.4996557372352832,7.702498762844435,False
0.28400000000000003,202.5959256824904,0.499623028596783,7.617951977481974,False
0.28450000000000003,202.31973344282446,0.4995959969660209,7.5397357151026805,False
0.28500000000000003,202.00975496405377,0.49957501057636183,7.468344961200687,False
0.28550000000000003,201.6704124853662,0.4995603631758396,7.404232730530149,False
0.28600000000000003,201.30628565679027,0.4995522741124935,7.347890343091442,False
0.28650000000000003,200.92214452288306,0.4995508861690704,7.2999057022792755,False
0.28700000000000003,200.52300441924532,0.4995562610579225,7.2609901889228885,False
0.28750000000000003,200.11418433010948,0.4995683729968157,7.231969375610831,False
0.28800000000000003,199.70134947613852,0.49958710123632083,7.213737960285497,False
0.2885,199.29052088347171,0.4996122227368774,7.207184405964843,False
0.289,198.8880391285214,0.49964340635325855,7.213095068002803,False
0.2895,198.5004757283415,0.4996802098540783,7.2320505218205575,False
0.29,198.13449288370197,0.4997220808881621,7.264327995291919,False
0.2905,197.7966594929549,0.49976836263713864,7.3098231243659555,False
0.291,197.49323756848338,0.49981830441428166,7.368001806622676,False
0.2915,197.22995758177865,0.4998710769469779,7.4378890783405645,False
0.292,197.01180327291706,0.4999257915825865,7.518097221606149,False
0.2925,196.84282584859739,0.49998152224893583,7.606890360595891,False
0.293,196.72600437634253,0.5000373287324229,7.702278289697938,False
0.2935,196.66316400720976,0.5000922797403905,7.802128778875322,False
0.294,196.65495713435968,0.500145474298739,7.9042855640332705,False
0.2945,196.70090559150705,0.5001960602853661,8.006678889802766,False
0.295,196.799495428359,0.5002432492786362,8.107416837500795,False
0.2955,196.94831050631694,0.5002863273553682,8.20484852570433,False
0.296,197.14418778773464,0.5003246619438755,8.297594207517601,False
0.2965,197.3833761300485,0.5003577052629886,8.384541766627077,False
0.297,197.6616817156488,0.5003849952039221,8.464813533383099,False
0.2975,197.97458670962263,0.5004061546989075,8.537711122065625,False
0.298,198.31733282514895,0.5004208906485643,8.602648645916764,False
0.2985,198.684967472244,0.5004289933504108,8.65908586865727,False
0.299,199.07235624632582,0.5004303371059724,8.706472467715738,False
0.2995,199.47417085938224,0.5004248823235734,8.744212693331793,False
0.3,199.8848655201843,0.50041267903003,8.771656583911948,False
0.3005,200.2986567247941,0.5003938713141871,8.78811997439888,False
0.301,200.7095211836642,0.5003687019030846,8.792931343142758,False
0.3015,201.1112242392484,0.5003375158623862,8.785499644584577,False
0.302,201.49738695332218,0.5003007623460182,8.765394185781801,False
0.3025,201.86159463693897,0.5002589934060147,8.732425728517144,False
0.303,202.19754368761798,0.5002128591022797,8.686717576214104,False
0.3035,202.49921797929892,0.5001630984944315,8.628756483666937,False
0.304,202.76108146997353,0.500110526510158,8.55941565724313,False
0.3045,202.97827075880357,0.5000560171135747,8.479945566333818,False
0.305,203.14677042878225,0.5000004835877512,8.391932302943502,False
0.3055,203.26355527273486,0.49994485704782043,8.297227273029428,False
0.306,203.32668675515671,0.49989006447653184,8.197855546707137,False
0.3065,203.33535588333672,0.4998370076010834,8.095912770198655,False
0.307,203.28987041672153,0.4997865438064243,7.993461816750744,False
0.3075,203.19159028150173,0.4997394700235042,7.892440168092827,False
0.308,203.04282040635454,0.4996965101760427,7.79458740953858,False
0.3085,202.8466742675233,0.49965830636370473,7.701399417860508,False
0.309,202.60692371529007,0.4996254135566334,7.614112207484927,False
0.3095,202.327850881629,0.49959829722851573,7.53371446884262,False
0.31,202.01411615095682,0.4995773331069744,7.460984112652249,False
0.3105,201.67065259748276,0.49956280810124365,7.396541121459542,False
0.311,201.3025924720479,0.4995549214899551,7.340907099989111,False
0.3115,200.9152259373561,0.49955378560914615,7.294561350356716,False
0.312,200.51398704846247,0.4995594255468204,7.257984133837463,False
0.3125,200.1044576651033,0.4995717776855381,7.231679884351569,False
0.313,199.69237714223124,0.49959068728972955,7.216176207001742,False
0.3135,199.28364464496886,0.4996159056587397,7.211998098356859,False
0.314,198.8843018884003,0.49964708761392823,7.219620467816267,False
0.3145,198.5004868578608,0.4996837902234307,7.239405227231331,False
0.315,198.13835322545594,0.4997254736720898,7.271531523702818,False
0.3155,197.80395516183103,0.49977150505532814,7.315928818111091,False
0.316,197.50310236347352,0.499821165631082,7.372222323246009,False
0.3165,197.2411946806725,0.49987366173554765,7.439698853432187,False
0.317,197.0230491300757,0.49992813919947765,7.517298615402184,False
0.3175,196.85273386428833,0.4999837007400563,7.6036352389300506,False
0.318,196.73342362655288,0.5000394254953815,7.697042844386253,False
0.3185,196.66728936546687,0.5000943896528699,7.795645639102069,False
0.319,196.6554312853745,0.5001476870254422,7.8974428558352106,False
0.3195,196.69786012288588,0.5001984484601661,8.000400133335184,False
0.32,196.79352646181493,0.5002458591164474,8.10253789509093,False
0.3205,196.9403930718964,0.5002891729025736,8.20200795368046,False
0.321,197.13554119082445,0.5003277236759912,8.297151340227174,False
0.3215,197.37529886118153,0.5003609331521823,8.386532975219836,False
0.322,197.6553782052231,0.5003883157857467,8.46895189744624,False
0.3225,197.97100897984967,0.5004094811454664,8.543428935617758,False
0.323,198.317057787755,0.5004241344720374,8.609176525908477,False
0.3235,198.6881256123179,0.5004320761648257,8.665557485616144,False
0.324,199.0786204195222,0.5004332008894128,8.712040686108642,False
0.3245,199.48280586358058,0.5004274968427598,8.748161597208242,False
0.325,199.89483106037704,0.5004150454826032,8.773494617349069,False
0.3255,200.30874943004295,0.5003960217568577,8.787642118939392,False
0.326,200.71853635963078,0.5003706945969237,8.79024250575371,False
0.3265,201.11811567884322,0.5003394272050499,8.78099665985497,False
0.327,201.50140365978598,0.5003026765039066,8.759709343935537,False
0.3275,201.86237663298232,0.5002609910499627,8.726339797010695,False
0.328,202.19516472056083,0.5002150067518081,8.681054225548596,False
0.3285,202.49417011521885,0.5001654398766208,8.62427234953609,False
0.329,202.7542043337279,0.5001130770551595,8.556700681985582,False
0.3295,202.97063548841913,0.5000587622792282,8.479346728391285,False
0.33,203.1395343084684,0.5000033811891673,8.39351058647031,False
0.3305,203.25780672096022,0.49994784323353786,8.300753199819571,False
0.331,203.3233014011865,0.49989306251209886,8.202843403242584,False
0.3315,203.33488275243695,0.49983993825706974,8.101688510605634,False
0.332,203.29246301581853,0.49978933594822067,7.99925519395833,False
0.3325,203.196991221943,0.49974206998981435,7.897488524564,False
0.333,203.05040095979052,0.49969888871117896,7.798237149862764,False
0.3335,202.85552290417615,0.4996604622098897,7.7031916596095185,False
0.334,202.6159712056993,0.4996273732691078,7.613841381042509,False
0.3345,202.33601481062288,0.4996001112859461,7.531452387252908,False
0.335,202.0204453112777,0.4995790688835406,7.457066739438061,False
0.3355,201.6744519925126,0.4995645406788387,7.391520285169588,False
0.336,201.30351249571703,0.4995567235648893,7.335474061263745,False
0.3365,200.91330430184235,0.4995557178522933,7.289452799888624,False
0.337,200.50963849781354,0.4995615286974594,7.253883407333881,False
0.3375,200.09841355838472,0.49957406741019367,7.229126646472183,False
0.338,199.68558366017686,0.4995931524537893,7.215496541393455,False
0.3385,199.27713377988695,0.4996185101937971,7.213264046608939,False
0.339,198.87905281138518,0.49964977568111324,7.222643997256397,False
0.3395,198.4972962886047,0.4996864939373676,7.243766937871671,False
0.34,198.13773195593092,0.4997281223191775,7.2766397632039315,False
0.3405,197.80606414160349,0.4997740345564722,7.321100881483702,False
0.341,197.5077362779912,0.49982352698506455,7.376776595070466,False
0.3415,197.2478145045698,0.4998758273340753,7.443045462490409,False
0.342,197.0308585927801,0.49993010620517775,7.519016561424893,False
0.3425,196.86078899977875,0.4999854911218756,7.603525938340723,False
0.343,196.74076034803522,0.5000410827665289,7.6951533343446705,False
0.3435,196.67305184563574,0.5000959727938956,7.792258816164258,False
0.34400000000000003,196.65898408494508,0.5001492624413311,7.89303654283758,False
0.34450000000000003,196.69886943231685,0.5002000810680914,7.995580874868272,False
0.34500000000000003,196.79200014342254,0.500247603759238,8.097958639670605,False
0.34550000000000003,196.93667480722988,0.5002910672215315,8.19828077332678,False
0.34600000000000003,197.130260186835,0.5003297833662326,8.294766824107553,False
0.34650000000000003,197.3692824279026,0.5003631501944499,8.385796874575044,False
0.34700000000000003,197.64953931956774,0.5003906598459779,8.469947159332873,False
0.34750000000000003,197.96622407904078,0.5004119039116012,8.546007786620613,False
0.34800000000000003,198.31405110606218,0.5004265763124419,8.612983227752622,False
0.34850000000000003,198.6873752767378,0.5004344741944998,8.670078322605223,False
0.34900000000000003,199.08029843048084,0.500435497356815,8.716674194248995,False
0.34950000000000003,199.48675944092466,0.5004296467226708,8.752299466420807,False
0.35000000000000003,199.90060726604875,0.5004170222805346,8.77660241704734,False
0.35050000000000003,200.3156592324816,0.5003978207802877,8.7893291645647,False
0.35100000000000003,200.72574914008507,0.5003723332934789,8.790311758664185,False
0.35150000000000003,201.1247712693104,0.5003409425609974,8.779468310054412,False
0.352,201.5067268459995,0.5003041198854965,8.756815286730657,False
0.3525,201.86577891699213,0.500262421203972,8.72249010167999,False
0.353,202.1963200108125,0.5002164819166676,8.676780389919085,False
0.3535,202.49305462755177,0.5001670100618143,8.620155153104747,False
0.354,202.75109584746843,0.5001147775115641,8.55329240019701,False
0.3545,202.9660725514331,0.5000606090128562,8.4770981050559,False
0.355,203.13424129574784,0.5000053690893864,8.392712209423763,False
0.3555,203.2525951201493,0.4999499470327345,8.301498900292346,False
0.356,203.3189607402869,0.4998952404147122,8.205020283387514,False
0.3565,203.33207580921191,0.499842137722601,8.104994606994476,False
0.357,203.29163920978883,0.4997915008320166,8.003242092336416,False
0.3575,203.1983295060188,0.4997441480738409,7.901622946292134,False
0.358,203.05378946278745,0.4997008386164391,7.801973069548036,False
0.3585,202.860577586262,0.4996622587766589,7.706043207254242,False
0.359,202.62209055355652,0.4996290107066912,7.615446793646569,False
0.3595,202.34246282179987,0.49960160370002316,7.531620588632109,False
0.36,202.0264513333094,0.49958044814428404,7.45580055250691,False
0.3605,201.67931387362185,0.4995658519487089,7.389013479870344,False
0.361,201.30668923461147,0.49955801911358894,7.332082975061903,False
0.3615,200.91448596786717,0.4995570500070203,7.2856466576789645,False
0.362,200.50878439338405,0.4995629428808395,7.2501802603466725,False
0.3625,200.09575396237236,0.4995755961936629,7.226023678253106,False
0.363,199.68158542198412,0.4995948114057779,7.213404120851054,False
0.3635,199.2724348599227,0.4996202960514675,7.212452275485251,False
0.364,198.8743749388864,0.49965166705667174,7.223208705296801,False
0.3645,198.49334769703646,0.4996884544286403,7.245619381183297,False
0.365,198.13511330525208,0.4997301055752772,7.2795210549813465,False
0.3655,197.80519011696384,0.4997759905952876,7.324618869625321,False
0.366,197.5087830767053,0.4998254089029476,7.380459943042487,False
0.3665,197.25069981860838,0.49987759750880995,7.446407477707794,False
0.367,197.0352562656163,0.4999317411744356,7.521620132422947,False
0.3675,196.8661758886623,0.49998698450810103,7.605040928569537,False
0.368,196.74648867858846,0.5000424458886189,7.695398918366677,False
0.3685,196.678437062919,0.5000972329189436,7.791225362131652,False
0.369,196.66339630348097,0.5001504589437834,7.890884444961839,False
0.3695,196.70181629545482,0.5002012600372031,7.992616837863288,False
0.37,196.79319023072458,0.5002488117931725,8.09459289822966,False
0.3705,196.93605347358312,0.5002923452429482,8.194971201246764,False
0.371,197.1280134917558,0.5003311612787015,8.291957531897243,False
0.3715,197.3658091023312,0.5003646430754165,8.383859508272398,False
0.372,197.6453949462347,0.5003922661583527,8.469132632952897,False
0.3725,197.96204527496803,0.500413605941964,8.546414687144937,False
0.373,198.3104700259733,0.5004283427464029,8.614546837428003,False
0.3735,198.68493588769516,0.5004362644584631,8.672581422645468,False
0.374,199.07938561291272,0.5004372671270615,8.719777919807184,False
0.3745,199.48755012341215,0.500431353856607,8.7555898571946,False
0.375,199.9030497642726,0.5004186323792308,8.779646292689018,False
0.3755,200.3194831523707,0.5003993116507237,8.791731806095441,False
0.376,200.730504133226,0.5003736977340332,8.791768736137762,False
0.3765,201.12988913469025,0.5003421891229921,8.779804668665921,False
0.377,201.51159845270612,0.5003052715358985,8.756007061206235,False
0.3775,201.86983556650273,0.5002635120932072,8.720665529934964,False
0.378,202.19910839642642,0.5002175527040198,8.674200917447273,False
0.3785,202.49429552760756,0.5001681024365772,8.617178996528974,False
0.379,202.75071896308387,0.500115928647104,8.55032571843302,False
0.3795,202.96422315393875,0.5000618466908839,8.474540412020048,False
0.38,203.13125814244066,0.5000067081340321,8.390903350156037,False
0.3805,203.2489629208492,0.4999513875124704,8.300674620474872,False
0.381,203.31524380329313,0.49989676782973724,8.205282198924996,False
0.3815,203.32884192336874,0.4998437251285656,8.106298397384972,False
0.382,203.28938401516893,0.4997931125937113,8.005405270505314,False
0.3825,203.19741142189613,0.49974574472889377,7.904350932751044,False
0.383,203.05438371634344,0.499702382187229,7.804899872262715,False
0.3835,202.8626552362734,0.49966371781676144,7.708781102958676,False
0.384,202.62542499626028,0.49963036441222086,7.617638271291791,False
0.3845,202.34666256564032,0.4996028445492776,7.53298559515351,False
0.385,202.03101433463868,0.499581582732324,7.456172794693759,False
0.3855,201.6836959030943,0.4995668999288545,7.388361077455882,False
0.386,201.31037696484628,0.49955901041188533,7.330510912529825,False
0.3865,200.91706496306946,0.49955802070432503,7.283380949173917,False
0.387,200.50999299341538,0.4995639303299678,7.247536188176343,False
0.3875,200.09551606095937,0.4995766340335493,7.223362562560422,False
0.388,199.6800180557603,0.4995959251392577,7.211084549316243,False
0.3885,199.2698299477125,0.4996214997686812,7.210782378727647,False
0.389,198.87115797273938,0.49965296172486795,7.222405829678108,False
0.3895,198.49001922334162,0.4996898279540255,7.2457824306005465,False
0.39,198.1321812454261,0.49973153460314534,7.280619004616298,False
0.3905,197.80310207950777,0.4997774437833596,7.326496745023664,False
0.391,197.50786767597032,0.49982685121046294,7.382861209927704,False
0.3915,197.25112467861828,0.4998789949155003,7.44900961760551,False
0.392,197.03700804796455,0.4999330651951886,7.524078473265429,False
0.3925,196.86906467051705,0.49998821590600184,7.607034777627324,False
0.393,196.7501757329329,0.5000435771048164,7.696673831558119,False
0.3935,196.682481998362,0.5000982689157016,7.791625993462697,False
0.394,196.66731701345597,0.5001514163724547,7.890373757311294,False
0.3945,196.70515356901967,0.5002021648664982,7.991279331492863,False
0.395,196.7955683855407,0.5002496957351849,8.092621668508949,False
0.3955,196.93722903206728,0.5002932414685756,8.19264078217273,False
0.396,197.12790562694903,0.5003321000007682,8.28958633377393,False
0.3965,197.36450808792063,0.5003656475866199,8.381766976939334,False
0.397,197.64314781131884,0.5003933498422526,8.467596879139634,False
0.3975,197.95922089023344,0.5004147706389128,8.545636187385918,False
0.398,198.30750853449808,0.5004295786716136,8.614622924036421,False
0.3985,198.6822893922505,0.5004375516613829,8.67349478715916,False
0.399,199.07745808973533,0.5004385782776115,8.721400457551454,False
0.3995,199.48664452442952,0.5004326579713912,8.75770113541779,False
0.4,199.9033292117045,0.5004198989817902,8.781964002146463,False
0.4005,200.32095117497445,0.5004005148092509,8.793950007221817,False
0.401,200.73300631123593,0.5003748194434626,8.793598734986737,False
0.4015,201.13313565871584,0.5003432215919811,8.781013075908682,False
0.402,201.51520434100374,0.5003062180897263,8.756446028386746,False
0.4025,201.87337298796416,0.5002643865904969,8.720291254276013,False
0.403,202.20216401112998,0.5002183775633294,8.673078107570161,False
0.4035,202.49652517716612,0.5001689055520041,8.615470879469223,False
0.404,202.75189248555333,0.5001167396160449,8.548271090600146,False
0.4045,202.964253493324,0.5000626928633423,8.47242093845889,False
0.405,203.13021107611897,0.5000076110105538,8.38900557435448,False
0.4055,203.24704634616404,0.49995235996527226,8.299251798565068,False
0.406,203.31277825478531,0.49989781250657755,8.20452103685846,False
0.40650000000000003,203.32621647039892,0.49984483423732473,8.106295058940228,False
0.40700000000000003,203.28700358852402,0.4997942690794881,8.006153739075572,False
0.40750000000000003,203.19564268992602,0.49974692466975396,7.905745127763777,False
0.40800000000000003,203.0535067414002,0.499703558074335,7.806749070375037,False
0.40850000000000003,202.86282728573352,0.4996648622706402,7.710836443999861,False
0.40900000000000003,202.62666118379516,0.4996314538341376,7.619626675402885,False
0.40950000000000003,202.34883569409257,0.49960386222147757,7.534646472101131,False
0.41000000000000003,202.03387371734402,0.4995825209605513,7.4572926101439325,False
0.41050000000000003,201.68690240705342,0.49956776095362854,7.388801189394318,False
0.41100000000000003,201.31354938605918,0.4995598059830373,7.330225049432267,False
0.41150000000000003,200.91983139309284,0.4995587703932961,7.282420133820791,False
0.41200000000000003,200.512040253056,0.4995646588220481,7.246040618799612,False
0.41250000000000003,200.09663062894518,0.4995773677752541,7.221541713322106,False
0.41300000000000003,199.68011314735836,0.4995966887970254,7.209188309340251,False
0.41350000000000003,199.2689553237061,0.4996223129738944,7.209067206725451,False
0.41400000000000003,198.86949141461508,0.49965383653522144,7.221100510077947,False
0.41450000000000004,198.48784107383523,0.4996907673594567,7.245058003563296,False
0.41500000000000004,198.12983565309375,0.49973253226038816,7.280566817746121,False
0.41550000000000004,197.8009503054074,0.49977848499662886,7.327117432158703,False
0.41600000000000004,197.50623979814335,0.4998279150094321,7.3840659032259275,False
0.4165,197.25027614722515,0.49988005693782306,7.450633049368402,False
0.417,197.03708679916082,0.49993410097816066,7.5259020462714314,False
0.4175,196.8700930141545,0.49998920414357645,7.608816386308784,False
0.418,196.75204919941,0.5000445024376144,7.698180369000727,False
0.4185,196.68498504260148,0.5000991238903605,7.792664185920837,False
0.419,196.6701532373737,0.500152202322562,7.890815258105342,False
0.4195,196.707986233901,0.5002028916142627,7.991076831191675,False
0.42,196.79806568697344,0.5002503801709278,8.091814019650263,False
0.4205,196.93910806429236,0.5002939052129696,8.19134662302135,False
0.421,197.1289692300408,0.5003327664731392,8.287987226171506,False
0.4215,197.36466980125888,0.5003663388764013,8.380082445378354,False
0.422,197.6424418018404,0.5003940838008215,8.46605477349566,False
0.4225,197.95779575715483,0.5004155585737649,8.544442359342746,False
0.423,198.30560603963684,0.5004304239396417,8.613934239836409,False
0.4235,198.68021114231746,0.5004384493349231,8.673399000877167,False
0.424,199.075524746427,0.5004395159126543,8.721905513136099,False
0.4245,199.48515304222713,0.5004336173612524,8.758735184606946,False
0.425,199.9025137892419,0.500420858650829,8.783385992064058,False
0.4255,200.32095303925055,0.5004014529066396,8.795569296565409,False
0.426,200.73385621927406,0.5003757166485504,8.795201024245628,False
0.4265,201.13475126954344,0.5003440636462602,8.782389136703147,False
0.427,201.51740261628393,0.5003069976247035,8.757419390700019,False
0.4275,201.87589578833453,0.5002651040181223,8.720741195537913,False
0.428,202.20471333002723,0.5002190409226946,8.672954954025062,False
0.4285,202.49880321955536,0.5001695293456596,8.614801684713909,False
0.429,202.75364121343947,0.5001173428028899,8.547155055047963,False
0.4295,202.96528839385755,0.5000632962849941,8.471015302293367,False
0.43,203.130444736339,0.5000082346000653,8.387503973147444,False
0.4305,203.24649882401715,0.4999530201118962,8.297858049519425,False
0.431,203.3115730265173,0.49989851992515205,8.203421897286214,False
0.4315,203.32456266777848,0.49984559261962924,8.105635594757873,False
0.432,203.2851670567435,0.4997950746975495,8.006018551656126,False
0.4325,203.19390985727358,0.4997477669722501,7.906147869151147,False
0.433,203.0521462035607,0.49970442118436453,7.80763154318619,False
0.4335,202.86205425457982,0.49966572717399677,7.7120772880701605,False
0.434,202.62660950662772,0.49963230095762706,7.621058363252028,False
0.4345,202.3495410812597,0.4996046740524253,7.536078240937481,False
0.435,202.0352702739974,0.4995832843574748,7.458536194086115,False
0.4355,201.68883276064255,0.4995684688437279,7.3896958806512,False
0.436,201.31578688020653,0.49956045822798606,7.330658751282585,False
0.4365,200.92211122536048,0.49955937371880477,7.2823436476636445,False
0.437,200.51409527985726,0.4995652258331666,7.245473348863388,False
0.4375,200.09822699474154,0.4995779152012439,7.220568144656711,False
0.438,199.6810809853915,0.49959723521057864,7.207945856952836,False
0.4385,199.26921050061188,0.49962287629626523,7.2077271784066825,False
0.439,198.8690455449508,0.49965443166299506,7.219844820425442,False
0.4395,198.48679863691808,0.4996914042276038,7.244054805658694,False
0.44,198.12837878300917,0.49973321459345166,7.279948316620899,False
0.4405,197.79931346081926,0.499779209904402,7.32696280429136,False
0.441,197.50467783446283,0.49982867346859916,7.384391521340864,False
0.4415,197.24903013912956,0.49988083508240005,7.451391204924482,False
0.442,197.0363521943003,0.4999348820150798,7.5269882123147305,False
0.4425,196.86999431800172,0.4999899706294068,7.610083926498862,False
0.443,196.75262445769195,0.5000452386084517,7.699460625760008,False
0.4435,196.68618203518793,0.5000998177346018,7.793789198362812,False
0.444,196.67183771276132,0.5001528471251991,7.891640054273551,False
0.4445,196.7099609107815,0.5002034867756291,7.991498343291997,False
0.445,196.80009734151645,0.5002509312020663,8.09178416450403,False
0.4455,196.94095899172635,0.5002944229204068,8.190877900915812,False
0.446,197.13042884666174,0.5003332654530205,8.2871502070587,False
0.4465,197.36558219862115,0.5003668355275738,8.378995594435906,False
0.447,197.64272566318235,0.5003945941269965,8.464868074469452,False
0.4475,197.95745410925133,0.5004160960688206,8.543316992484947,False
0.448,198.30472469384176,0.5004309978348784,8.61302105981905,False
0.4485,198.67894618991255,0.5004390634352412,8.672818679303587,False
0.449,199.0740809146966,0.5004401681675891,8.721732950049676,False
0.4495,199.48375590035582,0.5004343002176295,8.758990193442013,False
0.45,199.90137956526843,0.5004215601298412,8.784031406457675,False
0.4505,200.32026007493025,0.5004021582531165,8.796516651399655,False
0.451,200.7337218205172,0.5003764103265094,8.796322960083275,False
0.4515,201.13521694833796,0.5003447314119224,8.783536798554966,False
0.452,201.51842957206227,0.5003076284013062,8.758442452978821,False
0.4525,201.87737109851284,0.5002656913265391,8.721507826564146,False
0.453,202.20646589542332,0.5002195836837389,8.673369073953722,False
0.4535,202.5006272291699,0.500170031955462,8.614815260977261,False
0.454,202.7553239225253,0.5001178144803371,8.546773864039851,False
0.4545,202.96663847450446,0.5000637497868314,8.470297471374069,False
0.455,203.1313174273412,0.5000086844821149,8.386551583738996,False
0.4555,203.24681457577995,0.49995348077306295,8.296803000985648,False
0.456,203.31132723988176,0.4998990036970043,8.20240798081334,False
0.4565,203.32382533844796,0.499846108155201,8.104799208507044,False
0.457,203.28407249489882,0.499795625870196,8.005470641452437,False
0.4575,203.1926379724544,0.49974835242494997,7.905959485742387,False
0.458,203.05089795207297,0.49970503458148535,7.807824896904928,False
0.4585,202.86102459477172,0.49966635811322335,7.712623425987769,False
0.459,202.62596150001957,0.49963293641216683,7.62188169630825,False
0.4595,202.34938458037885,0.4996053001444042,7.537067230814212,False
0.46,202.03564798264466,0.4995838882216805,7.4595586950257715,False
0.4605,201.68971543222514,0.49956904033182753,7.390617028115559,False
0.461,201.3170781758546,0.4995609912278651,7.331358975816566,False
0.4615,200.92366145547217,0.4995598669180459,7.282734407154395,False
0.462,200.51572207545465,0.4995656828322329,7.24550850944213,False
0.4625,200.09974005505953,0.4995783439701019,7.220249550299127,False
0.463,199.68230754256453,0.4995976469702958,7.207322424808732,False
0.4635,199.27001809353519,0.49962328398278205,7.206887731414487,False
0.464,198.86935910236355,0.4996548481838305,7.218905702369455,False
0.4645,198.48660967302857,0.4996918407468537,7.243144005327636,False
0.465,198.12774559391895,0.4997336790732249,7.279188268133769,False
0.4655,197.7983524269587,0.49977970609327166,7.326454174797967,False
0.466,197.50354711835243,0.4998292004652153,7.384200130663006,False
0.4665,197.24790806133106,0.49988138752387035,7.451539771641177,False
0.467,197.0354132439556,0.49993545085580143,7.527453952102835,False
0.4675,196.86938602342468,0.4999905443980109,7.610802234052324,False
0.468,196.75244817809542,0.5000458049686861,7.700334259256542,False
0.4685,196.68648016604493,0.5001003651382812,7.794701663555636,False
0.46900000000000003,196.6725889069774,0.5001533663363928,7.892471348170454,False
0.46950000000000003,196.71108382944408,0.5002039720657416,7.992140933091277,False
0.47000000000000003,196.80146230911285,0.5002513810621767,8.092157079287869,False
0.47050000000000003,196.94240589299503,0.5002948402035565,8.190937096406037,False
0.47100000000000003,197.1317888011391,0.5003336569359675,8.28689388536509,False
0.47150000000000003,197.3667000863124,0.5003672109585432,8.3784638483004,False
0.47200000000000003,197.64348050607106,0.5003949648929898,8.46413698560941,False
0.47250000000000003,197.95777464124097,0.5004164736644109,8.542488044933513,False
0.47300000000000003,198.30459812671572,0.5004313923380337,8.612207335819914,False
0.47350000000000003,198.6784191107691,0.5004394821918593,8.672129709437955,False
0.47400000000000003,199.07325230515957,0.500440614855995,8.72126024074027,False
0.47450000000000003,199.48276330905804,0.5004347744116981,8.758795337550605,False
0.47500000000000003,199.9003803558847,0.5004220574118674,8.784138315591091,False
0.47550000000000003,200.3194102972739,0.5004026708541878,8.79690888343167,False
0.47600000000000003,200.7331555331322,0.5003769282026592,8.796946429216582,False
0.47650000000000003,201.13502872501806,0.5003452436078693,8.784307439828282,False
0.47700000000000004,201.51866246907414,0.5003081245173997,8.759257763048865,False
0.47750000000000004,201.8780116083162,0.5002661628931607,8.72226070278346,False
0.47800000000000004,202.20744646883054,0.500220025262074,8.673962088470784,False
0.47850000000000004,202.50183593796544,0.5001704418220158,8.615173471139908,False
0.47900000000000004,202.75661989280485,0.5001181948094895,8.546854476824427,False
0.47950000000000004,202.96787097134234,0.5000641063133555,8.470095116632336,False
0.48,203.13234601121792,0.5000090256948585,8.386098548588281,False
0.4805,203.2475276386418,0.49995381675269646,8.296164454762778,False
0.481,203.311656475232,0.4998993447567456,8.201672885908028,False
0.4815,203.32375426913177,0.4998464634677876,8.104068178591335,False
0.482,203.28363799521642,0.4997960022640556,8.004842400673802,False
0.4825,203.19192466708765,0.4997487535078232,7.905517749771055,False
0.483,203.0500263254304,0.4997054603042233,7.80762741921821,False
0.4835,202.86013447358334,0.4996668048264247,7.7126946432839825,False
0.484,202.62519316968354,0.4996333974019133,7.622209909296021,False
0.4845,202.34886008412147,0.49960576656956307,7.537606639483888,False
0.485,202.0354550967225,0.49958435032257936,7.460235954924443,False
0.4855,201.6898964215584,0.49956948874549845,7.391341394061343,False
0.486,201.31762476869224,0.49956141823293326,7.33203463183396,False
0.4865,200.92451662566492,0.49956026744404625,7.283273307375157,False
0.487,200.5167883030748,0.4995660551018126,7.245842008663886,False
0.4875,200.10089287457387,0.499578689693396,7.220337288036783,False
0.488,199.68341249743807,0.4995979710717024,7.20715731502216,False
0.4885,199.27094878729943,0.4996235939030977,7.206496446671677,False
0.489,198.8700139226112,0.49965515285679507,7.21834465185882,False
0.4895,198.48692497706483,0.4996921493911903,7.242491407868943,False
0.49,198.12770364951487,0.4997339999638116,7.278533433650034,False
0.4905,197.79798312668566,0.4997800454754464,7.325885463412116,False
0.491,197.50292333083073,0.49982956175468757,7.383793212611009,False
0.4915,197.2471353325604,0.49988177089451796,7.451347746275564,False
0.492,197.03461530318802,0.499935853264443,7.527500612713158,False
0.4925,196.86868808378017,0.4999909600363638,7.611079326745684,False
0.493,196.7519602844394,0.5000462260760775,7.7008030399525165,False
0.4935,196.68628280132995,0.500100783061778,7.795298481437871,False
0.494,196.67272273398376,0.5001537726939135,7.893116453699622,False
0.4945,196.71154486702133,0.500204359856271,7.992749293462281,False
0.495,196.80220310136468,0.5002517455766139,8.092649737026424,False
0.4955,196.94334242717377,0.5002951796183762,8.191251557468583,False
0.496,197.13281217248945,0.5003339725156781,8.286992174789537,False
0.4965,197.3676912950158,0.500367506845825,8.378337200755624,False
0.497,197.6443263813004,0.5003952475202734,8.46380659874579,False
0.4975,197.95838276796354,0.5004167508702397,8.542001852431778,False
0.498,198.3049088137087,0.5004316723093871,8.611633283732496,False
0.4985,198.67841285753687,0.5004397723748942,8.671546474540305,False
0.499,199.0729518420363,0.5004409209798397,8.720746654366865,False
0.4995,199.48223001473679,0.5004350997529843,8.758419931970888,False
0.5,199.89970560231265,0.5004224023941282,8.78395037459765,False
0.5005000000000001,201.10160090006508,0.5004030330307147,11.73133767570074,False
0.501,203.739823277832,0.500326414252326,14.280294164919493,False
0.5015000000000001,207.4849225345585,0.5001384057842703,16.09643945072755,False
0.502,211.8634030298302,0.49983887698341556,16.944576001990953,False
0.5025000000000001,216.32046748693162,0.4994420019132045,16.718674838141325,False
0.503,220.29297923795178,0.49897434167804544,15.45501442839423,False
0.5035000000000001,223.2834836104639,0.4984713214019252,13.326727823739642,False
0.504,224.92575100063345,0.49797254392914264,10.620239778006292,False
0.5045000000000001,225.03302237987037,0.4975165442946246,7.696431676391559,False
0.505,223.62210031261964,0.4971356853899648,4.941573020913065,False
0.5055000000000001,220.90958114811679,0.496851899988638,2.71471826627017,False
0.506,217.28050660188396,0.4966738822296414,1.2989979152923266,False
0.5065000000000001,213.23387002821485,0.4965961283579247,0.8637812894067686,False
0.507,209.31294381817304,0.49659995213618496,1.4430589657937076,False
0.5075000000000001,206.03059190645138,0.4966563042894145,2.932876712808671,False
0.508,203.80020203986345,0.49672996300640376,5.10775104729895,False
0.5085000000000001,202.88164131194355,0.49678447946913523,7.653265437057341,False
0.509,203.34909478866535,0.49678718288585205,10.209935160168213,False
0.5095000000000001,205.0843718087074,0.49671357379018605,12.42218163279992,False
0.51,207.79583124102103,0.49655054436205326,13.985905831993994,False
0.5105000000000001,211.05991545627322,0.4962980339218223,14.688585136528465,False
0.511,214.37964871266607,0.4959689309792156,14.436879910882366,False
0.5115000000000001,217.25248946703286,0.495587249585706,13.26828521237979,False
0.512,219.23874359825518,0.4951848202059821,11.345288352296059,False
0.5125,220.02149498975996,0.49479692634544714,8.932673874520038,False
0.513,219.44985387187043,0.4944574663510255,6.360865485161841,False
0.5135,217.5593462154402,0.49419430059884195,3.980222482905641,False
0.514,214.56635598699444,0.4940254357884319,2.112659123799454,False
0.5145,210.83729992530573,0.4939565899600492,1.0074938272717215,False
0.515,206.83703211901584,0.4939804832642541,0.8078694694905495,False
0.5155,203.06411670117853,0.49407794117278336,1.5324617366612963,False
0.516,199.98245999859643,0.49422062519315757,3.074806688829084,False
0.5165,197.95904681810956,0.49437497112830775,5.219900302225646,False
0.517,197.21624262136578,0.4945067560850604,7.675252234189506,False
0.5175,197.8046813140318,0.49458565265557713,10.111706529011006,False
0.518,199.59969109521762,0.49458916050123336,12.208279433615049,False
0.5185,202.3210365866418,0.49450541464574577,13.695028747976217,False
0.519,205.5728639284744,0.4943345318223749,14.388456477090328,False
0.5195,208.89836543883777,0.49408834749635616,14.215009763454482,False
0.52,211.84197021371608,0.4937885969392555,13.219747957164653,False
0.5205,214.0109276236866,0.49346378714730577,11.55906847783631,False
0.521,215.12810651297124,0.49314517536245195,9.478398897284798,False
0.5215,215.06880004656543,0.49286239482029315,7.277777815711132,False
0.522,213.87633350976336,0.49263932814291495,5.269997421268307,False
0.5225,211.75416878995145,0.49249080646710863,3.7371577949714494,False
0.523,209.03560526575504,0.49242060217124994,2.891816841332791,False
0.5235,206.13552568330556,0.49242099626847347,2.8482769259832255,False
0.524,203.49130598616065,0.4924739673623464,3.6080025939550375,False
0.5245,201.50150022846668,0.49255380875741117,5.060992546660628,False
0.525,200.47099160276193,0.4926307765418689,7.002545344042822,False
0.5255,200.5700494827948,0.49267523709911265,9.162688255750405,False
0.526,201.81248637858852,0.4926617334628691,11.243911549158236,False
0.5265,204.05532647135487,0.4925724243224006,12.961938314653727,False
0.527,207.01952169649346,0.49239945242069194,14.084082514016133,False
0.5275,210.32862217477592,0.49214594983398763,14.460224847143564,False
0.528,213.56014881751474,0.4918255654774519,14.04244897946441,False
0.5285,216.30287587987888,0.49146058691305217,12.890812726150864,False
0.529,218.21243736040907,0.4910789074217358,11.164465306610438,False
0.5295,219.05775141175835,0.4907102427873032,9.099221751994602,False
0.53,218.75180902863738,0.4903821108135593,6.974569642839153,False
0.5305,217.3623913545878,0.49011613079728583,5.074648878911433,False
0.531,215.10107919432144,0.4899251658106695,3.6487257774877593,False
0.5315,212.2921079828971,0.48981171523076794,2.8768466121960263,False
0.532,209.3256594889925,0.4897677821715957,2.845611271206648,False
0.5325,206.60250446634524,0.4897762197039561,3.5374559984343175,False
0.533,204.4780907195207,0.4898133398880933,4.834757101172411,False
0.5335,203.21403491148376,0.4898523892146417,6.537852854577772,False
0.534,202.94363362445807,0.48986738148137127,8.394114725416681,False
0.5345,203.65578819838493,0.48983674704135566,10.133771223311914,False
0.535,205.199065616416,0.4897463024896836,11.507444752193075,False
0.5355,207.30490151190082,0.4895911526345358,12.32031631079056,False
0.536,209.62650944947129,0.489376287317083,12.458409188801417,False
0.5365,211.78811408069444,0.48911580927846243,11.903567867490054,False
0.537,213.43783165592194,0.48883090733569085,10.735180203670051,False
0.5375,214.29700870928772,0.48854685398209063,9.118416405637703,False
0.538,214.19920450675272,0.48828943999878305,7.280570818296824,False
0.5385,213.11331037592032,0.4880813421413085,5.478775167101648,False
0.539,211.14746108018133,0.4879389371922113,3.9636482635419377,False
0.5395,208.53315874265147,0.4878700177407956,2.944109770329223,False
0.54,205.59197842017943,0.48787273547653226,2.558448687545709,False
0.5405,202.68984278657328,0.4879359148163532,2.8557828942075845,False
0.541,200.1856624232164,0.4880406739562349,3.7904303520313802,False
0.5415,198.3818242780675,0.48816309803805447,5.229733472215344,False
0.542,197.48350508110119,0.48827756258114097,6.973896070323623,False
0.5425,197.5722616720037,0.4883602259647727,8.784735360017182,False
0.543,198.59714377268693,0.48839220421014756,10.419143381706146,False
0.5435,200.3840790946643,0.48836200294852306,11.662586898387831,False
0.544,202.66184928390882,0.48826689499600423,12.358135080916618,False
0.5445,205.10087633813026,0.4881130787472834,12.42720558826941,False
0.545,207.35945889127862,0.4879146142495004,11.879349629490019,False
0.5455,209.13116932051437,0.48769129323847377,10.809833489911938,False
0.546,210.18694930203515,0.48746574017720423,9.385380744556006,False
0.5465,210.4060902932896,0.48726014693859765,7.82004734278206,False
0.547,209.79174944835836,0.4870930985346356,6.344604736996775,False
0.5475,208.46880115085983,0.48697693933515684,5.173780869992478,False
0.548,206.6643819428538,0.48691605473276883,4.476062946912844,False
0.5485,204.67405110059113,0.48690630996402634,4.350398790764312,False
0.549,202.81861633038852,0.48693571573963057,4.813081090397317,False
0.5495,201.39798783316496,0.4869862082331849,5.796539299581579,False
0.55,200.64871448197303,0.4870362698405486,7.1599774075822324,False
0.5505,200.71112551062427,0.4870640027908786,8.710091621287845,False
0.551,201.61044259523155,0.48705021535678666,10.228743590536858,False
0.5515,203.25414949867616,0.48698109286362784,11.503619883907428,False
0.552,205.4456457001798,0.48685009527597545,12.357637883262493,False
0.5525,207.9120623597567,0.4866588357803976,12.673137562381983,False
0.553,210.34231143259,0.4864168340120224,12.407652174258898,False
0.5535,212.43013939963996,0.4861401868868919,11.599178927946127,False
0.554,213.91629371056155,0.4858493433975448,10.36025735121301,False
0.5545,214.62397850009518,0.48556629127634027,8.861668083720673,False
0.555,214.48262205595148,0.48531154735936216,7.308013959244135,False
0.5555,213.53655821218905,0.4851013758507301,5.90863461642137,False
0.556,211.93736735041205,0.48494563066973534,4.848031754479253,False
0.5565,209.9210273162566,0.48484652970256803,4.260090532778921,False
0.557,207.77329696265133,0.484798531294532,4.209820983024298,False
0.5575,205.788496722451,0.48478931835777245,4.685190218848262,False
0.558,204.2277580952779,0.4848017309189457,5.600071963025742,False
0.5585,203.2827544604299,0.4848163514788752,6.807678405143006,False
0.559,203.0499593666724,0.48481436034371117,8.122339642667491,False
0.5595,203.5188226665276,0.48478025070789893,9.346379416257854,False
0.56,204.57521128062874,0.4847040252029083,10.298231229374258,False
0.5605,206.0193402806685,0.4845825776029938,10.837880424872052,False
0.561,207.5954888927019,0.48442008104878176,10.886167130574458,False
0.5615,209.02926250001667,0.48422734128478956,10.435359597679069,False
0.562,210.0671802412602,0.48402021366692355,9.54959904630694,False
0.5625,210.51305010666528,0.4838173100762425,8.35519552089189,False
0.5630000000000001,210.25600426926138,0.48363732083137223,7.022162718423316,False
0.5635,209.28620066840176,0.48349633305920353,5.739635174572181,False
0.5640000000000001,207.6959441021796,0.4834055302292205,4.68872099941469,False
0.5645,205.66611350983268,0.4833696038959989,4.016741804549377,False
0.5650000000000001,203.43997318997765,0.48338610372296875,3.8166053208503588,False
0.5655,201.2883246821632,0.4834458111411118,4.114260817566658,False
0.5660000000000001,199.4711973481869,0.48353406869627014,4.865934869060235,False
0.5665,198.20167819086078,0.48363285710274617,5.9653568976949165,False
0.5670000000000001,197.61701288256276,0.48372330788774953,7.259717407853555,False
0.5675,197.76090029137632,0.483788285959926,8.571889122350308,False
0.5680000000000001,198.57919400872643,0.48381467808511464,9.725644432769425,False
0.5685,199.92930184277137,0.4837950754891163,10.570296381385226,False
0.5690000000000001,201.60170720622358,0.48372863056977244,11.001371272721462,False
0.5695,203.35044513134778,0.48362098469350645,10.974530476754147,False
0.5700000000000001,204.92821570564425,0.48348329112028005,10.510905909494362,False
0.5705,206.1212270820567,0.48333047935598056,9.693186055898186,False
0.5710000000000001,206.77890345385674,0.4831790103809291,8.653055489012308,False
0.5715,206.83429132727937,0.48304444301053123,7.551797910308708,False
0.5720000000000001,206.31229496793284,0.4829391592469509,6.556854359574517,False
0.5725,205.32461808105498,0.48287057464039923,5.817726635280179,False
0.5730000000000001,204.05223753195867,0.4828400892135273,5.4447166881829245,False
0.5735,202.71807800986,0.48284292467800277,5.493559751834137,False
0.5740000000000001,201.55398539891598,0.4828688614839598,5.958104173817785,False
0.5745,200.76687375530335,0.4829037563335233,6.771967073095716,False
0.5750000000000001,200.5089348762297,0.4829316088093743,7.818761758678923,False
0.5755,200.85608388805215,0.48293687173018457,8.949267982851726,False
0.5760000000000001,201.79752515397416,0.48290667302127266,10.002979084390741,False
0.5765,203.23768923237847,0.48283263808066695,10.830923779192808,False
0.577,205.01006074526038,0.48271206453826104,11.316565513117826,False
0.5775,206.90081308110695,0.48254829505143804,11.391909652755155,False
0.578,208.67887145164687,0.4823502452384291,11.046637507542622,False
0.5785,210.12818028931417,0.4821311592481274,10.329047868841972,False
0.579,211.0776530978553,0.4819067711019044,9.338710929033118,False
0.5795,211.42458591613982,0.48169313266500946,8.211893753369319,False
0.58,211.14821100530128,0.48150441723535314,7.101850119047789,False
0.5805,210.31146468753002,0.48135101281581555,6.156825624614772,False
0.581,209.05076041985663,0.48123817816139114,5.498979621856112,False
0.5815,207.55533674587522,0.481165451968477,5.2072930125064545,False
0.582,206.0392986575982,0.48112689310098794,5.306922202998045,False
0.5825,204.71052882599824,0.4811121055255378,5.766471147274307,False
0.583,203.74104096626323,0.4811078860847278,6.5034537496440725,False
0.5835,203.2430368359478,0.4811002448632206,7.39700981966498,False
0.584,203.253994099279,0.48107649951719716,8.30590988108821,False
0.5845,203.73273356284622,0.4810271417425414,9.08918057225054,False
0.585,204.5668178281703,0.48094721376592037,9.626380980175577,False
0.5855,205.59004788881708,0.48083700728523165,9.834674731139867,False
0.586,206.6074500569202,0.480701995063867,9.680335477998558,False
0.5865,207.424142411439,0.48055201320460805,9.183120603693737,False
0.587,207.87395386701002,0.48039981645071056,8.412949063271459,False
0.5875,207.84370950869558,0.4802592165699268,7.479402049556912,False
0.588,207.28970568093447,0.4801430731452121,6.515589863484103,False
0.5885,206.24401799106093,0.48006142775138616,5.658748675152333,False
0.589,204.80977311570751,0.48002005186601393,5.03041478799283,False
0.5895,203.14615415192077,0.480019617513046,4.719081937095271,False
0.59,201.44543840266954,0.4800556061489565,4.767857690436198,False
0.5905,199.9055323178164,0.480118960360379,5.168857524824251,False
0.591,198.70208042631867,0.4801973726798544,5.865041301564621,False
0.5915,197.9641979154672,0.4802770140680346,6.759082351467245,False
0.592,197.75724234395872,0.4803444452248451,7.727844845342698,False
0.5925,198.0749311987667,0.4803884343682612,8.640279727010373,False
0.593,198.8417223054552,0.48040142595753926,9.37612783505197,False
0.5935,199.92491495224158,0.48038046056762296,9.842775255909968,False
0.594,201.15459616859883,0.4803274272110001,9.987922285547558,False
0.5945,202.34850916442508,0.4802486242076532,9.806346481772797,False
0.595,203.3382785939412,0.48015370092039555,9.33987782444986,False
0.5955,203.99326596678188,0.48005413827001064,8.670655618693416,False
0.596,204.23867565532672,0.4799614899118668,7.9086828622141905,False
0.5965,204.06535656810877,0.4798856392926097,7.175506891028524,False
0.597,203.5299479248962,0.47983332489844893,6.586414239943984,False
0.5975,202.74543392021803,0.47980714611173614,6.233739479408385,False
0.598,201.8635871334757,0.47980519030316676,6.173709220152053,False
0.5985,201.0519682255633,0.47982132883550177,6.418695930353293,False
0.599,200.4689179392001,0.47984613025751394,6.935930006252271,False
0.5995,200.2402101866788,0.47986824900274405,7.652750081377545,False
0.6,200.44071297706068,0.47987608123757,8.46751801388402,False
0.6005,201.08360227895423,0.4798594454033949,9.264531067538735,False
0.601,202.1185373681743,0.47981104690411597,9.930736681677919,False
0.6015,203.43891403072698,0.4797275220891324,10.371852489619526,False
0.602,204.89704522707876,0.47960991954554383,10.525624579095297,False
0.6025,206.3250379545152,0.47946355730732004,10.37038865400106,False
0.603,207.55836884140942,0.4792972821016305,9.927769538361561,False
0.6035,208.45880160836086,0.47912224002466464,9.259179091574149,False
0.604,208.93338728137627,0.47895033636219164,8.456647733212858,False
0.6045,208.94684281478854,0.4787926062693203,7.6293349202968095,False
0.605,208.5255551659997,0.4786577308504278,6.887692381280085,False
0.6055,207.75268128350314,0.47855091190537724,6.327600184394989,False
0.606,206.75513091800929,0.4784732653802496,6.0167964488627,False
0.6065,205.68442185511404,0.4784218159347541,5.9855682564184844,False
0.607,204.6942908039852,0.47839008506007213,6.223017603203307,False
0.6075,203.91838482395173,0.4783691772505688,6.67936942738915,False
0.608,203.45128654280848,0.47834919677721116,7.273888205396747,False
0.6085,203.33557046618273,0.47832078239312625,7.907157724314275,False
0.609,203.55665345588267,0.4782765346399648,8.475873985614067,False
0.6095,204.0460452826016,0.47821213068864155,8.887980977605126,False
0.61,204.69239791401347,0.47812697041806657,9.07597338864194,False
0.6105,205.35865911215222,0.47802426681778576,9.00648601149805,False
0.611,205.90279576694,0.47791057387119656,8.684838311361439,False
0.6115,206.19906933601044,0.4777948251019531,8.153929293366296,False
0.612,206.15678295426878,0.4776870253834594,7.487687301301591,False
0.6125,205.73379214956705,0.47759678795823246,6.780063484648797,False
0.613,204.94283756123383,0.477531930616224,6.131205060739957,False
0.6135,203.84981778373816,0.4774973357822222,5.63285566153174,False
0.614,202.56431957763047,0.47749423950434094,5.355135628498327,False
0.6145,201.22387517385278,0.4775200496209818,5.336632686880125,False
0.615,199.97433716010826,0.4775687137135629,5.579216345472867,False
0.6155,198.94930347077334,0.4776315755568485,6.048262942538661,False
0.616,198.25160925682658,0.4776985876892536,6.678163072417704,False
0.6165,197.93953113484335,0.47775969826109854,7.3822101709551236,False
0.617,198.0195997260936,0.47780620920017514,8.065354322706218,False
0.6175,198.44691887832283,0.47783191177472123,8.63793111439137,False
0.618,199.13279956537966,0.47783384203393486,9.028381508348838,False
0.6185,199.958486750679,0.47781255600610134,9.193163813996472,False
0.619,200.7929220232781,0.47777189434557615,9.12248685493941,False
0.6195,201.5119464053508,0.47771827875159706,8.841101971250644,False
0.62,202.01617239458682,0.4776596483364132,8.404099170806477,False
0.6205,202.24496601132614,0.4776041944510326,7.888365884608112,False
0.621,202.18455484746283,0.4775590802800257,7.38098758241452,False
0.6215,201.86914259375305,0.47752933251550694,6.96630742927164,False
0.622,201.37494278775043,0.4775170659892861,6.713548382572495,False
0.6225,200.80809008106826,0.47752115183777,6.666802942670617,False
0.623,200.28828343077936,0.4775373731218881,6.838826149442493,False
0.6235,199.930621690923,0.47755903920294085,7.209485328842487,False
0.624,199.82831726861966,0.47757796296456984,7.729020116440466,False
0.6245,200.03879315950914,0.4775856534266557,8.325559967581476,False
0.625,200.57512521707676,0.4775745477347186,8.915740777093536,False
0.6255000000000001,201.403981014601,0.47753910425358403,9.416841784273922,False
0.626,202.45025696398744,0.4774766017484888,9.758679559396906,False
0.6265000000000001,203.60766312554787,0.4773875340965597,9.893562321498903,False
0.627,204.75367738636442,0.47727554884159845,9.802907031880896,False
0.6275000000000001,205.76669247667226,0.47714694296776217,9.499608676694523,False
0.628,206.54288605324996,0.4770097918260967,9.025860233347125,False
0.6285000000000001,207.0103955475631,0.47687283885646903,8.446772538259417,False
0.629,207.13877382648604,0.47674430744853996,7.840747222711125,False
0.6295000000000001,206.9423909944363,0.4766308069271965,7.288026224405042,False
0.63,206.4773381480376,0.47653649020388245,6.859105441367399,False
0.6305000000000001,205.83235009878896,0.4764625827739818,6.604713091753965,False
0.631,205.11514782976,0.47640734692496245,6.548809391134926,False
0.6315000000000001,204.43626814112736,0.47636647982096747,6.685600293909328,False
0.632,203.89279346657702,0.47633387978328223,6.980948819297702,False
0.6325000000000001,203.55437048730144,0.47630266161501106,7.377910864751515,False
0.633,203.45352578223662,0.4762662672066653,7.80552086516746,False
0.6335000000000001,203.58162015481992,0.476219506555185,8.189494742617484,False
0.634,203.89093939520703,0.47615937753423354,8.463264634594871,False
0.6345000000000001,204.302525067107,0.47608554748128606,8.577739804934112,False
0.635,204.71853002114906,0.4760004303216845,8.50839569196161,False
0.6355000000000001,205.03724902698295,0.4759088521236651,8.258694120166432,False
0.636,205.1686079989505,0.47581735743796866,7.859375190114578,False
0.6365000000000001,205.04784476730055,0.475733260369386,7.36376152057972,False
0.637,204.6453894718962,0.47566358085945903,6.839795176288277,False
0.6375000000000001,203.9715188028096,0.4756140227821508,6.360003347449212,False
0.638,203.07513709138206,0.475588143533563,5.990888495945453,False
0.6385000000000001,202.0369139119121,0.47558683556276365,5.783313925751704,False
0.639,200.95784741192819,0.47560819301305846,5.765292633980767,False
0.6395000000000001,199.94499289962704,0.47564777862687874,5.938211174611865,False
0.64,199.09649273215132,0.47569924645899936,6.276992404338273,False
0.6405,198.48810906667035,0.4757552240763909,6.734107249916705,False
0.641,198.16319491597247,0.47580832162366493,7.246779929837979,False
0.6415,198.1274938365706,0.4758521194074602,7.746278112608282,False
0.642,198.3494268568393,0.47588199205388176,8.167901432640408,False
0.6425,198.76572025977006,0.47589565400001577,8.460210916391604,False
0.643,199.2914651907009,0.4758933535259726,8.592179661145622,False
0.6435,199.83308270273974,0.47587769430156557,8.557265586552067,False
0.644,200.3022756415583,0.4758531171854225,8.373862384301678,False
0.6445,200.62893158290055,0.47582512340385824,8.082111381315631,False
0.645,200.7711139070873,0.4757993566330476,7.737582354415701,False
0.6455,200.72071812400193,0.47578068080823194,7.402781611632161,False
0.646,200.5040169209596,0.4757723898255262,7.137755244046694,False
0.6465,200.1770766665827,0.47577566463186394,6.991177121359177,False
0.647,199.81678634075942,0.475789355494584,6.993225271264839,False
0.6475,199.50888072871481,0.47581011821576386,7.151269803443759,False
0.648,199.33476501820942,0.47583288028543524,7.448965285754744,False
0.6485,199.35909551594457,0.4758515645956875,7.848829195245269,False
0.649,199.6199253495071,0.4758599616380615,8.297875711175546,False
0.6495,200.12281596917254,0.47585262126614075,8.735437469169023,False
0.65,200.83971448629634,0.47582563449561993,9.102008124012439,False
0.6505,201.7126967042157,0.4757771938524693,9.347813293259719,False
0.651,202.66197746262262,0.4757078542910101,9.439877934209987,False
0.6515,203.59698914552735,0.47562046059115043,9.366590668665976,False
0.652,204.42890509285442,0.4755197551698222,9.139134967990607,False
0.6525,205.08279258654719,0.47541172579606306,8.789611976448734,False
0.653,205.50764608639622,0.47530278953258026,8.366157707930977,False
0.6535,205.68286817855085,0.47519893216629183,7.925791690171149,False
0.654,205.6202911298501,0.4751049280390059,7.526061897519792,False
0.6545,205.3614917884821,0.47502375252449314,7.216722110995877,False
0.655,204.97084920091194,0.4749562701147343,7.032664845903396,False
0.6555,204.52542127214795,0.47490123950609914,6.989136282596455,False
0.656,204.1031769987257,0.4748556295834551,7.079909607113708,False
0.6565,203.7713441425931,0.47481519414214535,7.278645296361368,False
0.657,203.5765880069318,0.47477521562281305,7.543191766544318,False
0.6575,203.53843815331246,0.47473130460949214,7.822150377595482,False
0.658,203.6468784504061,0.4746801355298734,8.0627079548502,False
0.6585,203.8643916210761,0.4746200103382627,8.21857139519315,False
0.659,204.13209590405916,0.47455116880541304,8.25684216458655,False
0.6595,204.37902163162246,0.47447580215270296,8.162838559484088,False
0.66,204.53313047632068,0.4743977705418505,7.942183386000678,False
0.6605,204.532439982493,0.47432206814247074,7.619879310352556,False
0.661,204.3346135401035,0.47425411606742474,7.2365363207919655,False
0.6615,203.92361216602455,0.4741989881864427,6.842332521718662,False
0.662,203.31244678428777,0.4741606840726562,6.489619958500616,False
0.6625,202.5416543273282,0.47414155563997873,6.22528137534978,False
0.663,201.67376040129835,0.47414197044791684,6.083971251516449,False
0.6635,200.78458721816745,0.47416025873819884,6.083230423567006,False
0.664,199.9527255145256,0.47419294858908284,6.221171087409451,False
0.6645,199.24874304733132,0.4742352507915471,6.477035209128326,False
0.665,198.72571445420704,0.47428171876919684,6.8144973060157845,False
0.6655,198.41243216455797,0.47432698448203997,7.1871793787299305,False
0.666,198.31023708485748,0.474366462114054,7.545531312113748,False
0.6665,198.39386006254182,0.47439691831176617,7.844047663151181,False
0.667,198.61607451950562,0.47441682926194384,8.047763130198291,False
0.6675,198.91541253499386,0.474426477421303,8.13709313285371,False
0.668,199.22576668121735,0.4744277793325037,8.110341150937435,False
0.6685,199.48644539624075,0.47442387512497436,7.983542459434308,False
0.669,199.65120367131277,0.47441854450827947,7.787704829169801,False
0.6695,199.6949383959985,0.47441553853945617,7.563885251360391,False
0.67,199.6170945942166,0.47441792772728203,7.356853605466029,False
0.6705,199.44132331771826,0.47442756349845777,7.208293835468807,False
0.671,199.21149103555783,0.47444473221251693,7.150550810158927,False
0.6715,198.9846797499946,0.4744680514610916,7.201838077993034,False
0.672,198.82225486536805,0.4744946218291199,7.363593166516924,False
0.6725,198.7803483552868,0.4745204092503707,7.620339350434119,False
0.673,198.90116978756515,0.4745407993505454,7.9420375286741764,False
0.6735,199.20641232738924,0.4745512407321181,8.28854668221775,False
0.674,199.69369257643652,0.47454788242021606,8.615510286124902,False
0.6745,200.33650575432432,0.47452811301911707,8.880790978682816,False
0.675,201.08766105288302,0.4744909247739078,9.050511374408936,False
0.6755,201.8856606807724,0.47443705209318665,9.103830432687966,False
0.676,202.663069661014,0.47436886720158056,9.035779012155489,False
0.6765,203.3556480016109,0.4742900507076533,8.85776610613719,False
0.677,203.9109191591557,0.4742050870705993,8.595707866712772,False
0.6775,204.29494184851535,0.47411865972533473,8.286076977721358,False
0.678,204.4963234484213,0.474035034463139,7.970471046355787,False
0.6785,204.5269243043585,0.47395752053141743,7.6895114835243215,False
0.679,204.4191934383444,0.4738880866240551,7.476976757450959,False
0.6795,204.22057426436987,0.4738271852657807,7.355031416944563,False
0.68,203.9858482502145,0.47377380761051385,7.331241159543282,False
0.6805,203.7685796945972,0.4737257561874684,7.39779113332491,False
0.681,203.6129420553957,0.4736800909198303,7.532992379664337,False
0.6815,203.5471304975438,0.47363367867095946,7.704821321817191,False
0.682,203.57931190988162,0.4735837622913889,7.875940851322101,False
0.6825,203.69667451187334,0.4735284635421238,8.009441883075922,False
0.683,203.86767480584723,0.4734671452943461,8.074449812645454,False
0.6835,204.04710900388253,0.4734005801575597,8.050772034216923,False
0.684,204.18322663851507,0.4733309018125997,7.931913442896994,False
0.6845,204.2258131129919,0.4732613475312903,7.726033338385342,False
0.685,204.13403565081953,0.4731958310108716,7.454723307918925,False
0.6855,203.88289169207388,0.47313840934921797,7.149807308114437,False
0.686,203.46731379340252,0.4730927231717741,6.848655574747608,False
0.6865,202.9033393527151,0.47306149235980666,6.588720260343675,False
0.687,202.22619450420305,0.4730461409915503,6.402110207512747,False
0.6875,201.4856025984262,0.47304660531641285,6.311008236327093,False
0.6880000000000001,200.73903812123163,0.4730613508727253,6.324599192275458,False
0.6885,200.04394382930096,0.4730875935247666,6.437942492568684,False
0.6890000000000001,199.45006797221248,0.4731216890819236,6.632926482144372,False
0.6895,198.99304133034883,0.4731596318551948,6.881130200823856,False
0.6900000000000001,198.69011025496025,0.47319758756733277,7.148138884264,False
0.6905,198.53860708187906,0.4732323824672778,7.398653650436899,False
0.6910000000000001,198.51732659695904,0.47326187851970364,7.601631603568908,False
0.6915,198.59054909466855,0.4732851826449953,7.734702199380101,False
0.6920000000000001,198.71406901682226,0.4733026632836898,7.7872246724066345,False
0.6925,198.84230651309252,0.4733157762523297,7.761560104901656,False
0.6930000000000001,198.9354357078832,0.4733267297798199,7.672398972039073,False
0.6935,198.96547659935538,0.47333804178446204,7.544271843390022,False
0.6940000000000001,198.9204640994088,0.4733520575908981,7.407635956767462,False
0.6945,198.80610272453143,0.4733705012544044,7.2941351968617445,False
0.6950000000000001,198.64469497324322,0.47339412778228024,7.2317456932450375,False
0.6955,198.4715386048549,0.473422527745246,7.240527118398709,False
0.6960000000000001,198.32936147977043,0.4734541124845926,7.329600352004603,False
0.6965,198.26164621923385,0.47348628091865025,7.4957816151863375,False
0.6970000000000001,198.3058490753586,0.4735157419883886,7.724051624891088,False
0.6975,198.48751763245832,0.4735389441094519,7.989764830458175,False
0.6980000000000001,198.81616375701978,0.47355254791711016,8.262249728005747,False
0.6985,199.28347735702695,0.4735538731545267,8.509253609689008,False
0.6990000000000001,199.86411589583932,0.473541255314171,8.70157114581125,False
0.6995,200.51892687420133,0.4735142616487927,8.817180059387184,False
0.7000000000000001,201.20011008693044,0.4734737371967616,8.844288742624943,False
0.7005,201.85755230785415,0.4734216763848212,8.782866476523202,False
0.7010000000000001,202.44540658714098,0.4733609409891572,8.644452311337812,False
0.7015,202.92796307767128,0.4732948671763858,8.450291210499332,False
0.7020000000000001,203.28397114982144,0.47322681990569415,8.228089631915344,False
0.7025,203.50880707514116,0.47315975993483933,8.007882197805413,False
0.7030000000000001,203.61420361967976,0.47309588603244623,7.817627277994166,False
0.7035,203.625619928674,0.4730364031509241,7.679183400869968,False
0.704,203.5776779094713,0.4729814480365443,7.605255337776973,False
0.7045,203.50837251011612,0.4729301799688624,7.59774832407908,False
0.705,203.45293575360398,0.4728810196511784,7.647754590051475,False
0.7055,203.43827327011533,0.47283199745269994,7.737151334253683,False
0.706,203.47879357474756,0.4727811564778226,7.841550858093929,False
0.7065,203.57423174267336,0.4727269485589698,7.934147301728338,False
0.707,203.70976526213437,0.4726685631744334,7.9898784849478695,False
0.7075,203.85837702096848,0.47260614001952833,7.989282792707804,False
0.708,203.98508919276307,0.4725408337762721,7.92148380690052,False
0.7085,204.05241990075567,0.47247472182979094,7.785870380229289,False
0.709,204.02624040569043,0.47241056899587996,7.592236586701763,False
0.7095,203.8811585224483,0.4723514843645479,7.35937549960555,False
0.71,203.60463101458112,0.4723005210808732,7.112349469959147,False
0.7105,203.1992022886726,0.4722602779910479,6.878853874179147,False
0.711,202.68254985821864,0.47223256139301323,6.685222294369173,False
0.7115,202.0853461832499,0.47221815576666265,6.552669149201979,False
0.712,201.44727160023294,0.4722167357576623,6.494323848211584,False
0.7125,200.81178454384323,0.47222693041280966,6.513485543572469,False
0.713,200.22043209356713,0.4722465279974715,6.603339476933973,False
0.7135,199.70754035009213,0.47227278913858184,6.748154440308802,False
0.714,199.29605387527616,0.4723028206205042,6.925760319477779,False
0.7145,198.99510980911876,0.4723339541361159,7.110918346433811,False
0.715,198.79966553232416,0.4723640746922869,7.279071573210111,False
0.7155,198.69219045387928,0.47239185192314176,7.409916139337827,False
0.716,198.64612885957314,0.47241684282025587,7.490270065441039,False
0.7165,198.63058576519376,0.47243945396707754,7.515828403532624,False
0.717,198.61551726000266,0.47246077233531864,7.491563883024476,False
0.7175,198.57664411277656,0.4724822930016781,7.4307351457299955,False
0.718,198.49936011155603,0.47250558699734785,7.352670428101355,False
0.7185,198.38106585823175,0.47253196079573545,7.279673094590087,False
0.719,198.23160025024202,0.47256215952052816,7.233520737679719,False
0.7195,198.0717292173736,0.47259615879717404,7.23208348493442,False
0.72,197.9299411329554,0.47263307641055696,7.286562267789574,False
0.7205,197.83804713026126,0.4726712166977835,7.399748702599522,False
0.721,197.82625542006517,0.4727082406909643,7.5655508397618005,False
0.7215,197.9184572246219,0.4727414364451731,7.7698379898038805,False
0.722,198.1284198850104,0.47276804949657597,7.99246238765496,False
0.7225,198.4574387963533,0.4727856250652813,8.210144726513784,False
0.723,198.89377772950712,0.47279231253776893,8.399789096412091,False
0.7235,199.41396111120514,0.47278708892516863,8.541737084740387,False
0.724,199.98571140933103,0.47276987033941564,8.622487238177547,False
0.7245,200.57208876400847,0.4727414971533693,8.636490861067323,False
0.725,201.13622147706207,0.4727035969541754,8.586774919467654,False
0.7255,201.6459380022706,0.4726583469963668,8.484316925431445,False
0.726,202.07763389708867,0.4726081721000723,8.346279822086752,False
0.7265,202.41882682797157,0.47255542279687507,8.193380611588633,False
0.727,202.66905135166553,0.47250208074791133,8.046790725812162,False
0.7275,202.83899341190218,0.4724495337514516,7.925030801353048,False
0.728,202.948025350214,0.47239845174726125,7.8413181883720755,False
0.7285,203.02053672772655,0.47234877977009243,7.801753159891616,False
0.729,203.08162939489839,0.4722998461503009,7.804600720037753,False
0.7295,203.15283160389163,0.47225056707601887,7.840759082770422,False
0.73,203.24847366618556,0.4721997144915108,7.89532865490609,False
0.7305,203.37326004936256,0.4721462052834034,7.950033374190074,False
0.731,203.52138749468415,0.4720893670635041,7.986123343402247,False
0.7315,203.6773244640527,0.4720291398788177,7.987321330770325,False
0.732,203.81811921557983,0.4719661831633885,7.9423746544209815,False
0.7325,203.91687848955036,0.47190187163757846,7.846837382556386,False
0.733,203.9468886694334,0.4718381804965367,7.703825588829635,False
0.7335,203.8857605703074,0.471777476657501,7.523642887935153,False
0.734,203.71898036406856,0.4717222466539027,7.3223417841394065,False
0.7345,203.44234191951844,0.47167480095875364,7.119443667014808,False
0.735,203.06290596552412,0.47163699775218837,6.9351632990460645,False
0.7355,202.59835333991597,0.47161002596040524,6.787554072039815,False
0.736,202.07483957923898,0.4715942782915869,6.689997754234438,False
0.7365,201.5236797808341,0.4715893313859322,6.649406142239055,False
0.737,200.9773624681911,0.4715940341791399,6.665391081596784,False
0.7375,200.46548385489268,0.4716066896077492,6.730511266556327,False
0.738,200.01119648775884,0.4716253012805907,6.831542139639019,False
0.7385,199.62867997121302,0.471647847701631,6.951563872249155,False
0.739,199.3219811077725,0.4716725433278901,7.072544362484019,False
0.7395,199.08536188595485,0.4716980485544456,7.178026333658929,False
0.74,198.90506833535412,0.4717235990872471,7.255518899900803,False
0.7405,198.76222488080435,0.47174903773974686,7.298244399520087,False
0.741,198.6363976452808,0.47177474653926227,7.305992321582965,False
0.7415,198.50927888603857,0.4718014919363592,7.284968108800983,False
0.742,198.36793566507322,0.47183020869103076,7.246675099795831,False
0.7425,198.20713920405967,0.4718617568171029,7.206010621920096,False
0.743,198.03043540581479,0.47189668955209263,7.178871321812748,False
0.7435,197.84980965164547,0.4719350682109177,7.179631632166478,False
0.744,197.684010989508,0.47197635235385155,7.218873062408574,False
0.7445,197.5558002574844,0.4720193821221158,7.301699362316733,False
0.745,197.48854378516594,0.47206245565485466,7.426880709767351,False
0.7455,197.5026661655091,0.4721034903216931,7.58694348483524,False
0.746,197.61248961067176,0.4721402442101933,7.76918048533599,False
0.7465,197.8239230724962,0.4721705656937751,7.95742102187697,False
0.747,198.13333284911934,0.4721926351745965,8.134291098317052,False
0.7475,198.52774864544523,0.4722051646930285,8.283626281706976,False
0.748,198.98636196853855,0.4722075276735305,8.392682813095718,False
0.7485,199.48308628510907,0.4721998015778478,8.453827404697936,False
0.749,199.98979739251655,0.4721827190677427,8.465466986961397,False
0.7495,200.47977907497955,0.4721575365514845,8.432094029370294,False
0.75,200.9308759902516,0.47212584078123665,8.363454040540761,False
0.7505000000000001,201.32790543543337,0.47208932279561927,8.272970348402442,False
0.751,201.66399432818434,0.4720495527418287,8.175668614248591,False
0.7515000000000001,201.94067017855912,0.47200778838226837,8.085914179812058,False
0.752,202.16672078299374,0.4719648445370712,8.015299103777274,False
0.7525000000000001,202.3560191233824,0.47192104119510464,7.970989400591426,False
0.753,202.52466046479574,0.4718762359912344,7.954770861978286,False
0.7535000000000001,202.68785573505826,0.47182993401719187,7.962925123848061,False
0.754,202.85705504208497,0.47178145641765284,7.986942674190205,False
0.7545000000000001,203.03773409346425,0.47173014062667024,8.014955161506297,False
0.755,203.22817148413827,0.47167554066269934,8.03366413650727,False
0.7555000000000001,203.41939282616318,0.4716175962209035,8.030472530868456,False
0.756,203.59628165942968,0.47155674426140987,7.995498662995025,False
0.7565000000000001,203.7396832223964,0.4714939555948551,7.9231736170875156,False
0.757,203.82918093145557,0.47143069026837076,7.813187768796264,False
0.7575000000000001,203.84612793003342,0.47136877766894597,7.670651038243149,False
0.758,203.77648119211926,0.4713102384000666,7.505449341381104,False
0.7585000000000001,203.61301810313216,0.4712570735190805,7.330899186458067,False
0.759,203.35661003050814,0.4712110514019829,7.161905720822179,False
0.7595000000000001,203.0163697650042,0.47117352265515644,7.012901448796743,False
0.76,202.6086583051845,0.4711452891219566,6.895872686203349,False
0.7605000000000001,202.155105726562,0.4711265448203698,6.818764344517963,False
0.761,201.67994522026441,0.4711168958634025,6.784493701277146,False
0.7615000000000001,201.20705717384493,0.47111545471041344,6.790709941290542,False
0.762,200.75715715516333,0.4711209932551267,6.8303231097211015,False
0.7625000000000001,200.34553316007245,0.47113213089873335,6.892711118248408,False
0.763,199.9806489102128,0.4711475291010868,6.965413963195031,False
0.7635000000000001,199.66379574794283,0.4711660635799265,7.03605498959415,False
0.764,199.3898166959615,0.47118694930182103,7.0941996294513565,False
0.7645000000000001,199.14876662035184,0.47120980100398063,7.132876145808514,False
0.765,198.92823577518962,0.47123462200845584,7.149537623337429,False
0.7655000000000001,198.71597006349518,0.47126172501408614,7.146330977671992,False
0.766,198.50238327621275,0.4712915987487184,7.129643845144522,False
0.7665000000000001,198.28257916772952,0.4713247423389393,7.109008088567035,False
0.767,198.05758034351473,0.4713614938568475,7.095533322337354,False
0.7675000000000001,197.83458412424284,0.4714018800929055,7.100111438495894,False
0.768,197.6262139156994,0.47144551114200545,7.131663875612396,False
0.7685,197.44888565421795,0.4714915364436971,7.195693195702128,False
0.769,197.32053994556597,0.47153866957195795,7.293351521101329,False
0.7695,197.2580822278445,0.47158527875820705,7.42115848255331,False
0.77,197.2749125985954,0.47162953041067546,7.571403031810514,False
0.7705,197.37890895934137,0.47166956520315906,7.7331617885817945,False
0.771,197.57115566615713,0.4717036817507315,7.893776689568363,False
0.7715,197.8455966106847,0.4717305020803985,8.040569611223104,False
0.772,198.18965411260493,0.47174909608401183,8.162540371971073,False
0.7725,198.58571377145003,0.47175904839722665,8.251800942122939,False
0.773,199.01325110504294,0.4717604597077127,8.304541126580254,False
0.7735,199.45128610916333,0.47175388407445745,8.321392641523321,False
0.774,199.88080924581018,0.471740213032614,8.307148540941553,False
0.7745,200.28683233644122,0.4717205247370945,8.269890051966094,False
0.775,200.65977832672638,0.4716959210975163,8.219659151354794,False
0.7755,200.99602553917703,0.47166737712310114,8.166880138646007,False
0.776,201.29754952510706,0.47163562437939094,8.120767693972558,False
0.7765,201.57073991771665,0.47160108493721786,8.08795767109028,False
0.777,201.82459081034608,0.4715638643188216,8.071560680220355,False
0.7775,202.0685532736,0.47152380291203494,8.070773091587702,False
0.778,202.3103846289164,0.47148057648976827,8.081095499912385,False
0.7785,202.5543247236261,0.4714338291525687,8.095117751713715,False
0.779,202.79987603811776,0.4713833172769788,8.103745941277314,False
0.7795,203.04137061480316,0.47132904157068245,8.09768262568693,False
0.78,203.26838698205182,0.4712713462826261,8.068936097065482,False
0.7805,203.46695247853617,0.47121096965953296,8.01213270777208,False
0.781,203.6213495672904,0.4711490370975307,7.925437819318634,False
0.7815,203.71625591634663,0.4710869969995836,7.810950922163407,False
0.782,203.73890001061548,0.4710265078433856,7.674519754176624,False
0.7825,203.6809135988212,0.4709692921385129,7.525004982620639,False
0.783,203.53960911876217,0.4709169777551203,7.373108318281787,False
0.7835,203.31849714562176,0.4708709488423418,7.22994074434719,False
0.784,203.02697267020056,0.47083222698381455,7.1055444349122805,False
0.7845,202.67922241205733,0.47080139861753256,7.007586543382509,False
0.785,202.29251976452656,0.47077859779425885,6.940414908190976,False
0.7855,201.88516217526796,0.47076354513016755,6.904609399384921,False
0.786,201.474354748148,0.4707556355770014,6.8970869404706345,False
0.7865,201.07434671826064,0.4707540606271352,6.911734875017986,False
0.787,200.69508444865986,0.4707579458278557,6.940468996803477,False
0.7875,200.34156293454035,0.4707664826746058,6.9745509318559815,False
0.788,200.01395038147618,0.47077903530629367,7.005963604455038,False
0.7885,199.7084437452617,0.4707952066782247,7.02863815887324,False
0.789,199.41870471473982,0.4708148553538566,7.0393512111626935,False
0.7895,199.13764144723106,0.47083806173466153,7.038163363725712,False
0.79,198.8592535268334,0.4708650502763285,7.028340382954793,False
0.7905,198.5802526593027,0.4708960808694459,7.01577658639145,False
0.791,198.30120967283824,0.47093132712293284,7.0080140952916015,False
0.7915,198.02705321632203,0.4709707611271636,7.013010707195788,False
0.792,197.76684548316214,0.4710140631517445,7.037844616667941,False
0.7925,197.53287005444156,0.47106057085615505,7.087551080808224,False
0.793,197.33916996524422,0.4711092765767745,7.164263772802716,False
0.7935,197.19975501088783,0.47115887403175566,7.266785792162619,False
0.794,197.12674436295256,0.4712078484543102,7.390649681626252,False
0.7945,197.12871731888782,0.4712545978212627,7.528652462441557,False
0.795,197.209511212896,0.47129756841368253,7.671781709633852,False
0.7955,197.36763697998936,0.47133538605078873,7.8103923564794435,False
0.796,197.59639040654804,0.4713669652077342,7.93545927541387,False
0.7965,197.88463478378074,0.47139158168030804,8.039722376479368,False
0.797,198.2181336656115,0.47140889993968976,8.118559687739104,False
0.7975,198.58123476704816,0.47141895299061404,8.170466397626718,False
0.798,198.9586586923882,0.47142207941403647,8.197077543037645,False
0.7985,199.337135564027,0.4714188283373837,8.202739953182832,False
0.799,199.70665974987196,0.47140984746034137,8.19370518356389,False
0.7995,200.0611932995865,0.471395771354801,8.177069849590453,False
0.8,200.39873313179055,0.47137712677782145,8.15962510754387,False
0.8005,200.7207527581948,0.4713542687892344,8.146788044496,False
0.801,201.03112211394057,0.4713273565165413,8.141773069555269,False
0.8015,201.33468517734923,0.4712963712170449,8.145123507548059,False
0.802,201.6357234150777,0.4712611727862142,8.154668374939904,False
0.8025,201.93654685391036,0.4712215850231016,8.165905173164965,False
0.803,202.236432173045,0.4711774956483513,8.172746092430627,False
0.8035,202.53107244289376,0.4711289548997989,8.168511663336322,False
0.804,202.81262455121356,0.47107625679966303,8.147020374814678,False
0.8045,203.07034987566604,0.4710199898259788,8.103610101690707,False
0.805,203.29175487507686,0.4709610483116213,8.035938938053045,False
0.8055,203.46406405959118,0.47090060173852455,7.944447205349227,False
0.806,203.57580905251496,0.47084002531840496,7.832413734800009,False
0.8065,203.61830114457683,0.47078080093297103,7.7056002857256845,False
0.807,203.58677303070175,0.4707244018111993,7.571539092352876,False
0.8075,203.48102536238966,0.47067217662143257,7.438570955364742,False
0.808,203.30548770759384,0.4706252486244123,7.314777258513402,False
0.8085,203.06869027805658,0.4705844431915382,7.206963529235619,False
0.809,202.78222926525515,0.4705502527088442,7.119842701673619,False
0.8095,202.45938183047795,0.47052284232050545,7.055534707096475,False
0.81,202.11357583754673,0.47050209396478715,7.013450381576205,False
0.8105,201.75693719089105,0.4704876806268705,6.990569472814026,False
0.811,201.3991218792563,0.4704791585013399,6.982063643723254,False
0.8115,201.04659337934254,0.4704760624387328,6.9821646826916055,False
0.812,200.70243638943853,0.47047798996303836,6.985143130230301,False
0.8125,200.36671575297459,0.470484661266692,6.986248219025805,False
0.8130000000000001,200.0373073749956,0.4704959465622206,6.9824682114395795,False
0.8135,199.71105818047005,0.47051185737049456,6.972999329459408,False
0.8140000000000001,199.3850849247551,0.47053250395751384,6.959356846001297,False
0.8145,199.05800365197885,0.47055802634642824,6.945116539935573,False
0.8150000000000001,198.73089507714639,0.4705885103552873,6.935330331712886,False
0.8155,198.40785369474935,0.4706239023578718,6.935708196924755,False
0.8160000000000001,198.09603323550374,0.4706639366215704,6.951692285766568,False
0.8165,197.8051781894939,0.4707080871460001,6.987563694943412,False
0.8170000000000001,197.54670875401484,0.4707555522254582,7.045715649147116,False
0.8175,197.33249309184424,0.4708052750659219,7.126200278504111,False
0.8180000000000001,197.17348639962475,0.4708559984526528,7.22661403067796,False
0.8185,197.07843450770875,0.47090634649126945,7.342335606918193,False
0.8190000000000001,197.05282832727937,0.47095492256824956,7.467077958589359,False
0.8195,197.0982566759699,0.47100041045236185,7.5936701350164455,False
0.8200000000000001,197.21224512355315,0.4710416651847878,7.714952283507307,False
0.8205,197.38859675506936,0.47107778208555534,7.824652400059601,False
0.8210000000000001,197.6181779279169,0.4711081355526534,7.918118326080804,False
0.8215,197.8900288942911,0.47113238382509237,7.9928018886773,False
0.8220000000000001,198.19263463782107,0.4711504408433592,8.04843022575896,False
0.8225,198.51517161336213,0.47116242103661543,8.086846389910717,False
0.8230000000000001,198.84855374780906,0.47116856661363793,8.111550259608673,False
0.8235,199.18613451427262,0.4711691692006984,8.127014405760507,False
0.8240000000000001,199.52397584919294,0.47116449814466116,8.137881536550402,False
0.8245,199.86066091981883,0.47115474644017724,8.148165923303335,False
0.8250000000000001,200.19669633156585,0.4711400022728487,8.160578674687521,False
0.8255,200.5336101186462,0.47112025005728786,8.176076482555215,False
0.8260000000000001,200.87289589115352,0.47109540021615415,8.193698731023481,False
0.8265,201.21497451219346,0.47106534248916154,8.21071397069805,False
0.8270000000000001,201.55833984499148,0.4710300139404266,8.223050330076473,False
0.8275,201.89902550564955,0.47098947057611185,8.225942368205091,False
0.8280000000000001,202.23047989299766,0.4709439509104942,8.2146953249955,False
0.8285,202.54387464203958,0.4708939209927318,8.185451218190044,False
0.8290000000000001,202.82880638565914,0.4708400931356491,8.135842016848587,False
0.8295,203.07429297301925,0.47078341445268324,8.065432875913038,False
0.8300000000000001,203.2699216782363,0.47072502572872,7.975890348830282,False
0.8305,203.40698473676022,0.4706661954682856,7.87085175906544,False
0.8310000000000001,203.47943987343228,0.470608237544308,7.75551632766551,False
0.8315,203.48455980781867,0.47055242318937285,7.63601961709904,False
0.8320000000000001,203.42318096259862,0.4704998987955363,7.51868429987175,False
0.8325,203.29952073650233,0.47045162002335833,7.409257576126747,False
0.833,203.1205958128719,0.47040831022361557,7.312246267256534,False
0.8335,202.89533158485452,0.470370447532604,7.2304447358022355,False
0.834,202.6334963059546,0.47033828077023204,7.16472086407179,False
0.8345,202.34461663800482,0.47031187008958775,7.114086009691777,False
0.835,202.03703064855188,0.47029114482341516,7.0760321685869645,False
0.8355,201.7172104101333,0.4702759686631595,7.047079977606099,False
0.836,201.38944309069416,0.47026620151892845,7.023450589583646,False
0.8365,201.05590357332323,0.47026174823854,7.00175731949106,False
0.837,200.71709176657126,0.47026258666080867,6.979611665680173,False
0.8375,200.3725528943039,0.47026877087464775,6.956052818634768,False
0.838,200.02175732887275,0.4702804095248465,6.931737682356644,False
0.8385,199.6649940117286,0.470297622943185,6.908865385430504,False
0.839,199.3041312968599,0.47032048619886635,6.890850596363683,False
0.8395,198.94312088367573,0.4703489673651568,6.881797596869101,False
0.84,198.58816080878682,0.4703828710725608,6.885856405844234,False
0.8405,198.24748594395965,0.4704217966641735,6.906559002071363,False
0.841,197.93081105261408,0.4704651181182554,6.946235530998155,False
0.8415,197.64850362940035,0.4705119896970336,7.005597247189904,False
0.842,197.41060372210114,0.4705613775137533,7.083547044713441,False
0.8425,197.22582991399796,0.4706121134532867,7.177243855551284,False
0.843,197.1007116425757,0.47066296469498187,7.282409273201906,False
0.8435,197.0389682683262,0.4707127099339144,7.393829202861313,False
0.844,197.04121810410612,0.47076021257860196,7.50597539333528,False
0.8445,197.10505181051104,0.47080448181525136,7.613655363863252,False
0.845,197.22545158192042,0.4708447143527735,7.712596689765166,False
0.8455,197.3954882679681,0.47088031259047414,7.7998829634848175,False
0.846,197.60719016205027,0.47091087843215224,7.874182070478786,False
0.8465,197.85245507434138,0.4709361854850174,7.935739069163717,False
0.847,198.1238744422146,0.47095613541328774,7.986141149171592,False
0.8475,198.41535470487858,0.4709707063282608,8.027895635911428,False
0.848,198.72245424125757,0.4709799019945544,8.063888913574313,False
0.8485,199.04239870772497,0.47098371020411667,8.096810590479686,False
0.849,199.37378686781938,0.4709820770001774,8.128630954911873,False
0.8495,199.7160456267424,0.4709749007891554,8.160210395593124,False
0.85,200.06873010341243,0.47096204716680806,8.19109855606034,False
0.8505,200.43078682464753,0.47094338199142344,8.21955180704286,False
0.851,200.79990241739478,0.47091881735299196,8.2427645854368,False
0.8515,201.17204611435685,0.4708883630370937,8.257278198687665,False
0.852,201.5412843007405,0.4708521751605302,8.259504534174226,False
0.8525,201.89990386903082,0.47081059398669994,8.246285529464926,False
0.853,202.2388345765466,0.47076416445025,8.215404576635565,False
0.8535,202.54831584750502,0.47071363539622596,8.165973801843995,False
0.854,202.81871710900455,0.47065993659496547,8.09864009867891,False
0.8545,203.04139808025369,0.4706041357752554,8.015579995387265,False
0.855,203.20948967313723,0.4705473807554892,7.920284809818271,False
0.8555,203.3184880250557,0.4704908338307479,7.817168416420136,False
0.856,203.3665817814427,0.47043560659277617,7.711055745645955,False
0.8565,203.35467186393583,0.47038270317823516,7.60662706503767,False
0.857,203.28608769703857,0.4703329785961515,7.507898702435493,False
0.8575,203.16604751128682,0.47028711648904076,7.417814422575012,False
0.858,203.0009463916918,0.47024562778565904,7.3380042329208655,False
0.8585,202.79757888599175,0.47020886864576344,7.26874169429622,False
0.859,202.5624099102083,0.47017707333775854,7.209100791517741,False
0.8595,202.30099755276873,0.47015039563789457,7.157283636048426,False
0.86,202.01764592879712,0.470128951292475,7.111065196137151,False
0.8605,201.71532950333128,0.4701128541847417,7.068284584433195,False
0.861,201.3958879590405,0.470102240063465,7.027306568445487,False
0.8615,201.06044916697093,0.4700972738212939,6.9873826402625685,False
0.862,200.71000335066316,0.4700981390233928,6.948857183087023,False
0.8625,200.34602919564023,0.47010501126394827,6.913188433352768,False
0.863,199.9710656432919,0.4701180195337648,6.882782329722548,False
0.8635,199.58913227671025,0.47013720172673285,6.860665649026156,False
0.864,199.20592497165313,0.47016246141091134,6.850048806418275,False
0.8645,198.82874808836394,0.4701935329015894,6.8538448001778844,False
0.865,198.46618457434357,0.47022996052442834,6.8742167001539904,False
0.8655,198.12754483168035,0.47027109593151417,6.91222106990961,False
0.866,197.82216815128106,0.47031611474617213,6.967599693008067,False
0.8665,197.55867208361988,0.47036405105792295,7.0387493560758605,False
0.867,197.34425225104386,0.4704138457800517,7.122872740707522,False
0.8675,197.18412698489533,0.4704644029879148,7.216286756361637,False
0.868,197.08119926874593,0.4705146473464488,7.314841892383793,False
0.8685,197.0359762906911,0.47056357574322505,7.4143906890193305,False
0.869,197.0467494103023,0.47061029724776743,7.511237381578286,False
0.8695,197.11000016826864,0.4706540573506323,7.602504871877452,False
0.87,197.22096658090817,0.47069424481021005,7.686368627112057,False
0.8705,197.37428287440605,0.4707303819908644,7.762127739632467,False
0.871,197.56459793009535,0.4707621019330735,7.830108029366345,False
0.8715,197.78708394550335,0.47078911721133754,7.891417030750151,False
0.872,198.03776599115602,0.47081118665138455,7.947592293326628,False
0.8725,198.31363220311357,0.4708280860592346,8.000199510511761,False
0.873,198.61251883261443,0.4708395882655901,8.05044345020535,False
0.8735,198.93279908288923,0.47084545615162576,8.098851672040755,False
0.874,199.27293444933875,0.4708454501528687,8.14507916262682,False
0.8745,199.6309677970672,0.47083934936780614,8.187863185263964,False
0.875,200.00404574821732,0.4708269831834638,8.225134710140477,False
0.8755000000000001,200.38805304277108,0.47080826859968294,8.25426921211974,False
0.876,200.7774242838444,0.47078324743931366,8.272438887464974,False
0.8765000000000001,201.16517159144743,0.4707521175130024,8.27701347020297,False
0.877,201.54313425581233,0.4707152525737505,8.265949940685719,False
0.8775000000000001,201.90242335129727,0.47067320742669505,8.238113431048328,False
0.878,202.23400533567028,0.47062670662165135,8.193482146529295,False
0.8785000000000001,202.52934813910727,0.47057661744239765,8.133206498423512,False
0.879,202.78104408848685,0.47052391008013916,8.059514254194458,False
0.8795000000000001,202.98332746754417,0.47046960962134293,7.975476124609035,False
0.88,203.1324199680584,0.4704147455403769,7.884666475252252,False
0.8805000000000001,203.22666236015385,0.4703603046158303,7.790768789066435,False
0.881,203.26642161028502,0.4703071925608232,7.69718294605452,False
0.8815000000000001,203.25379477119228,0.47025620827416237,7.606690285152724,False
0.882,203.19215948046755,0.47020803269454914,7.521223013939007,False
0.8825000000000001,203.08564162741644,0.4701632320668784,7.441768318619318,False
0.883,202.93858067988373,0.4701222733351197,7.368416995284242,False
0.8835000000000001,202.75507095152477,0.4700855476722981,7.300544696177723,False
0.884,202.53864322348124,0.47005339709444316,7.237094232683265,False
0.8845000000000001,202.29212784751306,0.4700261388324931,7.176912723029363,False
0.885,202.01771137472105,0.4700040826835788,7.119089854928646,False
0.8855000000000001,201.7171683253838,0.4699875378365976,7.063244190931846,False
0.886,201.39222253760943,0.4699768074641837,7.009713076015014,False
0.8865000000000001,201.04497265619153,0.46997217141550823,6.959616916876687,False
0.887,200.6783066522677,0.4699738593197363,6.914788023973241,False
0.8875000000000001,200.29623213408428,0.46998201802014844,6.877574869785405,False
0.888,199.90406220210843,0.4699966782640464,6.850551398749296,False
0.8885000000000001,199.50841863002418,0.4700177258276136,6.836175125430376,False
0.889,199.11704179145536,0.47004488172676745,6.836445118275912,False
0.8895000000000001,198.73842577139087,0.47007769494182405,6.852610571243043,False
0.89,198.3813231198844,0.4701155493562563,6.884972684632065,False
0.8905000000000001,198.05418285821554,0.4701576846420334,6.93280832228188,False
0.891,197.7645948645634,0.4702032289122436,6.99442562279456,False
0.8915000000000001,197.51881237500635,0.47025123938895774,7.067342224363806,False
0.892,197.32141242523025,0.47030074632781055,7.148558955238018,False
0.8925000000000001,197.1751335853366,0.47035079513892086,7.234888370094312,False
0.893,197.08090449997263,0.47040048207713553,7.3232903008405525,False
0.8935000000000001,197.0380494666556,0.4704489799639041,7.411166590828967,False
0.894,197.0446326263117,0.4704955519735701,7.496574255994308,False
0.8945000000000001,197.09788388967578,0.4705395533261927,7.578329282390192,False
0.895,197.19464007970066,0.4705804225046793,7.655990097608077,False
0.8955000000000001,197.33173518179777,0.47061766509398256,7.729727883625516,False
0.896,197.5062838026679,0.47065083431115073,7.800107626189942,False
0.8965,197.7158202466495,0.4706795126230672,7.867816671093132,False
0.897,197.95827916236743,0.4707032984971684,7.933384740648591,False
0.8975,198.23182890358146,0.47072180136394703,7.996939884490646,False
0.898,198.53459181360455,0.47073464644333257,8.058038726455546,False
0.8985,198.8643031846685,0.4707414894206274,8.115597631365377,False
0.899,199.21797013498883,0.4707420393043041,8.167935873846483,False
0.8995,199.5915917891719,0.4707360864047633,8.212924900070012,False
0.9,199.97999304426853,0.4707235314452165,8.248221863644822,False
0.9005,200.37680731794228,0.4707044114867977,8.271553122199903,False
0.901,200.7746215947164,0.4706789186633449,8.281006098594553,False
0.9015,201.16527312642927,0.4706474086255854,8.27528684726047,False
0.902,201.5402648521636,0.4706103969521033,8.253905904147667,False
0.9025,201.89124924255782,0.47056854339303417,8.217265696301132,False
0.903,202.21052034743147,0.47052262543487605,8.166637311895945,False
0.9035,202.4914527236454,0.47047350407442096,8.104030606384468,False
0.904,202.7288337241142,0.4704220856647555,8.031977045357126,False
0.9045,202.9190511103583,0.4703692841088704,7.95325709018348,False
0.905,203.0601187587143,0.4703159874729028,7.8706115124200355,False
0.9055,203.15154624321067,0.47026303230910427,7.786477699842575,False
0.906,203.19407987212188,0.47021118774123133,7.702787598881837,False
0.9065,203.18936011561073,0.47016114986170393,7.620854143572707,False
0.907,203.13955076352192,0.4701135454477953,7.541359366050346,False
0.9075,203.04699713448554,0.4700689426539469,7.4644419492885135,False
0.908,202.9139640351485,0.4700278653783814,7.389867097778385,False
0.9085,202.7424900492181,0.4699908075728211,7.3172494893140145,False
0.909,202.5343753408023,0.46995824392137936,7.246292514741568,False
0.9095,202.29129847319265,0.4699306340266881,7.177005092805476,False
0.91,202.0150370702184,0.4699084183929707,7.109861286065302,False
0.9105,201.70775059066173,0.4698920059070661,7.04587708077145,False
0.911,201.37227350065083,0.46988175397218407,6.986591594362314,False
0.9115,201.01236515182325,0.46987794372417485,6.933954654729708,False
0.912,200.6328689194735,0.46988075366433885,6.890136925885587,False
0.9125,200.2397465975351,0.46989023544216424,6.857290398686816,False
0.913,199.83997258409428,0.4699062953592982,6.837294401607626,False
0.9135,199.44129317513944,0.4699286844712087,6.831524265483859,False
0.914,199.05187616375167,0.4699569990440294,6.8406761710129445,False
0.9145,198.67989194334825,0.46999069175214253,6.8646731387910185,False
0.915,198.33307709096047,0.47002909258401254,6.902664949397234,False
0.9155,198.01833358824365,0.4700714371702675,6.953120887773154,False
0.916,197.74141121786778,0.47011689934157963,7.014000700956105,False
0.9165,197.5067082196325,0.47016462429183037,7.0829780533651014,False
0.917,197.31720797731305,0.4702137588184477,7.157683673261035,False
0.9175,197.17454999397975,0.47026347571090404,7.235933289538979,False
0.918,197.0792146344393,0.470312990360161,7.315908576554391,False
0.9185,197.0307858335019,0.4703615689086214,7.39626709295765,False
0.919,197.0282463772543,0.47040852856116566,7.47616837588263,False
0.9195,197.07025776333833,0.4704532318383192,7.555216210788093,False
0.92,197.15538127608048,0.47049507740256497,7.633329699864476,False
0.9205,197.28220793822345,0.47053349050778676,7.710566232302992,False
0.921,197.44938065608085,0.4705679160556062,7.786926299734206,False
0.9215,197.65550973825435,0.4705978167098721,7.862172346865425,False
0.922,197.89900033387767,0.47062267760968957,7.935691243547845,False
0.9225,198.1778246188223,0.47064201807490025,8.006422974308592,False
0.923,198.48928067132258,0.47065540949137075,8.07286786911209,False
0.9235,198.82978263489076,0.47066249747867583,8.13317271521852,False
0.924,199.19472265369066,0.4706630256409741,8.185284191644485,False
0.9245,199.5784348747158,0.47065685780022876,8.227148010775432,False
0.925,199.97427711791806,0.4706439956660567,8.256925394139637,False
0.9255,200.37482883481414,0.47062458939712787,8.273196003334505,False
0.926,200.7721872286957,0.47059893937876085,8.275118508130214,False
0.9265,201.15832934991755,0.4705674886506363,8.262526244476797,False
0.927,201.52549864009214,0.4705308066043265,8.235944926313394,False
0.9275,201.86657109876847,0.4704895656602163,8.196530694090944,False
0.928,202.17535940722846,0.470444513470801,8.145938227182072,False
0.9285,202.44682243730333,0.4703964436642696,8.086138532261224,False
0.929,202.6771612033603,0.47034616817620634,8.019212905517245,False
0.9295,202.86379843240735,0.47029449381985305,7.947152468472893,False
0.93,203.0052551316845,0.47024220498191455,7.8716912083096755,False
0.9305,203.10095143531922,0.47019005331997543,7.794194878791785,False
0.931,203.15096858622908,0.4701387542332639,7.715619310526283,False
0.9315,203.15581279522402,0.470088988846925,7.63654098699924,False
0.932,203.11621941771787,0.4700414094445469,7.557251782443839,False
0.9325,203.03302783155877,0.46999664582215644,7.477900170789322,False
0.933,202.90714487665429,0.46995530998399104,7.398654421671021,False
0.9335,202.73959967373472,0.46991799695858644,7.319860286838179,False
0.934,202.53167737890155,0.4698852802236264,7.242166858275524,False
0.9345,202.28510626404704,0.4698577011776845,7.1665994247240885,False
0.935,202.0022634133092,0.4698357531394665,7.094566449079183,False
0.9355,201.68636063250645,0.46981986133080383,7.027797953063429,False
0.936,201.34157439366783,0.46981036106035634,6.968223077396347,False
0.9365,200.97309139402782,0.4698074767563933,6.917803803577921,False
0.937,200.58705338053284,0.4698113045354648,6.878348403325035,False
0.9375,200.19039942029966,0.46982180063543155,6.851331163426376,False
0.9380000000000001,199.79061857695334,0.46983877734213875,6.837743912238081,False
0.9385,199.3954387630179,0.46986190710565173,6.838000054382527,False
0.9390000000000001,199.01248648589967,0.4698907345149033,6.851903978757576,False
0.9395,198.64895600480824,0.46992469483147076,6.878689062958996,False
0.9400000000000001,198.31132457811887,0.46996313701545317,6.917117528236339,False
0.9405,198.00514337052377,0.4700053487181158,6.965626601156074,False
0.9410000000000001,197.7349223566958,0.47005058062793775,7.02249910655506,False
0.9415,197.50411394875601,0.4700980678432787,7.0860336523267256,False
0.9420000000000001,197.31518615565028,0.4701470465544443,7.154690349714191,False
0.9425,197.1697639255964,0.47019676515176484,7.227192355160662,False
0.9430000000000001,197.0688086954893,0.47024648980438355,7.302570705973329,False
0.9435,197.012802279463,0.4702955054354567,7.3801488268208795,False
0.9440000000000001,197.00190254949885,0.47034311372206594,7.459472348021896,False
0.9445,197.03604458571172,0.47038863017032173,7.540198112644418,False
0.9450000000000001,197.11497107060453,0.4704313823997254,7.621962249044915,False
0.9455,197.2381880812289,0.4704707115094217,7.704250094063377,False
0.9460000000000001,197.40485519616814,0.470505977837672,7.78629018885702,False
0.9465,197.6136300574016,0.47053657165398255,7.866990674680267,False
0.9470000000000001,197.86249554889997,0.4705619284600598,7.944929820856404,False
0.9475,198.14860141522593,0.4705815477522515,8.018404141129079,False
0.9480000000000001,198.46815094983947,0.4705950134377067,8.085528847767316,False
0.9485,198.81635756470857,0.4706020136967285,8.144377548146448,False
0.9490000000000001,199.18748651883553,0.47060235800251443,8.193142251163422,False
0.9495,199.57498527514886,0.47059598925702556,8.230291753178925,False
0.9500000000000001,199.97169362792525,0.47058298954008265,8.254706718784714,False
0.9505,200.37011370395618,0.47056357871802496,8.26577318353824,False
0.9510000000000001,200.76271178605683,0.4705381060086641,8.263422244762417,False
0.9515,201.1422197926058,0.47050703542776817,8.248111456194659,False
0.9520000000000001,201.5019047237914,0.47047092673055163,8.220751747082073,False
0.9525,201.83577932951772,0.47043041391313545,8.182591322480494,False
0.9530000000000001,202.13873588902192,0.4703861834929064,8.135073856445489,False
0.9535,202.40659600938142,0.4703389546265958,8.079691524134594,False
0.9540000000000001,202.6360811046486,0.47028946268043714,8.017853587591906,False
0.9545,202.82471897385662,0.470238447209104,7.950788365300658,False
0.9550000000000001,202.9707100854155,0.4701866445310358,7.87949094166766,False
0.9555,203.07278162597441,0.4701347843241766,7.804721753607099,False
0.9560000000000001,203.1300574808856,0.47008358902275904,7.727053323061761,False
0.9565,203.14196813204438,0.47003377436780025,7.6469550686783165,False
0.9570000000000001,203.10821667883013,0.4699860493132616,7.564900418075665,False
0.9575,203.02880703251986,0.46994111363573987,7.481477192016967,False
0.9580000000000001,202.9041293710572,0.46989965201256756,7.397481904505007,False
0.9585,202.73508784250131,0.4698623239550749,7.313981237000051,False
0.9590000000000001,202.5232477988356,0.46982974971386515,7.23232907761912,False
0.9595,202.2709756798084,0.4698024929990659,7.15413436992192,False
0.96,201.9815446572079,0.4697810419698201,7.081182541983859,False
0.9605,201.65918326970518,0.469765790351092,7.015320344958947,False
0.961,201.30905188033884,0.46975702067142155,6.958319463011112,False
0.9615,200.9371417061188,0.4697548914626848,6.911737446203019,False
0.962,200.55010189688753,0.46975942984580404,6.876794910227974,False
0.9625,200.1550100665001,0.4697705303078123,6.854285515247285,False
0.963,199.7591093307491,0.46978795974833415,6.844530381148469,False
0.9635,199.36953917162302,0.46981136814516056,6.847382079674989,False
0.964,198.99308773989668,0.46984030356554246,6.862276166517671,False
0.9645,198.63598954736986,0.46987422982103033,6.888321464273058,False
0.965,198.30378549925996,0.46991254488744605,6.9244149840194,False
0.9655,198.0012529795119,0.46995459830736264,6.969364250692778,False
0.966,197.7324036449828,0.46999970613865744,7.021999302524025,False
0.9665,197.50053722166777,0.4700471625507091,7.0812587924312025,False
0.967,197.30833230657376,0.47009624781354986,7.146239056396252,False
0.9675,197.15795100391747,0.470146233074706,7.216201023333139,False
0.968,197.05113371869368,0.47019638287478005,7.290536493936718,False
0.9685,196.9892635892322,0.47024595673326086,7.3687016050132685,False
0.969,196.97338631015126,0.4702942112858953,7.45013028639865,False
0.9695,197.0041794704302,0.4703404043551972,7.534143485993088,False
0.97,197.08187470459467,0.4703838020051268,7.619870475029045,False
0.9705,197.2061445283376,0.47042368912284965,7.706196609618195,False
0.971,197.3759724168526,0.47045938346373745,7.791747842787912,False
0.9715,197.58952850034896,0.47049025248305887,7.874916692700371,False
0.972,197.84407365433094,0.4705157317513789,7.953928128343542,False
0.9725,198.1359117237033,0.4705353433888647,8.026937866703163,False
0.973,198.4604036195006,0.47054871280954064,8.092150761750956,False
0.9735,198.81204897354928,0.47055558216045823,8.147943998026292,False
0.974,199.18463212618843,0.4705558191581526,8.192979090806258,False
0.9745,199.57142076019656,0.4705494205186278,8.226288314727292,False
0.975,199.96539870170665,0.47053650977552447,8.247324865252967,False
0.9755,200.35951024773456,0.47051732989792333,8.255971237082754,False
0.976,200.74689241577755,0.4704922316669059,8.252506204067476,False
0.9765,201.12107383680475,0.4704616591722671,8.237536534909056,False
0.977,201.47612424151032,0.4704261339936636,8.211904339379558,False
0.9775,201.80674581515987,0.4703862396098057,8.176584027562583,False
0.978,202.10830601680695,0.4703426073438959,8.132583849801245,False
0.9785,202.37681954049583,0.47029590474356137,8.080865751972976,False
0.979,202.6088937566983,0.4702468267742695,8.022294042238228,False
0.9795,202.80165625396916,0.4701960896571089,7.957618628656282,False
0.98,202.95268441048347,0.4701444266884358,7.88749307596686,False
0.9805,203.05995511876986,0.4700925850144529,7.812522275991326,False
0.981,203.1218281871871,0.470041322152257,7.733329944276713,False
0.9815,203.13707028552594,0.4699914010760283,7.650633122538875,False
0.982,203.10491862741128,0.4699435829168285,7.565309821073062,False
0.9825,203.02517606993405,0.46989861672032307,7.478447014994184,False
0.983,202.89832310731026,0.4698572262071479,7.391359230638127,False
0.9835,202.72562828000522,0.4698200940086695,7.3055724514478735,False
0.984,202.509237407189,0.46978784432583465,7.222773347074552,False
0.9845,202.25222393917102,0.4697610253083676,7.1447290845619404,False
0.985,201.95858732411094,0.46974009262268096,7.073187425635145,False
0.9855,201.63319288994398,0.46972539564357224,7.009769787885434,False
0.986,201.28165436086192,0.4697171674719315,6.9558710169821625,False
0.9865,200.9101676167949,0.46971551958297264,6.912578640845239,False
0.987,200.52531055365077,0.46972044140592406,6.880621524355861,False
0.9875,200.13382799975457,0.4697318046007765,6.860353565408687,False
0.988,199.74242201290588,0.469749371308475,6.851773030106652,False
0.9885,199.35756636352133,0.4697728052776239,6.854573083201693,False
0.989,198.9853598792373,0.4698016845646403,6.868214784420573,False
0.9895,198.63142724916844,0.46983551449066585,6.892010921091891,False
0.99,198.300868806138,0.46987373971343177,6.925207942429228,False
0.9905,197.99825379980302,0.4699157546034913,6.967054083631412,False
0.991,197.7276457878239,0.46996091154681097,7.016844359114348,False
0.9915,197.4926448624551,0.47000852726059256,7.073937041413689,False
0.992,197.2964300386984,0.47005788763392414,7.13774090897836,False
0.9925,197.14178641079886,0.47010825192453154,7.207677227485689,False
0.993,197.03110538509006,0.47015885730976453,7.2831244215217215,False
0.9935,196.96635180854616,0.4702089247802736,7.363356108409396,False
0.994,196.94899826250162,0.4702576671819726,7.447484216939344,False
0.9945,196.97993318271904,0.4703042998853373,7.53441816916088,False
0.995,197.05935482854548,0.47034805414158565,7.622848701279709,False
0.9955,197.18666665302604,0.47038819273686616,7.71126122196601,False
0.996,197.36039080565726,0.47042402714584675,7.7979792172772395,False
0.9965,197.5781151695638,0.47045493507613034,7.881233770574293,False
0.997,197.8364857082428,0.4704803771303916,7.9592514291058425,False
0.9975,198.13125052161362,0.470499911317834,8.030349972089638,False
0.998,198.4573556832782,0.4705132043193412,8.093030494235991,False
0.9985,198.80908657436163,0.4705200387260088,8.14605475863333,False
0.999,199.1802429582137,0.47052031588283927,8.188498890543105,False
0.9995,199.56433222630457,0.47051405441927335,8.219777847007427,False
1.0,199.95476360830102,0.47050138497247423,8.239639197726792,False
1.0005,198.8258309695021,0.47048254194924993,2.8831106026728066,False
1.0010000000000001,194.91870243048479,0.4705566011166474,0.0,False
1.0015,189.84365314202643,0.47082817700714097,0.0,False
1.002,185.27919185593126,0.4712342746744335,0.0,False
1.0025,181.17639185908686,0.47168330986089924,0.0,False
1.0030000000000001,177.490427005434,0.47217080398285516,0.621562528106133,False
1.0035,174.51680455097417,0.47269274582045634,2.252529412308024,False
1.004,172.73159031203903,0.4732236748749147,4.6300093060004555,False
1.0045,172.4222822060315,0.4737219617321809,7.385587759557106,False
1.0050000000000001,173.64969709194017,0.47415109290439084,10.101611813522876,False
1.0055,176.2437346489414,0.47448497670371625,12.372999040161965,False
1.006,179.83235558977816,0.474711618806132,13.865678245245247,False
1.0065,183.8987266944249,0.47483470242524356,14.363663102387903,False
1.0070000000000001,187.85801293332682,0.47487290296959483,13.798521740958682,False
1.0075,191.14291850061537,0.4748570684636499,12.257400508286766,False
1.008,193.2859431006482,0.4748256794077762,9.968598466211617,False
1.0085,193.98661430624034,0.4748192390312649,7.2667537736802235,False
1.0090000000000001,193.15384803923914,0.4748744062563916,4.5426694243111045,False
1.0095,190.91706604924246,0.475018736849153,2.1852218508683734,False
1.01,187.6044113688893,0.47526681995791425,0.5241633964207344,False
1.0105,183.6916121474127,0.4756183865213986,0.0,False
1.0110000000000001,179.84677378218475,0.4760586523002613,0.24793616387389708,False
1.0115,176.4781018940023,0.4765531926117899,1.4104743733407321,False
1.012,174.03131993936773,0.477074454677789,3.2984891664678697,False
1.0125,172.8081059395581,0.4775863239764302,5.6228298435084465,False
1.0130000000000001,172.9266690505468,0.4780553630873272,8.03841191810188,False
1.0135,174.30973152358467,0.47845553489601966,10.19502899772653,False
1.014,176.70055988111974,0.47877173579951393,11.787503818657507,False
1.0145,179.70388218960227,0.4790016859834204,12.598266650742579,False
1.0150000000000001,182.84539748449095,0.47915596163515217,12.526723741897003,False
1.0155,185.64134540484824,0.4792562049081405,11.60164530343192,False
1.016,187.66839750672884,0.4793317873310499,9.975072756001826,False
1.0165,188.62408348156612,0.4794154087633549,7.898725175170738,False
1.0170000000000001,188.36918027369896,0.47953826321238957,5.686326925879099,False
1.0175,186.9459663751831,0.4797254706686774,3.6673557302341044,False
1.018,184.56975739805839,0.4799924418679755,2.139055606906138,False
1.0185,181.59520191956284,0.4803427059558608,1.3238628855272836,False
1.0190000000000001,178.4627254211626,0.4807675057009922,1.3385233630457458,False
1.0195,175.63351911637935,0.48124718864459476,2.1792575955760483,False
1.02,173.5230089737346,0.48175414617308815,3.7247284385489188,False
1.0205,172.4425811447512,0.4822568265456144,5.755794145913578,False
1.0210000000000001,172.5576431329398,0.4827242092198923,7.988600004011424,False
1.0215,173.86731984623486,0.4831300914734888,10.115841695514796,False
1.022,176.20779639154566,0.4834565978401305,11.850192683205513,False
1.0225,179.27805503340574,0.4836964570669918,12.963910035723277,False
1.0230000000000001,182.68389951002007,0.48385377330939777,13.319388710551616,False
1.0235,185.99395453171823,0.48394322259291667,12.886756470764778,False
1.024,188.79991592755712,0.48398781052385603,11.74633009273686,False
1.0245,190.7728176262086,0.48401551371515067,10.075733530004777,False
1.025,191.70757065782368,0.484055276365825,8.123529912735348,False
1.0255,191.54955787103984,0.4841329251543769,6.173107536684419,False
1.026,190.39954717587688,0.4842675824256505,4.502003339670554,False
1.0265,188.49633278875876,0.4844690897527705,3.342569132717892,False
1.027,186.17985031950607,0.484736805480295,2.8496999930659754,False
1.0275,183.84045107967304,0.48505993184896506,3.080234429320289,False
1.028,181.86201899319147,0.4854192950447616,3.986786879589362,False
1.0285,180.56732144391145,0.48579028636418786,5.426532233336492,False
1.029,180.17334229101837,0.48614651141999315,7.183244258848836,False
1.0295,180.7625690996905,0.4864636102432725,8.999065479800773,False
1.03,182.27369844463976,0.48672271036634357,10.611298530400216,False
1.0305,184.5124350899486,0.48691304842242655,11.789048559615564,False
1.031,187.18038719211302,0.4870334250638118,12.364777381936422,False
1.0315,189.9177873750852,0.4870923216508219,12.256645715201461,False
1.032,192.35408820763774,0.4871066848310471,11.47878912844003,False
1.0325,194.15952213484667,0.4870995584663048,10.138261431780004,False
1.033,195.09058424691835,0.48709689393792166,8.419138104876163,False
1.0335,195.02316046047736,0.4871239820686144,6.556019259505343,False
1.034,193.96867282332957,0.48720200585102924,4.800680775702829,False
1.0345,192.07099965250126,0.4873452001405366,3.3866481653231273,False
1.035,189.5847364356315,0.4875590188042906,2.496801476917024,False
1.0355,186.83814320124222,0.48783956091859965,2.238658029211256,False
1.036,184.18638316312428,0.4881743184323004,2.630775662283644,False
1.0365,181.96198992755797,0.4885441106867594,3.601984338217915,False
1.037,180.42969649062073,0.4889259004996244,5.003208766539006,False
1.0375,179.75185079894325,0.48929606972411194,6.629833087297514,False
1.038,179.96887119132586,0.48963368424671166,8.251162327464659,False
1.0385,180.99692092971887,0.4899233001592227,9.642720825240417,False
1.039,182.64257978400022,0.49015694385835723,10.61693850274425,False
1.0395,184.63207734178783,0.49033502221888314,11.048161102025823,False
1.04,186.65085429593267,0.4904660661808669,10.888778117420914,False
1.0405,188.3879857418125,0.4905653645187207,10.174471260687271,False
1.041,189.57943734682854,0.4906526881602995,9.018018216960263,False
1.0415,190.04429963042875,0.4907494240198463,7.592597344005406,False
1.042,189.70907821335078,0.4908755164112098,6.106959057986492,False
1.0425,188.61674647915925,0.49104664130886344,4.775966605151262,False
1.043,186.91941253561228,0.49127200669838567,3.7906750913069227,False
1.0435,184.8558143264306,0.4915530822075288,3.292176596129398,False
1.044,182.717055619697,0.4918834249030915,3.3528534392110263,False
1.0445,180.80565505654585,0.4922496070041327,3.967538441901384,False
1.045,179.39382219915876,0.4926330922064421,5.055580635745059,False
1.0455,178.68678787146644,0.4930127765163241,6.4732225112508965,False
1.046,178.79607500398822,0.4933678264146366,8.034274188492924,False
1.0465,179.72602077264625,0.4936804209329507,9.536023583002843,False
1.047,181.37494424165425,0.4939380333329282,10.786759822116625,False
1.0475,183.55038731094533,0.4941349629958529,11.63122843666393,False
1.048,185.99608022868637,0.49427293503272424,11.970733052540153,False
1.0485,188.42686950259483,0.4943607091834068,11.775365417889706,False
1.049,190.56691389143504,0.4944127666771725,11.086885283032569,False
1.0495,192.18608445920296,0.494447260749359,10.01197691606902,False
1.05,193.12974784564886,0.49448351095408255,8.706858371125376,False
1.0505,193.33797395394802,0.49453938156707555,7.355371082610691,False
1.051,192.8516248416197,0.4946289006523513,6.143574679547343,False
1.0515,191.8045916527023,0.4947604437353435,5.234368203253514,False
1.052,190.40340002436034,0.4949357265199988,4.745652963442858,False
1.0525,188.89719528248727,0.4951497351010504,4.735023531714365,False
1.053,187.54245014457481,0.4953915874089069,5.192999003966796,False
1.0535,186.5673937050198,0.4956461879136338,6.045550311985011,False
1.054,186.14105712826336,0.4958964298300363,7.1653535459239786,False
1.0545,186.3510280613102,0.4961256308019501,8.390014949334642,False
1.055,187.19267590124144,0.4963198668343781,9.544635304883577,False
1.0555,188.57098731375973,0.49646989430386296,10.465604023458273,False
1.056,190.31447350313692,0.49657241392353063,11.022459365839557,False
1.0565,192.1990813205775,0.49663052251151474,11.134989269807813,False
1.057,193.9788154135473,0.496653305900834,10.783412444748805,False
1.0575,195.41897152935707,0.4966546369649824,10.01038893822206,False
1.058,196.3275714804336,0.4966513445862515,8.914667019354702,False
1.0585,196.58082480684652,0.49666100101649113,7.637266594839977,False
1.059,196.13922135987463,0.4966996259780678,6.342098721430367,False
1.0595,195.05211647183734,0.49677961783001834,5.1936876180805065,False
1.06,193.45025814437255,0.49690819132734265,4.3350705669283895,False
1.0605,191.52740057107428,0.4970865303715503,3.868920383845103,False
1.061,189.51368561287524,0.4973097622416491,3.8444538591775212,False
1.0615,187.64460238166137,0.49756774270536586,4.25182961510289,False
1.062,186.12987555988954,0.4978465278312016,5.024643596608613,False
1.0625,185.12651856339087,0.49813031603889185,6.049982669502908,False
1.063,184.71957190380576,0.4984035861102659,7.1844768432821935,False
1.0635000000000001,184.91288016628522,0.4986531398646881,8.274039522006147,False
1.064,185.63084460158547,0.4988697812490699,9.174584160223635,False
1.0645,186.73062952153117,0.49904942035828115,9.770974912134946,False
1.065,188.02297912885393,0.4991934716694608,9.991780112271131,False
1.0655000000000001,189.29875570153538,0.4993085095021619,9.817991442717664,False
1.066,190.35763884635185,0.49940523933800485,9.284671371085496,False
1.0665,191.03519312630658,0.4994969305980687,8.475407804411663,False
1.067,191.22474806309046,0.4995975249871763,7.510387315440946,False
1.0675000000000001,190.89122822020335,0.4997196760193908,6.529736047455267,False
1.068,190.07515429413476,0.4998729835882322,5.6744078382376495,False
1.0685,188.88637836556313,0.5000626599701234,5.0672247197376645,False
1.069,187.48853196198814,0.5002888030910687,4.796635735810122,False
1.0695000000000001,186.0764408967149,0.5005463674318176,4.905352810748553,False
1.07,184.8496968545743,0.5008258253716306,5.3853082842706135,False
1.0705,183.98603122822658,0.501114417120919,6.179473483796483,False
1.071,183.61805851763123,0.5013978099338129,7.1901271198084515,False
1.0715000000000001,183.81638548584837,0.5016619376915782,8.292310496533178,False
1.072,184.58113497393262,0.5018947755608797,9.350567979219061,False
1.0725,185.8427691502989,0.5020878210618664,10.236714418156032,False
1.073,187.4718825786462,0.5022370978157936,10.846317026837992,False
1.0735000000000001,189.29651863459966,0.5023435639056966,11.111809226526644,False
1.074,191.12466049382604,0.5024128843233798,11.010623576598348,False
1.0745,192.76894565896157,0.5024546073230112,10.567379551941869,False
1.075,194.07040818283568,0.50248085887987,9.849918157366815,False
1.0755000000000001,194.91819495582985,0.5025047296309337,8.959757840432472,False
1.076,195.262727390486,0.5025385673679466,8.018264825339264,False
1.0765,195.1206396026752,0.5025923998353565,7.150392980485649,False
1.077,194.5709203759073,0.502672694630707,6.468170599607872,False
1.0775000000000001,193.74287408715517,0.5027816167864068,6.056138004121048,False
1.078,192.79762329139513,0.502916875989537,5.960657774830733,False
1.0785,191.90573469932178,0.503072174179954,6.184467052076894,False
1.079,191.224031553349,0.5032381825890679,6.687103874298887,False
1.0795000000000001,190.87469536627646,0.5034039072730663,7.391032161339029,False
1.08,190.92937095059222,0.5035582536519257,8.192533957308092,False
1.0805,191.40024988871176,0.5036915793084511,8.975836854700368,False
1.081,192.23914231941498,0.5037970316132145,9.628569741634319,False
1.0815000000000001,193.3444947862826,0.5038714998568881,10.056523016906613,False
1.082,194.5753058360935,0.5039160648117504,10.195827020161147,False
1.0825,195.77004360250896,0.5039358946717185,10.02102475103758,False
1.083,196.76806815357045,0.50393960712936,9.548053600585614,False
1.0835000000000001,197.43076782226427,0.5039381848795035,8.831804005518045,False
1.084,197.65966822061802,0.5039435883787349,7.958617867572972,False
1.0845,197.40916844543975,0.5039672483355079,7.034744809416303,False
1.085,196.69226489315736,0.5040186357975852,6.172305451335595,False
1.0855000000000001,195.5785581026045,0.504104097001802,5.47464127263266,False
1.086,194.18487946065167,0.5042261039697905,5.023005966197258,False
1.0865,192.6598732192945,0.5043830147099784,4.866355492684246,False
1.087,191.164675098231,0.5045693669237569,5.015549491421659,False
1.0875000000000001,189.85232086949821,0.5047766567033365,5.4426535032359675,False
1.088,188.8486295458305,0.5049944896017307,6.085326967486784,False
1.0885,188.237034230633,0.5052119447247266,6.855602873977195,False
1.089,188.0492382805503,0.505418968977027,7.651806671254855,False
1.0895,188.26275743554788,0.5056076202003229,8.371993160709824,False
1.09,188.80549211550598,0.5057730028810398,8.927135512783739,False
1.0905,189.56657862643405,0.5059137837653093,9.25238266605026,False
1.091,190.41199778569657,0.5060322307603664,9.314986646776772,False
1.0915,191.202855683118,0.5061337798356178,9.117947790632105,False
1.092,191.81395044947507,0.5062261941055,8.698978967183356,False
1.0925,192.1502320863347,0.50631843011044,8.12498638496107,False
1.093,192.1590527570687,0.506419362547302,7.48283522391573,False
1.0935,191.83666338900284,0.5065365357224093,6.867642811232651,False
1.094,191.22817469790624,0.5066751052399775,6.370156525295109,False
1.0945,190.4210696384352,0.5068371070540637,6.064881386510986,False
1.095,189.53321042679892,0.5070211462624608,6.000504291495312,False
1.0955,188.69700379125652,0.5072225410666406,6.1938332365787705,False
1.096,188.04186918071937,0.5074338963415489,6.627979627019691,False
1.0965,187.67733155522177,0.507646025034365,7.254934229844593,False
1.097,187.67891863836485,0.5078490919423114,8.00210789788425,False
1.0975,188.07861738734837,0.5080338288085788,8.781907282141086,False
1.098,188.86100969661027,0.5081926646103194,9.503055624479279,False
1.0985,189.96545809313548,0.5083206298494072,10.08218625481176,False
1.099,191.2939474926362,0.5084159255581839,10.454242255394886,False
1.0995,192.72349899253697,0.5084800918758193,10.580398117901925,False
1.1,194.12152993214642,0.5085177618159362,10.452549446821378,False
1.1005,195.36219582867741,0.5085360373199735,10.093854202943515,False
1.101,196.34164905478204,0.5085435710877169,9.555304263451744,False
1.1015,196.99029909659714,0.5085494736905899,8.908803492988119,False
1.102,197.28054742362195,0.5085621867020502,8.237669199734533,False
1.1025,197.22905524065237,0.5085884660743446,7.625801211813756,False
1.103,196.89331463034506,0.5086326048548833,7.146930533867968,False
1.1035,196.36303969916224,0.5086959921659435,6.85534054823583,False
1.104,195.74757074058903,0.5087770603170152,6.779247343660538,False
1.1045,195.16099461272984,0.508871620203835,6.917660233229832,False
1.105,194.70695689806183,0.508973534091037,7.241072217259811,False
1.1055,194.46514237005786,0.5090756316232995,7.6958219657488875,False
1.106,194.4811387956814,0.5091707452141488,8.211495594484001,False
1.1065,194.76092200680628,0.5092527283109325,8.710360403424152,False
1.107,195.27058066923502,0.5093173253202741,9.117587926679995,False
1.1075,195.94122254929906,0.5093627836771142,9.370952150063493,False
1.108,196.6783548450572,0.5093901332448715,9.428781228766399,False
1.1085,197.37448398707025,0.5094031013074077,9.275180081670497,False
1.109,197.92329486503877,0.509407677590501,8.921895430269185,False
1.1095,198.23358745409772,0.509411387623627,8.406622225185718,False
1.11,198.2411917095072,0.5094223691823626,7.7880013618622925,False
1.1105,197.91734743325281,0.5094483710939495,7.1379791975209255,False
1.111,197.27249644285735,0.5094958030962634,6.5325362227206005,False
1.1115,196.35503480623456,0.5095689581991404,6.041999196209735,False
1.112,195.24523528024793,0.5096695057588779,5.72219718216708,False
1.1125,194.04518336848284,0.5097963172059735,5.607598369940694,False
1.113,192.86608483306668,0.5099456420510345,5.707287991621133,False
1.1135,191.8146255221206,0.5101116057053093,6.004258635587622,False
1.114,190.98015385492363,0.5102869592880249,6.458040264388378,False
1.1145,190.42430713734706,0.5104639805635609,7.010262171743155,False
1.115,190.17434564516316,0.5106354082923795,7.5923720234103795,False
1.1155,190.22095110232803,0.5107952911823112,8.134483207680548,False
1.116,190.5206620920579,0.510939646642918,8.574207216666718,False
1.1165,191.00253441501735,0.5110668511620508,8.864359158478075,False
1.117,191.57809914926455,0.5111777195296775,8.978590750769618,False
1.1175,192.15330206602707,0.5112752698057261,8.91428149769398,False
1.118,192.6408859181013,0.5113642101288977,8.692370430196018,False
1.1185,192.9716447707072,0.5114502176475224,8.354196258139366,False
1.119,193.10314017536342,0.5115391050333314,7.955787823301847,False
1.1195,193.024804584495,0.5116359831604682,7.560364145213444,False
1.12,192.75882834547212,0.5117445278712441,7.2300237608037925,False
1.1205,192.3567740082374,0.5118664442580133,7.017696720416142,False
1.121,191.89241365784943,0.5120011953647514,6.960385860663087,False
1.1215,191.45176676599908,0.5121460271774031,7.074542816468402,False
1.122,191.12166206385302,0.5122962830205057,7.354134400145958,False
1.1225,190.97831198388178,0.5124459633246552,7.771598068522358,False
1.123,191.07735481991267,0.5125884561488955,8.281511536558384,False
1.1235,191.446599738179,0.5127173436847953,8.82646159581797,False
1.124,192.08234014415476,0.5128271824428092,9.344333491514945,False
1.1245,192.949635721552,0.5129141603203481,9.776084222310454,False
1.125,193.98646426425321,0.512976551005655,10.07302479937488,False
1.1255,195.1111717225142,0.5130149126145561,10.202716830899831,False
1.1260000000000001,196.2322559164805,0.5130320096658053,10.152774039856785,False
1.1265,197.25924826174602,0.5130324716173599,9.93212572343402,False
1.127,198.11333730333658,0.5130222332761705,9.569615518257102,False
1.1275,198.73642130102235,0.5130078287645409,9.110138857541486,False
1.1280000000000001,199.09748090219657,0.5129956282451412,8.608827500380702,False
1.1285,199.1955049910594,0.5129911130515495,8.124031941823405,False
1.129,199.05864286070513,0.5129982792722405,7.710000584408635,False
1.1295,198.73973866060237,0.5130192427358476,7.4101872689440915,False
1.1300000000000001,198.30886598104794,0.5130540918659438,7.252030209256284,False
1.1305,197.8438588148263,0.5131010025102057,7.24384684755595,False
1.131,197.42007864573173,0.5131565949862945,7.37420811722112,False
1.1315,197.10073465674984,0.5132164828150632,7.613831435957402,False
1.1320000000000001,196.928978378191,0.5132759389946611,7.919709113137486,False
1.1325,196.922743523179,0.5133305921329161,8.240910398325749,False
1.133,197.07293443941845,0.513377062722819,8.525295516780552,False
1.1335,197.34513351212934,0.5134134591604157,8.72628081721738,False
1.1340000000000001,197.68455472736449,0.5134396722040983,8.808803885951727,False
1.1345,198.02357090323795,0.5134574328224261,8.753751268205686,False
1.135,198.29083170046442,0.5134701284500838,8.560313080957465,False
1.1355,198.4208031169537,0.5134824029347155,8.245993147237321,False
1.1360000000000001,198.36251767379844,0.5134995923171367,7.844298705731119,False
1.1365,198.08643305443036,0.5135270688241875,7.400424884428944,False
1.137,197.58854351591506,0.5135695765593395,6.965500160211073,False
1.1375,196.89124356328475,0.5136306428835266,6.5901377565326715,False
1.1380000000000001,196.04086251063046,0.5137121392277089,6.318120297966177,False
1.1385,195.10221666692374,0.513814045342682,6.181019295156202,False
1.139,194.15090528092625,0.5139344443848635,6.19442041789351,False
1.1395,193.26435566468223,0.5140697463749495,6.356208442791812,False
1.1400000000000001,192.51276545099114,0.5142151085207914,6.6470931278820435,False
1.1405,191.95107965361424,0.5143649965497111,7.033267317225277,False
1.141,191.61298338264436,0.5145138146447759,7.470820563093789,False
1.1415,191.5076139916251,0.5146565247075846,7.911319637351435,False
1.1420000000000001,191.61933976006358,0.5147891789672612,8.307836040144833,False
1.1425,191.91056391437107,0.5149093025824384,8.620662622630206,False
1.143,192.32714126039036,0.5150160829160074,8.822017227185196,False
1.1435,192.8056832372456,0.5151103469298005,8.899170564234959,False
1.1440000000000001,193.28181015402959,0.5151943345823992,8.855639529312029,False
1.1445,193.69830968813554,0.5152713010842495,8.710330720074424,False
1.145,194.01218838858816,0.5153450014622222,8.494773126212994,False
1.1455,194.19975397079233,0.5154191247013707,8.24881369588359,False
1.1460000000000001,194.25912245767182,0.5154967501126986,8.015336331158187,False
1.1465,194.20987443173888,0.5155798948514896,7.834680509000313,False
1.147,194.0899473144073,0.5156692091363101,7.7394652515444875,False
1.1475,193.95019893811653,0.5157638562824606,7.750463710406092,False
1.1480000000000001,193.84736625269238,0.5158615907172033,7.874031494572744,False
1.1485,193.83633450579183,0.5159590218576842,8.101387654599193,False
1.149,193.96270326931176,0.5160520284274424,8.409808871524026,False
1.1495,194.2565800503478,0.5161362694402266,8.765556743528347,False
1.1500000000000001,194.72836105928008,0.5162077269004197,9.128145995535268,False
1.1505,195.3669976993093,0.5162632124340839,9.455403536009765,False
1.151,196.14093200136742,0.5163007756365927,9.708681864086456,False
1.1515,197.00155445107333,0.5163199649414694,9.857583106517078,False
1.1520000000000001,197.88873269664128,0.516321910502218,9.883620172468714,False
1.1525,198.73771410814928,0.5163092205994899,9.782378982808561,False
1.153,199.48654616087845,0.5162857058172923,9.563933437041127,False
1.1535,200.08310360065363,0.5162559660222427,9.251480614060707,False
1.154,200.49086660753352,0.5162248915962441,8.878382416736045,False
1.1545,200.69275377399865,0.5161971404467871,8.483995387847122,False
1.155,200.69255928277326,0.5161766547818538,8.10881859629344,False
1.1555,200.51384554989053,0.5161662761171735,7.789571180030128,False
1.156,200.19646281138682,0.5161675041205692,7.554815169452034,False
1.1565,199.79116414843648,0.5161804263153237,7.421664563035859,False
1.157,199.35301915270057,0.5162038237862446,7.393978059167734,False
1.1575,198.93447115270556,0.5162354357487409,7.4622397837299665,False
1.158,198.5789141593001,0.5162723460814501,7.605115943589548,False
1.1585,198.31558455655087,0.5163114402187309,7.7924643907511335,False
1.159,198.15638244410545,0.51634987293052,7.989395721546145,False
1.1595,198.0949842760073,0.5163854872994807,8.160860463152227,False
1.16,198.1083159577627,0.5164171324437455,8.276180901164517,False
1.1605,198.16016091469047,0.5164448411202913,8.312962970708174,False
1.161,198.20641644366347,0.5164698464587245,8.259909352467913,False
1.1615,198.20131433580136,0.5164944374356211,8.11819772027946,False
1.162,198.10381073966536,0.516521672825977,7.9012700626117915,False
1.1625,197.88333794373273,0.5165549908446889,7.633078002525644,False
1.163,197.52419830171493,0.5165977644153295,7.345020919059871,False
1.1635,197.02805721380187,0.5166528584229046,7.071974815383513,False
1.164,196.41423606037867,0.5167222446190933,6.847920010783825,False
1.1645,195.71778635694548,0.5168067221358589,6.701720690985419,False
1.165,194.98560688417083,0.5169057778256763,6.65358334221302,False
1.1655,194.2711094391916,0.5170176026960525,6.712627883119847,False
1.166,193.62811442240894,0.5171392609267135,6.875857901663554,False
1.1665,193.10474275512996,0.5172669889612166,7.128635146179709,False
1.167,192.73805657328782,0.5173965864032535,7.446572826510487,False
1.1675,192.550092506383,0.5175238498637463,7.798587265321522,False
1.168,192.54574520972963,0.5176449966794958,8.150709723229921,False
1.1685,192.71272133609037,0.5177570278661826,8.470175591233657,False
1.169,193.02352637022517,0.5178579882398232,8.729284917091645,False
1.1695,193.43920042854884,0.517947095092563,8.908566934832,False
1.17,193.91431298402506,0.5180247233832186,8.998875274269714,False
1.1705,194.4025834902656,0.5180922530606844,9.002177317693949,False
1.171,194.86243033280206,0.5181518007830185,8.93096389887974,False
1.1715,195.2617707942081,0.5182058719858995,8.806374795760249,False
1.172,195.58149662562127,0.5182569784009161,8.655291197277336,False
1.1725,195.81722079749912,0.5183072696599612,8.506769911173851,False
1.173,195.97911009783567,0.5183582251394048,8.388270511287862,False
1.1735,196.08985825229618,0.5184104440229205,8.322146497928056,False
1.174,196.18108494974885,0.5184635587414129,8.322832545010247,False
1.1745,196.28863835891534,0.5185162811322941,8.395067359703907,False
1.175,196.44740832266885,0.5185665738864521,8.533357956744448,False
1.1755,196.6863088732082,0.5186119242634244,8.722733921442392,False
1.176,197.02405709626876,0.5186496846027993,8.940679881060914,False
1.1765,197.46626669051832,0.5186774363352021,9.1599910832643,False
1.177,198.00420438619054,0.5186933318551319,9.352187934560645,False
1.1775,198.6153482088911,0.5186963719045554,9.491062876091153,False
1.178,199.26566459101423,0.5186865844902872,9.555923276346313,False
1.1785,199.91331314742834,0.5186650837023157,9.534136950339288,False
1.179,200.51331767230334,0.5186340015772836,9.422676388468995,False
1.1795,201.0226289025055,0.5185963015859553,9.228482679464634,False
1.18,201.4049615691179,0.5185554965909076,8.967615514746296,False
1.1805,201.6348201156188,0.5185153055340401,8.663304314787547,False
1.181,201.7002305424009,0.5184792903049809,8.343149586001143,False
1.1815,201.60385796068618,0.5184505163255058,8.035826649671286,False
1.182,201.36239088113703,0.5184312770851812,7.7677028785934406,False
1.1825,201.00428885232418,0.5184229145759416,7.559786844268601,False
1.183,200.566192306649,0.5184257553445973,7.425382254834651,False
1.1835,200.08845631809035,0.5184391672872813,7.368727212629567,False
1.184,199.6103725999221,0.518461727241938,7.384772420797993,False
1.1845,199.16567390705038,0.5184914758388475,7.460107367870797,False
1.185,198.7788694583667,0.5185262256648854,7.574900145557471,False
1.1855,198.4628464969872,0.5185638828454441,7.7055926814011,False
1.186,198.2180076651248,0.5186027412960582,7.828003940025348,False
1.1865,198.03301846590807,0.5186417131226745,7.920449264122067,False
1.187,197.88703853204615,0.5186804673056467,7.966488770189172,False
1.1875,197.75312922545174,0.5187194607243591,7.9569698060839205,False
1.188,197.60238967811475,0.5187598592513071,7.891120622443665,False
1.1885000000000001,197.4082898959164,0.5188033603835022,7.776572833589962,False
1.189,197.15065226153905,0.5188519410241733,7.628324073926109,False
1.1895,196.81878315796695,0.5189075631219691,7.466783154908187,False
1.19,196.41336790512602,0.5189718748297781,7.3151520008224225,False
1.1905000000000001,195.94690069607375,0.5190459450738434,7.196477921150786,False
1.191,195.4426066926736,0.5191300649238549,7.130746591803052,False
1.1915,194.93200227516704,0.5192236405236348,7.132376080135397,False
1.192,194.45140753077476,0.5193251907103825,7.208417077311282,False
1.1925000000000001,194.0378511537181,0.5194324493346405,7.357671858807062,False
1.193,193.7248765890015,0.5195425593861877,7.570826902676778,False
1.1935,193.53876198328194,0.5196523349655885,7.831567094009963,False
1.194,193.49560653083316,0.5197585592661251,8.118519323441365,False
1.1945000000000001,193.5996215005488,0.5198582829407852,8.40777483392592,False
1.195,193.84281141756364,0.5199490878697912,8.675674303958353,False
1.1955,194.20605935800518,0.520029286202677,8.901514218369126,False
1.196,194.66146121336013,0.5200980329152848,9.069849342143533,False
1.1965000000000001,195.17560700501946,0.5201553409043166,9.172120940722131,False
1.197,195.71339950307285,0.5202019995096584,9.207426384428064,False
1.1975,196.241943291251,0.5202394088922097,9.182352256807821,False
1.198,196.73403688041134,0.520269352553432,9.109907289074412,False
1.1985000000000001,197.17085592221682,0.5202937373207678,9.007699845554274,False
1.199,197.54351999962168,0.5203143335298442,8.895594450443577,False
1.1995,197.8533760702499,0.5203325475259797,8.793142271594528,False
1.2,198.11099115721402,0.5203492540813945,8.717104323091007,False
1.2005000000000001,198.3340056066972,0.5203647084596881,8.679370643726092,False
1.201,198.54413646833555,0.5203785476531135,8.685526022318253,False
1.2015,198.76372123738562,0.5203898790630066,8.734229875423457,False
1.202,199.01224319912498,0.5203974440059933,8.817475365176486,False
1.2025000000000001,199.30327534045577,0.5203998342599193,8.921683845688388,False
1.203,199.64222178318806,0.5203957335227459,9.029488865258172,False
1.2035,200.025132183167,0.5203841528738616,9.121981599607553,False
1.204,200.438729119545,0.5203646303711151,9.181136357829317,False
1.2045000000000001,200.86163818549988,0.5203373695875031,9.192116498368422,False
1.205,201.2666635562465,0.5203032995614228,9.14517923767269,False
1.2055,201.6238256604511,0.5202640483395418,9.036949681759943,False
1.206,201.90378689893834,0.5202218328494248,8.870913393286536,False
1.2065000000000001,202.0812465885292,0.5201792779840164,8.65707331597405,False
1.207,202.13789258043337,0.5201391863007089,8.410819307458876,False
1.2075,202.06455348554033,0.5201042856124072,8.15115452371778,False
1.208,201.86229530245262,0.5200769842648687,7.898500738957715,False
1.2085000000000001,201.5423372613252,0.5200591627444863,7.672354729226231,False
1.209,201.1248075710814,0.5200520255876228,7.4890838088675,False
1.2095,200.6365021048698,0.5200560299585688,7.360128494836374,False
1.21,200.10792982219056,0.5200708977003063,7.2908267732170975,False
1.2105000000000001,199.57001266526362,0.5200957073671074,7.27999462905733,False
1.211,199.05084448672378,0.5201290530349748,7.320301866893989,False
1.2115,198.57289930161375,0.520169248776601,7.399383215586997,False
1.212,198.15101658232717,0.5202145525463322,7.501534877365611,False
1.2125000000000001,197.7913893415219,0.5202633814335617,7.609777125345583,False
1.213,197.49165299131266,0.5203144919554791,7.708022447834952,False
1.2135,197.24203579052195,0.5203671039781198,7.7830804548847015,False
1.214,197.02740206343515,0.5204209543013016,7.826255537432179,False
1.2145000000000001,196.8299128341165,0.5204762749567045,7.8343473706535,False
1.215,196.6319574641837,0.5205337007256585,7.809940675010547,False
1.2155,196.4189822649397,0.5205941191321924,7.760959614469766,False
1.216,196.18186059054742,0.5206584831581805,7.699552893733381,False
1.2165,195.91851080719763,0.5207276113330419,7.640456985035024,False
1.217,195.63456576368358,0.5208020011601014,7.599047121706198,False
1.2175,195.34301764576136,0.520881679925822,7.58932127071876,False
1.218,195.0628902306887,0.5209661120670316,7.622067108566017,False
1.2185,194.8171104938461,0.5210541750843249,7.703435845851458,False
1.219,194.62984835788052,0.5211442074137593,7.834093297282665,False
1.2195,194.52365537483132,0.5212341227951894,8.009045033485087,False
1.22,194.5167532369313,0.5213215776137194,8.218148364671853,False
1.2205,194.62079967434025,0.5214041714220605,8.447239967301288,False
1.221,194.83939648344216,0.5214796571050748,8.679734494537197,False
1.2215,195.1675108547117,0.5215461363173682,8.898495171463376,False
1.222,195.59186896415395,0.521602217935984,9.08774818071533,False
1.2225,196.09226384434228,0.5216471219960497,9.234811389521115,False
1.223,196.64361179677493,0.521680718294375,9.331434092469356,False
1.2235,197.21850547486466,0.5217034967198019,9.374594260261931,False
1.224,197.78995689639282,0.5217164744537743,9.366667014993476,False
1.2245,198.3340059483891,0.521721052529252,9.314954569177482,False
1.225,198.83189104432023,0.5217188399874264,9.230644582210953,False
1.2255,199.27153564076713,0.521711467366965,9.127331741854555,False
1.226,199.64819028694092,0.5217004121025312,9.019288341456933,False
1.2265,199.9641742804689,0.5216868565159184,8.919697649938461,False
1.227,200.2277710806256,0.521671594702035,8.839065666091301,False
1.2275,200.45143389276106,0.5216549982958177,8.78400233315151,False
1.228,200.64953976117178,0.5216370436468195,8.756515661424883,False
1.2285,200.83598216648502,0.5216173952569814,8.753897550870782,False
1.229,201.02190748295166,0.5215955334042185,8.769206596573852,False
1.2295,201.21387831146288,0.5215709085261508,8.792279975758696,False
1.23,201.41268999048918,0.5215431018100534,8.81114263493975,False
1.2305,201.61298299793046,0.5215119708762448,8.813635071170658,False
1.231,201.8036940996585,0.5214777614809036,8.789056452938715,False
1.2315,201.96928530535018,0.5214411705143225,8.729620268576868,False
1.232,202.091594507317,0.5214033516744576,8.631544716396782,False
1.2325,202.15207642525348,0.5213658622967494,8.495646362187706,False
1.233,202.13415600109812,0.5213305570544738,8.327367423105473,False
1.2335,202.0254040758984,0.5212994407356651,8.136236836318316,False
1.234,201.8192683627299,0.5212744972707867,7.93483454467069,False
1.2345,201.51614847342555,0.5212575150310041,7.7373887308054945,False
1.235,201.12368514266677,0.521249928798368,7.558179661202548,False
1.2355,200.65623068143583,0.521252696687766,7.4099459592718055,False
1.236,200.13356794183147,0.5212662259506059,7.3024868298617704,False
1.2365,199.57903609010495,0.5212903555684587,7.2416274418553055,False
1.237,199.0172918797018,0.5213243966196934,7.228667868432153,False
1.2375,198.4719762505018,0.5213672244520181,7.2603748364230425,False
1.238,197.96356320291892,0.5214174105897205,7.329507969825295,False
1.2385,197.50764071484014,0.5214733777940559,7.425806828659956,False
1.239,197.11381607505987,0.5215335593077373,7.537309963134198,False
1.2395,196.78535818544236,0.5215965432986003,7.651839024575755,False
1.24,196.5195974787729,0.5216611858202995,7.75846400173944,False
1.2405,196.3090116164102,0.5217266798934515,7.848771457441342,False
1.241,196.14284329952918,0.5217925740123234,7.91778500003233,False
1.2415,196.00903499324176,0.5218587397786746,7.964432369181141,False
1.242,195.89623112239505,0.5219252946690903,7.991510659605188,False
1.2425,195.79559497630189,0.5219924913957967,8.005163261339028,False
1.243,195.7022150566181,0.5220605892784568,8.013941505576627,False
1.2435,195.61593014224448,0.5221297250485917,8.027573627920587,False
1.244,195.54147693442565,0.5221998003421767,8.055597604956564,False
1.2445,195.4879494143912,0.5222704008485513,8.10602875546002,False
1.245,195.46764439835266,0.5223407579833371,8.184226239743042,False
1.2455,195.49444271693727,0.5224097585681639,8.292095882222018,False
1.246,195.58193092170103,0.5224760020114806,8.427723690284255,False
1.2465,195.7414979537624,0.5225378986374167,8.585480624577745,False
1.247,195.98064168211923,0.5225937978165073,8.756581386010236,False
1.2475,196.30169218019486,0.5226421310048577,8.930025336539849,False
1.248,196.7011060777425,0.5226815530972511,9.093802695529892,False
1.2485,197.1694161587983,0.5227110658112074,9.236219022184972,False
1.249,197.69184132459216,0.5227301090647727,9.347178958426637,False
1.2495,198.24948363978882,0.5227386101866142,9.419277301433143,False
1.25,198.82097063686132,0.5227369858162574,9.448570494535916,False
1.2505,199.38435022936434,0.5227260969068509,9.434941332462758,False
1.2510000000000001,199.919018174872,0.5227071626737854,9.382019212493722,False
1.2515,200.40745697494478,0.5226816440038868,9.296671700633985,False
1.252,200.83659028833912,0.522651110209259,9.188134185780047,False
1.2525,201.19860519716198,0.5226171046892643,9.066886927954963,False
1.2530000000000001,201.49116011412383,0.5225810248658657,8.943417827069634,False
1.2535,201.7169707943517,0.5225440297183057,8.827021310397756,False
1.254,201.88284172140422,0.522506984622379,8.72477747334647,False
1.2545,201.99827595205508,0.5224704484502053,8.640831873382952,False
1.2550000000000001,202.0738453311512,0.522434702599392,8.576058199461947,False
1.2555,202.11952898017591,0.52239981645047,8.528138233103746,False
1.256,202.14322816892567,0.522365739333316,8.492042059843287,False
1.2565,202.14964039005025,0.5223324059513447,8.460842746350293,False
1.2570000000000001,202.13962811625058,0.5222998407344377,8.426759609333347,False
1.2575,202.11015443114783,0.5222682469263839,8.382297548750648,False
1.258,202.05478642965375,0.5222380682941719,8.321339761792117,False
1.2585,201.96469675872765,0.5222100148978017,8.24005850989871,False
1.2590000000000001,201.83003246161368,0.5221850489299671,8.137532371162035,False
1.2595,201.64147571516057,0.5221643316578986,8.015995515258687,False
1.26,201.39179836056735,0.5221491373594939,7.8806903595031494,False
1.2605,201.07721390692245,0.522140744251815,7.7393438586844505,False
1.2610000000000001,200.69835654990035,0.5221403152658933,7.60133365622868,False
1.2615,200.26076337490838,0.5221487827854959,7.476647758305093,False
1.262,199.77479743095233,0.522166750993622,7.374765725877527,False
1.2625,199.2550180495287,0.5221944273293555,7.303597693546462,False
1.2630000000000001,198.71907204433646,0.5222315910276837,7.268608924262242,False
1.2635,198.18623689251268,0.5222776022472783,7.2722333490392135,False
1.264,197.675787616289,0.5223314504514818,7.313642853375386,False
1.2645,197.20537803984857,0.5223918361010487,7.3888947271823175,False
1.2650000000000001,196.78962240608848,0.5224572759092729,7.491433349400381,False
1.2655,196.43903604468883,0.5225262193548696,7.612879617813462,False
1.266,196.1594477324634,0.5225971631322692,7.744008024831202,False
1.2665,195.95193764398977,0.5226687508318936,7.875790534914815,False
1.2670000000000001,195.81329079864872,0.5227398472716575,8.000380762802534,False
1.2675,195.73689453047754,0.5228095802519447,8.11192171515153,False
1.268,195.713957063545,0.522877346647396,8.207084015435393,False
1.2685,195.73488871544066,0.5229427841647896,8.285275945225033,False
1.2690000000000001,195.7906715011439,0.5230057142514632,8.348507468851848,False
1.2695,195.87404847393594,0.5230660650396609,8.400932658838906,False
1.27,195.98038997629527,0.5231237854639122,8.448133522949213,False
1.2705,196.10813664666088,0.5231787625391499,8.496238578601927,False
1.2710000000000001,196.25877313531947,0.5232307531559316,8.550988099581943,False
1.2715,196.43634531210844,0.5232793397344688,8.616862704489737,False
1.272,196.64659009792123,0.5233239159459478,8.696382496841663,False
1.2725,196.8957941155621,0.5233637048551883,8.7896616652358,False
1.2730000000000001,197.18952956177174,0.5233978077425729,8.894271214899927,False
1.2735,197.53142938719995,0.5234252780268358,9.005424396113503,False
1.274,197.92215769515295,0.5234452115947564,9.116460121568934,False
1.2745,198.35870632655076,0.5234568428139315,9.21956396610268,False
1.2750000000000001,198.83410821246613,0.5234596347874634,9.306638425247137,False
1.2755,199.33760733540913,0.5234533530699805,9.370217158823444,False
1.276,199.85527024294854,0.5234381140038022,9.404313783921157,False
1.2765,200.37097155638642,0.5234144018047812,9.405104697306955,False
1.2770000000000001,200.86764196832706,0.5233830521657634,9.37136616554335,False
1.2775,201.3286368986555,0.5233452040156414,9.304615933918932,False
1.278,201.73907071707688,0.5233022247156452,9.208945241003828,False
1.2785,202.086966673202,0.5232556169639679,9.090564123980952,False
1.2790000000000001,202.36409566528732,0.5232069176660638,8.957116855470016,False
1.2795,202.56641489401832,0.5231575997814801,8.816851222351092,False
1.28,202.69406567282203,0.5231089875966333,8.67774194033654,False
1.2805,202.75094233474093,0.5230621940726008,8.546672831564416,False
1.281,202.74389487334432,0.5230180861044837,8.428774006556882,False
1.2815,202.68167051147043,0.5229772800544534,8.326990283618558,False
1.282,202.57372866005113,0.522940166214875,8.241927983265283,False
1.2825,202.42907624093166,0.5229069573775452,8.171992705418413,False
1.283,202.2552647458071,0.5228777538548872,8.113795033832124,False
1.2835,202.05766759621622,0.5228526154584563,8.062768712514222,False
1.284,201.83911938348433,0.5228316303019926,8.01392063986578,False
1.2845,201.59995213221237,0.522814970921877,7.962617021394261,False
1.285,201.33841366130108,0.5228029300024574,7.905306909752065,False
1.2855,201.05140558093083,0.5227959307210834,7.84009336377936,False
1.286,200.7354392322001,0.522794510041388,7.767082323178898,False
1.2865,200.3876816344054,0.5227992767703415,7.688467468835605,False
1.287,200.00695331017917,0.5228108494257152,7.608342289033994,False
1.2875,199.5945467882925,0.5228297815422738,7.532264221877093,False
1.288,199.15475761756124,0.5228564836665437,7.46662596668534,False
1.2885,198.69505587539777,0.5228911517608169,7.417912177528562,False
1.289,198.22587083701038,0.5229337110097941,7.391933001156562,False
1.2895,197.76000907946704,0.5229837821991583,7.393127779752034,False
1.29,197.31177091016193,0.5230406751508435,7.42402262315424,False
1.2905,196.89586615636114,0.5231034104956563,7.48490581973158,False
1.291,196.5262536956259,0.5231707677410009,7.573757801543618,False
1.2915,196.21503698751334,0.5232413545586033,7.686441102791997,False
1.292,195.97153960827615,0.5233136898391962,7.817124373101614,False
1.2925,195.80166173108745,0.5233862916140339,7.958886869687823,False
1.293,195.70758375878,0.5234577605819271,8.104429235342199,False
1.2935,195.68784136597836,0.5235268507241607,8.24680510655278,False
1.294,195.73775225022143,0.5235925202233112,8.380087326832395,False
1.2945,195.85013422922754,0.5236539583953457,8.499892116199392,False
1.295,196.01622172202872,0.5237105872829569,8.60370309673105,False
1.2955,196.22666681233306,0.5237620395824865,8.690962199995697,False
1.296,196.4725042434576,0.5238081173257862,8.762923069966366,False
1.2965,196.74596737791248,0.5238487378905782,8.822291165593859,False
1.297,197.0410631953322,0.5238838752231867,8.872699961485335,False
1.2975,197.35384606668077,0.5239135044843857,8.918091496381228,False
1.298,197.68236837614035,0.5239375576498181,8.962079872114463,False
1.2985,198.02632636692272,0.5239558960087031,9.00737704411333,False
1.299,198.38645698858193,0.5239683032136601,9.055351415479949,False
1.2995,198.76377155802894,0.5239744998277484,9.105772545065483,False
1.3,199.15873119920568,0.5239741775259057,9.156771891408491,False
1.3005,199.5704751449041,0.5239670485758587,9.205022837196307,False
1.301,199.9962055185541,0.5239529042514003,9.246116521534162,False
1.3015,200.4308122531632,0.5239316746499394,9.275086450307487,False
1.302,200.86679191309605,0.5239034821294115,9.287017229006457,False
1.3025,201.29447806485675,0.5238686812677185,9.277663089284907,False
1.303,201.70256287776533,0.5238278797891575,9.244001211594805,False
1.3035,202.07885436315212,0.5237819371053456,9.184653158811486,False
1.304,202.4111852502439,0.5237319397156289,9.100123952849327,False
1.3045,202.68837127268017,0.5236791553925207,8.992830452528493,False
1.305,202.9011107056486,0.5236249705223087,8.866916048423978,False
1.3055,203.0427239935766,0.5235708168900756,8.72787422957876,False
1.306,203.10965134707837,0.5235180953657755,8.58202623222582,False
1.3065,203.10165492876223,0.5234681042278942,8.435915033640656,False
1.307,203.02170718138836,0.5234219792248787,8.295687363667266,False
1.3075,202.87558371476197,0.5233806510045265,8.166536063530122,False
1.308,202.6712134622095,0.5233448234221364,8.052266994515584,False
1.3085,202.41786637374,0.5233149737328309,7.95503884302102,False
1.309,202.12527641541635,0.5232913730916483,7.8753025939950705,False
1.3095,201.80280304990117,0.5232741234433331,7.811942861052444,False
1.31,201.45872716192576,0.5232632050658604,7.762598727616111,False
1.3105,201.09975861791753,0.5232585279528303,7.724120287198345,False
1.311,200.73080478251623,0.523259980000762,7.693101269522693,False
1.3115,200.35501591219128,0.5232674656207943,7.666419861520205,False
1.312,199.9740885870321,0.5232809298256277,7.641719982510059,False
1.3125,199.58877650298112,0.5233003648630802,7.617773708201185,False
1.313,199.19953287946672,0.523325798819738,7.594681106070678,False
1.3135000000000001,198.80719340751932,0.5233572680077218,7.573884441110076,False
1.314,198.41360480730123,0.5233947770802062,7.557996936378808,False
1.3145,198.0221119951327,0.5234382524381076,7.550469155373943,False
1.315,197.63783544813322,0.523487495398789,7.555135820770281,False
1.3155000000000001,197.26769717792712,0.5235421416944172,7.575700124443779,False
1.316,196.9201853807373,0.5236016331502584,7.615219652128612,False
1.3165,196.60488036664614,0.5236652059594069,7.675657183892719,False
1.317,196.33179378118106,0.5237318980046117,7.757551069650065,False
1.3175000000000001,196.11059586282903,0.5238005754271673,7.859844794063916,False
1.318,195.9498188631512,0.5238699763851425,7.9798956961367935,False
1.3185,195.8561273272285,0.5239387679521791,8.11366107437447,False
1.319,195.8337375824872,0.5240056106190667,8.256038766090887,False
1.3195000000000001,195.88405073650455,0.5240692240425666,8.40132127898384,False
1.32,196.00553810339431,0.524128447623818,8.5437097706172,False
1.3205,196.19388844630123,0.5241822901839227,8.677828030854144,False
1.321,196.442396334124,0.5242299643400828,8.79917770998092,False
1.3215000000000001,196.74254383203598,0.5242709030006798,8.904484068491643,False
1.322,197.08470680583744,0.5243047574683037,8.99189541139228,False
1.3225,197.4589046594935,0.5243313787175261,9.061017358073366,False
1.323,197.85550964610562,0.5243507852549509,9.112782992373637,False
1.3235000000000001,198.26583913286905,0.5243631223609286,9.149179357072665,False
1.324,198.6825703365723,0.5243686182995975,9.172867415683532,False
1.3245,199.09994002548413,0.5243675431843637,9.186744569898913,False
1.325,199.5137186735569,0.5243601755995358,9.19350473727244,False
1.3255000000000001,199.92097627954197,0.5243467808870289,9.195250235363792,False
1.326,200.3196822014845,0.5243276033625365,9.19320246023152,False
1.3265,200.70820092655774,0.524302872833417,9.18754553710585,False
1.327,201.0847574181405,0.524272823883265,9.177420361729808,False
1.3275000000000001,201.44694824537635,0.5242377246974138,9.161067800199534,False
1.328,201.79136790943332,0.5241979109323714,9.136101534359181,False
1.3285,202.11340456452723,0.5241538194305271,9.09987531944354,False
1.329,202.40723761819189,0.5241060165293044,9.049898119531807,False
1.3295000000000001,202.6660441670057,0.5240552163123483,8.984245014745955,False
1.33,202.88239499061302,0.5240022853224026,8.901912545520835,False
1.3305,203.04879705275687,0.523948231856363,8.803074125965923,False
1.331,203.15832098917784,0.5238941797974644,8.68920343567518,False
1.3315000000000001,203.20524109351788,0.5238413287858057,8.563049774565807,False
1.332,203.18561313099178,0.5237909041641859,8.428467278344023,False
1.3325,203.0977221430434,0.5237441013653474,8.290117468706793,False
1.333,202.9423473932477,0.5237020300825991,8.153079724070441,False
1.3335000000000001,202.7228128957109,0.5236656636091902,8.022415079003173,False
1.334,202.44481694594177,0.5236357981406313,7.902733997632434,False
1.3345,202.1160596778096,0.5236130256839308,7.797817812882983,False
1.335,201.74571076996264,0.5235977226521702,7.7103365421625005,False
1.3355000000000001,201.3437772189321,0.5235900544360131,7.641693691057421,False
1.336,200.92044146141615,0.5235899944552806,7.592012979610417,False
1.3365,200.48544188571063,0.5235973546212352,7.560264641280535,False
1.337,200.04756082571419,0.5236118229717348,7.544512199815867,False
1.3375000000000001,199.61427046460025,0.5236330036123489,7.542246474230978,False
1.338,199.19156661222823,0.5236604540734356,7.550763694334312,False
1.3385,198.7839966648905,0.5236937157668707,7.56754016839445,False
1.339,198.3948641567691,0.5237323343142644,7.590557382688043,False
1.3395000000000001,198.0265710926801,0.5237758679773188,7.618538453676622,False
1.34,197.68104325234194,0.5238238840641332,7.651068542427588,False
1.3405,197.36017473548853,0.5238759448073649,7.688586674136995,False
1.341,197.0662271379075,0.5239315856121752,7.7322525243243305,False
1.3415000000000001,196.8021258793272,0.5239902895849857,7.7837071547448735,False
1.342,196.57161033944982,0.5240514627597248,7.844759542093884,False
1.3425,196.37921375666036,0.5241144143816269,7.917039519736766,False
1.343,196.23007086471173,0.5241783460044165,8.001661447975303,False
1.3435000000000001,196.12957325472166,0.5242423520860432,8.098941178418581,False
1.344,196.08291177031967,0.5243054333677218,8.208201988464875,False
1.3445,196.09455956645348,0.5243665227653872,8.327694056977128,False
1.345,196.16775713230766,0.5244245219820838,8.454638148647579,False
1.3455,196.3040607800049,0.5244783457468064,8.585389197077427,False
1.346,196.50300893455085,0.5245269696527214,8.715701240887723,False
1.3465,196.7619470088074,0.5245694771109758,8.841063358432885,False
1.347,197.076033430557,0.524605101002131,8.957068222068305,False
1.3475,197.43842874083745,0.5246332561795851,9.059771530507932,False
1.348,197.8406490743825,0.5246535599829586,9.146002187459352,False
1.3485,198.27304717818905,0.5246658392301655,9.213589397634273,False
1.349,198.7253705033242,0.5246701236173024,9.261483026759642,False
1.3495,199.1873383337916,0.5246666268934957,9.289756363843502,False
1.35,199.649179183008,0.5246557184269655,9.299494290971737,False
1.3505,200.1020757752675,0.5246378886967595,9.292583163890118,False
1.351,200.53847702386642,0.5246137127305176,9.271429877364408,False
1.3515,200.95225301289898,0.5245838155127297,9.23864534014595,False
1.352,201.33868806563785,0.5245488429180846,9.196731037101488,False
1.3525,201.69432624402143,0.524509440844463,9.147806148292739,False
1.353,202.0167007744852,0.5244662440418835,9.093407020976368,False
1.3535,202.30399191064194,0.5244198748037431,9.034381376821644,False
1.354,202.55466511209323,0.5243709503682756,8.970887651719464,False
1.3545,202.7671423224162,0.5243200967315216,8.902496777453504,False
1.355,202.93955353610934,0.5242679657361692,8.828381111749122,False
1.3555,203.069604506156,0.5242152518724429,8.747564622152089,False
1.356,203.15458079957176,0.5241627052563482,8.659201091664174,False
1.3565,203.1914904035327,0.5241111377296839,8.562843897602917,False
1.357,203.17732893356632,0.5240614198934329,8.458672173203468,False
1.3575,203.10943541221917,0.5240144680329276,8.34764370480183,False
1.358,202.98589452025223,0.5239712211778117,8.231554040379843,False
1.3585,202.80593462280018,0.5239326098046063,8.112992853306794,False
1.359,202.57027051851057,0.5238995187801369,7.995201193436999,False
1.3595,202.28134576466547,0.5238727479275738,7.881845324633344,False
1.36,201.9434408449701,0.523852973978796,7.7767329230662146,False
1.3605,201.56262894622608,0.5238407176121063,7.683504276110887,False
1.361,201.14657877706105,0.5238363187728501,7.605333961599007,False
1.3615,200.70422152178858,0.5238399225996524,7.544676988928917,False
1.362,200.2453145177246,0.5238514771395891,7.503087774625892,False
1.3625,199.77994570493806,0.5238707427720265,7.481131340957987,False
1.363,199.31802897403466,0.5238973120270918,7.478394913434506,False
1.3635,198.86884056503268,0.5239306374290263,7.493596058893017,False
1.364,198.44064074137626,0.523970064241001,7.5247721379744235,False
1.3645,198.040413903219,0.5240148646210632,7.569526523768916,False
1.365,197.67374555407338,0.5240642697544228,7.625300864169769,False
1.3655,197.34483795865893,0.5241174969885689,7.689640332659573,False
1.366,197.0566499748987,0.5241737697989598,7.760420530551304,False
1.3665,196.81113238602757,0.5242323294485244,7.8360101849176935,False
1.367,196.60951976659067,0.5242924383421774,7.91535229168549,False
1.3675,196.45263465185585,0.5243533761766505,7.9979567931806805,False
1.368,196.34116007470644,0.5244144309126093,8.083808953065592,False
1.3685,196.27584223611342,0.5244748872403462,8.17320794802482,False
1.369,196.25759538382553,0.5245340154987341,8.266558596464376,False
1.3695,196.28749454749428,0.5245910639105912,8.36414461069439,False
1.37,196.36665690687897,0.5246452565341954,8.465913682883931,False
1.3705,196.4960273869626,0.5246957985626229,8.571302926061529,False
1.371,196.67609678543502,0.5247418896278143,8.679127968216507,False
1.3715,196.90658983603353,0.5247827447061091,8.787551025240921,False
1.372,197.18616504923781,0.5248176212060387,8.894133557904311,False
1.3725,197.51216748046335,0.5248458499696399,8.995968839321652,False
1.373,197.88046990610363,0.5248668673358717,9.08988015577774,False
1.3735,198.28542797874542,0.5248802451659981,9.172662564942794,False
1.374,198.719962011563,0.5248857158426848,9.241341036977182,False
1.3745,199.1757636684622,0.5248831897108704,9.29341596791396,False
1.375,199.6436117159041,0.5248727631729987,9.327068651688524,False
1.3755,200.11376877421824,0.5248547165948879,9.34130409447379,False
1.3760000000000001,200.57642209623063,0.5248295022103591,9.33601595011742,False
1.3765,201.02212680282102,0.5247977232128149,9.311967450892062,False
1.377,201.4422102097331,0.5247601060754431,9.270691917331368,False
1.3775,201.82910081427408,0.5247174687519515,9.214325606759926,False
1.3780000000000001,202.1765545487466,0.5246706877095103,9.14539322596505,False
1.3785,202.47976294664198,0.5246206667045555,9.066571509935365,False
1.379,202.73534145831186,0.5245683098404611,8.980458276216465,False
1.3795,202.94120967101273,0.5245145007930029,8.88937309198519,False
1.3800000000000001,203.09638702918727,0.5244600892373027,8.79521132045354,False
1.3805,203.2007364217891,0.5244058845639561,8.699366397708932,False
1.381,203.25469269115663,0.5243526560479992,8.602726587114473,False
1.3815,203.2590132102905,0.5243011378441635,8.505743221124757,False
1.3820000000000001,203.21458322137002,0.5242520366200525,8.40855869439015,False
1.3825,203.12230022874866,0.5242060393711779,8.311175273764913,False
1.383,202.98305047001404,0.5241638190173777,8.213641000110467,False
1.3835,202.79777776444794,0.5241260357482642,8.116227133231963,False
1.3840000000000001,202.56763243943809,0.5240933327170758,8.019572928321379,False
1.3845,202.29417711271262,0.5240663254967348,7.924777836268446,False
1.385,201.97961819396215,0.5240455856063804,7.833427936946785,False
1.3855,201.6270280161879,0.5240316192794084,7.747551699597241,False
1.3860000000000001,201.24052297410736,0.5240248433680543,7.669508988284994,False
1.3865,200.82536784647235,0.5240255607755467,7.601825506356744,False
1.387,200.38798499094855,0.5240339380142315,7.546991592102646,False
1.3875,199.9358582515309,0.5240499873821435,7.507248630044545,False
1.3880000000000001,199.47733382049825,0.5240735558453413,7.484387820239656,False
1.3885,199.0213324202514,0.5241043220595855,7.479584504316569,False
1.389,198.57699753733635,0.5241418021432941,7.493286909588794,False
1.3895,198.15331180951623,0.5241853639243798,7.525171611436609,False
1.3900000000000001,197.7587171823534,0.524234248533628,7.574170064643223,False
1.3905,197.40077374729287,0.524287597507251,7.6385622084641005,False
1.391,197.08588740528415,0.5243444830727945,7.716125429748113,False
1.3915,196.81912831807355,0.5244039390788157,7.804320997844885,False
1.3920000000000001,196.604151564331,0.5244649901084051,7.900496179728356,False
1.3925,196.44321982322379,0.5245266766726273,8.002079027774567,False
1.393,196.33731667343096,0.5245880749623343,8.106744394687365,False
1.3935,196.28632955349835,0.5246483103697224,8.212533821794324,False
1.3940000000000001,196.2892746774935,0.5247065647824166,8.317918021631437,False
1.3945,196.34453297562834,0.5247620784060544,8.421797961427728,False
1.395,196.45006673145784,0.5248141474965133,8.5234481510649,False
1.3955,196.6035908501166,0.52486211980775,8.62241272966592,False
1.3960000000000001,196.80268001677996,0.5249053897390652,8.718370502703875,False
1.3965,197.04480243868528,0.5249433950804804,8.810988567044625,False
1.397,197.32728122198506,0.5249756169228048,8.899785194243375,False
1.3975,197.6471944427832,0.52500158376531,8.98402114125463,False
1.3980000000000001,198.0012334211484,0.5250208801876285,9.062634743995073,False
1.3985,198.38554459600846,0.525033159737393,9.13423051557152,False
1.399,198.79558304803538,0.5250381610097098,9.197124218069202,False
1.3995,199.22600484419735,0.525035725341388,9.249440326756115,False
1.4000000000000001,199.67062112209396,0.5250258141789169,9.289251303163262,False
1.4005,200.12242973458046,0.5250085240481907,9.314742906586549,False
1.401,200.57373120529658,0.5249840971715476,9.324386504447869,False
1.4015,201.01632579637686,0.5249529261299324,9.317098359744797,False
1.4020000000000001,201.44177884631853,0.5249155515134327,9.29236727463786,False
1.4025,201.8417333378916,0.5248726521782409,9.25033556832748,False
1.403,202.20824286403587,0.5248250284535938,9.19182372332572,False
1.4035,202.53409544624108,0.524773579334326,9.1182955021872,False
1.4040000000000001,202.81309933186535,0.5247192752735221,9.031767144726102,False
1.4045,203.04030586102522,0.524663128589263,8.934670595394122,False
1.405,203.21215126841076,0.5246061636748895,8.829685832471538,False
1.4055,203.32650805760417,0.5245493891354942,8.719560673493053,False
1.4060000000000001,203.38264630757422,0.5244937736751705,8.606937533112623,False
1.4065,203.38111478627684,0.5244402270680584,8.49420539449975,False
1.407,203.32355992856665,0.524389586922329,8.383391887484082,False
1.4075,203.21250662604834,0.524342611266286,8.276105270168031,False
1.408,203.05112770015285,0.5242999763320212,8.173529917506157,False
1.4085,202.8430285773484,0.5242622783628137,8.076472391925403,False
1.409,202.59207014958713,0.5242300378902937,7.9854491043001135,False
1.4095,202.30224656432074,0.5242037047594379,7.900801702319344,False
1.41,201.97762655290603,0.5241836622402365,7.822823228226366,False
1.4105,201.6223579036885,0.5241702288425136,7.751877126391602,False
1.411,201.24072594074795,0.5241636569064191,7.688492445134464,False
1.4115,200.83724946053576,0.5241641276154549,7.633421884505447,False
1.412,200.41679240840116,0.5241717426975575,7.587654261484617,False
1.4125,199.98466726075299,0.5241865136640382,7.552378872382405,False
1.413,199.54670687263032,0.5242083499125094,7.528905391333088,False
1.4135,199.1092853243445,0.524237047328826,7.518548594220085,False
1.414,198.67927455813376,0.5242722791263752,7.52249165212727,False
1.4145,198.2639315397777,0.5243135905463138,7.54164446680662,False
1.415,197.8707193165579,0.5243603987241349,7.576514211870453,False
1.4155,197.50707360580878,0.5244119985455475,7.627103841624736,False
1.416,197.18013343294683,0.5244675747269978,7.692851036448179,False
1.4165,196.896459024179,0.5245262197341467,7.772615299112211,False
1.417,196.66176210911064,0.5245869565692224,7.8647153004317625,False
1.4175,196.48067280661178,0.5246487649833391,7.967012787852949,False
1.418,196.35656351646597,0.5247106093563649,8.077034115377772,False
1.4185,196.29144421233443,0.5247714663681252,8.19211634632295,False
1.419,196.28593598294947,0.5248303506701467,8.309562388010796,False
1.4195,196.3393215166836,0.5248863370418718,8.426789001268514,False
1.42,196.4496634378219,0.5249385779424348,8.54145281900797,False
1.4205,196.6139748823037,0.5249863158948106,8.651542510938134,False
1.421,196.82842217610315,0.5250288906993519,8.75542955103484,False
1.4215,197.08853742747596,0.5250657420020204,8.851875139406156,False
1.422,197.3894194390552,0.5250964081780396,8.939996079681105,False
1.4225,197.72590444539264,0.5251205227858748,9.019197190994651,False
1.423,198.0926933519152,0.525137809968877,9.08908158230955,False
1.4235,198.48442872287643,0.5251480801232723,9.149352410628829,False
1.424,198.89572191680486,0.525151226923881,9.199720337567369,False
1.4245,199.32113762303297,0.5251472264354325,9.239829750015708,False
1.425,199.75514878755757,0.5251361385857756,9.269214086308086,False
1.4255,200.1920788530503,0.5251181107957361,9.28728665970906,False
1.426,200.62604992330625,0.5250933831096656,9.293368686970648,False
1.4265,201.05095471887597,0.5250622938073033,9.286751382920933,False
1.427,201.46046713280745,0.5250252842467416,9.266784556937127,False
1.4275,201.84810121378217,0.5249829016190529,9.23298067189463,False
1.428,202.20732211570603,0.5249357983967975,9.185121211099245,False
1.4285,202.53170572712887,0.5248847275199657,9.123351689066855,False
1.429,202.81513715977906,0.5248305327534876,9.048252790366401,False
1.4295,203.05203282371306,0.5247741341244584,8.960877781913698,False
1.43,203.23756710605062,0.5247165088489061,8.862750193257359,False
1.4305,203.36788315044913,0.5246586686281984,8.755820331080887,False
1.431,203.44026809212954,0.5246016345787217,8.642383937931573,False
1.4315,203.45327624024935,0.5245464113102557,8.524970651531605,False
1.432,203.40678874427934,0.524493961759246,8.406213349725375,False
1.4325,203.3020046336029,0.5244451843028803,8.28871156921231,False
1.433,203.14136502345875,0.5244008934389102,8.174902717652435,False
1.4335,202.92841891518904,0.5243618049440654,8.06695370443934,False
1.434,202.66764460048404,0.5243285259657511,7.966683039813083,False
1.4345,202.36424455653963,0.5243015500124791,7.875519719697959,False
1.435,202.02393345275487,0.5242812563463282,7.794500788846978,False
1.4355,201.65273830629184,0.5242679128997261,7.724304902936905,False
1.436,201.25682703497978,0.5242616815824549,7.665315049564871,False
1.4365,200.84237704176533,0.5242626247404958,7.617700340599723,False
1.437,200.41548962393298,0.52427071158453,7.581504837832994,False
1.4375,199.98214967325518,0.5242858236110627,7.556730939797197,False
1.438,199.54822410904583,0.5243077583634977,7.543405969980842,False
1.4385000000000001,199.1194875039075,0.5243362312800726,7.541623104967765,False
1.439,198.70166002054114,0.5243708757977709,7.551551336859502,False
1.4395,198.30044146406752,0.5244112422716309,7.573413324469096,False
1.44,197.92152609832235,0.5244567965774937,7.6074342319266375,False
1.4405000000000001,197.57058573881088,0.524506919454306,7.653768459296394,False
1.441,197.25321313500666,0.5245609076861995,7.712414077573453,False
1.4415,196.97482321083726,0.5246179781193646,7.7831264475617745,False
1.442,196.7405156443681,0.5246772752674105,7.8653427434788155,False
1.4425000000000001,196.55490780326298,0.5247378829110684,7.958127909364852,False
1.443,196.42195153668828,0.5247988396860748,8.060150115345772,False
1.4435,196.34475022088392,0.5248591582263531,8.16969036752239,False
1.444,196.3253934294862,0.5249178470388302,8.284686984127836,False
1.4445000000000001,196.3648255525408,0.5249739339769578,8.402811660515054,False
1.445,196.46276176470573,0.5250264899875169,8.521570281012108,False
1.4455,196.6176603079298,0.525074651750438,8.638418910217407,False
1.446,196.8267546423821,0.525117641918658,8.750883814857096,False
1.4465000000000001,197.08614327051197,0.5251547858822996,8.856674093117316,False
1.447,197.39092961756754,0.5251855243018354,8.953776527383567,False
1.4475,197.73539987002485,0.5252094210402192,9.040524480584775,False
1.448,198.1132236212028,0.5252261665295459,9.115635744856474,False
1.4485000000000001,198.51766086464568,0.5252355769876689,9.178217845646857,False
1.449,198.94175941579786,0.5252375902125271,9.227742974875211,False
1.4495,199.37852911966857,0.5252322588937325,9.26399804279237,False
1.45,199.82108290567973,0.525219742471744,9.287017918426136,False
1.4505000000000001,200.26273940972598,0.5252002985388582,9.297011484144965,False
1.451,200.6970869239313,0.52517427462251,9.294290496980299,False
1.4515,201.1180132485463,0.5251421009429408,9.279210406227955,False
1.452,201.51971003702508,0.5251042844279818,9.252130344976305,False
1.4525000000000001,201.89666297754954,0.5250614039380025,9.21339674142235,False
1.453,202.2436403329203,0.5250141063463131,9.163351729822503,False
1.4535,202.55569184941155,0.5249631028735506,9.102364181540748,False
1.454,202.82816793237544,0.524909164919985,9.030878132010594,False
1.4545000000000001,203.05676555326016,0.5248531185968511,8.949471016354,False
1.455,203.2376030381979,0.524795837232508,8.858912727044288,False
1.4555,203.3673212356043,0.5247382313126882,8.760216235575534,False
1.456,203.44320415100185,0.5246812355842837,8.654671403796991,False
1.4565000000000001,203.46330852160386,0.5246257933762489,8.543855536787666,False
1.457,203.4265894331839,0.5245728385298947,8.429616959482955,False
1.4575,203.33300825702625,0.5245232756428179,8.314031098628412,False
1.458,203.18361001621662,0.5244779595777704,8.199331829068493,False
1.4585000000000001,202.98055968701505,0.5244376753395676,8.087823799785024,False
1.459,202.7271306205758,0.5244031194607225,7.981783732077068,False
1.4595,202.42764279481386,0.5243748839547359,7.883360006061657,False
1.46,202.08735343584496,0.5243534437041018,7.794480066702855,False
1.4605000000000001,201.71230710817724,0.5243391478705125,7.716774268297163,False
1.461,201.30915612397047,0.5243322155802732,7.6515228568886124,False
1.4615,200.88496462816983,0.524332735787624,7.599630106472419,False
1.462,200.4470106981665,0.5243406708929915,7.561626511743675,False
1.4625000000000001,200.00260016309488,0.5243558634290192,7.537696781329372,False
1.463,199.5589037065529,0.5243780449533263,7.527728555414998,False
1.4635,199.12282545738057,0.5244068462205551,7.53137462784609,False
1.464,198.70090712976358,0.524441807751153,7.548120234225931,False
1.4645000000000001,198.29926736759924,0.5244823900605875,7.577346805534151,False
1.465,197.923571821711,0.5245279830381817,7.618384480652972,False
1.4655,197.57902613943227,0.5245779142381504,7.670547490729709,False
1.466,197.27038186567785,0.5246314561301729,7.733149032328381,False
1.4665000000000001,197.00194448242468,0.5246878326158755,7.805495114418745,False
1.467,196.77757351100934,0.5247462253178017,7.886859737562589,False
1.4675,196.60066664839414,0.5248057802637074,7.9764462894733414,False
1.468,196.47412302073892,0.5248656156071122,8.073341915661173,False
1.4685000000000001,196.4002844059966,0.5249248309431838,8.176472628097777,False
1.469,196.38085721950554,0.524982518607831,8.284566939139156,False
1.4695,196.41682167723104,0.525037777108863,8.396134863003867,False
1.47,196.50833740193485,0.5250897265608182,8.509467339921944,False
1.4705000000000001,196.65465646955013,0.525137525713554,8.622658734182265,False
1.471,196.8540552973681,0.52518038991313,8.733652331671506,False
1.4715,197.10379580474086,0.5252176091422786,8.840306042919286,False
1.472,197.4001240470553,0.5252485651798389,8.940473125341823,False
1.4725,197.73831129756803,0.5252727469070173,9.032090950321772,False
1.473,198.1127387050658,0.5252897628750282,9.113269858400063,False
1.4735,198.51702263092272,0.5252993504240773,9.182374073202846,False
1.474,198.9441740240771,0.5253013808883206,9.238087478345737,False
1.4745,199.38678214533755,0.5252958607083016,9.279458693027527,False
1.475,199.83721093589816,0.5252829285700585,9.30592211231019,False
1.4755,200.2877955489771,0.5252628489664921,9.317294141924211,False
1.476,200.731027093168,0.5252360028026035,9.313746454843534,False
1.4765,201.15971538616776,0.5252028758189964,9.295760428114946,False
1.477,201.56712226410076,0.5251640456735539,9.264068718630421,False
1.4775,201.94706139958342,0.5251201684956958,9.21959100599589,False
1.478,202.29396424460225,0.5250719656179279,9.163371157458672,False
1.4785,202.6029152026106,0.5250202110120079,9.096522442271404,False
1.479,202.86966204562933,0.5249657197360683,9.02018602998387,False
1.4795,203.09060959857658,0.524909337463233,8.935506027755627,False
1.48,203.26280559916475,0.524851930941607,8.843621992631434,False
1.4805,203.38392732948645,0.5247943790575901,8.745677480798301,False
1.481,203.4522761725833,0.5247375640611317,8.64284105606351,False
1.4815,203.4667848781641,0.5246823624763881,8.536334532297792,False
1.482,203.42703934155017,0.5246296352679366,8.427462265762358,False
1.4825,203.33331349633957,0.5245802169546441,8.317635154256868,False
1.483,203.18661290618047,0.5245349035444594,8.208383653741182,False
1.4835,202.9887202004881,0.5244944393803747,8.101355502919759,False
1.484,202.74223394581387,0.524459503212652,7.9982957772615535,False
1.4845,202.45059208046823,0.5244306940161986,7.901009134556446,False
1.485,202.1180717307648,0.5244085172282588,7.811306386370427,False
1.4855,201.74975899550185,0.5243933721697825,7.730939553609269,False
1.486,201.3514849205635,0.5243855414216131,7.661531092394975,False
1.4865,200.92972707110079,0.5243851828515516,7.604503824209454,False
1.487,200.49147946161023,0.5243923248379582,7.56101817282904,False
1.4875,200.04409672304843,0.5244068650265086,7.531922598015447,False
1.488,199.59512090129908,0.5244285727125909,7.517721716513593,False
1.4885,199.152100900426,0.5244570946901589,7.518564692229048,False
1.489,198.72241512726887,0.5244919641766962,7.534254297205898,False
1.4895,198.31310731420618,0.524532612238445,7.564274860498693,False
1.49,197.93074388413729,0.5245783810193851,7.607835396470753,False
1.4905,197.58129878878648,0.5246285380326264,7.663922764110856,False
1.491,197.27006880556962,0.5246822908055622,7.731358917435127,False
1.4915,197.00161918139105,0.5247388012726394,7.808856244168896,False
1.492,196.7797566348431,0.5247971994661275,7.89506564533446,False
1.4925,196.60752440594325,0.5248565962439322,7.988613284491513,False
1.493,196.48721253304348,0.5249160949892882,8.088123661254686,False
1.4935,196.42037599238262,0.5249748023949374,8.192228617574195,False
1.494,196.4078537877471,0.5250318385820847,8.29956382257184,False
1.4945,196.44978343426885,0.5250863468855003,8.408755965223458,False
1.495,196.5456073415273,0.5251375036516602,8.518405112300123,False
1.4955,196.69407008509148,0.5251845283461744,8.62706731922134,False
1.496,196.89320813470997,0.5252266941577197,8.733242546152136,False
1.4965,197.14033594815362,0.5252633391332182,8.83537224440076,False
1.497,197.43203414328437,0.5252938777033237,8.931849730546993,False
1.4975,197.76414649774307,0.5253178122814178,9.021044814942714,False
1.498,198.1317926617221,0.5253347444662289,9.101342300250025,False
1.4985,198.52940268039993,0.5253443852681041,9.171192138567672,False
1.499,198.95077779552668,0.5253465637269641,9.229167450959293,False
1.4995,199.38917971635993,0.5253412333042748,9.27402545839542,False
1.5,199.83744788088117,0.5253284755124878,9.304765783479311,False
1.5005,200.90870038932246,0.5253085003860486,11.77130083531197,False
1.5010000000000001,203.12523196143798,0.5252413072547867,13.931332555492599,False
1.5015,206.24477320007657,0.5250836021967593,15.528397926082787,False
1.502,209.9184258779388,0.5248339535368263,16.374769625612032,False
1.5025,213.7324080663677,0.5245014945147641,16.373119504896945,False
1.5030000000000001,217.2571577548755,0.5241048092843471,15.52749386969337,False
1.5035,220.0982179929062,0.5236697144335987,13.942322476088528,False
1.504,221.94301558442666,0.5232261881518034,11.809469789481307,False
1.5045,222.59792504441256,0.522804803038461,9.384712872960476,False
1.5050000000000001,222.0109636370205,0.5224330886897955,6.956360270617655,False
1.5055,220.2770947976552,0.5221322723056099,4.809821118547598,False
1.506,217.62529103125226,0.5219148093256133,3.192585550707116,False
1.5065,214.38893516218891,0.5217830201484647,2.2841208218572238,False
1.5070000000000001,210.96342438638166,0.5217290039144851,2.174561909337202,False
1.5075,207.75657785061404,0.5217358280874796,2.8548603057634714,False
1.508,205.13833044832518,0.5217798217465088,4.219459233338871,False
1.5085,203.39610313173498,0.5218336591598983,6.080870638680059,False
1.5090000000000001,202.70125785176194,0.5218698289787519,8.194018753272807,False
1.5095,203.0904151699288,0.5218640523749741,10.287094847842818,False
1.51,204.46344588207805,0.5217982382815168,12.09504028060967,False
1.5105,206.59793665474683,0.5216626350576782,13.391642711163534,False
1.5110000000000001,209.17809126208465,0.5214569414692235,14.016531915448583,False
1.5115,211.8344979596038,0.5211902623699254,13.894013729711805,False
1.512,214.19004919765385,0.5208799245656554,13.041607079318142,False
1.5125,215.9066066411331,0.520549296265788,11.567285299431662,False
1.5130000000000001,216.72683700343694,0.5202248692939971,9.6556992200972,False
1.5135,216.50608074448274,0.5199329552208304,7.544975659812617,False
1.514,215.23019905670967,0.5196964018226108,5.496895780210337,False
1.5145,213.01702889718712,0.5195317429211488,3.7641825494065313,False
1.5150000000000001,210.10118774095267,0.5194471459956671,2.559087011492099,False
1.5155,206.8042108683786,0.5194414202373645,2.0273374653352563,False
1.516,203.4940051010072,0.5195042059179676,2.230787538105555,False
1.5165,200.53901517639653,0.519617306129821,3.1408769124704636,False
1.5170000000000001,198.26308842824656,0.5197569703984056,4.6435142894530985,False
1.5175,196.9067302459421,0.5198968204093893,6.554466394942991,False
1.518,196.59938282297682,0.5200110373648155,8.643030109469764,False
1.5185,197.3457723861471,0.5200774139936192,10.660844224603519,False
1.5190000000000001,199.02753873183005,0.5200799079296684,12.372234568679902,False
1.5195,201.41953998196294,0.5200104065314068,13.582469392812344,False
1.52,204.21860038303362,0.5198695133691708,14.160668510032323,False
1.5205,207.08115466804415,0.5196662813433717,14.054781852628782,False
1.5210000000000001,209.66530961492657,0.5194169363091006,13.296958775533191,False
1.5215,211.67234982721368,0.5191427489175324,11.998703137148835,False
1.522,212.8827213656885,0.5188673116595099,10.33637700436934,False
1.5225,213.18208650924072,0.5186135522621008,8.528776810978098,False
1.5230000000000001,212.57416567271494,0.5184008527072846,6.809524689435302,False
1.5235,211.17869462314766,0.5182426362640202,5.39773881974831,False
1.524,209.21474552476465,0.5181447293971514,4.470728829514228,False
1.5245,206.97161349234764,0.518104705669199,4.1422232180648555,False
1.5250000000000001,204.77113938974173,0.5181122880684347,4.448887010521628,False
1.5255,202.92644389222338,0.5181507446827188,5.3467434188002345,False
1.526,201.70241563281334,0.5181990827992113,6.717765592006812,False
1.5265,201.28290436396586,0.5182347479776896,8.385575577731906,False
1.5270000000000001,201.7485361077784,0.5182364799756726,10.138074607198302,False
1.5275,203.06760192391073,0.5181869703468652,11.754064445653135,False
1.528,205.1008142440007,0.5180750030272,13.030558784440277,False
1.5285,207.6190872594264,0.5178968301975355,13.80751622232304,False
1.5290000000000001,210.33203942031943,0.5176566302378728,13.987103413876998,False
1.5295,212.92374446221936,0.5173660020385233,13.545256531890425,False
1.53,215.09145017913923,0.517042560619495,12.534189244560048,False
1.5305,216.5826098419865,0.516707803580962,11.075530723424642,False
1.5310000000000001,217.22569368135615,0.5163845064501899,9.344886011962657,False
1.5315,216.95090898074557,0.516093966853001,7.549682836064532,False
1.532,215.79814299884328,0.5158534424533204,5.9030649423384185,False
1.5325,213.91105095244345,0.5156741086074328,4.597165391934347,False
1.5330000000000001,211.5180406657408,0.5155597974454662,3.7792245794984725,False
1.5335,208.9026807888128,0.5155066773498151,3.5336543941922547,False
1.534,206.3674880673993,0.5155039051318294,3.8723312608293377,False
1.5345,204.19589302628734,0.5155351524468891,4.734257106362385,False
1.5350000000000001,202.61731880382015,0.5155807938035504,5.994450258390891,False
1.5355,201.7797497086256,0.5156204627326164,7.480723452057371,False
1.536,201.73305056332214,0.5156356449417467,8.996045592812882,False
1.5365,202.42483375268776,0.5156119841405621,10.343575672406931,False
1.537,203.70908171573362,0.5155410224748035,11.351238762989297,False
1.5375,205.36621269090136,0.5154211738509152,11.892866611730414,False
1.538,207.13197295294717,0.5152578241117933,11.903397531597792,False
1.5385,208.7315523624257,0.5150625565043968,11.386357535472643,False
1.539,209.91472744595958,0.5148516042484865,10.412757596481992,False
1.5395,210.48769787978492,0.5146437245826204,9.111562405834379,False
1.54,210.33764000879464,0.5144577605927324,7.652918170904043,False
1.5405,209.44685838197182,0.5143101988861499,6.226253181468166,False
1.541,207.8947117693886,0.5142130350917615,5.016054694699926,False
1.5415,205.84708010142984,0.5141722217458499,4.178460046054605,False
1.542,203.5348042435867,0.5141868971277264,3.821703211219924,False
1.5425,201.22401330948745,0.5142494888569648,3.9929261111591927,False
1.543,199.1823138868207,0.5143466682040273,4.672974311652209,False
1.5435,197.6452875216212,0.5144610184668584,5.779695069358359,False
1.544,196.78757591139626,0.514573190472294,7.179121566955131,False
1.5445,196.7020934767882,0.5146642624141343,8.702932134316397,False
1.545,197.38974856642622,0.5147180051337129,10.169845500085282,False
1.5455,198.76067285148352,0.5147227761507347,11.408220484963175,False
1.546,200.64654399168523,0.5146728198437095,12.27708126796442,False
1.5465,202.8222957021227,0.5145688281268241,12.683056493310353,False
1.547,205.03445634033207,0.5144177061057704,12.591249426955534,False
1.5475,207.03262305114228,0.514231581228755,12.028786098603552,False
1.548,208.60022355650818,0.5140261835474473,11.080652439120799,False
1.5485,209.58078637951726,0.5138188001688314,9.87835304133896,False
1.549,209.89645312460863,0.5136260602319882,8.582810285064758,False
1.5495,209.55640081421242,0.5134618300978645,7.363665023217761,False
1.55,208.6541132655784,0.5133354867011711,6.377628500295722,False
1.5505,207.3538944332615,0.5132507893796192,5.7486805278341935,False
1.551,205.86844707471923,0.5132054919047361,5.552669378822309,False
1.5515,204.43052571258397,0.5131917375665423,5.808268041356836,False
1.552,203.262426766547,0.5131971757489604,6.475369651855703,False
1.5525,202.547291701944,0.513206644294764,7.461000853975136,False
1.553,202.40586128226096,0.513204191672465,8.631851137586523,False
1.5535,202.88151360318392,0.5131751752742153,9.831697645545738,False
1.554,203.93529187187656,0.5131081699541215,10.901445738296333,False
1.5545,205.45135030593173,0.5129964516626087,11.699252460575492,False
1.555,207.25197888289298,0.5128388784863168,12.11825470788687,False
1.5555,209.12024260320993,0.5126400673742254,12.099756878240376,False
1.556,210.8273902439601,0.5124098505491614,11.64029687789449,False
1.5565,212.16162878078953,0.5121620823134645,10.791746656218988,False
1.557,212.95468160153283,0.5119129459549112,9.654445200575312,False
1.5575,213.10278853740346,0.511678973089851,8.364224588956846,False
1.558,212.57946593208328,0.5114750259149965,7.074974015115352,False
1.5585,211.4383752646546,0.5113125000562813,5.9389853045918946,False
1.559,209.8059351117252,0.5111979789606829,5.08763860059669,False
1.5595,207.86468057432236,0.5111325119416534,4.6149542287743595,False
1.56,205.82962102096116,0.5111116044599088,4.566146295574157,False
1.5605,203.92077437313372,0.5111259131222624,4.932619025221996,False
1.561,202.33552071810834,0.5111625438390567,5.65395752766384,False
1.5615,201.2243609931231,0.5112067737110364,6.626521947292694,False
1.562,200.67312161282365,0.5112439662823888,7.717399814994632,False
1.5625,200.6937229269822,0.5112614314272114,8.781820436285882,False
1.563,201.2244815056867,0.5112499955175988,9.681757574315355,False
1.5635000000000001,202.13970518520844,0.5112050903660782,10.303366115779644,False
1.564,203.26720995734374,0.511127233604324,10.571100266336558,False
1.5645,204.41145449568677,0.511021850216357,10.456805051836291,False
1.565,205.37933769494757,0.5108984661720046,9.982704195019371,False
1.5655000000000001,206.00539864872437,0.5107693819466174,9.217959738067073,False
1.566,206.173234756753,0.5106479979191977,8.269275159071181,False
1.5665,205.83041954226002,0.510547007592445,7.266766032653908,False
1.567,204.9950225212801,0.5104766920600357,6.346935625515428,False
1.5675000000000001,203.75292219288568,0.5104435365732655,5.6349776292946645,False
1.568,202.2463213641905,0.510449347756792,5.228718325592117,False
1.5685,200.65504788709762,0.5104909829777637,5.186281378726724,False
1.569,199.17317575420844,0.510560720933312,5.519038510783587,False
1.5695000000000001,197.98408692575296,0.5106472169036433,6.19067788306107,False
1.57,197.23723310811454,0.5107369100411798,7.122393856953277,False
1.5705,197.0295474847881,0.51081569423544,8.203402492469879,False
1.571,197.39376988941737,0.5108706353043345,9.3053275437645,False
1.5715000000000001,198.29500529348078,0.5108915176357618,10.298559659527967,False
1.572,199.63577479765434,0.5108720307861564,11.068504753264158,False
1.5725,201.26877472108092,0.5108104556889829,11.529707340045917,False
1.573,203.01564584204792,0.5107097740719954,11.636135371255268,False
1.5735000000000001,204.68935883516014,0.5105771958283163,11.386401946726236,False
1.574,206.1174076471836,0.5104231697961332,10.823322392428269,False
1.5745,207.16291297450425,0.5102600062408243,10.027899255235235,False
1.575,207.74099229600117,0.5101002872798408,9.108519704473602,False
1.5755000000000001,207.82833817816635,0.5099552684293259,8.186758634986711,False
1.576,207.46480831510883,0.5098334760625451,7.381624805955603,False
1.5765,206.74686881528507,0.5097396804309714,6.794297563725623,False
1.577,205.81380813121402,0.5096743743737333,6.495337527109611,False
1.5775000000000001,204.82859666204936,0.5096338202859686,6.516016973268953,False
1.578,203.95596248960862,0.5096106519094962,6.844851260019953,False
1.5785,203.3405850566179,0.509594944180774,7.429706771219605,False
1.579,203.088236360305,0.5095756042765743,8.185120348349301,False
1.5795000000000001,203.2522506454905,0.5095418981659854,9.003796528441935,False
1.58,203.82696090769687,0.5094849136920437,9.770739147641562,False
1.5805,204.7488190940254,0.509398773765318,10.378178708926287,False
1.581,205.90494140500672,0.5092814485695911,10.73939828664414,False
1.5815000000000001,207.14790639863477,0.509135068332967,10.799731398019023,False
1.582,208.3148790957692,0.5089657014873061,10.543376210128741,False
1.5825,209.2486153818122,0.5087826296660128,9.99519718328918,False
1.583,209.81767289189023,0.5085972136209835,9.217311061147118,False
1.5835000000000001,209.9332489137025,0.5084214956521013,8.300911241155207,False
1.584,209.56048438941227,0.5082667181173051,7.354396212752141,False
1.5845,208.722779346578,0.5081419490776784,6.48935404630529,False
1.585,207.49857917005428,0.5080529926396214,5.80624389079337,False
1.5855000000000001,206.01109355140866,0.5080017239608968,5.381657433606468,False
1.586,204.4123571724008,0.507985931838558,5.258824240681553,False
1.5865,202.86379101330417,0.5079996832999224,5.4425733446765,False
1.587,201.51586334719096,0.5080341547426777,5.899347470351245,False
1.5875000000000001,200.4895203662166,0.5080788131757754,6.56218055805003,False
1.588,199.86176083236978,0.5081227875193309,7.339895849709066,False
1.5885,199.65712705435635,0.5081562490835377,8.129250804632607,False
1.589,199.846075507721,0.5081716238666231,8.82841046644858,False
1.5895000000000001,200.35029172117953,0.508164485311339,9.350004525842538,False
1.59,201.05414055006906,0.5081340201248483,9.632116772227423,False
1.5905,201.82069427717727,0.5080830155751529,9.64584622155829,False
1.591,202.5102356697248,0.5080173774746398,9.39852684614168,False
1.5915000000000001,202.99884708317518,0.5079452468699666,8.93224500572142,False
1.592,203.19470193521107,0.5078758335930463,8.317888430556478,False
1.5925,203.04997600601257,0.5078181203214164,7.645529167469529,False
1.593,202.56686511340487,0.5077796069777861,7.012414400402329,False
1.5935000000000001,201.79696858106013,0.5077652595457155,6.510148771591217,False
1.594,200.83417636059053,0.5077767998436168,6.212752254644961,False
1.5945,199.80206051659476,0.5078124268092314,6.167149475083577,False
1.595,198.83749428658177,0.5078670016936824,6.387305413006446,False
1.5955000000000001,198.07269902985968,0.5079326675908843,6.8527189461467835,False
1.596,197.61808612318057,0.5079998168682723,7.511395725931288,False
1.5965,197.54810364726634,0.5080582762217586,8.286832417093839,False
1.597,197.8918533950431,0.5080985537908453,9.088036971725028,False
1.5975000000000001,198.62958796496653,0.508112988502531,9.821247285200911,False
1.598,199.6954273743582,0.5080966579545603,10.40183041400565,False
1.5985,200.98585043948717,0.5080479345734753,10.76485718659044,False
1.599,202.3728097347877,0.5079686256636265,10.87304062333524,False
1.5995000000000001,203.71976581997535,0.5078636855528397,10.721072156696057,False
1.6,204.89859350026396,0.5077405412612807,10.335845841513963,False
1.6005,205.80521708014695,0.5076081209747623,9.772576739077419,False
1.601,206.37199729394143,0.5074757115395659,9.107337349467924,False
1.6015,206.57530747231797,0.507351792569467,8.426993296790133,False
1.602,206.437357314468,0.5072429974484635,7.817856420132996,False
1.6025,206.02207491252366,0.5071533345966389,7.354540825031663,False
1.603,205.42564204253372,0.5070837675930483,7.090476869994892,False
1.6035,204.76298382265614,0.5070322046059098,7.0513095838484015,False
1.604,204.15203936906994,0.5069938927595639,7.232012781529493,False
1.6045,203.69791014439338,0.5069621593917071,7.598046014802065,False
1.605,203.47896354186187,0.506929397200775,8.090342456938437,False
1.6055,203.53667269678562,0.5068881600777737,8.633418250420707,False
1.606,203.87045140248568,0.5068322245295757,9.145503421932913,False
1.6065,204.43807448561597,0.5067574788232534,9.549357069415457,False
1.607,205.16155031718915,0.5066625265518127,9.782367506255717,False
1.6075,205.93762326034587,0.5065489295054761,9.804651186719996,False
1.608,206.65150923132677,0.5064210615094131,9.604133316910387,False
1.6085,207.19207088617776,0.5062855945723942,9.197983914903205,False
1.609,207.46646507870267,0.506150685426359,8.630249962408477,False
1.6095,207.41236697931123,0.5060249687405523,7.966012693499998,False
1.61,207.00618940941357,0.5059164881408321,7.282849383618956,False
1.6105,206.26623965922394,0.5058317041781858,6.66073218522202,False
1.611,205.25042603058998,0.5057747080708069,6.171702171535213,False
1.6115,204.04885382310536,0.5057467423617797,5.8706821735935515,False
1.612,202.7723329902647,0.5057460881648074,5.788630191152055,False
1.6125,201.53835806763357,0.5057683292115954,5.928908162164652,False
1.613,200.4564375829318,0.5058069525867125,6.267297153718713,False
1.6135,199.61470323212174,0.5058542020472037,6.755595862129326,False
1.614,199.06951914923144,0.5059020682162623,7.3282664077541755,False
1.6145,198.83937851255183,0.5059432846331684,7.9112043197182995,False
1.615,198.90378743898265,0.5059722009873141,8.431455985234784,False
1.6155,199.20717854897399,0.5059854237294078,8.82661253315272,False
1.616,199.6672541700363,0.5059821464956735,9.052677924775018,False
1.6165,200.18660862399355,0.5059641339020698,9.089425611227187,False
1.617,200.66608218007482,0.5059353670500122,8.942592182461238,False
1.6175,201.01809936997003,0.505901402139507,8.642666641319213,False
1.618,201.17826387472988,0.5058685297894626,8.240471362200989,False
1.6185,201.1137201510265,0.5058428476061037,7.800142545534056,False
1.619,200.82722187013331,0.5058293689900235,7.39045196291259,False
1.6195,200.35641689747587,0.5058312855760162,7.075623049946782,False
1.62,199.7684939122916,0.5058494795711869,6.906852367689158,False
1.6205,199.15095000259413,0.5058823483117617,6.9156422912997835,False
1.621,198.59974533463603,0.5059259612572078,7.109796746129514,False
1.6215,198.20643933105845,0.5059745253105861,7.472565902464024,False
1.622,198.04600962261188,0.5060210940207991,7.965001554466148,False
1.6225,198.16693190553616,0.5060584253618822,8.531163049378176,False
1.623,198.584771302261,0.5060798752691529,9.105451270782133,False
1.6235,199.28005638916275,0.5060802117297828,9.621090392289,False
1.624,200.20064431448782,0.5060562466296002,10.01865174509185,False
1.6245,201.2682127536864,0.5060072075686167,10.25353047649574,False
1.625,202.3880007459107,0.5059348059553515,10.301436054043268,False
1.6255,203.46052395083922,0.5058429965445516,10.161220469686624,False
1.6260000000000001,204.39375434837666,0.5057374625250426,9.854710789953083,False
1.6265,205.1142066168501,0.5056248946899401,9.423595086458164,False
1.627,205.5755205637655,0.5055121589772636,8.923787327953603,False
1.6275,205.76345631367988,0.5054054604714614,8.418020821542713,False
1.6280000000000001,205.6966887141828,0.5053096118392605,7.967648473453764,False
1.6285,205.42334071714114,0.5052274998885226,7.624728914067922,False
1.629,205.0137585461286,0.5051598171776176,7.425434156486779,False
1.6295,204.55052604306894,0.5051050899079762,7.385631217777363,False
1.6300000000000001,204.11707187115746,0.5050599936424832,7.499192415978697,False
1.6305,203.78639198479053,0.5050199102730114,7.739219647853312,False
1.631,203.61137057539813,0.5049796483875579,8.061979716760334,False
1.6315,203.61794640261246,0.5049342288993965,8.412994584492516,False
1.6320000000000001,203.8019763483942,0.5048796309119966,8.734458584454456,False
1.6325,204.13015183567168,0.5048133997694816,8.972996763341953,False
1.633,204.5447934374106,0.5047350387175827,9.0867505594456,False
1.6335,204.97185160685567,0.5046461347359346,9.050878221942284,False
1.6340000000000001,205.3310367784718,0.5045502040533595,8.860772131277075,False
1.6345,205.54673754502926,0.5044522792431017,8.532595747813629,False
1.635,205.5582925785606,0.5043582931415983,8.101092313752432,False
1.6355,205.32827274620828,0.5042743410012434,7.614972659827507,False
1.6360000000000001,204.847695327709,0.5042059179016678,7.130505466938813,False
1.6365,204.13750075392792,0.5041572313426772,6.704168075471788,False
1.637,203.24612152445107,0.5041306785600573,6.385336383846794,False
1.6375,202.24349547441594,0.5041265556986644,6.209980303098855,False
1.6380000000000001,201.21234820949957,0.5041430345690499,6.196187329472362,False
1.6385,200.23792528996918,0.5041764067091532,6.342081611728575,False
1.639,199.397544215012,0.5042215589757802,6.62637686547422,False
1.6395,198.75133595229323,0.5042726148663028,7.011446554679584,False
1.6400000000000001,198.3353611559105,0.5043236552401543,7.448464044459924,False
1.6405,198.1579491256944,0.5043694235626349,7.883903108575065,False
1.641,198.1996690372341,0.5044059249272602,8.266527314515006,False
1.6415,198.4168640859071,0.5044308438961248,8.553952110407025,False
1.6420000000000001,198.74822197408275,0.5044437311824026,8.717936851622753,False
1.6425,199.12347530422207,0.5044459399583825,8.747742395404726,False
1.643,199.47306708226395,0.5044403251623122,8.651148751104923,False
1.6435,199.73750891759505,0.5044307495671762,8.453033772303364,False
1.6440000000000001,199.87521459641323,0.5044214648416457,8.191730069843935,False
1.6445,199.86780266212895,0.5044164513387585,7.9136637342943,False
1.645,199.72220242822038,0.5044188048955409,7.6669982972674875,False
1.6455,199.4693249146173,0.5044302518708129,7.495131304986619,False
1.6460000000000001,199.15951694804835,0.5044508558727738,7.430901691667885,False
1.6465,198.85544092028908,0.5044789535168815,7.492262092546822,False
1.647,198.62335608965878,0.5045113257044652,7.679966133156109,False
1.6475,198.52397473574658,0.5045435796046518,7.977545948865453,False
1.6480000000000001,198.60410334651377,0.5045706890513112,8.353548903820569,False
1.6485,198.89015458568764,0.5045876210705752,8.765707159027594,False
1.649,199.38435197345126,0.5045899661898312,9.166468433580183,False
1.6495,200.06408562023796,0.5045744910408413,9.509151193820733,False
1.6500000000000001,200.88446414539877,0.5045395430741983,9.753920625893038,False
1.6505,201.78369835788672,0.5044852571857593,9.8728179849831,False
1.651,202.69059632920295,0.5044135399997666,9.853207802836925,False
1.6515,203.53318894115748,0.5043278361562628,9.699216987556072,False
1.6520000000000001,204.24737000639144,0.5042327086915477,9.431000847064247,False
1.6525,204.7844416187243,0.5041332890881901,9.081951593994406,False
1.653,205.11660338360014,0.5040346688832925,8.694230264322183,False
1.6535,205.23969640587117,0.5039413117442948,8.313219325428847,False
1.6540000000000001,205.17287570814835,0.5038565616470931,7.981631677693464,False
1.6545,204.9552910282278,0.503782309546357,7.7340527333141065,False
1.655,204.64025095025372,0.5037188594149297,7.592629213108411,False
1.6555,204.28767459069434,0.5036650076545746,7.564459443058794,False
1.6560000000000001,203.95585305004275,0.5036183213536921,7.641007517220277,False
1.6565,203.6936203895898,0.503575574634974,7.799590660437029,False
1.657,203.53396267782972,0.5035332819621529,8.006713732157595,False
1.6575,203.48988676595008,0.5034882554075735,8.222784525771452,False
1.6580000000000001,203.55305925402868,0.5034381109016781,8.407569478754342,False
1.6585,203.6953544678472,0.5033816563884638,8.52566251397277,False
1.659,203.8730677438415,0.5033191113107551,8.551248722398055,False
1.6595,204.0332056560679,0.5032521296307978,8.47154598452764,False
1.6600000000000001,204.12100049798195,0.5031836246503455,8.288486947231227,False
1.6605,204.08764440521577,0.5031174199007801,8.018437639562304,False
1.661,203.8972174948696,0.5030577730393401,7.69000769615299,False
1.6615,203.5318971417498,0.5030088361224344,7.340257658182197,False
1.6620000000000001,202.99476816562012,0.5029741236829641,7.009818502614021,False
1.6625,202.30987640868102,0.5029560586092863,6.737579251503041,False
1.663,201.51953801271273,0.502955655051003,6.555650699685899,False
1.6635,200.67928307261045,0.5029723789006108,6.48526945148713,False
1.6640000000000001,199.85112435172573,0.5030042024015268,6.534172803227524,False
1.6645,199.09605620756102,0.503047843472295,6.695770935715675,False
1.665,198.4667772746482,0.5030991560363899,6.950197926273977,False
1.6655,198.00158324788322,0.5031536183239158,7.2670720802285675,False
1.666,197.72020352416388,0.5032068542765358,7.6095735099996915,False
1.6665,197.6220847851512,0.5032551202098594,7.939281751374659,False
1.667,197.68729500963312,0.5032956948750327,8.22112826262444,False
1.6675,197.87987762554104,0.503327124938664,8.427816562630733,False
1.668,198.1531717217323,0.5033492976434856,8.543143987774235,False
1.6685,198.45636894054672,0.50336333536285,8.563811059367698,False
1.669,198.74142987942403,0.5033713299678011,8.49950676562974,False
1.6695,198.96944943866933,0.503375955472666,8.371284689379998,False
1.67,199.11564471778271,0.5033800127531237,8.208467159635088,False
1.6705,199.17232962450174,0.5033859683184012,8.044504174256708,False
1.671,199.14951260287043,0.5033955491286978,7.912346193493258,False
1.6715,199.07307200656646,0.5034094472907362,7.839947587110704,False
1.672,198.98078508373217,0.5034271732404529,7.846492903202082,False
1.6725,198.9167678389279,0.5034470758103387,7.939834909909132,False
1.673,198.92508629603654,0.503466525154995,8.115466292109346,False
1.6735,199.04339836109313,0.503482232937699,8.357139599784423,False
1.674,199.29746828185617,0.5034906663590297,8.63903135883756,False
1.6745,199.69726776628363,0.5034885008387637,8.929145691319437,False
1.675,200.23515915445668,0.5034730518480481,9.193496276332786,False
1.6755,200.8863777373782,0.5034426298913226,9.400512000103397,False
1.676,201.6117296636054,0.5033967732961159,9.5250912827489,False
1.6765,202.36213727746224,0.5033363297548504,9.551783476438905,False
1.677,203.08443024263403,0.5032633773149957,9.476694693636674,False
1.6775,203.72762652514658,0.5031809962130975,9.307884228248652,False
1.678,204.2488906794661,0.5030929220010948,9.06421500366454,False
1.6785,204.61840476155194,0.5030031254331868,8.772822432567038,False
1.679,204.82253380965687,0.5029153736576593,8.465545140408688,False
1.6795,204.86489485901407,0.5028328291981091,8.174794840629012,False
1.68,204.76521659989598,0.502757737722756,7.92941324595417,False
1.6805,204.5561691365392,0.5026912433867136,7.751061372503629,False
1.681,204.27861023811937,0.5026333532228332,7.65161103001815,False
1.6815,203.97589948264,0.5025830520141824,7.631870113669393,False
1.682,203.68804700923297,0.5025385490597168,7.681791893620449,False
1.6825,203.4464744493139,0.5024976209782487,7.7821192103219525,False
1.683,203.2700722621651,0.5024580024895049,7.907224757382259,False
1.6835,203.1630548911126,0.50241777151493,8.028753840849033,False
1.684,203.11486929240849,0.5023756765601158,8.119575944141115,False
1.6845,203.10213727738784,0.5023313628006649,8.157517960253049,False
1.685,203.09234412366155,0.5022854673422551,8.128387946659721,False
1.6855,203.0487593845675,0.5022395718380864,8.027897752892178,False
1.686,202.93591912298453,0.5021960196842727,7.862242172513255,False
1.6865,202.72493125959585,0.502157622910507,7.647271727981976,False
1.687,202.3978955477715,0.5021272983347825,7.406382479798876,False
1.6875,201.95085279617552,0.5021076816871572,7.1674150476347425,False
1.688,201.3948781505062,0.5021007710327944,6.958984023117022,False
1.6885000000000001,200.7551838041389,0.5021076465928203,6.806730824799678,False
1.689,200.06836345641128,0.5021283035530766,6.72999808230402,False
1.6895,199.37815757585534,0.5021616191186168,6.73936140036937,False
1.69,198.73031121973432,0.5022054570490067,6.835333963975575,False
1.6905000000000001,198.16720890726205,0.5022568946985168,7.008398274593577,False
1.691,197.72298976278205,0.5023125416805314,7.240340260874369,False
1.6915,197.419770421977,0.5023689077913137,7.506688923950806,False
1.692,197.26544578273632,0.5024227722020242,7.779922579792537,False
1.6925000000000001,197.2533219567763,0.5024715067472453,8.033008662240862,False
1.693,197.3635918311426,0.5025133131091917,8.242808814454738,False
1.6935,197.5664238861702,0.5025473457380062,8.39290742178968,False
1.694,197.82622988005053,0.5025737077769622,8.475504762365754,False
1.6945000000000001,198.10653188675641,0.5025933240290674,8.49214371261169,False
1.695,198.37478117655974,0.5026077109504308,8.453194437972185,False
1.6955,198.6064980774493,0.5026186767682923,8.37618461082359,False
1.696,198.78820028390575,0.5026279934520861,8.283212514056302,False
1.6965000000000001,198.91875385391805,0.5026370853375046,8.197797655771273,False
1.697,199.0089942445537,0.5026467763511953,8.141593078307737,False
1.6975,199.07969581102313,0.5026571294179952,8.131396432493919,False
1.698,199.15818630501053,0.5026673989025063,8.176851740127143,False
1.6985000000000001,199.27407888804223,0.5026761015832318,8.279137156547378,False
1.699,199.4547048493015,0.5026811957707595,8.430799593844533,False
1.6995,199.72086174451027,0.5026803438999571,8.616743422731105,False
1.7,200.0834413675934,0.502671223129029,8.816228511913582,False
1.7005000000000001,200.5413783020126,0.502651842527361,9.005602648017337,False
1.701,201.081180720391,0.5026208250061098,9.161401425198774,False
1.7015,201.67809512703053,0.502577617174385,9.263405979606377,False
1.702,202.29874345717542,0.5025226000271477,9.297259832524311,False
1.7025000000000001,202.90488150029523,0.5024570864587827,9.256308174799214,False
1.703,203.45778555676716,0.5023832063341224,9.142427550454077,False
1.7035,203.92269698411712,0.5023036943479472,8.965747412044294,False
1.704,204.27275123737422,0.502221608321818,8.74331030482687,False
1.7045000000000001,204.49188940257318,0.5021400143405945,8.496855855062,False
1.705,204.57638690408618,0.502061679091296,8.250027327382371,False
1.7055,204.5348182829839,0.501988808412659,8.02537327386809,False
1.706,204.38648434154598,0.5019228645694693,7.841540787734483,False
1.7065000000000001,204.15853067924513,0.501864484001418,7.711027801772386,False
1.707,203.88215723458987,0.5018135037243444,7.638783758820888,False
1.7075,203.58843382374343,0.5017690900380584,7.621831725679183,False
1.708,203.30428160267473,0.5017299497012445,7.649946826998351,False
1.7085000000000001,203.04914968189055,0.5016945930882578,7.707284822147374,False
1.709,202.83281518439136,0.5016616124390687,7.774729854557552,False
1.7095,202.65457872644896,0.5016299369361777,7.832638305042938,False
1.71,202.50393751535339,0.5015990300781782,7.86360787146798,False
1.7105000000000001,202.36262068258424,0.5015690030760026,7.8549029032732465,False
1.711,202.20769209961875,0.5015406296074023,7.800217479908886,False
1.7115,202.0152878173591,0.5015152606550564,7.700549391911845,False
1.712,201.76447584451597,0.5014946515519089,7.56407860485421,False
1.7125000000000001,201.44071500504617,0.5014807250128833,7.405076973693662,False
1.713,201.03844804640272,0.5014753023297811,7.242004368079846,False
1.7135,200.56248394218122,0.5014798389570172,7.095053013693674,False
1.714,200.02798922172457,0.5014951999030957,6.983472612189268,False
1.7145000000000001,199.45909577324588,0.5015215048007926,6.923034319142244,False
1.715,198.88631732379386,0.5015580630366178,6.92396877360921,False
1.7155,198.3431235369484,0.5016034071992335,6.989645661117271,False
1.716,197.8621283190989,0.5016554200355215,7.116159584087201,False
1.7165000000000001,197.47139359109326,0.5017115378716275,7.292863907419119,False
1.717,197.19132665105622,0.5017690037041614,7.5037678751763375,False
1.7175,197.03256301801883,0.5018251371513974,7.729599764172441,False
1.718,196.9950904387849,0.5018775868877791,7.950254810391153,False
1.7185000000000001,197.0687029023018,0.5019245341601589,8.147301433123234,False
1.719,197.23469866385292,0.5019648229934486,8.306217740601825,False
1.7195,197.46857626601312,0.5019980027254133,8.418071501519819,False
1.72,197.74335755904832,0.5020242802013151,8.480434416347926,False
1.7205000000000001,198.03309204275203,0.5020443907732776,8.49742494751246,False
1.721,198.31608117041137,0.502059407668451,8.478889505384018,False
1.7215,198.57740578141747,0.502070516994512,8.438844445098436,False
1.722,198.81043816302656,0.5020787896772404,8.393396587720773,False
1.7225000000000001,199.01715911055075,0.5020849814857146,8.358425589283419,False
1.723,199.2072612096614,0.50208938805168,8.347339064807896,False
1.7235,199.39618094973164,0.5020917740285796,8.369197594700053,False
1.724,199.60234271791418,0.5020913853273301,8.42745382001273,False
1.7245000000000001,199.84399871177908,0.5020870420981522,8.519465275054463,False
1.725,200.13609739879578,0.5020772993177823,8.636836124219165,False
1.7255,200.48760371292576,0.5020606529224495,8.766532783547923,False
1.726,200.899629011619,0.5020357635510492,8.892617200638949,False
1.7265000000000001,201.36461757886912,0.5020016678509402,8.998362465239255,False
1.727,201.8666945893764,0.5019579491588947,9.068468306124835,False
1.7275,202.38312691366178,0.5019048448895287,9.091084388911622,False
1.728,202.88670291233748,0.5018432763696095,9.05937776092731,False
1.7285,203.34871893586873,0.5017747970259907,8.972443098413633,False
1.729,203.74218347220048,0.5017014654407761,8.835442238704637,False
1.7295,204.0448242878633,0.5016256594618764,8.658961349630674,False
1.73,204.24151254610226,0.5015498550567754,8.457676778972704,False
1.7305,204.32579691296408,0.5014763979556719,8.248510764915586,False
1.731,204.30035967304948,0.5014072967836344,8.04852393124265,False
1.7315,204.1763500884783,0.5013440632505343,7.8728241146628575,False
1.732,203.971698472955,0.5012876184784357,7.732766236144851,False
1.7325,203.70864773499906,0.5012382755821175,7.634676384276482,False
1.733,203.41083950365095,0.5011957984029903,7.579260845089999,False
1.7335,203.10034603500299,0.501159526222003,7.561767575251167,False
1.734,202.79504008832706,0.5011285457049104,7.572866458418813,False
1.7345,202.5066434622822,0.5011018854009193,7.6001194051094325,False
1.735,202.23969867626064,0.5010787055802872,7.629834690776777,False
1.7355,201.99158103254422,0.5010584573394444,7.649051814291727,False
1.736,201.75352749057632,0.5010409895061421,7.647389491306115,False
1.7365,201.51252329148565,0.5010265892708818,7.6185113843595795,False
1.737,201.2537748528707,0.5010159516314641,7.5610183426382775,False
1.7375,200.96342255620462,0.5010100824306017,7.478654694978199,False
1.738,200.63111905733865,0.5010101487070919,7.379808844980285,False
1.7385,200.25212086846128,0.5010172970961753,7.276382682411712,False
1.739,199.8286098150546,0.5010324651925921,7.182187642806247,False
1.7395,199.37006701636443,0.5010562115980367,7.111086600238579,False
1.74,198.89265075883327,0.5010885877327257,7.075132120957049,False
1.7405,198.41766347536554,0.5011290687842198,7.082948991159527,False
1.741,197.9693138392211,0.5011765531962628,7.138573090944397,False
1.7415,197.57207151604283,0.5012294309704816,7.240894925626989,False
1.742,197.24796243920966,0.5012857120138998,7.383773537519989,False
1.7425,197.0141555377472,0.5013431980311533,7.556796620632117,False
1.743,196.881148228272,0.5013996760431603,7.74657768687616,False
1.7435,196.85177457708545,0.50145310918521,7.93841231099799,False
1.744,196.9211488548273,0.501501801249113,8.118071527046567,False
1.7445,197.07753352831458,0.5015445153024035,8.273496514738662,False
1.745,197.30400097704842,0.5015805330658045,8.396175888473051,False
1.7455,197.58065779947037,0.501609649678712,8.482032254984398,False
1.746,197.8871320320128,0.5016321069705989,8.531711809893336,False
1.7465,198.20499518262028,0.5016484762784915,8.550250565532929,False
1.747,198.51980571135627,0.5016595081932219,8.546172854919405,False
1.7475,198.82251599003243,0.5016659705811147,8.530151394547612,False
1.748,199.1100731667749,0.5016684973273303,8.513413930711268,False
1.7485,199.38515384334642,0.5016674683709916,8.506112230652738,False
1.749,199.65508842451507,0.5016629370295129,8.515871112882648,False
1.7495,199.93013801798708,0.5016546139740867,8.54670837873128,False
1.75,200.221370749548,0.5016419094241433,8.598464788837466,False
1.7505,200.53843444062414,0.501624027226322,8.66681380126029,False
1.7510000000000001,200.88753260053858,0.5016000975251589,8.743843108725398,False
1.7515,201.26987990514507,0.5015693296281551,8.819124482917,False
1.752,201.68084649412788,0.5015311640643476,8.88112496855855,False
1.7525,202.109906896334,0.5014854030374866,8.918769188794483,False
1.7530000000000001,202.54140183505643,0.5014323014139312,8.922944744970282,False
1.7535,202.95601377049823,0.5013726056394693,8.887752343634377,False
1.754,203.33276372249316,0.5013075348361397,8.811337747479486,False
1.7545,203.6512696071949,0.5012387058827026,8.69619905008067,False
1.7550000000000001,203.89397351561382,0.5011680115443595,8.548932625165914,False
1.7555,204.04805110907373,0.5010974667462044,8.379455226647138,False
1.756,204.10675968995668,0.5010290420998953,8.199808397723277,False
1.7565,204.07005670573577,0.5009645052755017,8.022705553468736,False
1.7570000000000001,203.9444174178912,0.5009052895741268,7.860014673649552,False
1.7575,203.74188621600385,0.5008524052772506,7.721376189268953,False
1.758,203.47849635356442,0.500806403544105,7.613135576181792,False
1.7585,203.1722742350679,0.5007673955919235,7.537726244010653,False
1.7590000000000001,202.84109594644403,0.5007351225843223,7.493576661805412,False
1.7595,202.50067882438282,0.5007090650595568,7.475544823276303,False
1.76,202.16296792334367,0.5006885757332942,7.475812820171447,False
1.7605,201.8351199083502,0.5006730167594959,7.485113942384839,False
1.7610000000000001,201.51920342794276,0.5006618823616203,7.494122309858674,False
1.7615,201.2126370092999,0.5006548901342216,7.494815943239965,False
1.762,200.9092862698021,0.5006520289000143,7.4816305557173095,False
1.7625,200.60105495541748,0.5006535571429421,7.452251941681733,False
1.7630000000000001,200.2797403793357,0.5006599528843301,7.407945229524158,False
1.7635,199.93889138503732,0.5006718225074441,7.3533825082150495,False
1.764,199.57540989969667,0.5006897815863836,7.295997884649827,False
1.7645,199.1906746775291,0.500714324512155,7.244961855629678,False
1.7650000000000001,198.7910325793956,0.5007457011531005,7.209916660539751,False
1.7655,198.3875894491112,0.5007838177693162,7.199644499530012,False
1.766,197.9953274580804,0.5008281760840938,7.220847325059611,False
1.7665,197.63166582873765,0.5008778592717741,7.277199719992199,False
1.7670000000000001,197.31465503444403,0.5009315673658102,7.368797824101744,False
1.7675,197.06104130236727,0.5009876980800082,7.492072903748406,False
1.768,196.88445269262087,0.5010444631470766,7.640175575044738,False
1.7685,196.79393888174354,0.5011000257871746,7.803774437636738,False
1.7690000000000001,196.79304729904783,0.5011526423944923,7.972159243312214,False
1.7695,196.87954567584413,0.5012007912641413,8.134500619889097,False
1.77,197.04581544465657,0.5012432731601639,8.281100453473487,False
1.7705,197.27985325625872,0.5012792724400534,8.404471186303605,False
1.7710000000000001,197.56674053542616,0.5013083727506294,8.500107492267334,False
1.7715,197.89038329020545,0.5013305272786396,8.566856353894767,False
1.772,198.2352934171191,0.5013459893915476,8.60684565691461,False
1.7725,198.5881820609401,0.5013552144839452,8.624989853245202,False
1.7730000000000001,198.93916482746252,0.5013587473208401,8.628146382952984,False
1.7735,199.28243360936335,0.5013571107101019,8.624041261801246,False
1.774,199.6163229784071,0.5013507107668663,8.62011081610832,False
1.7745,199.94278071023788,0.5013397714537382,8.62241541112109,False
1.7750000000000001,200.26633119330728,0.501324306856493,8.634769220732002,False
1.7755,200.5926867921083,0.50130413436444,8.658199415410492,False
1.776,200.92720705951544,0.5012789262826183,8.690802883796177,False
1.7765,201.27342336145315,0.5012482921633552,8.728014926955781,False
1.7770000000000001,201.6318350214573,0.5012118799978365,8.76324948292623,False
1.7775,201.9991444408946,0.5011694818895144,8.788821610356678,False
1.778,202.36803828734526,0.5011211292519291,8.797026521356427,False
1.7785,202.72754800457395,0.5010671639852965,8.781230010832012,False
1.7790000000000001,203.06394543399043,0.5010082752793664,8.736825000585082,False
1.7795,203.36205841895057,0.5009454962263857,8.66192788511977,False
1.78,203.60683608335697,0.5008801597008534,8.557723755891784,False
1.7805,203.7849611090757,0.5008138182763827,8.428416623421555,False
1.7810000000000001,203.88630086296217,0.5007481376084607,8.280793207327813,False
1.7815,203.90501121617135,0.5006847761078219,8.12345979473221,False
1.782,203.8401533311957,0.5006252654219189,7.965854354238489,False
1.7825,203.69574830811706,0.5005709060161997,7.817164899062993,False
1.7830000000000001,203.48026868871088,0.500522690042732,7.685296232130625,False
1.7835,203.20563944060453,0.5004812599933716,7.576019274392453,False
1.784,202.88588428778263,0.5004469068641678,7.49241136692193,False
1.7845,202.53559767774456,0.5004196063574922,7.434655878370252,False
1.7850000000000001,202.16844247383582,0.500399086722828,7.400220699983271,False
1.7855,201.7958662582066,0.5003849178459159,7.384384462183519,False
1.786,201.42619626958592,0.5003766086628242,7.3810334355206555,False
1.7865,201.0642192900657,0.5003736992182114,7.383617188253538,False
1.7870000000000001,200.71128577752515,0.5003758347778364,7.386131674414806,False
1.7875,200.36590640109318,0.5003828121668006,7.383996866776895,False
1.788,200.02474343820026,0.5003945925396058,7.374712250726791,False
1.7885,199.6838478991298,0.5004112795361775,7.358205022387487,False
1.7890000000000001,199.339962411571,0.500433066594644,7.33682826358943,False
1.7895,198.99170363085173,0.5004601614328484,7.315013897627084,False
1.79,198.640456744233,0.5004926988174216,7.298631464220399,False
1.7905,198.29085567491887,0.5005306543105891,7.294142539177427,False
1.7910000000000001,197.9507800898649,0.500573771528931,7.3076668761061585,False
1.7915,197.63086635373273,0.5006215136068356,7.34408671502905,False
1.792,197.34359516641433,0.5006730462983363,7.406309018192468,False
1.7925,197.10207496569896,0.500727255930206,7.494782811383741,False
1.793,196.91867984762538,0.5007828008157563,7.607333619863289,False
1.7935,196.80371872041312,0.5008381903739455,7.739334128570096,False
1.794,196.7643066612947,0.5008918826495,7.884185536092484,False
1.7945,196.80358121622186,0.5009423886525365,8.034043586499378,False
1.795,196.92035986535961,0.5009883712065468,8.180692222383259,False
1.7955,197.10927657779612,0.5010287268761096,8.316450090575442,False
1.796,197.36137317680513,0.5010626418918208,8.434992784806473,False
1.7965,197.66506331833398,0.5010896164642182,8.531986714538547,False
1.797,198.00734068664536,0.5011094560073667,8.605456852965352,False
1.7975,198.37507430123753,0.5011222320286515,8.655846673759617,False
1.798,198.75622602580938,0.5011282192334033,8.68576949617812,False
1.7985,199.14083915426394,0.5011278182567876,8.69949083653939,False
1.799,199.52168021556318,0.5011214750130509,8.702215964901578,False
1.7995,199.8944642884947,0.5011096077567525,8.699281247191701,False
1.8,200.25765065757233,0.5010925515887785,8.695358944256713,False
1.8005,200.61185304041283,0.5010705275104611,8.693781635611348,False
1.801,200.9589592973959,0.5010436395957129,8.696074964620445,False
1.8015,201.30109287998766,0.5010118998934028,8.70175843123955,False
1.802,201.6395675075846,0.5009752768210733,8.708437453758657,False
1.8025,201.9739853674445,0.5009337595770798,8.712170799803664,False
1.803,202.3016079295092,0.5008874289035751,8.708060949402956,False
1.8035,202.61709031743246,0.5008365236565292,8.69098578659852,False
1.804,202.91262032627708,0.5007814931823715,8.656371971173535,False
1.8045,203.17844833425985,0.5007230273770351,8.600905660121262,False
1.805,203.40374179371042,0.5006620592516221,8.523085397492952,False
1.8055,203.57765459787473,0.5005997384517439,8.423543631665154,False
1.806,203.6904730385795,0.5005373779925676,8.305094496022372,False
1.8065,203.73468995630196,0.5004763799749536,8.172502023114191,False
1.807,203.70586826330475,0.500418148779723,8.03199999173404,False
1.8075,203.60318291923966,0.5003640018404233,7.890627218557582,False
1.808,203.42957285733542,0.500315088363838,7.755465984097539,False
1.8085,203.1914855642114,0.5002723252740732,7.632883284720395,False
1.809,202.89825010237135,0.5002363573552662,7.52787319244161,False
1.8095,202.56116219291155,0.5002075453768227,7.443584069175259,False
1.81,202.1924011583468,0.5001859823394019,7.381088794760678,False
1.8105,201.80391830738753,0.500171534373755,7.339423094692002,False
1.811,201.4064372550689,0.5001638997416922,7.315881047582912,False
1.8115,201.00868884506386,0.500162677235482,7.306522811224763,False
1.812,200.61696945303632,0.5001674343233063,7.3068220881971575,False
1.8125,200.2350663072095,0.5001777657511122,7.312363457930691,False
1.813,199.86454330321055,0.5001933349137954,7.319494604826231,False
1.8135000000000001,199.50533241234507,0.5002138929144472,7.3258461556266665,False
1.814,199.15653562264157,0.5002392734728053,7.330651071615451,False
1.8145,198.81731564040493,0.5002693652779507,7.334823573288623,False
1.815,198.48774367227333,0.5003040665424565,7.34079053249806,False
1.8155000000000001,198.1694805731973,0.500343228985779,7.35210167960043,False
1.816,197.86619215777685,0.5003865999321349,7.372874374497562,False
1.8165,197.58363701313402,0.5004337714705392,7.40715021127396,False
1.817,197.32941050537616,0.5004841446725743,7.45825160479771,False
1.8175000000000001,197.11237564531544,0.5005369148403817,7.528225449653672,False
1.818,196.94185375121177,0.5005910809487049,7.617448277025013,False
1.8185,196.82667982925463,0.500645479237142,7.724444949658435,False
1.819,196.7742451812317,0.500698837735801,7.845943987165497,False
1.8195000000000001,196.78965084973336,0.5007498457904835,7.977161078525905,False
1.82,196.87508027856725,0.5007972307443126,8.112272449670535,False
1.8205,197.0294703215371,0.5008398330686924,8.245015428725214,False
1.821,197.24852059381064,0.5008766715117208,8.369337878974157,False
1.8215000000000001,197.5250374436067,0.5009069911891999,8.480013029953572,False
1.822,197.84956631617553,0.500930289785056,8.573142094053562,False
1.8225,198.21123048852934,0.500946319846685,8.646482938596245,False
1.823,198.5986695931824,0.5009550681807393,8.699566747474101,False
1.8235000000000001,199.00096101279064,0.500956716181609,8.733592848143175,False
1.824,199.40841222604638,0.5009515871954366,8.751120958191667,False
1.8245,199.81313163719878,0.5009400884513832,8.75560622454367,False
1.825,200.20931658781936,0.5009226555062676,8.750842219925133,False
1.8255000000000001,200.59323589906438,0.5008997065099193,8.740388015466122,False
1.826,200.96292526047665,0.500871612005871,8.72705623311092,False
1.8265,201.3176516479559,0.5008386836588933,8.71252961095335,False
1.827,201.65723276105396,0.5008011825648,8.697155440035575,False
1.8275000000000001,201.98131537604434,0.5007593450177292,8.679942753306348,False
1.828,202.28872029131242,0.5007134211563391,8.65875967460097,False
1.8285,202.57695086689364,0.500663720106206,8.630701535242093,False
1.829,202.84193861844628,0.5006106543144235,8.592577774026843,False
1.8295000000000001,203.07806618599298,0.5005547758475692,8.541450191498011,False
1.83,203.27846975416966,0.5004967984764019,8.47514879450423,False
1.8305,203.43558476925008,0.5004376012516806,8.39269498580936,False
1.831,203.54186564109384,0.5003782117293878,8.294574667984566,False
1.8315000000000001,203.59058638653437,0.5003197697011793,8.182824166774965,False
1.832,203.57661794435418,0.5002634748681092,8.060916985428406,False
1.8325,203.49708058350976,0.5002105240210529,7.9334659131419185,False
1.833,203.35178599887254,0.5001620446803424,7.805779391795547,False
1.8335000000000001,203.1434111131651,0.5001190326195912,7.683330056537035,False
1.834,202.8773805527308,0.5000823001971791,7.57120449922666,False
1.8345,202.56147251255527,0.5000524410169099,7.473605121671095,False
1.835,202.2051981902044,0.5000298143312303,7.393467278005185,False
1.8355000000000001,201.8190334070548,0.5000145500744948,7.332238872145092,False
1.836,201.41359869884008,0.5000065728125465,7.289847426660539,False
1.8365,200.9988888002129,0.5000056405674745,7.2648544342638814,False
1.837,200.58364362193848,0.5000113927304027,7.25477198197486,False
1.8375000000000001,200.1749319116622,0.5000234003349874,7.256495539959935,False
1.838,199.77798880102364,0.5000412119418264,7.266792214199788,False
1.8385,199.39631354853498,0.5000643892653428,7.282777531122236,False
1.839,199.03199874956567,0.5000925283247393,7.302316651919671,False
1.8395000000000001,198.68623179553165,0.5001252640834443,7.324297275802194,False
1.84,198.35988742495928,0.500162258954213,7.3487397248887865,False
1.8405,198.05411960929285,0.5002031778613673,7.376732260537252,False
1.841,197.77086298652435,0.5002476544580112,7.410203479685608,False
1.8415000000000001,197.5131681295346,0.5002952543443517,7.451565482620516,False
1.842,197.28531903809525,0.5003454415652582,7.503278504323519,False
1.8425,197.09271198946624,0.5003975542342587,7.567397665945845,False
1.843,196.94150805088321,0.5004507939068482,7.6451642125521655,False
1.8435000000000001,196.83810266897706,0.5005042314830142,7.73669696432947,False
1.844,196.78848067768124,0.5005568302120748,7.840825746121827,False
1.8445,196.7975405800496,0.5006074841014744,7.955089259696329,False
1.845,196.86847615133357,0.5006550679976551,8.075897882905657,False
1.8455000000000001,197.00229591652027,0.500698494076821,8.19884017924891,False
1.846,197.197543067176,0.5007367686498139,8.319093338355373,False
1.8465,197.450252449071,0.5007690431462734,8.431884723796019,False
1.847,197.75415090848037,0.5007946538904425,8.532945784151442,False
1.8475000000000001,198.101076564575,0.5008131467038449,8.618901427369359,False
1.848,198.48156547603926,0.5008242842725715,8.687547186948546,False
1.8485,198.8855341433551,0.5008280363448577,8.73798179366542,False
1.849,199.3029758106276,0.5008245548993415,8.770582022851785,False
1.8495000000000001,199.72458880733564,0.5008141381788186,8.786827350398067,False
1.85,200.14226600056614,0.5007971886968732,8.78900131133345,False
1.8505,200.5493942492251,0.5007741708472031,8.779812006292085,False
1.851,200.94093885185757,0.5007455735210318,8.761983959408857,False
1.8515000000000001,201.31331685830602,0.5007118822081222,8.737876287740294,False
1.852,201.66409094373438,0.5006735635549253,8.709177616915348,False
1.8525,201.99153866897709,0.5006310634864979,8.676717049657459,False
1.853,202.29416737785522,0.500584818020201,8.6404143063122,False
1.8535000000000001,202.5702507625483,0.5005352740740894,8.599373106294292,False
1.854,202.81745861236564,0.5004829161434164,8.552102499961777,False
1.8545,203.03263717032937,0.5004282938717401,8.496833760172382,False
1.855,203.211775837459,0.500372045386287,8.43188784461168,False
1.8555000000000001,203.35016965265638,0.5003149118153686,8.356041968666759,False
1.856,203.44275958534104,0.5002577395798189,8.268844283259046,False
1.8565,203.48460786708094,0.5002014686894045,8.170832909188446,False
1.857,203.47144664432525,0.5001471071573114,8.063628617278079,False
1.8575,203.40022764299374,0.5000956935187842,7.949887482066102,False
1.858,203.26959965901065,0.5000482510542059,7.833118576437873,False
1.8585,203.08024958836256,0.5000057384585199,7.717389702312079,False
1.859,202.8350601412815,0.4999690022182268,7.606958876664534,False
1.8595,202.53906096501797,0.4999387357884617,7.505878863288669,False
1.86,202.1991764301253,0.4999154498327996,7.417625214295743,False
1.8605,201.8237992381308,0.49989945641309236,7.344794690071042,False
1.861,201.42224081604306,0.4998908682841201,7.28891111184174,False
1.8615,201.00412429290972,0.4998896125929838,7.25036105723575,False
1.862,200.57879180051975,0.49989545655474693,7.228464368523888,False
1.8625,200.15479422836458,0.4999080413023586,7.2216665932709025,False
1.863,199.73951902163546,0.4999269192675409,7.227824627681394,False
1.8635,199.33899196829378,0.4999515902425528,7.244545085399873,False
1.864,198.9578649326935,0.4999815317156955,7.26952878084832,False
1.8645,198.59957645028805,0.5000162200934851,7.30087492532428,False
1.865,198.26664937308232,0.500055140870851,7.337305049698646,False
1.8655,197.9610723479965,0.5000977874841152,7.378278324157368,False
1.866,197.68470205306198,0.5001436502501495,7.423985194261576,False
1.8665,197.4396219931811,0.5001921982341002,7.47522299470234,False
1.867,197.22840126467335,0.5002428579071966,7.533173176109392,False
1.8675,197.05421186680545,0.5002949929246518,7.599112866151512,False
1.868,196.9207837095169,0.5003478892165432,7.674101985341162,False
1.8685,196.83219959467746,0.5004007488687648,7.758689992685885,False
1.869,196.79255499506905,0.5004526950805865,7.8526832600214975,False
1.8695,196.80552641438513,0.500502788985641,7.955005575491477,False
1.87,196.8739050084531,0.5005500575184595,8.063671577407561,False
1.8705,196.99915736051017,0.5005935300136293,8.175877775270557,False
1.871,197.18107225991122,0.5006322800356187,8.288200269488737,False
1.8715,197.41754156452828,0.5006654682067501,8.396874390734443,False
1.872,197.70450626849203,0.5006923816180513,8.498121039128579,False
1.8725,198.03607806470646,0.5007124657888257,8.588478818938789,False
1.873,198.40482476074754,0.5007253460280443,8.665100796035789,False
1.8735,198.80218774176006,0.5007308363218311,8.725979796429806,False
1.874,199.2189838584261,0.5007289353566541,8.770075865150021,False
1.8745,199.64593462977794,0.5007198107929444,8.7973324826783,False
1.875,200.07416361966403,0.5007037742349302,8.80858265553978,False
1.8755,200.49560842298862,0.5006812503311409,8.805360147941567,False
1.8760000000000001,200.9033060482282,0.5006527439646298,8.789643063815546,False
1.8765,201.29152790241878,0.5006188094926444,8.763565192151333,False
1.877,201.65576072908814,0.5005800254813986,8.72913396509008,False
1.8775,201.99255004235164,0.5005369774291288,8.687992153307102,False
1.8780000000000001,202.29924018627742,0.5004902497128304,8.64125382331986,False
1.8785,202.57365784211393,0.5004404266028398,8.589434532450165,False
1.879,202.81379199048408,0.5003881008524164,8.532482678179017,False
1.8795,203.01752227254735,0.5003338872651406,8.469905107376489,False
1.8800000000000001,203.18243961337924,0.5002784379169493,8.400967368531997,False
1.8805,203.30578903188703,0.5002224554557069,8.32493903628247,False
1.881,203.3845466910452,0.5001667011493033,8.241348649072583,False
1.8815,203.41562387142088,0.5001119950659796,8.15021172328629,False
1.8820000000000001,203.39617228950596,0.5000592068488895,8.05219914095688,False
1.8825,203.32395047129054,0.5000092368436427,7.948721399835131,False
1.883,203.1977016808818,0.4999629886774841,7.841915634852274,False
1.8835,203.01749139685688,0.49992133559179136,7.734535416750195,False
1.8840000000000001,202.7849568246614,0.4998850837350397,7.629756340716413,False
1.8845,202.50343179038643,0.49985493611127957,7.53092159226735,False
1.885,202.17792608697005,0.49983146088613756,7.4412595339854315,False
1.8855,201.81495679857784,0.4998150672800038,7.363608867317674,False
1.8860000000000001,201.42224781900487,0.49980599139244475,7.300185656308035,False
1.8865,201.00833019972876,0.4998042931241383,7.252420674052825,False
1.887,200.58208793793472,0.4998098640521062,7.220885983751509,False
1.8875,200.1522997957417,0.49982244484612687,7.2053177266760295,False
1.8880000000000001,199.72722701179325,0.4998416497563004,7.2047293990458074,False
1.8885,199.314289526649,0.4998669949903209,7.21759817697469,False
1.889,198.9198606718133,0.49989792752167844,7.242097653744099,False
1.8895,198.5491939607223,0.49993385105434296,7.276344879222987,False
1.8900000000000001,198.2064779179071,0.4999741464804867,7.318628507252817,False
1.8905,197.8949981835233,0.5000181851138588,7.367588230627156,False
1.891,197.6173726476298,0.5000653341278252,7.422322983186681,False
1.8915,197.37581684189018,0.5001149548149054,7.4824155673408725,False
1.8920000000000001,197.1723942896774,0.5001663953525641,7.547873010832217,False
1.8925,197.00921021156054,0.5002189805658296,7.618993487062228,False
1.893,196.88851628953802,0.5002720016165619,7.696180511378878,False
1.8935,196.81270776007165,0.50032470856832,7.779732061920251,False
1.8940000000000001,196.78421003858796,0.5003763083783922,7.869635393315805,False
1.8945,196.805268200338,0.5004259701138877,7.965397263564946,False
1.895,196.8776667913403,0.5004728381827951,8.065934287654514,False
1.8955,197.00241775661263,0.5005160532513748,8.169539896110281,False
1.8960000000000001,197.1794594316253,0.500554779436762,8.273934056495433,False
1.8965,197.40740893369502,0.5005882354615371,8.376390908028265,False
1.897,197.683404071699,0.5006157268524282,8.47392922461566,False
1.8975,198.00305995786601,0.5006366760344524,8.563542490576351,False
1.8980000000000001,198.36055134820597,0.5006506473407761,8.642440376420618,False
1.8985,198.7488162453771,0.5006573645010359,8.708272141812678,False
1.899,199.15986149721874,0.5006567190124968,8.759305075478098,False
1.8995,199.58513892031885,0.5006487688274465,8.794537113608625,False
1.9000000000000001,200.01595240997005,0.5006337278724866,8.81373142539376,False
1.9005,200.44385354829774,0.5006119479118545,8.817370856732705,False
1.901,200.86098569942817,0.5005838950517136,8.80654034819198,False
1.9015,201.26034408689677,0.5005501236586657,8.78275445849623,False
1.9020000000000001,201.6359308394932,0.5005112505779888,8.747753769884255,False
1.9025,201.98279791639402,0.5004679322777666,8.70329738689148,False
1.903,202.29698532864143,0.5004208469551756,8.6509785535858,False
1.9035,202.57537525259562,0.5003706828046337,8.592086672946895,False
1.9040000000000001,202.8154927665764,0.500318132679647,8.527532250218705,False
1.9045,203.01528973794237,0.5002638944124493,8.45784242807344,False
1.905,203.17294913515167,0.500208675217812,8.383225032506823,False
1.9055,203.2867427059197,0.5001531980109242,8.303689709991929,False
1.9060000000000001,203.35496619268926,0.500098207191797,8.219207048044229,False
1.9065,203.37596427965602,0.5000444715245682,8.129881542205052,False
1.907,203.34824392778148,0.499992782156025,8.036112548929134,False
1.9075,203.27066149617565,0.49994394451470203,7.938719146198527,False
1.9080000000000001,203.14265785819845,0.4998987637138397,7.839009842457765,False
1.9085,202.96450809636872,0.49985802402786556,7.738785629642813,False
1.909,202.73754931056104,0.49982246389451146,7.640273933179436,False
1.9095,202.46435198657085,0.49979274859414347,7.546000342400453,False
1.9100000000000001,202.1488069642375,0.4997694431805444,7.458613352615598,False
1.9105,201.79611040434781,0.4997529883271975,7.380683600679087,False
1.911,201.41264186764604,0.4997436814991268,7.314502407053306,False
1.9115,201.00574396622972,0.49974166529794717,7.261904428919432,False
1.9120000000000001,200.58342423549155,0.49974692403352455,7.224135917264562,False
1.9125,200.15400928625857,0.4997592886565291,7.201783940112678,False
1.913,199.72578670860386,0.49977844926469683,7.194773844836068,False
1.9135,199.3066709443284,0.4998039735929505,7.202433299526787,False
1.9140000000000001,198.90392539761115,0.4998353293169994,7.223612689319454,False
1.9145,198.5239650193988,0.4998719077133711,7.256844591585476,False
1.915,198.17225262687379,0.4999130462569907,7.300520433523264,False
1.9155,197.8532898247257,0.49995804808721384,7.353060822078855,False
1.9160000000000001,197.57069126078824,0.5000061968799504,7.413057589618907,False
1.9165,197.3273206871326,0.5000567664392354,7.4793700517740636,False
1.917,197.12546023785458,0.5001090251576112,7.551164675956669,False
1.9175,196.96698135058864,0.5001622362765072,7.627895372022826,False
1.9180000000000001,196.85348716235944,0.5002156555006118,7.709229845501128,False
1.9185,196.7864017220602,0.5002685279025878,7.794934796054741,False
1.919,196.76699015926746,0.5003200861487719,7.88473823553499,False
1.9195,196.7963047873202,0.5003695518745225,7.978190141235501,False
1.92,196.87506350370407,0.50041614157131,8.074542702410163,False
1.9205,197.00347724307514,0.5004590776829353,8.17266860408822,False
1.921,197.18105125724358,0.5004976048373206,8.271030541256046,False
1.9215,197.40638960040323,0.5005310103677535,8.367708202265012,False
1.922,197.6770328146162,0.5005586476065895,8.460481247533323,False
1.9225,197.98935540309665,0.5005799599536597,8.546959365384929,False
1.923,198.33854273938138,0.5005945034931891,8.624744284698437,False
1.9235,198.7186575354199,0.5006019659852842,8.691604457992192,False
1.924,199.12279514948972,0.500602180382451,8.74564151389858,False
1.9245,199.54331627601124,0.5005951315745052,8.785428689930908,False
1.925,199.97213631012414,0.5005809557740388,8.810105113915752,False
1.9255,200.40104409486062,0.5005599327276814,8.819415497250812,False
1.926,200.82201965307928,0.5005324716770216,8.813691770128449,False
1.9265,201.2275212358569,0.5004990926043146,8.79378050767019,False
1.927,201.61071643983527,0.5004604047066378,8.760926711111651,False
1.9275,201.9656396378446,0.5004170841998413,8.716629752908652,False
1.928,202.2872675177177,0.5003698534453732,8.662490402234544,False
1.9285,202.57151486377367,0.5003194630386139,8.600068436707314,False
1.929,202.81516248412328,0.5002666779483543,8.530768369917114,False
1.9295,203.01573711381315,0.500212268130075,8.455766573072243,False
1.93,203.17136819373508,0.5001570033418834,8.375987131383281,False
1.9305,203.2806480114819,0.5001016512649813,8.29212695852562,False
1.931,203.34251963521623,0.5000469775539217,8.204723912448088,False
1.9315,203.35621170408032,0.4999937461782067,8.114255816948338,False
1.932,203.3212312269475,0.4999427183992023,8.021254166640206,False
1.9325,203.23741618703272,0.49989464895465474,7.926414413810108,False
1.933,203.1050402383,0.499850278463845,7.830685334643228,False
1.9335,202.92495340615574,0.4998103216577071,7.735322945927248,False
1.934,202.69873660140934,0.499775451698222,7.641899370368117,False
1.9345,202.42884474016168,0.49974628148943817,7.552263248742885,False
1.935,202.11871372782562,0.4997233434113981,7.468454924086168,False
1.9355,201.77281043442085,0.49970706925609754,7.39258578019406,False
1.936,201.39661152258316,0.4996977722642515,7.3266959782574155,False
1.9365,200.9965056678404,0.49969563303700465,7.27260775835063,False
1.937,200.57962315566758,0.4997006907447241,7.231792082413752,False
1.9375,200.15360578169654,0.4997128405229978,7.205264635199703,False
1.938,199.7263372314316,0.4997318373049709,7.193523334187085,False
1.9385000000000001,199.3056587276203,0.49975730567401266,7.1965340753276905,False
1.939,198.8990961292539,0.49978875471828893,7.213765208684675,False
1.9395,198.51362271005638,0.4998255964062684,7.24426504436502,False
1.94,198.15547685331353,0.4998671657365774,7.2867713631219795,False
1.9405000000000001,197.8300465927983,0.49991274087661486,7.339838144432176,False
1.941,197.54182432176918,0.4999615616907486,7.401963001073544,False
1.9415,197.29442625244968,0.5000128454394736,7.4716993137900465,False
1.942,197.090663498988,0.5000657989491528,7.547739680675999,False
1.9425000000000001,196.93264597706798,0.5001196271343411,7.62896164078484,False
1.943,196.8218973700599,0.500173538320781,7.7144320852940265,False
1.9435,196.75945953156128,0.5002267472905806,7.803372582029631,False
1.944,196.7459677886314,0.5002784772895321,7.895093227159168,False
1.9445000000000001,196.78168419541095,0.5003279623598491,7.988906890048468,False
1.945,196.86648305719754,0.500374451276579,8.084038286765058,False
1.9455,196.99979098547428,0.5004172140876316,8.179542891010685,False
1.946,197.1804912694913,0.5004555518264358,8.274249224947352,False
1.9465000000000001,197.4068084488176,0.5004888094431925,8.366734793352625,False
1.947,197.67619283924063,0.5005163914574939,8.455341294782338,False
1.9475,197.98522590519647,0.5005377793453842,8.538229394658396,False
1.948,198.32956565683844,0.5005525493035085,8.61346799284148,False
1.9485000000000001,198.70394692766098,0.5005603888310738,8.679148266359643,False
1.949,199.1022450461885,0.5005611105636177,8.733509417880159,False
1.9495,199.51760389541866,0.5005546619819986,8.775061434716628,False
1.95,199.94262164175456,0.5005411299811058,8.802690453779475,False
1.9505000000000001,200.36958050936224,0.5005207397691626,8.815734475611482,False
1.951,200.79070175877905,0.5004938481181418,8.814020876183308,False
1.9515,201.1984041548798,0.5004609315292893,8.797861930840032,False
1.952,201.5855440242919,0.5004225703471611,8.768009761194282,False
1.9525000000000001,201.9456175006225,0.5003794301933261,8.725577064019259,False
1.953,202.27291038511495,0.5003322422570001,8.671934041364395,False
1.9535,202.56258755972777,0.5002817839569988,8.60859460489346,False
1.954,202.8107212164041,0.5002288612848723,8.537105844943726,False
1.9545000000000001,203.01426434988244,0.5001742937837924,8.458953836652059,False
1.955,203.17098206991625,0.5001189026618703,8.37549624469605,False
1.9555,203.27935754164284,0.5000635020448198,8.287928250044121,False
1.956,203.33849123310094,0.5000088929081089,8.197283594635227,False
1.9565000000000001,203.34801143151984,0.4999558588550394,8.104467661453524,False
1.957,203.30801082704082,0.49990516267364565,8.010315131014426,False
1.9575,203.21901882169058,0.49985754254146403,7.9156614611191545,False
1.958,203.08201283105484,0.4998137068594062,7.8214156552446505,False
1.9585000000000001,202.89846509553067,0.4997743269664721,7.7286217398620565,False
1.959,202.6704153368151,0.4997400273768154,7.638498050831902,False
1.9595,202.40055482769736,0.4997113736346989,7.552446590306155,False
1.96,202.09230473500267,0.49968885833773935,7.4720289172802286,False
1.9605000000000001,201.74987130808825,0.49967288627134904,7.3989096996250785,False
1.961,201.37826264883282,0.49966375987307343,7.334773548363265,False
1.9615,200.98325611109456,0.49966166636630377,7.281224470664536,False
1.962,200.57131124667293,0.49966666785152425,7.239679722313897,False
1.9625000000000001,200.14942984352348,0.4996786954260452,7.211270696487274,False
1.963,199.72497109759817,0.4996975480485498,7.196762655543155,False
1.9635,199.30543545685882,0.4997228964193821,7.196502727735263,False
1.964,198.8982344542809,0.49975429166956625,7.21040199137147,False
1.9645000000000001,198.51046542660737,0.4997911782028809,7.237953154231485,False
1.965,198.14870922023246,0.4998329096728655,7.278280893788872,False
1.9655,197.81886595919457,0.49987876684488075,7.330217948791289,False
1.966,197.526039132833,0.4999279760185447,7.392397066080654,False
1.9665000000000001,197.27447232259686,0.4999797267728703,7.463347286446219,False
1.967,197.06753663439272,0.5000331880285431,7.541582987300107,False
1.9675,196.907761164492,0.5000875217634375,7.625675563771761,False
1.968,196.79689434572308,0.5001418941194651,7.714300395344238,False
1.9685000000000001,196.73598135433804,0.5001954840452177,7.806255415538658,False
1.969,196.725442209952,0.5002474899744719,7.900451668358307,False
1.9695,196.76513678568534,0.5002971352985419,7.995880146091863,False
1.97,196.85440639300833,0.5003436735179699,8.091562439312886,False
1.9705000000000001,196.9920864032274,0.5003863939417087,8.186494871939999,False
1.971,197.1764898329635,0.5004246286451494,8.279596575512059,False
1.9715,197.4053671963432,0.500457761126168,8.369671295871845,False
1.972,197.67585247956544,0.500485236750054,8.455390732751269,False
1.9725000000000001,197.98440821323837,0.5005065746986993,8.535304172595579,False
1.973,198.32678389327822,0.5005213807888171,8.607875504863726,False
1.9735,198.69800127109002,0.5005293602464159,8.671544905702653,False
1.974,199.09237740386033,0.5005303293584591,8.724809034495866,False
1.9745000000000001,199.50359218035683,0.5005242248907626,8.766310967233576,False
1.975,199.92480186963928,0.5005111102692325,8.794929622259405,False
1.9755,200.34879475665997,0.5004911777567237,8.809858300616117,False
1.976,200.7681798418667,0.5004647461910228,8.81066317112941,False
1.9765000000000001,201.1755955461438,0.5004322542391344,8.797314911458,False
1.977,201.5639228909742,0.5003942495207284,8.770189951968112,False
1.9775,201.92648702370025,0.5003513743101222,8.73004143293366,False
1.978,202.25723229234364,0.5003043487981305,8.677943598922502,False
1.9785000000000001,202.55085915640197,0.5002539530503132,8.615216449618204,False
1.979,202.80291563781518,0.5002010088197643,8.543339647452052,False
1.9795,203.00984118885708,0.5001463622611263,8.463865675682875,False
1.98,203.1689661074691,0.5000908683657413,8.37834193030502,False
1.9805000000000001,203.27847428819416,0.5000353776281987,8.28824987214059,False
1.981,203.33734056663252,0.4999807251048396,8.194966782542165,False
1.9815,203.3452557687519,0.49992772168241817,8.09975241218899,False
1.982,203.30255260415257,0.4998771470857809,8.003759328521678,False
1.9825000000000002,203.21014378080858,0.49982974395494856,7.9080625212163635,False
1.983,203.06948044313953,0.49978621223940367,7.813701248538408,False
1.9835,202.88253472102366,0.49974720319964,7.721724538513486,False
1.984,202.65180543475424,0.49971331246493045,7.633231397158556,False
1.9845,202.38034149154004,0.4996850718477226,7.549397656675612,False
1.985,202.071773856071,0.4996629399225102,7.4714833867939,False
1.9855,201.73034468155055,0.4996472916964426,7.4008176110305826,False
1.986,201.3609215597277,0.49963840798494535,7.338760325965833,False
1.9865,200.96898597017287,0.4996364653176406,7.286645069820494,False
1.987,200.5605877226637,0.4996415273075657,7.24570808657157,False
1.9875,200.14226111912615,0.49965353840410126,7.217012108953065,False
1.988,199.72090317782215,0.49967232081749124,7.201373679172959,False
1.9885,199.30361893942768,0.4996975751668891,7.199302630860703,False
1.989,198.89754298755074,0.4997288850947174,7.210960923001605,False
1.9895,198.50964932356027,0.499765725747498,7.236145652669247,False
1.99,198.1465632513479,0.49980747569084416,7.2742981069015435,False
1.9905,197.81438877118921,0.49985343154568446,7.32453754937146,False
1.991,197.51856319869785,0.4999028244381246,7.385715498274396,False
1.9915,197.2637475760704,0.49995483726876877,7.456483923445195,False
1.992,197.0537573654924,0.500008621836259,7.535369368968372,False
1.9925,196.89153345932084,0.5000633149863055,7.620844660923015,False
1.993,196.77914929632675,0.5001180531797244,7.711390609782087,False
1.9935,196.7178463836709,0.5001719851484291,7.805541838164513,False
1.994,196.70808822250294,0.5002242825983069,7.901913305416599,False
1.9945,196.7496217848681,0.5002741491830277,7.99920691904456,False
1.995,196.84153635540906,0.5003208281781364,8.096200434738213,False
1.9955,196.98231159440923,0.5003636094042782,8.191723276068897,False
1.996,197.16984978007522,0.5004018359684121,8.284625634782694,False
1.9965,197.40149089453794,0.5004349113124277,8.373748024755798,False
1.997,197.6740130053413,0.5004623068932865,8.457898264550202,False
1.9975,197.9836237367975,0.5004835705926661,8.535841697798288,False
1.998,198.32595106649572,0.5004983357000414,8.606308497149463,False
1.9985,198.69604289165343,0.5005063300675591,8.668019408602758,False
1.999,199.0883846264802,0.5005073848329264,8.71972861632089,False
1.9995,199.49694254073637,0.5005014419767878,8.760279901209728,False
2.0,199.9152378375195,0.500488559942964,8.788670260678114,False
