time_s,output_voltage_V,duty_cycle,inductor_current_A,bound_hit
0.0005,200.0,0.5,8.0,False
0.001,200.02455013400112,0.5,8.091941337524801,False
0.0015,200.115064368491,0.4998072815652801,8.243371148598877,False
0.002,200.28858174019354,0.49920477291140913,8.390972974285537,False
0.0025,200.52865642388875,0.4982409918823132,8.474702474212698,False
0.003,200.7923963814319,0.49712010783116334,8.46119966557866,False
0.0035,201.02739876241435,0.4961064509505493,8.35470257754994,False
0.004,201.19145496285503,0.495422448308022,8.193034069607336,False
0.0045000000000000005,201.26726703760153,0.4951686619670745,8.030967185523366,False
0.005,201.266568490124,0.4952951932533994,7.918120332664711,False
0.0055,201.22269704138688,0.49563400619742576,7.880533036864981,False
0.006,201.17557275709225,0.4959751583343544,7.912954480400759,False
0.006500000000000001,201.1557030223698,0.4961519916459336,7.983829780069228,False
0.007,201.17337257659358,0.49610065899691796,8.049746448200615,False
0.0075,201.21647278524108,0.4958746364508946,8.072973006854708,False
0.008,201.256967296054,0.4956141762339592,8.035347548452789,False
0.0085,201.26293286326097,0.49548598934601557,7.943696468439591,False
0.009000000000000001,201.21125904635477,0.49561724075724095,7.825367396465434,False
0.0095,201.09607140758766,0.4960489199176063,7.71626967739784,False
0.01,200.92990283924345,0.4967255695399318,7.646622478543058,False
0.0105,200.73778428384853,0.49752303949368787,7.630173237402763,False
0.011,200.5472587273437,0.49829997882714144,7.660736726825766,False
0.0115,200.37856755193064,0.4989502711861139,7.716584134032472,False
0.012,200.23863528871485,0.4994361831381487,7.770141037528979,False
0.0125,200.12061660999447,0.4997924101915255,7.798828286632352,False
0.013000000000000001,200.0085806065104,0.5001031544308517,7.792982382796411,False
0.0135,199.88513176048778,0.5004633523875992,7.758261351115446,False
0.014,199.73889729042438,0.500939456460957,7.712152470274404,False
0.0145,199.56909661473088,0.5015441862584605,7.676391957056492,False
0.015,199.3857332177804,0.5022336054851075,7.668494238649556,False
0.0155,199.20575105353413,0.5029257424643115,7.695641407517807,False
0.016,199.04699038595993,0.5035316294393825,7.752956422512327,False
0.0165,198.92237913308762,0.5039858286481763,7.826316542365806,False
0.017,198.83640946100184,0.5042653964916416,7.898194397470446,False
0.0175,198.78489767252555,0.5043919553653883,7.954127516074317,False
0.018000000000000002,198.75777992374708,0.5044180832979976,7.987470340602619,False
0.0185,198.743672322739,0.5044043383331269,8.000908944926433,False
0.019,198.7344130732508,0.5043957823573384,8.004478042187351,False
0.0195,198.72794576000473,0.5044063946560917,8.011082054007062,False
0.02,198.72862868756457,0.5044164210850858,8.031349532737424,False
0.0205,198.7450728389685,0.5043826254349026,8.069750814867609,False
0.021,198.786508972601,0.5042566092435687,8.123283093279518,False
0.021500000000000002,198.85912721158277,0.5040038011977832,8.182976436044916,False
0.022,198.9637082220213,0.5036162014044115,8.237438853987253,False
0.0225,199.0952911103228,0.503114884216101,8.27700628441554,False
0.023,199.24484744588912,0.5025422035128324,8.296968655172627,False
0.0235,199.40222534737356,0.5019472006152984,8.298780932891432,False
0.024,199.55921966768727,0.5013698531353314,8.288958339895292,False
0.0245,199.7116451050211,0.500829916539193,8.276214385297306,False
0.025,199.85972389732459,0.5003241524647252,8.268017037219696,False
0.025500000000000002,200.00677369541577,0.49983240697916964,8.267884159351542,False
0.026000000000000002,200.15682121349892,0.49932961962846484,8.274374647538771,False
0.0265,200.31212488262685,0.4987987857144434,8.282027636988534,False
0.027,200.47155005518658,0.49823990384423883,8.283755323025847,False
0.0275,200.63035358944936,0.4976718263806545,8.273690036831978,False
0.028,200.7813717055082,0.49712679441021634,8.249388065019874,False
0.0285,200.9170812965928,0.4966401608598815,8.21260636898497,False
0.029,201.03170850268842,0.49623943966171735,8.168455216428017,False
0.029500000000000002,201.12259075327827,0.4959368339325868,8.123358997744202,False
0.03,201.1903354604117,0.4957278307736362,8.082686378668681,False
0.0305,201.2378139062006,0.4955959493860774,8.048979290680897,False
0.031,201.26847499277386,0.4955213310937911,8.021410032304495,False
0.0315,201.28468517020758,0.4954895420900593,7.9965721411779045,False
0.032,201.2867297938114,0.4954971814249688,7.970189566424786,False
0.0325,201.27280271743058,0.49555241659495813,7.939012971248583,False
0.033,201.2399052794199,0.49567067561959083,7.902163222819578,False
0.0335,201.18523466408095,0.4958675501839719,7.8614555145853275,False
0.034,201.10748848320958,0.4961518563651812,7.8206658742605955,False
0.0345,201.00759164412074,0.49652150097738684,7.784109673376191,False
0.035,200.88861511481562,0.49696350952506185,7.755133208865947,False
0.035500000000000004,200.7549858796,0.49745785538042553,7.735098008827343,False
0.036000000000000004,200.61134732451634,0.49798330138145913,7.723193814029752,False
0.0365,200.46152471599308,0.49852287135602574,7.717067629766073,False
0.037,200.30796279775475,0.499066960451655,7.713949398930645,False
0.0375,200.1517865909253,0.4996132007879949,7.711801974100697,False
0.038,199.99338797505084,0.5001635103570771,7.710063327436328,False
0.0385,199.83325490866173,0.500719755473642,7.709745063878019,False
0.039,199.67269856593438,0.50127982217579,7.712913922431721,False
0.0395,199.5142059688629,0.5018355578924321,7.72180847223092,False
0.04,199.36131143143035,0.5023732050928136,7.737952234080254,False
0.0405,199.2180680198334,0.5028759644252795,7.761588791095103,False
0.041,199.0883382157622,0.5033275786527056,7.791613047037272,False
0.0415,198.97516604846962,0.5037155732382633,7.825974577461204,False
0.042,198.88043680169318,0.5040330602743985,7.862361628038896,False
0.0425,198.80490697735587,0.504278643936596,7.89889400338453,False
0.043000000000000003,198.74854786797954,0.5044546868053922,7.934577923829014,False
0.043500000000000004,198.71104125468847,0.5045647454825973,7.969385390387663,False
0.044,198.69222834444864,0.5046111926403424,8.00396770812447,False
0.0445,198.69234967304985,0.5045938748699254,8.039142607561228,False
0.045,198.71200472267773,0.5045102044284506,8.075362944779412,False
0.0455,198.75186842613817,0.5043565305201532,8.112363481157212,False
0.046,198.81228753904225,0.5041301858500645,8.149101774150498,False
0.0465,198.8929145714441,0.503831407752493,8.183994234544686,False
0.047,198.99251269180118,0.5034644376210288,8.21534250953441,False
0.0475,199.10899519033705,0.5030374445951485,8.241785077980758,False
0.048,199.23967580603124,0.502561360022575,8.262611907790694,False
0.0485,199.38163346190652,0.5020480873225979,8.27784060894881,False
0.049,199.53206155167624,0.501508739896898,8.288045449465246,False
0.0495,199.68848746752806,0.5009525026835271,8.294020663904252,False
0.05,199.84880412590005,0.5003864442072808,8.296414227016912,False
0.0505,200.01112901420066,0.4998162338956885,8.295469611144291,False
0.051000000000000004,200.17356947061182,0.49924738649735206,8.29096349373422,False
0.051500000000000004,200.3340026451253,0.49868648364354257,8.282348277616432,False
0.052000000000000005,200.48996577894408,0.49814186728135906,8.269030898441612,False
0.0525,200.6387044425812,0.4976235315130696,8.250672588162766,False
0.053,200.7773633107656,0.49714226020042873,8.227393791474636,False
0.0535,200.90325058666778,0.49670834162843996,8.199811738761086,False
0.054,201.0140830487629,0.49633033336274884,8.168906290074617,False
0.0545,201.1081314152882,0.49601430405604746,8.135775135378953,False
0.055,201.18422824146865,0.4957637724929397,8.101377265578698,False
0.0555,201.241654604222,0.49558028648344365,8.066360906111056,False
0.056,201.27996566684675,0.4954643476006542,8.031032531269487,False
0.0565,201.29883253920542,0.49541628188540104,7.995465083676453,False
0.057,201.29796390250888,0.49543671367992204,7.959690230678126,False
0.0575,201.2771335005685,0.4955264852239591,7.9238916953122205,False
0.058,201.23629518617182,0.49568609622938425,7.8885231588508935,False
0.0585,201.17573355078252,0.49591492161478923,7.854309645124016,False
0.059000000000000004,201.09618741144612,0.49621053444685914,7.822139526455367,False
0.059500000000000004,200.99889779400357,0.4965683977958947,7.79289555920384,False
0.06,200.88556375872938,0.49698202954367027,7.767292300784174,False
0.0605,200.758224612897,0.4974435586913162,7.745778600222958,False
0.061,200.6191118416554,0.4979444547780524,7.728533570317153,False
0.0615,200.47051999324086,0.4984761719591058,7.715546339865861,False
0.062,200.3147324864751,0.4990305116840072,7.706739345853085,False
0.0625,200.15401295847437,0.4995996379514395,7.7020827846485505,False
0.063,199.9906462315744,0.5001758198397995,7.701656710011793,False
0.0635,199.8269953579158,0.500751072963932,7.705641516164087,False
0.064,199.6655381086279,0.501316893126646,7.71424641835635,False
0.0645,199.50885726404277,0.5018642220974123,7.727607797257341,False
0.065,199.35957851402452,0.5023836854331727,7.745697423477976,False
0.0655,199.22026960857968,0.5028660378160211,7.768273221034279,False
0.066,199.09332733796924,0.5033026813626732,7.794886811530229,False
0.0665,198.98088107033223,0.5036861082505399,7.824940542490992,False
0.067,198.88473339003212,0.5040101593029358,7.857770147300468,False
0.0675,198.8063439503239,0.5042700640120071,7.892722953384171,False
0.068,198.74684779123947,0.5044623047090623,7.929206695741355,False
0.0685,198.70708936630413,0.5045844006372633,7.966697430600739,False
0.069,198.6876513662524,0.5046347207043571,8.004711150974682,False
0.0695,198.68886305881432,0.5046124065221513,8.042756532952364,False
0.07,198.71078350784953,0.50451743368076,8.080291593424123,False
0.07050000000000001,198.75316644255838,0.504350780481125,8.116703730993322,False
0.07100000000000001,198.81542159594355,0.5041146306442899,8.151322587543923,False
0.07150000000000001,198.8965894324373,0.503812523449886,8.183462510942345,False
0.07200000000000001,198.99534203820846,0.5034493835374226,8.212480791551076,False
0.0725,199.11001445841222,0.5030314042676441,8.237832877122798,False
0.073,199.23866121779275,0.5025658068974899,8.259107799406427,False
0.0735,199.37912558810135,0.5020605354950233,8.276034882666655,False
0.074,199.52910674751055,0.5015239619682582,8.288463287911894,False
0.0745,199.68621286463505,0.5009646631547429,8.296325163290343,False
0.075,199.84799495441865,0.5003912987016613,8.299597881326049,False
0.0755,200.01196437471702,0.4998125776933641,8.298279612282212,False
0.076,200.17560304825716,0.4992372689770309,8.292386118029171,False
0.0765,200.33637771819167,0.49867419662243806,8.281967807199422,False
0.077,200.49176718836722,0.49813217185877784,8.267138206404994,False
0.0775,200.63930571881667,0.497619841140952,8.24810097328667,False
0.078,200.7766389306852,0.49714546499893336,8.22516370072984,False
0.0785,200.9015833799106,0.49671667033468175,8.19873231136574,False
0.079,201.01217928456367,0.4963402295066971,8.16928744022521,False
0.0795,201.1067281827012,0.49602190970860693,8.137350815775951,False
0.08,201.18381244667563,0.495766410712081,8.103452790303148,False
0.0805,201.2422994342845,0.4955773787012848,8.068110844943012,False
0.081,201.2813373230786,0.4954574606736174,8.031823906666084,False
0.0815,201.30035082643994,0.49540835621909934,7.995080845820093,False
0.082,201.29904282520872,0.49543083326288145,7.958376186975986,False
0.0825,201.2774035763077,0.4955246964405125,7.922223847932998,False
0.083,201.23572447081142,0.49568872158726424,7.887161239231133,False
0.0835,201.17461017467772,0.4959205874273866,7.853740417209663,False
0.084,201.09498250290062,0.4962168396256345,7.822508256154144,False
0.0845,200.99807152556176,0.49657291241777674,7.793981665974795,False
0.085,200.88539313053505,0.4969832141140736,7.7686252690759945,False
0.0855,200.75871600253473,0.49744126297798386,7.746837378680333,False
0.08600000000000001,200.62002329900875,0.49793984701185506,7.728946483964623,False
0.08650000000000001,200.4714744761246,0.49847117931332063,7.715216350349857,False
0.08700000000000001,200.3153709118777,0.4990270294334015,7.705854904946145,False
0.08750000000000001,200.15412609764627,0.4995988260367176,7.701021300767359,False
0.088,199.99023844217612,0.5001777407458177,7.7008270083550885,False
0.0885,199.82626317912323,0.5007547717783518,7.705329685387091,False
0.089,199.6647799590436,0.5013208461518119,7.714521682818769,False
0.0895,199.5083542399722,0.5018669516765509,7.728317184544198,False
0.09,199.3594928564403,0.5023842983180712,7.746542466923788,False
0.0905,199.22059624783563,0.5028644975027392,7.768932610831961,False
0.091,199.0939110317207,0.503299741484329,7.795135804582736,False
0.0915,198.98148659378813,0.5036829647668085,7.824724044506517,False
0.092,198.88513828350878,0.5040079750795818,7.857207410927032,False
0.0925,198.80641816097167,0.5042695499068857,7.892048655524689,False
0.093,198.7465926759216,0.5044635027445372,7.928675585042247,False
0.0935,198.70662570516237,0.5045867283051387,7.9664902477304445,False
0.094,198.6871652783157,0.5046372364768436,8.004875580806468,False
0.0945,198.68853299823718,0.5046141813504413,8.043201343458614,False
0.095,198.71071625740618,0.5045178858422424,8.080831461257368,False
0.0955,198.75336439497215,0.5043498567556811,8.117134308010455,False
0.096,198.81579051870057,0.504112781680584,8.151496236163432,False
0.0965,198.89698061590119,0.5038104990991519,8.183337317659301,False
0.097,198.99561083727153,0.5034479363466903,8.212127267876287,False
0.0975,199.11007272096353,0.5030310154160142,8.237399232103561,False
0.098,199.2385050129293,0.5025665321129338,8.258759589998782,False
0.0985,199.3788299949398,0.502062017927462,8.275892979323663,False
0.099,199.52879207021985,0.5015255950146693,8.288562968999644,False
0.0995,199.68599678262345,0.5009658327524733,8.296609793530056,False
0.1,199.84794925985616,0.5003916103653733,8.299946977122659,False
0.1005,200.01209195304938,0.4998119856424845,8.298558425951937,False
0.101,200.1758421710627,0.499236066479317,8.292496794560568,False
0.1015,200.33663007068031,0.4986728809560261,8.281882961451068,False
0.10200000000000001,200.4919374414928,0.4981312431383252,8.266905656409348,False
0.10250000000000001,200.63933697942792,0.49761961500829716,8.247819955466344,False
0.10300000000000001,200.77653105264156,0.49714596852742277,8.22494359296721,False
0.10350000000000001,200.9013885082775,0.4967176543486824,8.198650708819596,False
0.10400000000000001,201.0119780245646,0.4963412841555369,8.169363466716105,False
0.1045,201.10659688858064,0.4960226318780576,8.137542617796244,False
0.105,201.18379472211288,0.49576655583968937,8.103678303252671,False
0.1055,201.24239233883407,0.49557694047477147,8.068282125361272,False
0.106,201.28149635629782,0.4954566538954937,8.031880898303408,False
0.1065,201.30051026876237,0.4954075170619239,7.995011777525284,False
0.107,201.29914242390026,0.49543028163934405,7.958217939108625,False
0.1075,201.27741088508697,0.4955246161073046,7.922043827116542,False
0.108,201.23564471514348,0.49568910221012463,7.887029236008822,False
0.1085,201.17448097823203,0.49592124537149107,7.853702016718587,False
0.109,201.09485681831546,0.49621750267062187,7.822569763302649,False
0.1095,200.99799630316056,0.49657333048601204,7.794111228312443,False
0.11,200.8853921874872,0.4969832516123758,7.768768295133868,False
0.1105,200.75878317228688,0.49744093945894163,7.74693910499319,False
0.111,200.62012747654532,0.4979393156256172,7.728972517291318,False
0.1115,200.47157353465016,0.4984706570849866,7.715163658465089,False
0.112,200.3154284287889,0.4990267102075146,7.705750054552836,False
0.1125,200.1541243746395,0.49959881038647697,7.700907834229061,False
0.113,199.99018333590925,0.5001780073428295,7.700747715255226,False
0.1135,199.82617975149316,0.5007551967650805,7.705310843838598,False
0.114,199.6647014532985,0.5013212585601033,7.71456490098964,False
0.1145,199.508309095349,0.5018672008389023,7.728401099642498,False
0.115,199.3594947175626,0.5023843072903718,7.746632710124099,False
0.1155,199.2206403302145,0.5028642843308292,7.768995584632846,False
0.116,199.09397755211228,0.5032994037529499,7.7951508789848685,False
0.1165,198.98154933925395,0.5036826366759265,7.824689891911056,False
0.117,198.88517472366428,0.504007775292454,7.85714074394126,False
0.11750000000000001,198.8064173008734,0.5042695399073962,7.8919765418510215,False
0.11800000000000001,198.7465580242483,0.5044636697118381,7.928624711625101,False
0.11850000000000001,198.70657273377634,0.5045869963668013,7.966477283143974,False
0.11900000000000001,198.68711478262694,0.5046374996862031,8.00490200692825,False
0.11950000000000001,198.68850310968608,0.5046143445942988,8.043254221165247,False
0.12,198.71071609981345,0.5045178983034008,8.080889340215375,False
0.1205,198.7533915300711,0.5043497265640035,8.117175715892603,False
0.121,198.81583278704457,0.5041125680735987,8.151507473135245,False
0.1215,198.8970213507752,0.5038102867586935,8.183316799316875,False
0.122,198.9956352964741,0.5034478025879641,8.212085121526995,False
0.1225,199.11007330923985,0.5030310026400815,8.237352664322366,False
0.123,199.23848348968897,0.5025666350973264,8.258726034315332,False
0.1235,199.37879609069407,0.50206218945858,8.275883689981583,False
0.124,199.52875928607645,0.5015257664547538,8.288579370469261,False
0.1245,199.68597712243096,0.5009659409285291,8.29664372229909,False
0.125,199.84794891312728,0.5003916204476534,8.299984442475166,False
0.1255,200.0121094549748,0.4998119018604544,8.298585244525938,False
0.126,200.17586954242608,0.49923592756901997,8.29250387348415,False
0.1265,200.33665629748444,0.49867274310979887,8.281869289269748,False
0.127,200.49195282499159,0.49813115770103716,8.266878050943884,False
0.1275,200.63933666341376,0.4976196096421979,8.247789899007971,False
0.128,200.77651646307743,0.49714603867118123,8.224922557353633,False
0.1285,200.901366317754,0.4967177674443881,8.198645843420557,False
0.129,201.01195721854597,0.4963413941134802,8.169375250770432,False
0.1295,201.10658518841802,0.4960226975428734,8.13756521675228,False
0.13,201.18379577105242,0.49576655614910176,8.103702285907962,False
0.1305,201.2424046599682,0.49557688080169615,8.068298325334663,False
0.131,201.28151433735107,0.4954565618466126,8.031883860711291,False
0.1315,201.30052663447347,0.49540743017129446,7.9950015129649366,False
0.132,201.29915113196466,0.4954302323058462,7.958199456679914,False
0.1325,201.2774093076893,0.4955246197483603,7.922024810413271,False
0.133,201.23563433716262,0.49568915287851534,7.887016904853798,False
0.1335,201.17446647584518,0.49592131986542154,7.853700438601098,False
0.134,201.0948440113353,0.496217570829086,7.822578595907165,False
0.1345,200.99798985886895,0.4965733672030524,7.794126241512259,False
0.135,200.8853939676633,0.4969832458529271,7.7687833125665975,False
0.1355,200.75879178802964,0.4974408971366672,7.746948500485556,False
0.136,200.62013910522913,0.4979392558298242,7.7289732734772185,False
0.1365,200.47158357234179,0.49847060371091273,7.715156255608607,False
0.137,200.31543327921483,0.49902668257802774,7.70573796876829,False
0.1375,200.1541226936895,0.49959881647647647,7.700895966998935,False
0.138,199.99017632162062,0.5001780418797929,7.700740442848259,False
0.1385,199.82617046526224,0.5007552444292918,7.705310447277858,False
0.139,199.6646935179974,0.5013213005910814,7.714570919425273,False
0.1395,199.50830531071787,0.5018672222696048,7.72841075446536,False
0.14,199.35949610897424,0.5023843020869733,7.746642139032156,False
0.1405,199.22064593640133,0.5028642567649636,7.769001355048869,False
0.14100000000000001,199.09398495761118,0.5032993658803917,7.795151201924042,False
0.14150000000000001,198.9815556864399,0.503682603222993,7.824685124034737,False
0.14200000000000002,198.88517779184835,0.5040077580569919,7.857133063871851,False
0.14250000000000002,198.80641625586466,0.504269543744521,7.891968995814878,False
0.14300000000000002,198.74655359835015,0.50446369140028,7.9286200316424935,False
0.14350000000000002,198.7065668233484,0.5045870264935087,7.966476924556259,False
0.14400000000000002,198.68710966043287,0.5046375265943791,8.004905732033004,False
0.1445,198.6885005695038,0.5046143587919402,8.043260330506056,False
0.145,198.71071684707002,0.5045178957101307,8.08089541215196,False
0.1455,198.75339501711036,0.5043497095312184,8.117179545007454,False
0.146,198.8158375154882,0.5041125439989061,8.151507852727427,False
0.1465,198.89702549380033,0.5038102649905024,8.183313878241663,False
0.147,198.99563739038817,0.5034477908726822,8.212080240304239,False
0.1475,199.1100727581937,0.5030310044310178,8.237347770688139,False
0.148,199.23848071443598,0.5025666486340148,8.258722922979345,False
0.1485,199.37879229412266,0.5020622088180939,8.275883357037792,False
0.149,199.5287559499038,0.5015257840461301,8.288581710018759,False
0.1495,199.68597543962173,0.5009659504125079,8.296647651393927,False
0.15,199.8479493697645,0.5003916189785461,8.29998837709134,False
0.1505,200.0121117052396,0.4998118908716147,8.298587725191457,False
0.151,200.1758726018018,0.49923591191424044,8.29250409771232,False
0.1515,200.3366589592204,0.49867272899590753,8.281867359380497,False
0.152,200.49195412809289,0.49813115026837473,8.266874865342029,False
0.1525,200.63933623307594,0.4976196111236895,8.247786753586935,False
0.153,200.77651460502116,0.49714604777998705,8.224920628030212,False
0.1535,200.90136384918014,0.49671778013206414,8.198645753554738,False
0.154,201.01195511933534,0.49634140531203697,8.169376880497143,False
0.1545,201.1065842182889,0.4960227031581321,8.137567808050317,False
0.155,201.18379620049674,0.4957665545299911,8.10370478080576,False
0.1555,201.2424062082351,0.4955768731670756,8.06829979058463,False
0.156,201.28151632454515,0.49545655158842805,8.031883830595751,False
0.1565,201.30052827251242,0.49540742138885446,7.995000126418707,False
0.157,201.29915183216778,0.49543022819237537,7.958197353470401,False
0.1575,201.2774088865142,0.4955246214573995,7.922022846094718,False
0.158,201.23563305052426,0.49568915926206586,7.887015808422661,False
0.1585,201.17446488389965,0.4959213281088389,7.853700547997592,False
0.159,201.09484274008958,0.4962175776625046,7.822579764941409,False
0.1595,200.99798935829227,0.49657337017728603,7.794127938119749,False
0.16,200.88539435816324,0.4969832441895651,7.768784853749335,False
0.1605,200.75879284507866,0.4974408918695386,7.7469493225490496,False
0.161,200.62014037496803,0.4979392492507267,7.728973132431212,False
0.1615,200.47158456230378,0.4984705983946534,7.715155289057014,False
0.162,200.31543364554372,0.4990266803936888,7.705736609384364,False
0.1625,200.15412235530258,0.4995988179566274,7.700894754253636,False
0.163,199.9901754659482,0.5001780461479336,7.700739812973701,False
0.1635,199.82616945402887,0.5007552496572282,7.7053105814953735,False
0.164,199.66469273764648,0.5013213047640116,7.714571700805481,False
0.1645,199.50830502797282,0.5018672239458112,7.728411838625995,False
0.165,199.35949638402647,0.5023843008733835,7.74664310155023,False
0.1655,199.22064661985206,0.5028642533628023,7.769001854167303,False
0.166,199.09398576416453,0.503299361727008,7.795151095749627,False
0.1665,198.98155631118215,0.5036825998999771,7.824684504025519,False
0.167,198.8851780229082,0.5040077567019551,7.857132200479954,False
0.1675,198.80641604304665,0.5042695446787305,7.8919682242408165,False
0.168,198.74655305704843,0.5044636940857976,7.928619624516679,False
0.1685,198.70656617824054,0.5045870298043406,7.966476998632829,False
0.169,198.68710915463808,0.5046375292753336,8.004906219426012,False
0.1695,198.68850037494855,0.5046143599235895,8.043261019111704,False
0.17,198.7107170082215,0.5045178950125371,8.080896034713495,False
0.1705,198.75339544551392,0.5043497074113257,8.11717988062425,False
0.171,198.81583803285892,0.504112541346147,8.151507803188222,False
0.1715,198.89702590415976,0.5038102628148041,8.18331349368013,False
0.17200000000000001,198.9956375528351,0.5034477899279447,8.212079688943366,False
0.17250000000000001,199.11007263387566,0.5030310049611998,8.237347268017743,False
0.17300000000000001,199.2384803726328,0.5025666503244095,8.258722649227815,False
0.17350000000000002,199.3787918783203,0.5020622109540754,8.275883393908941,False
0.17400000000000002,199.528755619257,0.5015257858061872,8.288582018394731,False
0.17450000000000002,199.6859753091052,0.5009659511785507,8.296648095166653,False
0.17500000000000002,199.84794947114935,0.500391618548255,8.29998878097825,False
0.17550000000000002,200.01211198180192,0.49981188950148564,8.298587942702444,False
0.176,200.17587293628029,0.4992359101893834,8.292504063327012,False
0.1765,200.33665922220808,0.49867272758722625,8.281867106658293,False
0.177,200.49195422730892,0.49813114967567235,8.266874506669303,False
0.1775,200.63933614499356,0.49761961150186007,8.247786431939193,False
0.178,200.77651437826594,0.49714604890762903,8.22492046092459,False
0.1785,200.90136358051134,0.49671778152404034,8.1986457908862,False
0.179,201.01195491334252,0.49634140642295327,8.16937709114512,False
0.1795,201.10658414729866,0.4960227035929252,8.13756809814268,False
0.18,201.1837962798788,0.49576655418119,8.103705034278729,False
0.1805,201.24240639527923,0.4955768722321682,8.068299914891933,False
0.181,201.2815165394554,0.49545655047006704,8.031883789778592,False
0.1815,201.3005284317354,0.49540742052524334,7.994999949976209,False
0.182,201.29915188034852,0.4954302278881556,7.958197119646174,False
0.1825,201.27740881503112,0.4955246217795047,7.92202264808657,False
0.183,201.23563289669988,0.4956891600347869,7.887015717830187,False
0.1835,201.17446471286925,0.4959213290014628,7.853700589645225,False
0.184,201.09484261774983,0.4962175783280659,7.822579911634883,False
0.1845,200.99798932638913,0.49657337038510013,7.794128125534026,False
0.185,200.88539442075168,0.49698324390179466,7.7687850079766,False
0.1855,200.7587929704139,0.49744089123794205,7.746949388729818,False
0.186,200.62014051066762,0.49793924854229055,7.728973093579035,False
0.1865,200.4715846568254,0.49847059788090287,7.71515516893389,False
0.187,200.31543366733032,0.4990266802487726,7.705736459879091,False
0.1875,200.154122302673,0.4995988182014977,7.7008946334753325,False
0.188,199.99017536495379,0.5001780466569319,7.700739763118328,False
0.1885,199.8261693462468,0.5007552502184442,7.705310614716163,False
0.189,199.66469266340505,0.5013213051656986,7.71457179752301,False
0.1895,199.50830501163222,0.5018672240543625,7.728411957677095,False
0.19,199.35949642651443,0.5023843006750517,7.746643197289141,False
0.1905,199.22064670047675,0.5028642529574971,7.769001893583858,False
0.191,199.09398585014404,0.5032993612812053,7.795151069362659,False
0.1915,198.98155637068598,0.5036825995799009,7.82468442719359,False
0.192,198.88517803654776,0.5040077566131687,7.857132105569929,False
0.1925,198.80641600980545,0.5042695448333595,7.891968147350901,False
0.193,198.74655299302694,0.5044636944065513,7.928619592052859,False
0.1935,198.70656610932346,0.5045870301604397,7.966477018590152,False
0.194,198.68710910627166,0.5046375295345075,8.004906280090534,False
0.1945,198.68850036296155,0.5046143600000191,8.043261094993314,False
0.195,198.7107170339041,0.5045178948939142,8.080896096948214,False
0.1955,198.7533954963655,0.5043497071571122,8.117179907721061,False
0.196,198.81583808826522,0.5041125410600856,8.15150778821862,False
0.1965,198.8970259435476,0.5038102626036753,8.183313445604668,False
0.197,198.99563756315786,0.5034477898625436,8.212079628063954,False
0.1975,199.11007261376812,0.5030310050534451,8.237347217663716,False
0.198,199.23848033198067,0.5025666505276427,8.258722626987133,False
0.1985,199.37879183374937,0.5020622111847032,8.275883405635984,False
0.199,199.52875558749625,0.5015257859771942,8.288582056978806,False
0.1995,199.68597530081686,0.5009659512317604,8.296648144162452,False
0.2,199.84794948746352,0.5003916184735712,8.299988821405973,False
0.2005,200.01211201463977,0.4998118893369524,8.298587960274864,False
0.201,200.17587297207183,0.49923591000339534,8.292504053392275,False
0.2015,200.33665924737414,0.4986727274507584,8.281867075183522,False
0.202,200.49195423333242,0.49813114963560307,8.266874467184937,False
0.2025,200.63933613121029,0.497619611565288,8.247786399882354,False
0.203,200.7765143514935,0.4971460490422902,8.22492044769743,False
0.20350000000000001,200.90136355189125,0.49671778167350644,8.198645799889045,False
0.20400000000000001,201.01195489379688,0.4963414065297845,8.169377117134475,False
0.20450000000000002,201.10658414342706,0.4960227036204282,8.137568129905498,False
0.20500000000000002,201.1837962918175,0.49576655412562187,8.10370505935326,False
0.20550000000000002,201.2424064171818,0.49557687212148305,8.068299924382417,False
0.20600000000000002,201.2815165622029,0.4954565503507301,8.031883781425735,False
0.20650000000000002,201.30052844666395,0.49540742044308633,7.9949999284562825,False
0.20700000000000002,201.299151882491,0.49543022787105434,7.958197094213078,False
0.20750000000000002,201.27740880468053,0.4955246218283372,7.922022628677169,False
0.20800000000000002,201.23563287884235,0.4956891601254187,7.88701571124574,False
0.2085,201.17446469488814,0.49592132909606346,7.853700597254637,False
0.209,201.09484260642634,0.49621757839062675,7.822579929337558,False
0.2095,200.99798932539926,0.49657337039487415,7.79412814579311,False
0.21,200.8853944295619,0.496983243859753,7.768785022964595,False
0.2105,200.7587929848631,0.4974408911644373,7.746949393295284,False
0.211,200.62014052485708,0.4979392484676351,7.72897308693315,False
0.2115,200.4715846654839,0.49847059783309355,7.715155154545221,False
0.212,200.31543366772212,0.4990266802432369,7.705736443786961,False
0.2125,200.15412229538106,0.4995988182365196,7.700894621805341,False
0.213,199.9901753533561,0.5001780467158969,7.700739759801951,False
0.2135,199.82616933500805,0.5007552502773994,7.705310620240554,False
0.214,199.6646926566366,0.5013213052028906,7.714571809071368,False
0.2145,199.508305011431,0.5018672240580452,7.728411970471743,False
0.215,199.3594964323795,0.5023843006468574,7.746643206525931,False
0.2155,199.22064670973108,0.5028642529105848,7.769001896192749,False
0.216,199.0939858591109,0.503299361234381,7.795151064969677,False
0.2165,198.98155637611902,0.5036825995502402,7.824684418011273,False
0.217,198.8851780367731,0.5040077566099713,7.857132095359016,False
0.2175,198.80641600518922,0.5042695448554805,7.891968139915905,False
0.218,198.74655298566194,0.5044636944437572,7.928619589858284,False
0.2185,198.7065661021199,0.5045870301979223,7.966477021985142,False
0.219,198.68710910183214,0.504637529558638,8.004906287365781,False
0.2195,198.6885003626648,0.5046143600031754,8.043261103176757,False
0.22,198.71071703750883,0.5045178948767218,8.08089610298878,False
0.2205,198.7533955022335,0.5043497071275249,8.117179909601512,False
0.221,198.81583809407135,0.5041125410298949,8.151507785602028,False
0.2215,198.89702594718085,0.5038102625839219,8.183313439819425,False
0.222,198.9956375634726,0.503447789859569,8.212079621485508,False
0.2225,199.1100726109243,0.5030310050669571,8.237347212764087,False
0.223,199.23848032728174,0.502566650551348,8.258722625423719,False
0.2235,199.3787918290742,0.502062211209075,8.27588340770828,False
0.224,199.52875558456375,0.5015257859932184,8.288582061624833,False
0.2245,199.68597530056525,0.5009659512342097,8.296648149456162,False
0.225,199.84794948976466,0.5003916184626434,8.299988825335928,False
0.2255,200.01211201842995,0.49981188931778153,8.29858796149593,False
0.226,200.1758729758193,0.49923590998376816,8.292504051673312,False
0.2265,200.3366592496862,0.4986727274380185,8.281867071407143,False
0.227,200.49195423346464,0.49813114963394206,8.266874462931064,False
0.2275,200.63933612929424,0.49761961157442075,8.247786396782235,False
0.228,200.77651434841823,0.4971460490579083,8.224920446817604,False
0.2285,200.90136354890876,0.4967177816892114,8.198645801375099,False
0.229,201.01195489202138,0.4963414065396627,8.169377120229793,False
0.2295,201.1065841434259,0.49602270362124384,8.137568133309353,False
0.23,201.1837962934413,0.495766554117824,8.103705061756264,False
0.2305,201.24240641967987,0.49557687210873863,8.068299924962428,False
0.231,201.28151656455756,0.4954565503382719,8.031883780118676,False
0.2315,201.30052844799803,0.4954074204355972,7.994999925916654,False
0.232,201.29915188238837,0.49543022787094115,7.958197091505461,False
0.2325,201.27740880330367,0.4955246218350084,7.922022626837976,False
0.233,201.23563287682097,0.4956891601357702,7.887015710893753,False
0.2335,201.17446469304025,0.4959213291058693,7.85370059839351,False
0.234,201.09484260543263,0.4962175783962372,7.8225799314086855,False
0.23450000000000001,200.9979893255587,0.4965733703945446,7.7941281479363935,False
0.23500000000000001,200.88539443071366,0.4969832438541304,7.768785024369327,False
0.23550000000000001,200.7587929864885,0.4974408911560987,7.746949393500133,False
0.23600000000000002,200.6201405263067,0.4979392484599442,7.728973085967262,False
0.23650000000000002,200.4715846662324,0.49847059782886577,7.715155152872194,False
0.23700000000000002,200.3154336675526,0.4990266802437396,7.705736442091949,False
0.23750000000000002,200.15412229443734,0.49959881824114355,7.700894620719642,False
0.23800000000000002,199.99017535205604,0.5001780467225592,7.700739759673859,False
0.23850000000000002,199.8261693338633,0.5007552502834525,7.705310621032744,False
0.23900000000000002,199.66469265605556,0.5013213052061564,7.714571810410655,False
0.23950000000000002,199.5083050115779,0.5018672240575697,7.728411971817389,False
0.24,199.3594964331368,0.5023843006431485,7.7466432073836256,False
0.2405,199.22064671076814,0.5028642529052879,7.769001896291173,False
0.241,199.09398586002436,0.5032993612295737,7.795151064339267,False
0.2415,198.9815563765864,0.5036825995476333,7.824684416945534,False
0.242,198.8851780366627,0.5040077566103209,7.8571320942839415,False
0.2425,198.80641600459094,0.5042695448584019,7.891968139223509,False
0.243,198.74655298483503,0.5044636944479653,7.928619589767353,False
0.2435,198.70656610138428,0.5045870302017789,7.966477022477248,False
0.244,198.68710910144722,0.5046375295607732,8.004906288212489,False
0.2445,198.68850036274063,0.5046143600029608,8.0432611040404,False
0.245,198.71071703797904,0.5045178948744345,8.080896103554117,False
0.2455,198.75339550289402,0.5043497071241692,8.117179909687984,False
0.246,198.81583809466585,0.5041125410267799,8.15150778521821,False
0.2465,198.8970259474982,0.503810262582162,8.183313439144447,False
0.247,198.99563756342,0.5034477898596933,8.212079620789963,False
0.2475,199.11007261055167,0.5030310050687661,8.237347212304137,False
0.248,199.23848032675204,0.5025666505540414,8.2587226253485,False
0.2485,199.37879182859493,0.5020622112115934,8.2758834080138,False
0.249,199.52875558430716,0.50152578599465,8.288582062167348,False
0.2495,199.68597530060765,0.5009659512341151,8.296648150016019,False
0.25,199.84794949006576,0.5003916184611814,8.299988825704615,False
0.2505,200.0121120188568,0.4998118893156045,8.298587961552432,False
0.251,200.1758729762028,0.4992359099817422,8.292504051422265,False
0.2515,200.3366592498871,0.49867272743688607,8.281867070967431,False
0.252,200.49195423342303,0.49813114963405236,8.266874462482422,False
0.2525,200.63933612904583,0.4976196115756311,8.247786396493272,False
0.253,200.77651434807336,0.49714604905967474,8.224920446783399,False
0.2535,200.90136354860502,0.4967177816908251,8.198645801587286,False
0.254,201.0119548918696,0.49634140654052933,8.169377120587999,False
0.2545,201.10658414347049,0.49602270362109896,8.137568133666383,False
0.255,201.18379629364878,0.4957665541168068,8.10370506197761,False
0.2555,201.2424064199582,0.495576872107307,8.06829992497611,False
0.256,201.28151656479562,0.49545655033700065,8.031883779937091,False
0.2565,201.3005284481093,0.4954074204349534,7.994999925625026,False
0.257,201.29915188234176,0.4954302278711149,7.958197091223352,False
0.2575,201.27740880313038,0.4955246218358634,7.922022626670995,False
0.258,201.23563287659732,0.4956891601369248,7.887015710894932,False
0.2585,201.1744646928549,0.49592132910686204,7.853700598547814,False
0.259,201.094842605352,0.49621757839670794,7.822579931644706,False
0.2595,200.99798932560404,0.49657337039436217,7.794128148158314,False
0.26,200.8853944308569,0.49698324385341996,7.768785024495033,False
0.2605,200.75879298666734,0.49744089115517387,7.7469493934909766,False
0.261,200.62014052645117,0.4979392484591705,7.728973085838571,False
0.2615,200.47158466629162,0.4984705978285187,7.7151551526825255,False
0.262,200.31543366751202,0.4990266802439103,7.70573644191726,False
0.2625,200.15412229432079,0.49959881824172275,7.70089462062352,False
0.263,199.99017535191342,0.5001780467232956,7.700739759684996,False
0.2635,199.8261693337497,0.5007552502840591,7.705310621137509,False
0.264,199.66469265601026,0.5013213052064206,7.714571810562101,False
0.2645,199.50830501161155,0.5018672240574255,7.728411971955715,False
0.265,199.35949643323008,0.5023843006426851,7.746643207459234,False
0.2655,199.22064671088177,0.5028642529047039,7.769001896281936,False
0.266,199.09398586011505,0.5032993612290924,7.795151064255919,False
0.2665,198.981556376623,0.5036825995474213,7.824684416824912,False
0.267,198.88517803663652,0.5040077566104327,7.857132094173285,False
0.2675,198.8064160045169,0.5042695448587681,7.891968139162226,False
0.268,198.7465529847442,0.5044636944484311,7.928619589773524,False
0.2685,198.70656610131113,0.504587030202166,7.966477022542835,False
0.269,198.68710910141678,0.5046375295609479,8.004906288308572,False
0.2695,198.68850036276038,0.504614360002878,8.043261104129488,False
0.27,198.71071703803756,0.5045178948741457,8.08089610360437,False
0.2705,198.75339550296678,0.5043497071237969,8.117179909684388,False
0.271,198.81583809472517,0.5041125410264664,8.15150778516656,False
0.2715,198.89702594752356,0.5038102625820164,8.183313439067563,False
0.272,198.99563756340493,0.5034477898597552,8.212079620718038,False
0.2725,199.11007261050509,0.5030310050689958,8.237347212263092,False
0.273,199.2384803266937,0.5025666505543407,8.258722625350803,False
0.2735,199.3787918285471,0.5020622112118465,8.275883408054968,False
0.274,199.52875558428659,0.5015257859947688,8.288582062229098,False
0.2745,199.68597530061973,0.5009659512340661,8.296648150073878,False
0.275,199.84794949010336,0.5003916184609961,8.299988825737481,False
0.2755,200.0121120189038,0.4998118893153625,8.298587961550133,False
0.276,200.17587297624098,0.49923590998153883,8.292504051388615,False
0.2765,200.33665924990297,0.4986727274367932,8.281867070917555,False
0.277,200.4919542334125,0.49813114963409577,8.26687446243629,False
0.2775,200.63933612901508,0.4976196115757833,8.247786396467845,False
0.278,200.77651434803562,0.4971460490598698,8.224920446786488,False
0.2785,200.90136354857503,0.49671778169098607,8.19864580161534,False
0.279,201.01195489185807,0.49634140654059866,8.169377120628363,False
0.2795,201.10658414348006,0.49602270362105766,8.137568133702791,False
0.28,201.18379629367416,0.4957665541166809,8.103705061996747,False
0.2805,201.24240641998847,0.49557687210714996,8.06829992497216,False
0.281,201.2815165648189,0.49545655033687475,8.031883779913498,False
0.28150000000000003,201.30052844811746,0.4954074204349038,7.994999925592375,False
0.28200000000000003,201.2991518823329,0.4954302278711532,7.958197091194697,False
0.28250000000000003,201.2774088031094,0.49552462183596885,7.922022626656895,False
0.28300000000000003,201.23563287657316,0.4956891601370504,7.887015710899361,False
0.28350000000000003,201.17446469283692,0.4959213291069594,7.853700598567512,False
0.28400000000000003,201.09484260534646,0.49621757839674285,7.822579931670944,False
0.28450000000000003,200.99798932561194,0.49657337039432653,7.794128148180607,False
0.28500000000000003,200.88539443087407,0.4969832438533336,7.768785024505353,False
0.28550000000000003,200.7587929866865,0.49744089115507384,7.746949393486519,False
0.28600000000000003,200.62014052646498,0.49793924845909565,7.728973085822325,False
0.28650000000000003,200.4715846662954,0.49847059782849457,7.7151551526616045,False
0.28700000000000003,200.3154336675053,0.4990266802439414,7.705736441899873,False
0.28750000000000003,200.15412229430694,0.49959881824179225,7.700894620615773,False
0.28800000000000003,199.9901753518982,0.5001780467233746,7.70073975968891,False
0.2885,199.82616933373887,0.5007552502841178,7.705310621150656,False
0.289,199.66469265600742,0.5013213052064386,7.714571810578795,False
0.2895,199.50830501161704,0.5018672240574001,7.728411971969515,False
0.29,199.3594964332412,0.5023843006426296,7.746643207465356,False
0.2905,199.22064671089393,0.5028642529046409,7.769001896278777,False
0.291,199.09398586012372,0.5032993612290457,7.795151064245463,False
0.2915,198.9815563766253,0.5036825995474068,7.824684416811623,False
0.292,198.88517803663225,0.5040077566104528,7.857132094162268,False
0.2925,198.80641600450812,0.5042695448588117,7.89196813915724,False
0.293,198.7465529847345,0.5044636944484813,7.928619589775894,False
0.2935,198.7065661013041,0.5045870302022034,7.966477022551056,False
0.294,198.68710910141476,0.5046375295609603,8.004906288319175,False
0.2945,198.68850036276362,0.5046143600028629,8.043261104138418,False
0.295,198.71071703804452,0.5045178948741114,8.080896103608577,False
0.2955,198.75339550297457,0.5043497071237565,8.117179909682683,False
0.296,198.81583809473088,0.5041125410264359,8.151507785160092,False
0.2965,198.8970259475253,0.5038102625820059,8.183313439059104,False
0.297,198.99563756340237,0.5034477898597668,8.21207962071085,False
0.2975,199.11007261049954,0.5030310050690234,8.237347212259698,False
0.298,199.23848032668735,0.502566650554373,8.258722625352144,False
0.2985,199.37879182854246,0.5020622112118718,8.27588340806024,False
0.299,199.52875558428525,0.5015257859947773,8.288582062235974,False
0.2995,199.68597530062186,0.5009659512340562,8.296648150079648,False
0.3,199.84794949010788,0.5003916184609735,8.299988825740117,False
0.3005,200.01211201890882,0.49981188931533643,8.298587961548932,False
0.301,200.17587297624462,0.49923590998151923,8.29250405138432,False
0.3015,200.336659249904,0.49867272743678676,8.281867070912012,False
0.302,200.4919542334107,0.49813114963410376,8.266874462431637,False
0.3025,200.63933612901135,0.49761961157580215,8.247786396465797,False
0.303,200.7765143480315,0.49714604905989107,8.224920446787594,False
0.3035,200.90136354857214,0.496717781691002,8.198645801618968,False
0.304,201.01195489185736,0.49634140654060327,8.16937712063293,False
0.3045,201.10658414348165,0.49602270362105044,8.137568133706512,False
0.305,201.18379629367726,0.49576655411666537,8.103705061998282,False
0.3055,201.24240641999174,0.4955768721071327,8.06829992497113,False
0.306,201.28151656482115,0.4954565503368627,8.031883779910535,False
0.3065,201.30052844811786,0.4954074204349006,7.994999925588746,False
0.307,201.2991518823315,0.49543022787116,7.958197091191889,False
0.3075,201.27740880310682,0.4955246218359815,7.92202262665588,False
0.308,201.2356328765705,0.4956891601370646,7.88701571090046,False
0.3085,201.17446469283522,0.49592132910696896,7.853700598570148,False
0.309,201.0948426053463,0.4962175783967445,7.822579931673983,False
0.3095,200.9979893256132,0.49657337039432037,7.794128148182892,False
0.31,200.88539443087623,0.49698324385332304,7.768785024506141,False
0.3105,200.7587929866887,0.4974408911550624,7.746949393485597,False
0.311,200.6201405264664,0.49793924845908794,7.728973085820162,False
0.3115,200.47158466629554,0.498470597828493,7.715155152659094,False
0.312,200.31543366750418,0.49902668024394653,7.705736441898004,False
0.3125,200.15412229430515,0.4995988182418016,7.700894620615227,False
0.313,199.99017535189648,0.5001780467233837,7.700739759689738,False
0.3135,199.82616933373782,0.5007552502841234,7.7053106211524005,False
0.314,199.6646926560074,0.5013213052064394,7.714571810580743,False
0.3145,199.50830501161792,0.5018672240573957,7.728411971970916,False
0.315,199.35949643324255,0.5023843006426225,7.746643207465749,False
0.3155,199.22064671089524,0.5028642529046341,7.769001896278154,False
0.316,199.09398586012455,0.5032993612290415,7.79515106424414,False
0.3165,198.98155637662538,0.503682599547406,7.824684416810102,False
0.317,198.88517803663157,0.5040077566104558,7.857132094161127,False
0.3175,198.80641600450704,0.5042695448588174,7.891968139156883,False
0.318,198.7465529847334,0.5044636944484867,7.928619589776353,False
0.3185,198.70656610130334,0.5045870302022073,7.966477022552134,False
0.319,198.68710910141462,0.5046375295609615,8.004906288320482,False
0.3195,198.68850036276416,0.5046143600028606,8.043261104139448,False
0.32,198.71071703804546,0.5045178948741066,8.080896103608943,False
0.3205,198.75339550297562,0.5043497071237515,8.117179909682301,False
0.321,198.8158380947316,0.5041125410264318,8.151507785159083,False
0.3215,198.89702594752538,0.503810262582005,8.183313439057905,False
0.322,198.99563756340197,0.5034477898597692,8.212079620709938,False
0.3225,199.11007261049878,0.503031005069027,8.237347212259289,False
0.323,199.2384803266865,0.5025666505543772,8.258722625352373,False
0.3235,199.37879182854186,0.5020622112118751,8.275883408060974,False
0.324,199.52875558428505,0.5015257859947783,8.288582062236909,False
0.3245,199.68597530062215,0.5009659512340552,8.296648150080477,False
0.325,199.84794949010856,0.5003916184609704,8.299988825740515,False
0.3255,200.0121120189096,0.49981188931533227,8.298587961548723,False
0.326,200.17587297624516,0.4992359099815162,8.292504051383645,False
0.3265,200.33665924990413,0.4986727274367859,8.281867070911169,False
0.327,200.4919542334105,0.49813114963410504,8.266874462430936,False
0.3275,200.63933612901087,0.4976196115758043,8.247786396465399,False
0.328,200.77651434803093,0.49714604905989396,8.224920446787626,False
0.3285,200.90136354857162,0.49671778169100433,8.19864580161937,False
0.329,201.01195489185713,0.49634140654060477,8.16937712063357,False
0.3295,201.10658414348174,0.49602270362105,8.137568133707125,False
0.33,201.1837962936776,0.4957665541166637,8.103705061998674,False
0.3305,201.24240641999225,0.49557687210713036,8.06829992497117,False
0.331,201.28151656482154,0.4954565503368602,8.031883779910217,False
0.3315,201.30052844811803,0.4954074204348997,7.994999925588267,False
0.332,201.29915188233144,0.4954302278711604,7.958197091191437,False
0.3325,201.27740880310657,0.49552462183598267,7.922022626655599,False
0.333,201.23563287657015,0.4956891601370663,7.887015710900435,False
0.3335,201.17446469283493,0.4959213291069705,7.853700598570351,False
0.334,201.09484260534614,0.4962175783967452,7.822579931674311,False
0.3345,200.9979893256132,0.49657337039432026,7.79412814818322,False
0.335,200.88539443087635,0.4969832438533224,7.768785024506376,False
0.3355,200.7587929866889,0.4974408911550615,7.7469493934857026,False
0.336,200.6201405264666,0.4979392484590869,7.728973085820116,False
0.3365,200.47158466629568,0.49847059782849235,7.7151551526589275,False
0.337,200.31543366750427,0.4990266802439463,7.705736441897785,False
0.3375,200.15412229430515,0.4995988182418015,7.700894620614978,False
0.338,199.9901753518963,0.5001780467233841,7.700739759689535,False
0.3385,199.8261693337376,0.5007552502841247,7.705310621152371,False
0.339,199.66469265600716,0.5013213052064404,7.71457181058087,False
0.3395,199.5083050116178,0.5018672240573965,7.72841197197116,False
0.34,199.35949643324258,0.5023843006426224,7.746643207465992,False
0.3405,199.22064671089535,0.5028642529046332,7.769001896278286,False
0.341,199.0939858601247,0.5032993612290407,7.795151064244162,False
0.3415,198.9815563766255,0.5036825995474054,7.824684416810021,False
0.342,198.88517803663166,0.5040077566104555,7.857132094160977,False
0.3425,198.80641600450707,0.5042695448588171,7.891968139156695,False
0.343,198.7465529847333,0.5044636944484868,7.928619589776189,False
0.3435,198.70656610130317,0.5045870302022081,7.966477022552081,False
0.34400000000000003,198.68710910141442,0.5046375295609624,8.004906288320566,False
0.34450000000000003,198.68850036276402,0.5046143600028614,8.043261104139656,False
0.34500000000000003,198.7107170380454,0.5045178948741067,8.080896103609183,False
0.34550000000000003,198.75339550297556,0.5043497071237514,8.11717990968254,False
0.34600000000000003,198.8158380947317,0.504112541026432,8.15150778515934,False
0.34650000000000003,198.89702594752566,0.5038102625820039,8.183313439058004,False
0.34700000000000003,198.99563756340217,0.5034477898597675,8.212079620709797,False
0.34750000000000003,199.11007261049883,0.5030310050690266,8.237347212259094,False
0.34800000000000003,199.23848032668644,0.5025666505543777,8.258722625352227,False
0.34850000000000003,199.37879182854172,0.5020622112118759,8.27588340806094,False
0.34900000000000003,199.52875558428494,0.5015257859947791,8.288582062237008,False
0.34950000000000003,199.6859753006221,0.5009659512340555,8.296648150080621,False
0.35000000000000003,199.84794949010853,0.5003916184609704,8.299988825740677,False
0.35050000000000003,200.0121120189096,0.4998118893153323,8.298587961548895,False
0.35100000000000003,200.17587297624522,0.49923590998151607,8.292504051383789,False
0.35150000000000003,200.33665924990422,0.4986727274367855,8.281867070911252,False
0.352,200.49195423341058,0.4981311496341046,8.266874462430959,False
0.3525,200.63933612901096,0.49761961157580403,8.24778639646537,False
0.353,200.77651434803101,0.4971460490598937,8.224920446787532,False
0.3535,200.90136354857168,0.496717781691004,8.198645801619222,False
0.354,201.01195489185707,0.4963414065406047,8.169377120633419,False
0.3545,201.10658414348165,0.4960227036210507,8.137568133707061,False
0.355,201.18379629367752,0.4957665541166641,8.103705061998667,False
0.3555,201.24240641999216,0.4955768721071307,8.068299924971228,False
0.356,201.28151656482154,0.4954565503368605,8.031883779910302,False
0.3565,201.30052844811806,0.4954074204348993,7.9949999255883055,False
0.357,201.29915188233147,0.4954302278711602,7.958197091191446,False
0.3575,201.27740880310662,0.4955246218359826,7.922022626655582,False
0.358,201.2356328765702,0.49568916013706604,7.887015710900382,False
0.3585,201.17446469283493,0.4959213291069703,7.85370059857028,False
0.359,201.09484260534612,0.49621757839674546,7.8225799316742775,False
0.3595,200.99798932561316,0.4965733703943204,7.794128148183222,False
0.36,200.88539443087632,0.4969832438533225,7.7687850245064025,False
0.3605,200.75879298668886,0.4974408911550616,7.746949393485747,False
0.361,200.6201405264666,0.497939248459087,7.728973085820184,False
0.3615,200.4715846662957,0.4984705978284922,7.715155152658987,False
0.362,200.31543366750432,0.4990266802439461,7.705736441897827,False
0.3625,200.1541222943052,0.4995988182418012,7.700894620614977,False
0.363,199.99017535189637,0.500178046723384,7.700739759689516,False
0.3635,199.82616933373757,0.5007552502841245,7.70531062115233,False
0.364,199.66469265600713,0.5013213052064409,7.714571810580891,False
0.3645,199.50830501161778,0.5018672240573966,7.7284119719712,False
0.365,199.35949643324264,0.5023843006426225,7.7466432074660405,False
0.3655,199.22064671089544,0.5028642529046328,7.769001896278279,False
0.366,199.09398586012475,0.5032993612290403,7.795151064244093,False
0.3665,198.9815563766255,0.5036825995474052,7.824684416809945,False
0.367,198.88517803663166,0.5040077566104557,7.85713209416093,False
0.3675,198.80641600450704,0.5042695448588171,7.891968139156654,False
0.368,198.74655298473328,0.5044636944484872,7.928619589776188,False
0.3685,198.70656610130314,0.5045870302022083,7.966477022552109,False
0.369,198.6871091014144,0.5046375295609625,8.004906288320612,False
0.3695,198.68850036276402,0.5046143600028616,8.043261104139727,False
0.37,198.71071703804546,0.5045178948741066,8.080896103609232,False
0.3705,198.7533955029757,0.5043497071237508,8.117179909682509,False
0.371,198.8158380947317,0.5041125410264311,8.151507785159186,False
0.3715,198.89702594752555,0.5038102625820045,8.183313439057919,False
0.372,198.99563756340203,0.5034477898597683,8.212079620709828,False
0.3725,199.1100726104987,0.5030310050690273,8.237347212259214,False
0.373,199.23848032668636,0.5025666505543781,8.258722625352418,False
0.3735,199.37879182854175,0.5020622112118759,8.275883408061125,False
0.374,199.5287555842851,0.5015257859947785,8.28858206223709,False
0.3745,199.68597530062226,0.5009659512340543,8.296648150080536,False
0.375,199.84794949010868,0.5003916184609698,8.299988825740487,False
0.3755,200.0121120189097,0.4998118893153319,8.298587961548611,False
0.376,200.1758729762452,0.49923590998151585,8.292504051383471,False
0.3765,200.33665924990405,0.49867272743678615,8.281867070911021,False
0.377,200.49195423341033,0.4981311496341058,8.266874462430916,False
0.3775,200.63933612901073,0.4976196115758053,8.247786396465534,False
0.378,200.7765143480308,0.49714604905989435,8.224920446787817,False
0.3785,200.90136354857168,0.49671778169100483,8.198645801619627,False
0.379,201.01195489185727,0.4963414065406037,8.169377120633698,False
0.3795,201.106584143482,0.4960227036210491,8.137568133707111,False
0.38,201.18379629367783,0.49576655411666226,8.103705061998456,False
0.3805,201.2424064199923,0.49557687210712975,8.068299924970855,False
0.381,201.28151656482146,0.49545655033686076,8.031883779909956,False
0.3815,201.30052844811786,0.49540742043490066,7.994999925588129,False
0.382,201.29915188233122,0.49543022787116137,7.9581970911914395,False
0.3825,201.2774088031064,0.4955246218359837,7.922022626655751,False
0.383,201.2356328765701,0.49568916013706665,7.887015710900652,False
0.3835,201.17446469283502,0.49592132910697023,7.853700598570541,False
0.384,201.09484260534632,0.4962175783967443,7.822579931674373,False
0.3845,200.99798932561336,0.49657337039431926,7.7941281481831375,False
0.385,200.88539443087646,0.4969832438533218,7.768785024506203,False
0.3855,200.75879298668892,0.49744089115506135,7.7469493934855,False
0.386,200.62014052646649,0.49793924845908716,7.728973085819957,False
0.3865,200.47158466629557,0.49847059782849334,7.715155152658897,False
0.387,200.31543366750418,0.4990266802439467,7.705736441897832,False
0.3875,200.15412229430507,0.4995988182418017,7.700894620615057,False
0.388,199.99017535189634,0.5001780467233844,7.700739759689671,False
0.3885,199.82616933373765,0.5007552502841242,7.705310621152444,False
0.389,199.66469265600722,0.50132130520644,7.714571810580893,False
0.3895,199.50830501161786,0.5018672240573963,7.7284119719711475,False
0.39,199.3594964332426,0.5023843006426222,7.746643207465945,False
0.3905,199.22064671089538,0.5028642529046333,7.769001896278245,False
0.391,199.0939858601247,0.5032993612290406,7.7951510642441075,False
0.3915,198.98155637662546,0.5036825995474056,7.824684416809999,False
0.392,198.88517803663163,0.5040077566104558,7.857132094160996,False
0.3925,198.80641600450707,0.5042695448588174,7.89196813915675,False
0.393,198.74655298473334,0.5044636944484867,7.928619589776232,False
0.3935,198.70656610130322,0.504587030202208,7.9664770225521035,False
0.394,198.68710910141448,0.5046375295609621,8.00490628832054,False
0.3945,198.68850036276407,0.5046143600028613,8.043261104139605,False
0.395,198.7107170380454,0.5045178948741066,8.080896103609112,False
0.3955,198.75339550297556,0.5043497071237516,8.117179909682491,False
0.396,198.81583809473165,0.504112541026432,8.151507785159291,False
0.3965,198.8970259475256,0.5038102625820042,8.183313439058004,False
0.397,198.9956375634021,0.5034477898597677,8.212079620709828,False
0.3975,199.11007261049878,0.5030310050690269,8.237347212259161,False
0.398,199.2384803266864,0.5025666505543778,8.25872262535231,False
0.3985,199.37879182854175,0.5020622112118758,8.275883408061011,False
0.399,199.52875558428497,0.5015257859947787,8.288582062237026,False
0.3995,199.68597530062212,0.5009659512340554,8.296648150080621,False
0.4,199.84794949010856,0.5003916184609702,8.299988825740659,False
0.4005,200.01211201890962,0.49981188931533216,8.298587961548847,False
0.401,200.17587297624522,0.499235909981516,8.292504051383741,False
0.4015,200.33665924990422,0.4986727274367856,8.281867070911218,False
0.402,200.49195423341058,0.4981311496341046,8.266874462430925,False
0.4025,200.63933612901096,0.49761961157580403,8.247786396465353,False
0.403,200.77651434803101,0.4971460490598937,8.224920446787527,False
0.4035,200.90136354857168,0.496717781691004,8.198645801619227,False
0.404,201.01195489185707,0.4963414065406047,8.169377120633424,False
0.4045,201.10658414348165,0.4960227036210507,8.137568133707072,False
0.405,201.18379629367752,0.4957665541166641,8.103705061998669,False
0.4055,201.24240641999216,0.4955768721071307,8.06829992497123,False
0.406,201.28151656482154,0.4954565503368605,8.031883779910304,False
0.40650000000000003,201.30052844811806,0.4954074204348993,7.994999925588307,False
0.40700000000000003,201.29915188233147,0.4954302278711602,7.9581970911914475,False
0.40750000000000003,201.27740880310662,0.4955246218359826,7.9220226266555835,False
0.40800000000000003,201.2356328765702,0.49568916013706604,7.887015710900384,False
0.40850000000000003,201.17446469283493,0.4959213291069703,7.853700598570282,False
0.40900000000000003,201.09484260534612,0.49621757839674546,7.822579931674273,False
0.40950000000000003,200.99798932561316,0.4965733703943204,7.794128148183217,False
0.41000000000000003,200.88539443087632,0.4969832438533225,7.768785024506392,False
0.41050000000000003,200.75879298668886,0.4974408911550616,7.746949393485728,False
0.41100000000000003,200.6201405264666,0.497939248459087,7.728973085820158,False
0.41150000000000003,200.47158466629568,0.4984705978284922,7.715155152658957,False
0.41200000000000003,200.3154336675043,0.4990266802439463,7.705736441897818,False
0.41250000000000003,200.15412229430518,0.4995988182418013,7.700894620614974,False
0.41300000000000003,199.99017535189634,0.500178046723384,7.7007397596895215,False
0.41350000000000003,199.82616933373757,0.5007552502841246,7.705310621152338,False
0.41400000000000003,199.66469265600713,0.5013213052064408,7.714571810580895,False
0.41450000000000004,199.50830501161778,0.5018672240573966,7.7284119719711954,False
0.41500000000000004,199.35949643324264,0.5023843006426225,7.746643207466031,False
0.41550000000000004,199.2206467108954,0.5028642529046328,7.769001896278269,False
0.41600000000000004,199.09398586012472,0.5032993612290406,7.795151064244117,False
0.4165,198.9815563766255,0.5036825995474055,7.824684416809983,False
0.417,198.88517803663166,0.5040077566104556,7.857132094160959,False
0.4175,198.80641600450707,0.5042695448588171,7.891968139156684,False
0.418,198.7465529847333,0.5044636944484868,7.928619589776178,False
0.4185,198.70656610130317,0.5045870302022081,7.966477022552071,False
0.419,198.68710910141442,0.5046375295609624,8.004906288320555,False
0.4195,198.68850036276402,0.5046143600028614,8.043261104139646,False
0.42,198.7107170380454,0.5045178948741067,8.080896103609172,False
0.4205,198.75339550297556,0.5043497071237514,8.117179909682529,False
0.421,198.8158380947317,0.504112541026432,8.151507785159321,False
0.4215,198.89702594752566,0.5038102625820039,8.183313439057981,False
0.422,198.99563756340217,0.5034477898597675,8.212079620709764,False
0.4225,199.11007261049883,0.5030310050690266,8.237347212259046,False
0.423,199.23848032668644,0.5025666505543777,8.258722625352174,False
0.4235,199.37879182854172,0.5020622112118759,8.275883408060881,False
0.424,199.5287555842849,0.5015257859947791,8.28858206223694,False
0.4245,199.68597530062203,0.5009659512340556,8.296648150080571,False
0.425,199.84794949010845,0.5003916184609706,8.29998882574066,False
0.4255,200.0121120189095,0.4998118893153327,8.29858796154893,False
0.426,200.17587297624522,0.49923590998151635,8.292504051383865,False
0.4265,200.33665924990424,0.4986727274367851,8.281867070911257,False
0.427,200.4919542334106,0.4981311496341044,8.266874462430929,False
0.4275,200.63933612901096,0.4976196115758039,8.247786396465337,False
0.428,200.77651434803101,0.4971460490598938,8.224920446787513,False
0.4285,200.90136354857165,0.496717781691004,8.198645801619207,False
0.429,201.01195489185704,0.49634140654060493,8.169377120633422,False
0.4295,201.10658414348163,0.4960227036210508,8.13756813370707,False
0.43,201.1837962936775,0.49576655411666415,8.103705061998685,False
0.4305,201.24240641999214,0.49557687210713075,8.068299924971253,False
0.431,201.28151656482154,0.49545655033686065,8.031883779910352,False
0.4315,201.30052844811811,0.4954074204348992,7.99499992558835,False
0.432,201.29915188233156,0.49543022787115976,7.9581970911914235,False
0.4325,201.27740880310668,0.4955246218359822,7.922022626655512,False
0.433,201.23563287657026,0.495689160137066,7.887015710900286,False
0.4335,201.17446469283496,0.4959213291069701,7.8537005985701605,False
0.434,201.09484260534612,0.49621757839674546,7.822579931674157,False
0.4345,200.99798932561316,0.49657337039432053,7.794128148183103,False
0.435,200.88539443087626,0.4969832438533225,7.768785024506287,False
0.4355,200.7587929866888,0.49744089115506207,7.7469493934856954,False
0.436,200.6201405264665,0.4979392484590872,7.728973085820163,False
0.4365,200.47158466629566,0.4984705978284926,7.715155152659031,False
0.437,200.31543366750427,0.49902668024394614,7.705736441897889,False
0.4375,200.1541222943052,0.49959881824180136,7.700894620615067,False
0.438,199.99017535189645,0.5001780467233837,7.700739759689579,False
0.4385,199.8261693337377,0.5007552502841237,7.705310621152279,False
0.439,199.6646926560072,0.5013213052064401,7.714571810580747,False
0.4395,199.50830501161778,0.5018672240573968,7.728411971971074,False
0.44,199.3594964332425,0.5023843006426227,7.746643207465963,False
0.4405,199.2206467108953,0.5028642529046338,7.7690018962783345,False
0.441,199.09398586012463,0.5032993612290408,7.795151064244234,False
0.4415,198.98155637662552,0.5036825995474057,7.82468441681014,False
0.442,198.8851780366317,0.504007756610455,7.857132094161043,False
0.4425,198.80641600450716,0.5042695448588171,7.891968139156756,False
0.443,198.74655298473343,0.5044636944484863,7.928619589776172,False
0.4435,198.70656610130328,0.5045870302022076,7.966477022551993,False
0.444,198.6871091014145,0.504637529560962,8.004906288320411,False
0.4445,198.68850036276402,0.5046143600028613,8.043261104139475,False
0.445,198.71071703804532,0.5045178948741071,8.080896103609058,False
0.4455,198.75339550297548,0.504349707123752,8.117179909682505,False
0.446,198.81583809473162,0.5041125410264322,8.151507785159342,False
0.4465,198.89702594752558,0.5038102625820041,8.183313439058042,False
0.447,198.99563756340214,0.5034477898597678,8.212079620709883,False
0.4475,199.1100726104988,0.5030310050690265,8.23734721225917,False
0.448,199.23848032668644,0.5025666505543778,8.258722625352311,False
0.4485,199.37879182854178,0.5020622112118758,8.275883408061006,False
0.449,199.528755584285,0.5015257859947787,8.288582062237014,False
0.4495,199.68597530062215,0.5009659512340552,8.296648150080582,False
0.45,199.84794949010856,0.5003916184609701,8.299988825740598,False
0.4505,200.01211201890962,0.49981188931533227,8.298587961548805,False
0.451,200.17587297624522,0.499235909981516,8.2925040513837,False
0.4515,200.3366592499042,0.4986727274367856,8.281867070911169,False
0.452,200.49195423341055,0.4981311496341048,8.266874462430906,False
0.4525,200.63933612901087,0.4976196115758041,8.247786396465335,False
0.453,200.77651434803093,0.49714604905989424,8.224920446787584,False
0.4535,200.90136354857162,0.49671778169100433,8.198645801619332,False
0.454,201.0119548918571,0.49634140654060477,8.169377120633538,False
0.4545,201.1065841434817,0.4960227036210502,8.137568133707129,False
0.455,201.1837962936776,0.49576655411666376,8.103705061998687,False
0.4555,201.24240641999225,0.49557687210713025,8.068299924971182,False
0.456,201.28151656482154,0.4954565503368602,8.03188377991023,False
0.4565,201.30052844811803,0.4954074204348997,7.99499992558828,False
0.457,201.29915188233144,0.4954302278711604,7.958197091191449,False
0.4575,201.2774088031066,0.49552462183598267,7.922022626655603,False
0.458,201.23563287657018,0.49568916013706615,7.88701571090041,False
0.4585,201.1744646928349,0.4959213291069704,7.8537005985703265,False
0.459,201.0948426053461,0.4962175783967456,7.822579931674324,False
0.4595,200.99798932561313,0.49657337039432053,7.794128148183275,False
0.46,200.88539443087637,0.4969832438533226,7.768785024506459,False
0.4605,200.75879298668895,0.497440891155061,7.746949393485716,False
0.461,200.62014052646666,0.4979392484590866,7.728973085820082,False
0.4615,200.47158466629574,0.4984705978284921,7.715155152658864,False
0.462,200.3154336675043,0.4990266802439461,7.7057364418976935,False
0.4625,200.15412229430513,0.4995988182418016,7.70089462061489,False
0.463,199.99017535189628,0.5001780467233845,7.700739759689507,False
0.4635,199.8261693337375,0.5007552502841247,7.705310621152358,False
0.464,199.6646926560071,0.5013213052064409,7.7145718105809395,False
0.4645,199.50830501161778,0.5018672240573965,7.728411971971236,False
0.465,199.35949643324267,0.5023843006426224,7.746643207466063,False
0.4655,199.22064671089547,0.5028642529046324,7.769001896278255,False
0.466,199.09398586012477,0.5032993612290403,7.795151064244063,False
0.4665,198.98155637662552,0.5036825995474052,7.824684416809898,False
0.467,198.8851780366317,0.5040077566104557,7.857132094160872,False
0.4675,198.80641600450704,0.5042695448588171,7.891968139156592,False
0.468,198.74655298473328,0.5044636944484873,7.9286195897761385,False
0.4685,198.70656610130314,0.5045870302022083,7.966477022552059,False
0.46900000000000003,198.6871091014144,0.5046375295609625,8.004906288320562,False
0.46950000000000003,198.688500362764,0.5046143600028616,8.043261104139681,False
0.47000000000000003,198.71071703804537,0.5045178948741069,8.080896103609238,False
0.47050000000000003,198.75339550297562,0.5043497071237514,8.117179909682589,False
0.47100000000000003,198.81583809473176,0.5041125410264313,8.151507785159302,False
0.47150000000000003,198.89702594752572,0.5038102625820037,8.18331343905793,False
0.47200000000000003,198.99563756340217,0.5034477898597672,8.212079620709687,False
0.47250000000000003,199.11007261049883,0.5030310050690269,8.237347212259003,False
0.47300000000000003,199.23848032668644,0.5025666505543777,8.258722625352132,False
0.47350000000000003,199.37879182854172,0.5020622112118759,8.275883408060851,False
0.47400000000000003,199.5287555842849,0.5015257859947791,8.28858206223691,False
0.47450000000000003,199.685975300622,0.5009659512340556,8.296648150080557,False
0.47500000000000003,199.84794949010842,0.5003916184609709,8.299988825740689,False
0.47550000000000003,200.01211201890953,0.4998118893153328,8.29858796154898,False
0.47600000000000003,200.17587297624527,0.49923590998151607,8.292504051383887,False
0.47650000000000003,200.3366592499043,0.49867272743678476,8.28186707091126,False
0.47700000000000004,200.49195423341067,0.4981311496341042,8.266874462430913,False
0.47750000000000004,200.63933612901099,0.49761961157580376,8.247786396465298,False
0.47800000000000004,200.77651434803101,0.4971460490598938,8.224920446787484,False
0.47850000000000004,200.90136354857165,0.4967177816910041,8.198645801619191,False
0.47900000000000004,201.01195489185704,0.49634140654060493,8.169377120633413,False
0.47950000000000004,201.10658414348163,0.4960227036210508,8.137568133707072,False
0.48,201.1837962936775,0.49576655411666415,8.103705061998697,False
0.4805,201.24240641999214,0.49557687210713075,8.068299924971265,False
0.481,201.28151656482154,0.49545655033686065,8.031883779910364,False
0.4815,201.30052844811811,0.4954074204348992,7.994999925588362,False
0.482,201.29915188233156,0.49543022787115976,7.958197091191436,False
0.4825,201.27740880310668,0.4955246218359822,7.922022626655524,False
0.483,201.23563287657026,0.495689160137066,7.8870157109003065,False
0.4835,201.17446469283496,0.4959213291069701,7.853700598570181,False
0.484,201.09484260534612,0.49621757839674546,7.822579931674177,False
0.4845,200.99798932561316,0.49657337039432053,7.794128148183123,False
0.485,200.88539443087626,0.4969832438533225,7.768785024506313,False
0.4855,200.7587929866888,0.49744089115506207,7.746949393485721,False
0.486,200.62014052646654,0.4979392484590872,7.728973085820187,False
0.4865,200.47158466629568,0.4984705978284924,7.715155152659032,False
0.487,200.3154336675043,0.4990266802439461,7.705736441897872,False
0.4875,200.15412229430518,0.4995988182418013,7.700894620615041,False
0.488,199.9901753518964,0.500178046723384,7.700739759689586,False
0.4885,199.82616933373768,0.5007552502841242,7.705310621152347,False
0.489,199.66469265600725,0.50132130520644,7.7145718105807966,False
0.4895,199.5083050116179,0.5018672240573963,7.728411971971045,False
0.49,199.35949643324255,0.5023843006426222,7.746643207465853,False
0.4905,199.2206467108953,0.5028642529046339,7.769001896278226,False
0.491,199.0939858601246,0.5032993612290411,7.795151064244162,False
0.4915,198.98155637662543,0.5036825995474058,7.824684416810093,False
0.492,198.8851780366316,0.5040077566104556,7.857132094161074,False
0.4925,198.80641600450707,0.5042695448588174,7.89196813915683,False
0.493,198.7465529847334,0.5044636944484866,7.928619589776289,False
0.4935,198.70656610130334,0.5045870302022074,7.966477022552081,False
0.494,198.6871091014146,0.5046375295609615,8.004906288320436,False
0.4945,198.6885003627641,0.5046143600028609,8.04326110413944,False
0.495,198.7107170380454,0.5045178948741068,8.08089610360897,False
0.4955,198.75339550297556,0.5043497071237517,8.117179909682363,False
0.496,198.81583809473153,0.504112541026432,8.15150778515917,False
0.4965,198.8970259475254,0.5038102625820052,8.183313439058018,False
0.497,198.995637563402,0.5034477898597688,8.212079620710002,False
0.4975,199.11007261049883,0.5030310050690269,8.237347212259342,False
0.498,199.2384803266866,0.5025666505543769,8.258722625352366,False
0.4985,199.37879182854198,0.5020622112118746,8.27588340806089,False
0.499,199.5287555842851,0.5015257859947779,8.288582062236761,False
0.4995,199.68597530062212,0.5009659512340553,8.296648150080333,False
0.5,199.84794949010842,0.5003916184609708,8.299988825740424,False
0.5005000000000001,200.79591579083103,0.4998118893153333,11.232839187408647,False
0.501,203.1049864839952,0.49308875371638333,13.162346432643774,False
0.5015000000000001,206.05640141377987,0.4792617350128948,13.080004841088936,False
0.502,208.5201249921085,0.466609699116913,11.046442785138748,False
0.5025000000000001,209.54225411955818,0.460458466772962,7.977053982471507,False
0.503,208.84812276948642,0.46302853075245887,5.216934049313213,False
0.5035000000000001,206.95632558071125,0.4726488534924377,3.8961737793552107,False
0.504,204.82538130860738,0.48433393762322613,4.3954736870312665,False
0.5045000000000001,203.35050524405676,0.49272864176383757,6.287026482712642,False
0.505,203.04645142639004,0.4949302304711134,8.67817808523289,False
0.5055000000000001,203.9516522192072,0.49083182785393337,10.605640515985627,False
0.506,205.65964528215568,0.4824397367029262,11.350804585453673,False
0.5065000000000001,207.459776594684,0.47317547898012974,10.679844571062947,False
0.507,208.610493416347,0.4667324312066795,8.93659301619279,False
0.5075000000000001,208.67135751967166,0.46560464369876964,6.89905085516826,False
0.508,207.70289465371224,0.47001300553234426,5.426182120972899,False
0.5085000000000001,206.1943952635724,0.4777421838621035,5.060802375901941,False
0.509,204.78507844276467,0.4852761281794919,5.818375650279078,False
0.5095000000000001,203.97986604288795,0.48969470252780256,7.264630121458311,False
0.51,203.9901122925552,0.4898162953171584,8.760424680621334,False
0.5105000000000001,204.70121904766185,0.4862079035634635,9.716558436132715,False
0.511,205.73670287268854,0.4807188742708163,9.79517004684691,False
0.5115000000000001,206.6070010582914,0.4757905108419468,9.022805618173013,False
0.512,206.9125262885062,0.4735452794854545,7.768910720759433,False
0.5125,206.51557161519378,0.47493127292130677,6.578977802049508,False
0.513,205.5838277696053,0.4793225371934306,5.928861274916662,False
0.5135,204.48409806556853,0.48485053834422137,6.024930898208343,False
0.514,203.60362546137262,0.4893721674058518,6.75199908249741,False
0.5145,203.1998294228165,0.491443405938355,7.767107646932006,False
0.515,203.32698864900925,0.49074130320704407,8.659183984051332,False
0.5155,203.8395400215147,0.487975834649634,9.103511303641685,False
0.516,204.4591461746875,0.484532002209366,8.972037808234777,False
0.5165,204.8878609205105,0.48194367447085995,8.370581276706472,False
0.517,204.93009664121197,0.48130587121483903,7.585387397921493,False
0.5175,204.5688090667158,0.4828421693035305,6.955557676780751,False
0.518,203.95775951833298,0.4858439251036464,6.72827131004194,False
0.5185,203.33993463843137,0.489040345975804,6.966427289237013,False
0.519,202.94130837323033,0.49119838625663564,7.545611316912024,False
0.5195,202.88868256125494,0.49160933069815127,8.224869736447975,False
0.52,203.17470396557013,0.49027191652013835,8.748592082127326,False
0.5205,203.67195246336493,0.48780417109064717,8.941025710555566,False
0.521,204.18782434387575,0.4851735743196504,8.765858307927884,False
0.5215,204.54236566403702,0.4833237011073004,8.3320027473894,False
0.522,204.63955980383085,0.48281115142559244,7.842169304626035,False
0.5225,204.50053995658064,0.48359887455510014,7.504722717670462,False
0.523,204.24446106563238,0.485106845291139,7.448336274072501,False
0.5235,204.03026096741723,0.48649857331404994,7.6773893779203295,False
0.524,203.98962562717415,0.4870517586946762,8.082782818544175,False
0.5245,204.1787727667608,0.4864320566971908,8.495463644426053,False
0.525,204.5631207551887,0.4847786544974733,8.75622573464684,False
0.5255,205.03620213898378,0.4826103627382017,8.775627195081448,False
0.526,205.46455600106128,0.4806059899425504,8.56398334481533,False
0.5265,205.74164588422235,0.479336146462597,8.2211917962752,False
0.527,205.82866464218867,0.4790448663495558,7.890844699790856,False
0.5275,205.76459500175994,0.4795713064376651,7.698641002069566,False
0.528,205.64271228278326,0.4804463146792709,7.702537415856101,False
0.5285,205.56696249290505,0.48111487472821995,7.8754048599910575,False
0.529,205.60888256759534,0.481173648271414,8.124028108064204,False
0.5295,205.78185266007605,0.48051874316093873,8.332246612748525,False
0.53,206.0401511256115,0.47935863217326596,8.408776008955885,False
0.5305,206.3009484975798,0.4781070855798004,8.32141532156961,False
0.531,206.47968963945044,0.4772066844127278,8.10568805865971,False
0.5315,206.5242824785057,0.47695166799187105,7.845768015752286,False
0.532,206.43377228873243,0.47737927683594295,7.636683394622997,False
0.5325,206.2542831415801,0.4782729939049493,7.544744378020613,False
0.533,206.0558574450212,0.4792722438696095,7.583259261289998,False
0.5335,205.9020551606486,0.480033253523182,7.71239825947787,False
0.534,205.82557608023282,0.4803657448775853,7.86051136307384,False
0.5345,205.81866341366126,0.48029154037806654,7.955794587952346,False
0.535,205.84028183118505,0.4800130954926684,7.9548686165757,False
0.5355,205.83582529426496,0.47981531865824756,7.857639475513183,False
0.536,205.76077889721608,0.4799437312007898,7.703792134909045,False
0.5365,205.5985418526744,0.480507066814509,7.553594564601361,False
0.537,205.36543377631872,0.4814417156386075,7.461930938393205,False
0.5375,205.10186910642065,0.4825492908965127,7.4568425750244,False
0.538,204.8547713540351,0.4835862265136015,7.531021262919243,False
0.5385,204.65936035351106,0.4843625168169004,7.648287338419674,False
0.539,204.52751753754984,0.4848077627407604,7.760680088325553,False
0.5395,204.4463662514825,0.4849828454282471,7.828279062826673,False
0.54,204.3864931395197,0.48504009827496,7.833925524054575,False
0.5405,204.3157978524635,0.4851527593464427,7.787763661934852,False
0.541,204.21316220106436,0.48544283496281976,7.720735994955906,False
0.5415,204.07655781899524,0.48593502351923523,7.670462003213619,False
0.542,203.92280598818544,0.4865530359222716,7.665722182194274,False
0.5425,203.77985248236556,0.48715665949330045,7.71585467964864,False
0.543,203.67537836880652,0.4876009914835374,7.808779873109374,False
0.5435,203.62656273223553,0.48779182552577083,7.917508151186425,False
0.544,203.63476096504377,0.4877160128732733,8.011719169458331,False
0.5445,203.68658926332876,0.48743824958899684,8.069514008196192,False
0.545,203.76042305229453,0.48706915805813117,8.084910039855355,False
0.5455,203.8354173217812,0.4867191378736704,8.068606442069829,False
0.546,203.89939831590274,0.48645635698244677,8.04224231802719,False
0.5465,203.95262907163294,0.4862846710476535,8.028855450672816,False
0.547,204.00628070410815,0.4861487804792592,8.043572792936315,False
0.5475,204.07665160687074,0.4859626276951447,8.088184430411227,False
0.548,204.17778109293528,0.4856478611466598,8.151407139057262,False
0.5485,204.31548120543818,0.4851662588575325,8.214240071724907,False
0.549,204.48497530593383,0.4845339963953628,8.257899862671612,False
0.5495,204.6727716271919,0.483813867623992,8.271063206624829,False
0.55,204.8617493670013,0.4830902218122542,8.253670181471689,False
0.5505,205.03726772412617,0.48243747511958446,8.216048942274524,False
0.551,205.19182917759306,0.48189482337205547,8.174021602281595,False
0.5515,205.3265432114054,0.4814567123642174,8.14221012316446,False
0.552,205.44904311070013,0.4810818308495282,8.128352315752876,False
0.5525,205.56897915121866,0.48071567539412335,8.130837850384259,False
0.553,205.69310548956204,0.48031648990695525,8.140200753533804,False
0.5535,205.82196999999516,0.4798738050073822,8.143650242084025,False
0.554,205.94940803779744,0.47941273068006296,8.130584421665532,False
0.5545,206.06483469239015,0.4789834406826813,8.096808616546376,False
0.555,206.15721933040297,0.478641178416154,8.045869702540564,False
0.5555,206.21902751594024,0.47842544596486963,7.987184751911993,False
0.556,206.24854202235275,0.4783467670647047,7.931958437396397,False
0.5565,206.24974884761082,0.47838581247762835,7.888714922074667,False
0.557,206.23003839710802,0.4785042998432676,7.860291799821635,False
0.5575,206.19684874436467,0.4786622620583806,7.843393475397173,False
0.558,206.1547069303232,0.4788340861661856,7.830657893109045,False
0.5585,206.10382443264683,0.4790169177851781,7.8141729010654615,False
0.559,206.0406675626445,0.47922875050204733,7.788892996205151,False
0.5595,205.96009246048627,0.4794979346852933,7.75459073815137,False
0.56,205.8580421539722,0.4798491069045055,7.715688054304084,False
0.5605,205.73366262727507,0.48029152317155144,7.679222457982019,False
0.561,205.59002882824498,0.4808143045670263,7.651933101403365,False
0.5615,205.43330791164408,0.4813899322428521,7.637718922726112,False
0.562,205.27083555306123,0.48198386276948196,7.636452724854476,False
0.5625,205.10896982360697,0.48256584646798656,7.644491072952574,False
0.5630000000000001,204.95158441005353,0.48311828793710326,7.656505825163951,False
0.5635,204.79971769902843,0.48363867225051077,7.667777681207559,False
0.5640000000000001,204.65238532321612,0.48413576003230496,7.676000708406692,False
0.5645,204.50810750398043,0.48462173346150034,7.68193720187104,False
0.5650000000000001,204.3664678373126,0.48510382632014903,7.688778906028028,False
0.5655,204.2290750566199,0.4855788165244145,7.700591116989218,False
0.5660000000000001,204.09959510209845,0.4860323110848289,7.720538448646082,False
0.5665,203.98291829005962,0.4864426872596277,7.749607781614124,False
0.5670000000000001,203.8838579828409,0.48678773853014057,7.786278590164133,False
0.5675,203.80591931193578,0.4870512105080972,7.827177586294923,False
0.5680000000000001,203.7505956753928,0.48722674263317456,7.868371258327515,False
0.5685,203.71740403809613,0.48731798543415333,7.906740308095734,False
0.5690000000000001,203.7045692087995,0.4873352448178949,7.940903509626009,False
0.5695,203.710029893194,0.48729028337865443,7.971381010282907,False
0.5700000000000001,203.73234755350492,0.4871914485039665,8.000005976549637,False
0.5705,203.771174722056,0.48704097231463667,8.028880773144012,False
0.5710000000000001,203.82714018167673,0.4868352923974173,8.059323563583375,False
0.5715,203.90124734089076,0.486568002408635,8.09121715528815,False
0.5720000000000001,203.9940638834654,0.4862340526036978,8.122982020563288,False
0.5725,204.10504008928163,0.4858334459471781,8.152135803702878,False
0.5730000000000001,204.23221786800946,0.48537300942914513,8.17617792127461,False
0.5735,204.37242260266746,0.4848656725368624,8.193432604637733,False
0.5740000000000001,204.521837435185,0.4843276862113083,8.203527539832482,False
0.5745,204.6767195342915,0.48377497501512057,8.207350346726994,False
0.5750000000000001,204.83398050690204,0.48322006236771703,8.206539908804729,False
0.5755,204.9914267528146,0.48267068163177573,8.202747614633287,False
0.5760000000000001,205.14760470879614,0.48213044465048227,8.19697727249605,False
0.5765,205.30135674862274,0.48160109933314466,8.189258929150453,False
0.577,205.45130095933018,0.481085309978366,8.17876041427694,False
0.5775,205.5954626382769,0.48058876346075213,8.164258187876538,False
0.578,205.7312077307935,0.48012076259267517,8.14475107432745,False
0.5785,205.85549602211748,0.4796931367767223,8.119958885183115,False
0.579,205.96534144509593,0.4793179894435316,8.090512745411768,False
0.5795,206.0582906394755,0.4790052344139023,8.05778189221782,False
0.58,206.13273619241443,0.4787608931358348,8.023432275173938,False
0.5805,206.18796034772149,0.47858675086849956,7.988913505171481,False
0.581,206.22392090967986,0.4784813798431093,7.955084602608243,False
0.5815,206.24089331799976,0.47844198709049035,7.922116052663693,False
0.582,206.23913039475556,0.47846625758413336,7.889682324435544,False
0.5825,206.2186789247805,0.47855343818669416,7.857339871941081,False
0.583,206.17941501750573,0.47870428491238626,7.824919204124394,False
0.5835,206.12126435675822,0.478919995221091,7.7927686066135085,False
0.584,206.04449969535818,0.4792006538970974,7.761761376489803,False
0.5845,205.94998447652065,0.47954387777056645,7.733082049680135,False
0.585,205.83926345795015,0.4799442090228737,7.7078952361431705,False
0.5855,205.71447065062583,0.48039345967858255,7.687038751299662,False
0.586,205.5780999410722,0.4808818114732737,7.670859794585577,False
0.5865,205.4327333095966,0.4813991931319363,7.659244117445361,False
0.587,205.28082803147598,0.4819363954983941,7.651805930351872,False
0.5875,205.1246295018165,0.48248554713253466,7.648145347023059,False
0.588,204.96621867303062,0.48303987004986887,7.648062769952964,False
0.5885,204.80764800591038,0.4835929332301953,7.6516481331485044,False
0.589,204.65108893065863,0.48413780108380566,7.659221094527679,False
0.5895,204.49891674686805,0.48466647659801704,7.671159892872077,False
0.59,204.35369089438248,0.4851698823974406,7.687696958563636,False
0.5905,204.21803390322907,0.48563838621551936,7.708764889941549,False
0.591,204.0944518697685,0.48606266206281384,7.733948675862266,False
0.5915,203.98515824351895,0.4864345667221311,7.762553493463274,False
0.592,203.8919559709246,0.4867477352399066,7.793752152276171,False
0.5925,203.81620602998413,0.486997734375007,7.826749595158873,False
0.593,203.75887562711006,0.4871817950456741,7.860901996961274,False
0.5935,203.72063086599582,0.48729829899881283,7.895752006418657,False
0.594,203.70192667873684,0.4873462657452547,7.9309779361143695,False
0.5945,203.70305412223502,0.48732505527929226,7.9662882131376485,False
0.595,203.72412711264673,0.48723439208385133,8.001310709419432,False
0.5955,203.765017551469,0.48707467582328856,8.035524158955349,False
0.596,203.82526889972033,0.4868474298937976,8.068258545725937,False
0.5965,203.90402603908225,0.48655569168936846,8.098762416173324,False
0.597,204.00001186379265,0.4862041802382317,8.126309267226377,False
0.5975,204.11156249844908,0.48579916913478427,8.150302045838245,False
0.598,204.2367112453647,0.4853481056169406,8.170338365057656,False
0.5985,204.37329486860781,0.48485910579556635,8.18621667027616,False
0.599,204.51905053789534,0.4843404892914072,8.1978875010385,False
0.5995,204.67167891800457,0.48380048517692115,8.205374544700994,False
0.6,204.8288648627266,0.4832471617065114,8.208699649117124,False
0.6005,204.98826513339526,0.4826885388848306,8.207841416984285,False
0.601,205.14748533447948,0.4821327728883045,8.20274116224197,False
0.6015,205.30407114878878,0.48158828071658494,8.193349857082502,False
0.602,205.455531464447,0.4810637071459282,8.179693497314442,False
0.6025,205.5993967729166,0.4805677071641442,8.161928248205816,False
0.603,205.73330140344603,0.48010859477705536,8.140362564027496,False
0.6035,205.85506873905484,0.4796939618021925,8.115438087336573,False
0.604,205.9627779917327,0.47933037837267545,8.087678067976245,False
0.6045,206.05479906121417,0.47902324993312745,8.057624297119977,False
0.605,206.12979467887016,0.4787768413854352,8.025786472133436,False
0.6055,206.1867009729975,0.47859441555083604,7.992620948791384,False
0.606,206.22470398344163,0.47847839600997394,7.958542535447112,False
0.6065,206.2432283158872,0.4784304668626882,7.92395923360189,False
0.607,206.24194621392093,0.4784515600234265,7.889311285277702,False
0.6075,206.22080461665163,0.4785417359979662,7.855095641030846,False
0.608,206.1800588981825,0.47870001262148265,7.821864452464904,False
0.6085,206.12029846102382,0.47892421859660206,7.790197719513663,False
0.609,206.0424521938341,0.4792109377966919,7.760660727173511,False
0.6095,205.9477693111595,0.47955557339581517,7.733762178126052,False
0.61,205.83777980105475,0.47995251526137955,7.709927275872507,False
0.6105,205.71424496845006,0.48039535908918635,7.68949274475492,False
0.611,205.5791100770088,0.48087711472761807,7.672721379039353,False
0.6115,205.43446772379014,0.4813903562165709,7.659826219093717,False
0.612,205.28253419581165,0.4819272985305267,7.6509917119690645,False
0.6125,205.12563455359998,0.4824798209002593,7.646381858911097,False
0.613,204.9661882048418,0.483039479472962,7.646131771367097,False
0.6135,204.80668661477958,0.4835975549038,7.650326288803001,False
0.614,204.64965819893794,0.4841451641454328,7.658974388435363,False
0.6145,204.49762064643446,0.48467343870124435,7.671989255194021,False
0.615,204.35302569327786,0.4851737457457879,7.689181055756035,False
0.6155,204.21820389118807,0.4856379138333262,7.710264213208331,False
0.616,204.0953164689788,0.4860584259063723,7.734875621111077,False
0.6165,203.98631846891277,0.4864285568239224,7.762596855308204,False
0.617,203.8929333597176,0.4867424535012401,7.79297311840825,False
0.6175,203.8166359269291,0.4869951742305356,7.825524161820725,False
0.618,203.7586386532504,0.4871827130345236,7.859746487510692,False
0.6185,203.71987742709507,0.48730203250641047,7.895110001412703,False
0.619,203.70099476716317,0.48735111676365295,7.931054496856905,False
0.6195,203.70232172805694,0.4873290404829301,7.966991199679703,False
0.62,203.7238620284279,0.48723603695470413,8.002312378075707,False
0.6205,203.7652828322892,0.48707354252755536,8.036408741774592,False
0.621,203.82591576861486,0.48684419827425773,8.068691360371885,False
0.6215,203.90476961946683,0.486551800249851,8.098613230391326,False
0.622,204.00055352390325,0.48620120290092855,8.125685910047936,False
0.6225,204.11170750610418,0.4857981909779717,8.149488567123495,False
0.623,204.23643633623252,0.48534933994707186,8.16966950229862,False
0.6235,204.3727433503848,0.4848618822261607,8.185942638353486,False
0.624,204.51846252441837,0.4843435882457284,8.198082714760886,False
0.6245,204.6712890783459,0.48380266102596425,8.205922620009625,False
0.625,204.82881038122716,0.4832476348294594,8.209354676022441,False
0.6255000000000001,204.9885393760962,0.4826872655162555,8.208335495058435,False
0.626,205.14795204260466,0.48213040328826845,8.202892169181581,False
0.6265000000000001,205.30452891685744,0.48158584594253034,8.193126744735151,False
0.627,205.45579904504729,0.48106217929560785,8.179216435595023,False
0.6275000000000001,205.59938363281162,0.48056761757347866,8.161408557412788,False
0.628,205.73303648940387,0.48010985791957933,8.140011043234697,False
0.6285000000000001,205.85467917213927,0.4796959594421224,8.115380850286009,False
0.629,205.96243013835368,0.47933225014879993,8.087913029286444,False
0.6295000000000001,206.05462861827303,0.47902425769572804,8.058032576693671,False
0.63,206.12985477855023,0.4787766550582413,8.026189762217577,False
0.6305000000000001,206.18694776060147,0.4785932117192598,7.992858049532626,False
0.631,206.22502242402146,0.47847674460478373,7.95853265592862,False
0.6315000000000001,206.24348448867963,0.4784290689326538,7.9237276248762845,False
0.632,206.24204276594185,0.4784509547269982,7.8889700145468895,False
0.6325000000000001,206.2207167236357,0.478542097674696,7.854791065623643,False
0.633,206.1798379027671,0.478701112221707,7.821715443777357,False
0.6335000000000001,206.1200445489925,0.47892555089363753,7.790250352843629,False
0.634,206.0422698669558,0.4792119485911898,7.760876241460779,False
0.6345000000000001,205.94772512785892,0.47955588626573054,7.7340400758327545,False
0.635,205.8378791651811,0.47995206657566664,7.710151092002417,False
0.6355000000000001,205.71443552384426,0.4803943953182534,7.689578034651441,False
0.636,205.57930786725677,0.4808760658023895,7.672646493086479,False
0.6365000000000001,205.43459351839172,0.48138964723216615,7.659635173768331,False
0.637,205.28254453329305,0.4819271808990585,7.650770652061613,False
0.6375000000000001,205.1255356610886,0.4824802884677442,7.646220996355977,False
0.638,204.9660289218604,0.48304029483807664,7.64608930255798,False
0.6385000000000001,204.8065351522103,0.483598364856174,7.650408383513449,False
0.639,204.64957347082313,0.48414564988731146,7.659137593735626,False
0.6395000000000001,204.49762998035743,0.4846734381838833,7.672162192384667,False
0.64,204.35311704422037,0.4851733027124229,7.68929501882474,False
0.6405,204.21833419912898,0.4856372414931429,7.710279825074587,False
0.641,204.0954313394588,0.486057807778342,7.734795518147487,False
0.6415,203.9863744266999,0.48642822953666454,7.762460800942405,False
0.642,203.8929137841411,0.48674251889254244,7.792839122142993,False
0.6425,203.81655508533746,0.48699557205808425,7.825444253501657,False
0.643,203.75853338216115,0.4871832591144983,7.859747032087738,False
0.6435,203.7197908178571,0.48730250138816794,7.895183750578765,False
0.644,203.70095888820381,0.4873513328800198,7.931166378687645,False
0.6445,203.7023461437232,0.4873289418238139,7.967094373160894,False
0.645,203.72393203670623,0.48723568916958393,8.00236744077352,False
0.6455,203.765367257384,0.4870731023968306,8.036398393576329,False
0.646,203.8259804784137,0.48684384504380773,8.068625243435159,False
0.6465,203.9047910543319,0.4865516640935081,8.098521901627521,False
0.647,204.0005269920311,0.486201318418831,8.125607185740716,False
0.6475,204.11164745121744,0.48579849168154116,8.149452166025942,False
0.648,204.236369118774,0.485349692547302,8.169686098976966,False
0.6485,204.3726959514265,0.48486214420545437,8.186001243672614,False
0.649,204.51845190827999,0.48434366442417986,8.198156751601609,False
0.6495,204.6713163323136,0.48380253708096965,8.205981635267701,False
0.65,204.82886156747793,0.48324737640512533,8.209376651057054,False
0.6505,204.98859224565408,0.48268698591182363,8.208314858553113,False
0.651,205.14798551017282,0.4821302148656594,8.202840676270737,False
0.6515,205.30453133101543,0.4815858157089417,8.193067419861572,False
0.652,205.45577205935993,0.48106230595789046,8.179173515432334,False
0.6525,205.59934047216979,0.480567837552254,8.161397744775698,False
0.653,205.73299573470194,0.48011007571216546,8.14003393749969,False
0.6535,205.85465689755026,0.4796960883317618,8.11542545827789,False
0.654,205.96243368286633,0.47933224615946834,8.08795967718731,False
0.6545,206.0546543649579,0.4790241336978386,8.058062424186096,False
0.655,206.1298905159366,0.4787764709209027,8.026192288611277,False
0.6555,206.18697830570267,0.47859304638,7.992834580983685,False
0.656,206.22503597350945,0.47847666276725453,7.958494834906129,False
0.6565,206.24347707538678,0.47842909626087715,7.923691856340139,False
0.657,206.24201918083776,0.47845107084439403,7.8889504657310034,False
0.6575,206.22068783181297,0.4785422483031189,7.8547941664443925,False
0.658,206.17981574775007,0.4787012339345424,7.821737977574794,False
0.6585,206.12003741351873,0.4789255974052033,7.790281594600232,False
0.659,206.04227928453253,0.4792119078413725,7.7609029245407335,False
0.6595,205.9477458725628,0.4795557822265501,7.734051934910567,False
0.66,205.83790195247752,0.47995194642246036,7.710144701691134,False
0.6605,205.7144510886734,0.4803943084548584,7.6895575594401455,False
0.661,205.5793106576681,0.48087604391181255,7.672621334665575,False
0.6615,205.4345835647672,0.4813896932524104,7.659615747222775,False
0.662,205.28252692121373,0.4819272704929706,7.650764152938416,False
0.6625,205.12551804692083,0.4824803822131384,7.64622884400086,False
0.663,204.96601826510997,0.4830403552594184,7.646107113599034,False
0.6635,204.8065350331065,0.4835983710708866,7.650428241783654,False
0.664,204.64958299452272,0.48414560430196607,7.65915149805457,False
0.6645,204.49764454462945,0.4846733633729761,7.672165210536809,False
0.665,204.35313048838137,0.4851732306668228,7.689286938006654,False
0.6655,204.2183413595066,0.48563720020140905,7.7102647983237445,False
0.666,204.09542997478096,0.4860578106497979,7.734780038429813,False
0.6665,203.98636582421582,0.48642827151584206,7.762450952921852,False
0.667,203.89290193666952,0.4867425801301707,7.792838248972571,False
0.6675,203.81654489330998,0.4869956269889853,7.82545190471417,False
0.668,203.75852866792218,0.4871832869120434,7.859759480243708,False
0.6685,203.71979293751465,0.48730249362263744,7.895195731659609,False
0.669,203.70096642306052,0.48735129568171665,7.931173271764129,False
0.6695,203.70235569363433,0.48732889221779124,7.967093937688547,False
0.67,203.72393971162333,0.48723564751960724,8.002360479599067,False
0.6705,203.76537023013927,0.4870730842171706,8.036388179176528,False
0.671,203.82597799315855,0.48684385539382896,8.068616035393175,False
0.6715,203.90478454611338,0.48655169649990343,8.098517205928411,False
0.672,204.00051934476136,0.48620135836278416,8.125608452050686,False
0.6725,204.11164175242672,0.48579852292367676,8.149458392901519,False
0.673,204.23636743611053,0.4853497036051888,8.169694427316038,False
0.6735,204.3726986063115,0.48486213245152043,8.186008228287784,False
0.674,204.51845749167748,0.4843436363935353,8.198159760512672,False
0.6745,204.6713223987842,0.4838025051642852,8.205979818428077,False
0.675,204.82886568244712,0.48324735350257353,8.209371131210121,False
0.6755,204.9885929460648,0.4826869803066872,8.20830812885756,False
0.676,205.14798280545588,0.4821302273224767,8.202835503444138,False
0.6765,205.30452658088072,0.4815858397745208,8.193065725146107,False
0.677,205.45576732451516,0.48106233110222474,8.179175679503064,False
0.6775,205.59933763695568,0.4805678536841337,8.16140258082102,False
0.678,205.73299576954327,0.48011007716440596,8.140039291750602,False
0.6785,205.8546595455923,0.47969607576454226,8.115429149187447,False
0.679,205.96243766337557,0.4793322257807829,8.087960370451817,False
0.6795,206.05465797107672,0.4790241143231775,8.05806009738915,False
0.68,206.12989233489483,0.4787764602239821,8.026188131335553,False
0.6805,206.18697776149307,0.47859304790780755,7.9928304160348596,False
0.681,206.22503348769953,0.4784766748604957,7.958492332881773,False
0.6815,206.24347381276985,0.47842911315976505,7.923691877318712,False
0.682,206.24201651740842,0.4784510853529459,7.888952783031386,False
0.6825,206.22068678344377,0.4785422548058554,7.854797651534746,False
0.683,206.17981659351824,0.4787012305176923,7.821741131912913,False
0.6835,206.12003964856984,0.4789255863032525,7.790283183727387,False
0.684,206.042281892231,0.4792118941749453,7.76090244989853,False
0.6845,205.9477477776647,0.4795557716916558,7.734049767981933,False
0.685,205.8379024566789,0.47995194295574445,7.710141857140809,False
0.6855,205.71445011538137,0.4803943128160397,7.689555231422974,False
0.686,205.57930872574832,0.480876053668119,7.6726204040488515,False
0.6865,205.43458152728357,0.4813897040407357,7.659616459473844,False
0.687,205.2825255956595,0.4819272779347548,7.650766079030098,False
0.6875,205.12551789439416,0.4824803836559411,7.6462311128996845,False
0.6880000000000001,204.96601924098215,0.4830403506687273,7.646108797978235,False
0.6885,204.80653665166017,0.4835983628002524,7.650428729480082,False
0.6890000000000001,204.6495845612905,0.4841455959413447,7.659150704007498,False
0.6895,204.49764544873176,0.4846733582195689,7.672163561254885,False
0.6900000000000001,204.3531304343448,0.485173230456909,7.689285156745058,False
0.6905,204.21834045372657,0.48563720457513365,7.710263594402426,False
0.6910000000000001,204.09542864691866,0.4860578174867554,7.734779831287793,False
0.6915,203.9863646299813,0.48642827792591475,7.7624517350811155,False
0.6920000000000001,203.89290132991894,0.48674258365077816,7.792839627931112,False
0.6925,203.8165450587391,0.48699562650418793,7.825453290587351,False
0.6930000000000001,203.75852947348113,0.4871832829638475,7.859760332818494,False
0.6935,203.7197940139033,0.4873024880511552,7.895195765779437,False
0.6940000000000001,203.7009673280182,0.4873512907953484,7.931172545455614,False
0.6945,203.70235608996194,0.48732888985659784,7.967092799534492,False
0.6950000000000001,203.72393948896845,0.48723564838277544,8.002359408161755,False
0.6955,203.7653695283813,0.4870730876906812,8.036387585936208,False
0.6960000000000001,203.82597712676701,0.4868438599014002,8.068616110529607,False
0.6965,203.9047838670887,0.48655170019701655,8.098517863020309,False
0.6970000000000001,204.00051910236922,0.4862013598766054,8.12560938490505,False
0.6975,204.11164200445154,0.48579852184845673,8.149459213268194,False
0.6980000000000001,204.2363680420159,0.4853497005806761,8.169694823382867,False
0.6985,204.37269929847554,0.48486212882721047,8.186008080502411,False
0.6990000000000001,204.5184579907298,0.4843436336423574,8.198159172822416,False
0.6995,204.67132252440936,0.4838025042945294,8.205979059291925,False
0.7000000000000001,204.82886541645465,0.4832473546987933,8.209370514541387,False
0.7005,204.98859242652532,0.4826869829232189,8.20830788642252,False
0.7010000000000001,205.14798225948414,0.48213023020523027,8.202835699780557,False
0.7015,205.30452622738292,0.481585841758801,8.193066245451034,False
0.7020000000000001,205.4557672878376,0.4810623314757728,8.179176289716487,False
0.7025,205.5993379050017,0.4805678524339279,8.16140303044616,False
0.7030000000000001,205.73299620966733,0.4801100749253751,8.14003941508593,False
0.7035,205.8546599674389,0.4796960735135828,8.115428924604991,False
0.704,205.96243789980173,0.4793322244183171,8.087959917242555,False
0.7045,206.05465794322487,0.479024114318888,8.058059616359637,False
0.705,206.12989207649645,0.4787764614640306,8.026187817515737,False
0.7055,206.18697739589805,0.47859304978897366,7.992830380881834,False
0.706,206.22503317075154,0.4784766765734116,7.958492566555056,False
0.7065,206.2434736674018,0.47842911403159455,7.9236922629334785,False
0.707,206.24201658705184,0.4784510851063078,7.888953152794124,False
0.7075,206.2206870214578,0.47854225363647507,7.85479785856222,False
0.708,206.17981688979597,0.4787012289748233,7.821741107413998,False
0.7085,206.12003987933667,0.4789255850381099,7.790282957764699,False
0.709,206.04228197090922,0.479211893670178,7.760902130580367,False
0.7095,205.9477476862341,0.4795557720825921,7.734049491179452,False
0.71,205.83790224670403,0.4799519440071726,7.710141729615221,False
0.7105,205.7144498810908,0.48039431404973376,7.689555290794901,False
0.711,205.57930856255308,0.4808760545760268,7.6726206100849845,False
0.7115,205.43458149368468,0.4813897042904227,7.659616717239488,False
0.712,205.28252569341015,0.4819272774856656,7.650766281656462,False
0.7125,205.12551807305923,0.4824803827485733,7.646231185075969,False
0.713,204.96601942273608,0.4830403497032036,7.646108722835144,False
0.7135,204.8065367645548,0.4835983621631612,7.650428549825718,False
0.714,204.64958456704636,0.48414559585440153,7.659150499911974,False
0.7145,204.49764535465246,0.48467335866768974,7.672163415104264,False
0.715,204.35313028622267,0.48517323121623207,7.689285120700531,False
0.7155,204.21834031435856,0.48563720532023585,7.710263672773466,False
0.716,204.0954285700064,0.4860578179273917,7.734779983261833,False
0.7165,203.98636464002104,0.4864282779170803,7.762451894790717,False
0.717,203.8929014153241,0.48674258323584196,7.79283973240243,False
0.7175,203.81654517961368,0.4869956258807758,7.825453303980116,False
0.718,203.75852957966543,0.4871832823930226,7.859760257913821,False
0.7185,203.71979406536516,0.4873024877503501,7.8951956394505975,False
0.719,203.70096730949672,0.48735129085790924,7.93117242133484,False
0.7195,203.7023560147227,0.48732889022655873,7.967092725724431,False
0.72,203.72393939118237,0.48723564888963783,8.002359409041267,False
0.7205,203.76536944805937,0.4870730881254718,8.036387654733199,False
0.721,203.82597709371322,0.4868438601010795,8.068616214609255,False
0.7215,203.90478389016408,0.48655170010391174,8.098517958767223,False
0.722,204.00051916778872,0.48620135955198374,8.12560943563408,False
0.7225,204.11164208303856,0.48579852143875585,8.149459202961507,False
0.723,204.23636810187162,0.4853497002533393,8.16969476124586,False
0.7235,204.37269931769262,0.48486212870352036,8.186007995293517,False
0.724,204.51845796517642,0.48434363375369666,8.198159099978353,False
0.7245,204.67132246791607,0.4838025045773496,8.20597902645551,False
0.725,204.82886535391538,0.48324735502726746,8.209370531301339,False
0.7255,204.98859238317516,0.48268698316385605,8.208307941983849,False
0.726,205.14798225088367,0.4821302302702338,8.202835768878174,False
0.7265,205.30452625402418,0.48158584163716284,8.193066299533154,False
0.727,205.4557673361624,0.4810623312314716,8.179176308553686,False
0.7275,205.59933795393735,0.48056785217445164,8.161403009511215,False
0.728,205.7329962396439,0.4801100747553748,8.140039366084448,False
0.7285,205.8546599680883,0.47969607349333426,8.115428869476146,False
0.729,205.96243787335348,0.47933222454323676,8.087959878543508,False
0.7295,206.0546579025732,0.47902411452668286,8.058059608178649,False
0.73,206.12989203914117,0.4787764616644325,8.026187840525456,False
0.7305,206.18697737653181,0.4785930499022887,7.992830423190681,False
0.731,206.22503317559347,0.47847667656164766,7.958492609541625,False
0.7315,206.24347369241892,0.4784291139102153,7.923692289299885,False
0.732,206.2420166204605,0.478451084933473,7.888953153404119,False
0.7325,206.22068704913087,0.47854225348599405,7.85479783540767,False
0.733,206.17981690114317,0.47870122890512645,7.821741071845968,False
0.7335,206.12003987124493,0.47892558507010563,7.790282925114818,False
0.734,206.0422819483273,0.47921189378215184,7.760902113658366,False
0.7345,205.94774765946772,0.4795557722226986,7.734049495364975,False
0.735,205.83790222680912,0.4799519441169118,7.710141751372603,False
0.7355,205.71444987538783,0.4803943140879673,7.68955531989277,False
0.736,205.57930857204877,0.4808760545338493,7.672620634288126,False
0.7365,205.4345815132509,0.48138970419177063,7.6596167273649,False
0.737,205.28252571438765,0.48192727737477037,7.650766274942587,False
0.7375,205.12551808701784,0.48248038267050697,7.646231165684668,False
0.738,204.96601942478853,0.48304034968592785,7.646108699562809,False
0.7385,204.80653675495628,0.4835983622080563,7.650428532199011,False
0.739,204.64958455061588,0.4841455959382008,7.659150494366017,False
0.7395,204.4976453384546,0.4846733587539401,7.6721634227394935,False
0.74,204.35313027658867,0.4851732312708489,7.689285137346082,False
0.7405,204.21834031447617,0.48563720532464255,7.710263691108231,False
0.741,204.09542857896417,0.48605781788434704,7.734779995966542,False
0.7415,203.98636465353974,0.4864282778476252,7.76245189740352,False
0.742,203.8929014277302,0.48674258316941627,7.792839724796296,False
0.7425,203.81654518617225,0.4869956258429928,7.82545329001906,False
0.743,203.75852957833584,0.48718328239606423,7.859760243591684,False
0.7435,203.71979405735328,0.4873024877894461,7.895195630372723,False
0.744,203.70096729850007,0.48735129091470364,7.931172420576358,False
0.7445,203.70235600527775,0.4873288902774304,7.967092732858611,False
0.745,203.7239393868306,0.48723564891531923,8.002359420609306,False
0.7455,203.76536945005756,0.48707308811814787,8.03638766584876,False
0.746,203.82597710073904,0.48684386006643676,8.068616220979354,False
0.7465,203.90478389904806,0.4865517000577843,8.098517958312502,False
0.747,204.00051917490325,0.48620135951334026,8.125609429113357,False
0.7475,204.11164208575104,0.4857985214220513,8.149459193439965,False
0.748,204.23636809949176,0.4853497002632501,8.169694752707176,False
0.7485,204.37269931158394,0.4848621287339159,8.186007991004793,False
0.749,204.51845795805448,0.48434363379092227,8.198159101266903,False
0.7495,204.67132246267116,0.48380250460619356,8.205979032344269,False
0.75,204.82886535245945,0.48324735503707117,8.20937053908011,False
0.7505000000000001,204.9885923857656,0.48268698315234904,8.208307948419094,False
0.751,205.14798225615434,0.4821302302437557,8.20283577153449,False
0.7515000000000001,205.30452625965788,0.4815858416074634,8.193066297674592,False
0.752,205.45576733988884,0.48106233121061315,8.179176303299071,False
0.7525000000000001,205.59933795443325,0.48056785216998493,8.161403003238563,False
0.753,205.73299623698426,0.48011007476769807,8.140039361380587,False
0.7535000000000001,205.8546599636025,0.47969607351611293,8.11542886808633,False
0.754,205.96243786899032,0.4793322245664841,8.08795988074215,False
0.7545000000000001,206.05465790006883,0.4790241145410592,8.058059612780717,False
0.755,206.12989203934018,0.47877646166493515,8.02618784548275,False
0.7555000000000001,206.1869773791227,0.47859304988989976,7.992830426486073,False
0.756,206.22503317933138,0.47847667654243975,7.958492609996572,False
0.7565000000000001,206.2434736957055,0.4784291138924812,7.923692286976814,False
0.757,206.2420166220166,0.4784510849242021,7.888953149474978,False
0.7575000000000001,206.22068704848311,0.4785422534881751,7.854797831587369,False
0.758,206.17981689874378,0.47870122891689004,7.821741069656123,False
0.7585000000000001,206.1200398682085,0.4789255850858994,7.7902829252898735,False
0.759,206.04228194592486,0.4792118937952952,7.760902115920705,False
0.7595000000000001,205.94774765860362,0.4795557722281631,7.7340494986264705,False
0.76,205.837902227692,0.4799519441131883,7.710141754242815,False
0.7605000000000001,205.71444987751073,0.4803943140773551,7.689555321262074,False
0.761,205.57930857445635,0.48087605452118937,7.672620633744679,False
0.7615000000000001,205.43458151496128,0.48138970418228516,7.659616725294957,False
0.762,205.28252571478475,0.4819272773719444,7.650766272303327,False
0.7625000000000001,205.12551808606182,0.4824803826748671,7.646231163571968,False
0.763,204.966019422978,0.4830403496951057,7.646108698764607,False
0.7635000000000001,204.80653675308164,0.48359836221799585,7.650428532912732,False
0.764,204.64958454942072,0.48414559594491513,7.659150496175564,False
0.7645000000000001,204.49764533834775,0.4846733587550764,7.6721634248359045,False
0.765,204.35313027751505,0.4851732312664608,7.689285138881402,False
0.7655000000000001,204.21834031598118,0.48563720531694377,7.710263691531185,False
0.766,204.09542858040817,0.48605781787664515,7.734779995210582,False
0.7665000000000001,203.98636465436442,0.4864282778429291,7.762451895868323,False
0.767,203.89290142766868,0.48674258316929087,7.792839723149475,False
0.7675000000000001,203.8165451853264,0.4869956258470823,7.825453288912097,False
0.768,203.7585295771036,0.48718328240240505,7.859760243408192,False
0.7685,203.71979405624776,0.48730248779537416,7.895195631103378,False
0.769,203.70096729794034,0.48735129091795015,7.931172421857284,False
0.7695,203.70235600543427,0.4873288902769664,7.9670927341436695,False
0.77,203.72393938758069,0.48723564891164683,8.002359421398015,False
0.7705,203.7653694510582,0.48707308811297256,8.036387665876752,False
0.771,203.82597710157887,0.4868438600619015,8.068616220300903,False
0.7715,203.90478389941322,0.48655170005560155,8.098517957252634,False
0.772,204.00051917469145,0.4862013595141606,8.12560942811845,False
0.7725,204.111642085094,0.4857985214252996,8.149459192893634,False
0.773,204.2363680986845,0.48534970026745056,8.169694752785457,False
0.7735,204.3726993109559,0.4848621287373423,8.186007991624233,False
0.774,204.51845795783748,0.48434363379229534,8.198159102138403,False
0.7745,204.6713224629161,0.48380250460514584,8.205979033103445,False
0.775,204.8288653530309,0.4832473550342189,8.209370539436877,False
0.7755,204.9885923864101,0.48268698314896924,8.208307948266242,False
0.776,205.14798225661045,0.4821302302412302,8.202835770975431,False
0.7765,205.3045262597604,0.48158584160672074,8.193066296965286,False
0.777,205.45576733962676,0.4810623312117986,8.179176302734074,False
0.7775,205.5993379539417,0.4805678521724646,8.161403003030644,False
0.778,205.73299623647867,0.4801100747703749,8.140039361582438,False
0.7785,205.85465996328597,0.4796960735179023,8.115428868582715,False
0.779,205.9624378689734,0.4793322245667463,8.08795988130964,False
0.7795,206.05465790033278,0.4790241145398186,8.05805961318616,False
0.78,206.12989203975525,0.4787764616628167,8.026187845577589,False
0.7805,206.18697737950953,0.47859304988782747,7.992830426258883,False
0.781,206.2250331795373,0.478476676541241,7.958492609566126,False
0.7815,206.24347369566354,0.4784291138925614,7.923692286533206,False
0.782,206.24201662176503,0.47845108492541893,7.888953149197213,False
0.7825,206.2206870481411,0.47854225348994256,7.854797831572459,False
0.783,206.17981689845627,0.47870122891845074,7.821741069887115,False
0.7835,206.12003986808585,0.4789255850866457,7.790282925652736,False
0.784,206.0422819460017,0.4792118937949994,7.760902116258677,False
0.7845,205.94774765883162,0.4795557722270345,7.734049498806571,False
0.785,205.83790222796677,0.479951944111752,7.710141754207093,False
0.7855,205.71444987771852,0.48039431407621164,7.689555321043857,False
0.786,205.5793085745205,0.48087605452076904,7.672620633447082,False
0.7865,205.43458151486908,0.4813897041826904,7.659616725043248,False
0.787,205.28252571458674,0.48192727737294105,7.650766272193297,False
0.7875,205.12551808584587,0.4824803826760069,7.646231163634494,False
0.788,204.96601942283104,0.4830403496959245,7.646108698959554,False
0.7885,204.8065367530554,0.4835983622181992,7.650428533151336,False
0.789,204.64958454951474,0.48414559594447815,7.659150496360019,False
0.7895,204.4976453385144,0.48467335875422846,7.672163424898563,False
0.79,204.35313027768248,0.48517323126557116,7.689285138808565,False
0.7905,204.2183403160838,0.48563720531636506,7.710263691363424,False
0.791,204.0954285804116,0.4860578178765758,7.734779995021922,False
0.7915,203.98636465427614,0.4864282778433512,7.762451895734309,False
0.792,203.8929014275312,0.48674258316999564,7.792839723117526,False
0.7925,203.8165451851976,0.48699562584777023,7.825453288985642,False
0.793,203.75852957703285,0.4871832824028098,7.859760243549316,False
0.7935,203.7197940562575,0.4873024877953634,7.895195631251252,False
0.794,203.7009672980198,0.4873512909175643,7.931172421953796,False
0.7945,203.70235600554648,0.48732889027638804,7.967092734155709,False
0.795,203.7239393876792,0.4872356489111178,8.002359421328215,False
0.7955,203.76536945110578,0.48707308811269384,8.036387665759296,False
0.796,203.82597710156136,0.4868438600619608,8.068616220185692,False
0.7965,203.90478389934293,0.48655170005594633,8.098517957184399,False
0.797,204.00051917460036,0.4862013595146327,8.125609428119908,False
0.7975,204.11164208501955,0.48579852142570346,8.149459192958316,False
0.798,204.2363680986544,0.48534970026763335,8.169694752882624,False
0.7985,204.3726993109783,0.4848621287372521,8.186007991713065,False
0.799,204.5184579578991,0.4843436337919894,8.19815910218462,False
0.7995,204.67132246298937,0.48380250460476354,8.20597903309247,False
0.8,204.82886535308586,0.4832473550339169,8.20937053937787,False
0.8005,204.98859238642666,0.48268698314886055,8.20830794818662,False
0.801,205.14798225658524,0.4821302302413405,8.202835770908406,False
0.8015,205.30452625970693,0.48158584160698875,8.193066296936436,False
0.802,205.45576733956872,0.48106233121210434,8.179176302751655,False
0.8025,205.59933795390253,0.48056785217268305,8.16140300308373,False
0.803,205.73299623647245,0.4801100747704269,8.140039361646915,False
0.8035,205.85465996331237,0.47969607351778065,8.115428868631843,False
0.804,205.96243786901908,0.4793322245665146,8.087959881325121,False
0.8045,206.05465790037783,0.47902411453957905,8.058059613164701,False
0.805,206.1298920397817,0.4787764616626655,8.02618784553093,False
0.8055,206.1869773795084,0.47859304988781765,7.9928304262078775,False
0.806,206.22503317951134,0.4784766765413644,7.958492609531593,False
0.8065,206.24347369562534,0.4784291138927575,7.923692286527613,False
0.807,206.242016621731,0.4784510849256025,7.888953149220326,False
0.8075,206.22068704812452,0.47854225349004065,7.854797831612475,False
0.808,206.1798168984622,0.4787012289184317,7.821741069926538,False
0.8085,206.12003986810996,0.4789255850865278,7.790282925675888,False
0.809,206.04228194603274,0.47921189379483825,7.7609021162577365,False
0.8095,205.94774765885663,0.47955577222689827,7.7340494987840405,False
0.81,205.83790222797631,0.4799519441116926,7.710141754173826,False
0.8105,205.71444987771014,0.4803943140762461,7.68955532101403,False
0.811,205.5793085744991,0.48087605452087573,7.672620633432255,False
0.8115,205.4345815148443,0.48138970418282034,7.659616725047996,False
0.812,205.28252571456872,0.4819272773730407,7.650766272214009,False
0.8125,205.12551808584104,0.4824803826760392,7.646231163661542,False
0.8130000000000001,204.9660194228402,0.4830403496958836,7.646108698981772,False
0.8135,204.80653675307371,0.4835983622181068,7.650428533160379,False
0.8140000000000001,204.6495845495341,0.4841455959443754,7.6591504963535,False
0.8145,204.49764533852715,0.4846733587541574,7.672163424880499,False
0.8150000000000001,204.35313027768427,0.4851732312655561,7.689285138787068,False
0.8155,204.2183403160749,0.4856372053164068,7.710263691347171,False
0.8160000000000001,204.09542858039637,0.48605781787665336,7.734779995016825,False
0.8165,203.9863646542611,0.4864282778434311,7.762451895741387,False
0.8170000000000001,203.89290142752216,0.4867425831700465,7.792839723132965,False
0.8175,203.81654518519764,0.4869956258477751,7.8254532890027555,False
0.8180000000000001,203.75852957704114,0.48718328240277,7.8597602435612375,False
0.8185,203.71979405627013,0.4873024877952987,7.895195631253804,False
0.8190000000000001,203.70096729803146,0.487351290917502,7.931172421946769,False
0.8195,203.7023560055527,0.48732889027635223,7.967092734142677,False
0.8200000000000001,203.72393938767803,0.48723564891112014,8.002359421314775,False
0.8205,203.76536945109828,0.4870730881127302,8.036387665750736,False
0.8210000000000001,203.82597710155102,0.4868438600620143,8.068616220184962,False
0.8215,203.90478389933406,0.4865517000559943,8.09851795719112,False
0.8220000000000001,204.00051917459626,0.48620135951465676,8.125609428130801,False
0.8225,204.11164208502143,0.48579852142569663,8.149459192968795,False
0.8230000000000001,204.23636809866107,0.4853497002676009,8.169694752888633,False
0.8235,204.37269931098675,0.48486212873720824,8.186007991712572,False
0.8240000000000001,204.51845795790584,0.4843436337919528,8.19815910217836,False
0.8245,204.6713224629919,0.4838025046047479,8.20597903308338,False
0.8250000000000001,204.82886535308353,0.4832473550339266,8.209370539369758,False
0.8255,204.98859238642075,0.4826869831488897,8.208307948182618,False
0.8260000000000001,205.14798225657844,0.48213023024137636,8.202835770909797,False
0.8265,205.30452625970207,0.48158584160701584,8.193066296942172,False
0.8270000000000001,205.4557673395675,0.4810623312121126,8.179176302759059,False
0.8275,205.59933795390518,0.4805678521726714,8.161403003089715,False
0.8280000000000001,205.7329962364775,0.48011007477040113,8.140039361649201,False
0.8285,205.8546599633177,0.4796960735177529,8.115428868629879,False
0.8290000000000001,205.96243786902252,0.4793322245664954,8.087959881320003,False
0.8295,206.05465790037815,0.4790241145395754,8.058059613158715,False
0.8300000000000001,206.12989203977904,0.478776461662678,8.026187845526561,False
0.8305,206.1869773795041,0.4785930498878397,7.992830426206719,False
0.8310000000000001,206.22503317950725,0.47847667654138604,7.958492609533801,False
0.8315,206.24347369562312,0.4784291138927706,7.923692286532019,False
0.8320000000000001,206.24201662173135,0.47845108492560195,7.888953149224919,False
0.8325,206.22068704812705,0.4785422534900284,7.854797831615407,False
0.833,206.17981689846573,0.47870122891841355,7.821741069926785,False
0.8335,206.120039868113,0.47892558508651145,7.79028292567358,False
0.834,206.0422819460341,0.47921189379483,7.7609021162539955,False
0.8345,205.9477476588559,0.47955577222690093,7.734049498780512,False
0.835,205.83790222797396,0.4799519441117043,7.710141754171919,False
0.8355,205.7144498777073,0.48039431407626126,7.689555321014386,False
0.836,205.5793085744969,0.48087605452088755,7.672620633434507,False
0.8365,205.43458151484361,0.481389704182825,7.659616725051144,False
0.837,205.28252571456972,0.48192727737303653,7.650766272216664,False
0.8375,205.12551808584317,0.48248038267602855,7.6462311636627005,False
0.838,204.96601942284252,0.48304034969587134,7.64610869898106,False
0.8385,204.80653675307528,0.48359836221809793,7.650428533158254,False
0.839,204.64958454953444,0.4841455959443734,7.659150496350912,False
0.8395,204.4976453385262,0.4846733587541615,7.672163424878431,False
0.84,204.35313027768254,0.485173231265565,7.689285138786255,False
0.8405,204.218340316073,0.48563720531641624,7.710263691347808,False
0.841,204.09542858039507,0.4860578178766604,7.734779995018592,False
0.8415,203.98636465426088,0.4864282778434332,7.762451895743581,False
0.842,203.89290142752304,0.4867425831700425,7.792839723134664,False
0.8425,203.81654518519915,0.4869956258477672,7.825453289003331,False
0.843,203.75852957704265,0.4871832824027621,7.859760243560611,False
0.8435,203.71979405627107,0.4873024877952935,7.895195631252326,False
0.844,203.70096729803151,0.4873512909175013,7.931172421945096,False
0.8445,203.70235600555193,0.48732889027635584,7.967092734141475,False
0.845,203.7239393876768,0.48723564891112636,8.002359421314468,False
0.8455,203.76536945109717,0.48707308811273636,8.036387665751349,False
0.846,203.82597710155045,0.48684386006201763,8.068616220186149,False
0.8465,203.9047838993342,0.4865517000559939,8.09851795719231,False
0.847,204.00051917459697,0.4862013595146532,8.125609428131519,False
0.8475,204.11164208502237,0.4857985214256917,8.14945919296878,False
0.848,204.23636809866184,0.48534970026759666,8.169694752887958,False
0.8485,204.37269931098706,0.4848621287372063,8.186007991711543,False
0.849,204.5184579579056,0.4843436337919537,8.198159102177412,False
0.8495,204.67132246299118,0.483802504604751,8.205979033082862,False
0.85,204.8288653530827,0.4832473550339311,8.20937053936992,False
0.8505,204.98859238642015,0.48268698314889297,8.20830794818329,False
0.851,205.14798225657825,0.4821302302413774,8.202835770910685,False
0.8515,205.30452625970233,0.4815858416070148,8.193066296942932,False
0.852,205.45576733956807,0.48106233121210973,8.17917630275941,False
0.8525,205.59933795390583,0.4805678521726681,8.161403003089557,False
0.853,205.732996236478,0.4801100747703985,8.140039361648642,False
0.8535,205.8546599633178,0.47969607351775195,8.115428868629134,False
0.854,205.9624378690222,0.47933222456649655,8.087959881319417,False
0.8545,206.0546579003776,0.47902411453957827,8.058059613158532,False
0.855,206.1298920397785,0.47877646166268084,8.026187845526824,False
0.8555,206.18697737950373,0.4785930498878415,7.9928304262072825,False
0.856,206.22503317950722,0.4784766765413866,7.958492609534477,False
0.8565,206.2434736956234,0.4784291138927692,7.9236922865325266,False
0.857,206.24201662173184,0.4784510849255996,7.888953149225077,False
0.8575,206.22068704812747,0.4785422534900259,7.854797831615181,False
0.858,206.179816898466,0.4787012289184123,7.821741069926325,False
0.8585,206.120039868113,0.4789255850865113,7.79028292567306,False
0.859,206.04228194603382,0.4792118937948311,7.760902116253626,False
0.8595,205.94774765885552,0.4795557722269031,7.7340494987804425,False
0.86,205.83790222797361,0.47995194411170594,7.710141754172111,False
0.8605,205.71444987770707,0.4803943140762623,7.689555321014767,False
0.861,205.5793085744969,0.48087605452088783,7.672620633434947,False
0.8615,205.43458151484379,0.481389704182824,7.659616725051449,False
0.862,205.28252571456997,0.4819272773730352,7.6507662722167815,False
0.8625,205.12551808584348,0.4824803826760273,7.646231163662607,False
0.863,204.9660194228427,0.48304034969587,7.6461086989807665,False
0.8635,204.80653675307528,0.483598362218098,7.650428533157937,False
0.864,204.64958454953424,0.4841455959443741,7.659150496350696,False
0.8645,204.49764533852598,0.4846733587541631,7.672163424878442,False
0.865,204.35313027768234,0.4851732312655659,7.689285138786412,False
0.8655,204.21834031607298,0.48563720531641685,7.71026369134806,False
0.866,204.0954285803953,0.48605781787665975,7.734779995018749,False
0.8665,203.98636465426114,0.48642827784343123,7.762451895743462,False
0.867,203.8929014275232,0.4867425831700415,7.79283972313439,False
0.8675,203.81654518519917,0.48699562584776696,7.8254532890030175,False
0.868,203.7585295770425,0.48718328240276265,7.859760243560371,False
0.8685,203.7197940562708,0.4873024877952948,7.895195631252255,False
0.869,203.70096729803126,0.4873512909175027,7.9311724219452255,False
0.8695,203.70235600555182,0.48732889027635673,7.967092734141742,False
0.87,203.72393938767678,0.4872356489111262,8.002359421314749,False
0.8705,203.76536945109726,0.4870730881127361,8.036387665751601,False
0.871,203.82597710155062,0.4868438600620168,8.068616220186291,False
0.8715,203.9047838993344,0.4865517000559929,8.09851795719231,False
0.872,204.00051917459712,0.4862013595146524,8.12560942813138,False
0.8725,204.11164208502245,0.48579852142569147,8.149459192968598,False
0.873,204.23636809866184,0.4853497002675966,8.169694752887777,False
0.8735,204.37269931098695,0.4848621287372067,8.186007991711417,False
0.874,204.51845795790544,0.4843436337919546,8.198159102177422,False
0.8745,204.6713224629911,0.4838025046047518,8.205979033083,False
0.875,204.82886535308268,0.48324735503393107,8.209370539370072,False
0.8755000000000001,204.98859238642024,0.48268698314889286,8.20830794818343,False
0.876,205.14798225657842,0.48213023024137663,8.20283577091071,False
0.8765000000000001,205.30452625970247,0.48158584160701384,8.193066296942813,False
0.877,205.45576733956815,0.4810623312121094,8.179176302759231,False
0.8775000000000001,205.59933795390575,0.4805678521726681,8.161403003089374,False
0.878,205.73299623647782,0.4801100747703995,8.140039361648576,False
0.8785000000000001,205.85465996331763,0.47969607351775295,8.115428868629213,False
0.879,205.96243786902215,0.47933222456649716,8.087959881319591,False
0.8795000000000001,206.05465790037763,0.479024114539578,8.058059613158662,False
0.88,206.12989203977853,0.47877646166268034,8.0261878455269,False
0.8805000000000001,206.18697737950384,0.4785930498878414,7.992830426207347,False
0.881,206.22503317950736,0.4784766765413858,7.9584926095344235,False
0.8815000000000001,206.24347369562344,0.4784291138927686,7.923692286532374,False
0.882,206.24201662173178,0.4784510849256,7.888953149224977,False
0.8825000000000001,206.2206870481274,0.4785422534900265,7.854797831615175,False
0.883,206.17981689846593,0.47870122891841277,7.821741069926388,False
0.8835000000000001,206.120039868113,0.4789255850865114,7.790282925673143,False
0.884,206.04228194603385,0.4792118937948308,7.760902116253672,False
0.8845000000000001,205.94774765885555,0.4795557722269029,7.734049498780457,False
0.885,205.83790222797364,0.47995194411170583,7.710141754172105,False
0.8855000000000001,205.7144498777071,0.4803943140762622,7.689555321014736,False
0.886,205.57930857449693,0.4808760545208878,7.672620633434897,False
0.8865000000000001,205.4345815148438,0.4813897041828239,7.659616725051375,False
0.887,205.28252571456994,0.4819272773730351,7.650766272216686,False
0.8875000000000001,205.12551808584337,0.4824803826760276,7.646231163662548,False
0.888,204.96601942284255,0.4830403496958708,7.646108698980825,False
0.8885000000000001,204.8065367530752,0.4835983622180986,7.650428533158085,False
0.889,204.64958454953427,0.4841455959443742,7.659150496350838,False
0.8895000000000001,204.497645338526,0.4846733587541625,7.672163424878502,False
0.89,204.35313027768237,0.4851732312655658,7.689285138786445,False
0.8905000000000001,204.21834031607304,0.48563720531641674,7.7102636913480636,False
0.891,204.09542858039532,0.48605781787665947,7.734779995018714,False
0.8915000000000001,203.98636465426117,0.4864282778434313,7.762451895743421,False
0.892,203.89290142752319,0.4867425831700414,7.792839723134337,False
0.8925000000000001,203.81654518519912,0.48699562584776734,7.825453289003002,False
0.893,203.75852957704245,0.48718328240276293,7.859760243560392,False
0.8935000000000001,203.7197940562708,0.48730248779529495,7.895195631252302,False
0.894,203.7009672980313,0.48735129091750246,7.931172421945246,False
0.8945000000000001,203.70235600555188,0.4873288902763565,7.967092734141729,False
0.895,203.72393938767684,0.4872356489111258,8.002359421314674,False
0.8955000000000001,203.76536945109723,0.48707308811273586,8.036387665751494,False
0.896,203.82597710155054,0.48684386006201724,8.068616220186238,False
0.8965,203.90478389933432,0.48655170005599346,8.098517957192334,False
0.897,204.0005191745971,0.48620135951465265,8.125609428131435,False
0.8975,204.11164208502245,0.4857985214256913,8.149459192968639,False
0.898,204.23636809866184,0.4853497002675965,8.16969475288779,False
0.8985,204.372699310987,0.4848621287372067,8.186007991711426,False
0.899,204.51845795790547,0.48434363379195416,8.198159102177357,False
0.8995,204.6713224629911,0.4838025046047518,8.205979033082937,False
0.9,204.82886535308265,0.4832473550339312,8.209370539370001,False
0.9005,204.98859238642015,0.482686983148893,8.208307948183393,False
0.901,205.1479822565783,0.4821302302413772,8.202835770910731,False
0.9015,205.3045262597024,0.48158584160701434,8.193066296942922,False
0.902,205.45576733956815,0.48106233121210934,8.179176302759336,False
0.9025,205.59933795390583,0.48056785217266784,8.161403003089442,False
0.903,205.7329962364779,0.48011007477039885,8.140039361648547,False
0.9035,205.85465996331772,0.4796960735177526,8.115428868629138,False
0.904,205.96243786902215,0.4793322245664968,8.087959881319454,False
0.9045,206.05465790037758,0.4790241145395783,8.058059613158585,False
0.905,206.12989203977847,0.47877646166268084,8.026187845526877,False
0.9055,206.1869773795038,0.4785930498878416,7.992830426207362,False
0.906,206.22503317950734,0.478476676541386,7.958492609534463,False
0.9065,206.24347369562346,0.4784291138927686,7.9236922865324155,False
0.907,206.2420166217318,0.4784510849255996,7.888953149224966,False
0.9075,206.22068704812742,0.4785422534900264,7.85479783161513,False
0.908,206.17981689846593,0.47870122891841266,7.821741069926342,False
0.9085,206.12003986811294,0.4789255850865115,7.790282925673107,False
0.909,206.0422819460338,0.47921189379483126,7.760902116253705,False
0.9095,205.9477476588555,0.4795557722269031,7.734049498780522,False
0.91,205.83790222797361,0.479951944111706,7.710141754172198,False
0.9105,205.71444987770712,0.48039431407626215,7.689555321014813,False
0.911,205.579308574497,0.4808760545208874,7.672620633434944,False
0.9115,205.43458151484387,0.4813897041828236,7.659616725051382,False
0.912,205.28252571457,0.48192727737303487,7.650766272216669,False
0.9125,205.1255180858434,0.4824803826760274,7.6462311636624944,False
0.913,204.96601942284258,0.48304034969587084,7.646108698980779,False
0.9135,204.8065367530752,0.4835983622180985,7.650428533158036,False
0.914,204.64958454953424,0.4841455959443743,7.659150496350828,False
0.9145,204.49764533852598,0.48467335875416273,7.672163424878516,False
0.915,204.35313027768234,0.4851732312655659,7.6892851387864924,False
0.9155,204.218340316073,0.48563720531641685,7.710263691348131,False
0.916,204.09542858039535,0.4860578178766595,7.7347799950187985,False
0.9165,203.98636465426122,0.4864282778434309,7.762451895743456,False
0.917,203.89290142752327,0.48674258317004104,7.792839723134328,False
0.9175,203.81654518519917,0.4869956258477669,7.8254532890029305,False
0.918,203.75852957704248,0.4871832824027629,7.85976024356031,False
0.9185,203.71979405627079,0.48730248779529495,7.895195631252221,False
0.919,203.70096729803123,0.4873512909175028,7.931172421945221,False
0.9195,203.7023560055518,0.48732889027635684,7.967092734141755,False
0.92,203.72393938767675,0.48723564891112625,8.002359421314766,False
0.9205,203.76536945109726,0.4870730881127362,8.036387665751638,False
0.921,203.82597710155062,0.4868438600620167,8.068616220186296,False
0.9215,203.9047838993344,0.4865517000559929,8.098517957192321,False
0.922,204.00051917459712,0.4862013595146524,8.12560942813138,False
0.9225,204.11164208502245,0.48579852142569147,8.14945919296859,False
0.923,204.2363680986618,0.4853497002675966,8.169694752887757,False
0.9235,204.37269931098692,0.4848621287372069,8.186007991711442,False
0.924,204.51845795790544,0.48434363379195466,8.19815910217744,False
0.9245,204.6713224629911,0.4838025046047517,8.205979033083018,False
0.925,204.8288653530827,0.48324735503393107,8.209370539370076,False
0.9255,204.98859238642027,0.48268698314889263,8.208307948183418,False
0.926,205.14798225657836,0.4821302302413765,8.202835770910662,False
0.9265,205.30452625970244,0.4815858416070144,8.193066296942861,False
0.927,205.45576733956815,0.48106233121210934,8.179176302759279,False
0.9275,205.5993379539058,0.48056785217266795,8.161403003089406,False
0.928,205.73299623647787,0.48011007477039913,8.140039361648553,False
0.9285,205.8546599633177,0.47969607351775273,8.115428868629158,False
0.929,205.96243786902215,0.479332224566497,8.08795988131951,False
0.9295,206.0546579003776,0.4790241145395782,8.058059613158614,False
0.93,206.1298920397785,0.47877646166268056,8.026187845526884,False
0.9305,206.18697737950382,0.4785930498878415,7.9928304262073375,False
0.931,206.22503317950734,0.4784766765413859,7.958492609534434,False
0.9315,206.24347369562346,0.4784291138927687,7.92369228653241,False
0.932,206.2420166217318,0.4784510849255996,7.88895314922496,False
0.9325,206.22068704812742,0.4785422534900264,7.854797831615125,False
0.933,206.17981689846593,0.47870122891841266,7.821741069926337,False
0.9335,206.12003986811294,0.4789255850865115,7.790282925673103,False
0.934,206.0422819460338,0.47921189379483126,7.760902116253701,False
0.9345,205.9477476588555,0.4795557722269031,7.734049498780518,False
0.935,205.83790222797361,0.479951944111706,7.7101417541722075,False
0.9355,205.71444987770715,0.48039431407626215,7.689555321014816,False
0.936,205.579308574497,0.48087605452088716,7.672620633434912,False
0.9365,205.43458151484384,0.48138970418282373,7.659616725051345,False
0.937,205.28252571456997,0.4819272773730351,7.650766272216655,False
0.9375,205.12551808584337,0.4824803826760275,7.646231163662501,False
0.9380000000000001,204.96601942284255,0.4830403496958709,7.646108698980785,False
0.9385,204.80653675307516,0.4835983622180986,7.650428533158061,False
0.9390000000000001,204.6495845495342,0.48414559594437434,7.659150496350853,False
0.9395,204.49764533852596,0.48467335875416284,7.672163424878558,False
0.9400000000000001,204.3531302776823,0.48517323126556594,7.689285138786535,False
0.9405,204.218340316073,0.48563720531641696,7.7102636913481755,False
0.9410000000000001,204.09542858039535,0.4860578178766594,7.734779995018836,False
0.9415,203.98636465426122,0.4864282778434309,7.762451895743492,False
0.9420000000000001,203.8929014275233,0.48674258317004104,7.792839723134354,False
0.9425,203.8165451851992,0.4869956258477667,7.825453289002923,False
0.9430000000000001,203.7585295770425,0.48718328240276276,7.8597602435602845,False
0.9435,203.7197940562708,0.4873024877952949,7.895195631252191,False
0.9440000000000001,203.70096729803123,0.4873512909175027,7.931172421945166,False
0.9445,203.70235600555176,0.48732889027635695,7.967092734141719,False
0.9450000000000001,203.72393938767672,0.4872356489111265,8.002359421314761,False
0.9455,203.76536945109723,0.4870730881127363,8.03638766575165,False
0.9460000000000001,203.8259771015506,0.48684386006201674,8.068616220186335,False
0.9465,203.90478389933443,0.4865517000559931,8.098517957192385,False
0.9470000000000001,204.00051917459723,0.48620135951465204,8.125609428131407,False
0.9475,204.11164208502248,0.4857985214256907,8.14945919296851,False
0.9480000000000001,204.23636809866179,0.48534970026759694,8.16969475288772,False
0.9485,204.37269931098686,0.4848621287372073,8.18600799171145,False
0.9490000000000001,204.51845795790538,0.48434363379195505,8.198159102177515,False
0.9495,204.6713224629911,0.4838025046047519,8.205979033083112,False
0.9500000000000001,204.82886535308273,0.4832473550339308,8.209370539370136,False
0.9505,204.98859238642032,0.4826869831488924,8.208307948183455,False
0.9510000000000001,205.14798225657844,0.48213023024137625,8.202835770910653,False
0.9515,205.30452625970247,0.481585841607014,8.193066296942789,False
0.9520000000000001,205.45576733956815,0.4810623312121095,8.179176302759208,False
0.9525,205.59933795390575,0.4805678521726681,8.161403003089365,False
0.9530000000000001,205.73299623647782,0.4801100747703995,8.140039361648547,False
0.9535,205.85465996331763,0.47969607351775295,8.11542886862919,False
0.9540000000000001,205.96243786902212,0.47933222456649716,8.087959881319568,False
0.9545,206.05465790037763,0.4790241145395782,8.058059613158685,False
0.9550000000000001,206.12989203977855,0.47877646166268023,8.026187845526897,False
0.9555,206.18697737950387,0.4785930498878412,7.992830426207313,False
0.9560000000000001,206.22503317950734,0.4784766765413857,7.958492609534379,False
0.9565,206.2434736956234,0.47842911389276893,7.923692286532384,False
0.9570000000000001,206.24201662173175,0.4784510849256001,7.888953149224997,False
0.9575,206.22068704812736,0.47854225349002655,7.854797831615198,False
0.9580000000000001,206.1798168984659,0.4787012289184129,7.821741069926439,False
0.9585,206.12003986811297,0.47892558508651145,7.790282925673206,False
0.9590000000000001,206.04228194603394,0.47921189379483087,7.760902116253734,False
0.9595,205.94774765885563,0.4795557722269021,7.734049498780413,False
0.96,205.83790222797373,0.47995194411170555,7.71014175417202,False
0.9605,205.71444987770715,0.48039431407626193,7.689555321014605,False
0.961,205.57930857449693,0.48087605452088766,7.6726206334347475,False
0.9615,205.43458151484373,0.4813897041828242,7.659616725051264,False
0.962,205.28252571456986,0.48192727737303576,7.650766272216672,False
0.9625,205.1255180858433,0.48248038267602794,7.646231163662607,False
0.963,204.9660194228426,0.4830403496958709,7.646108698980889,False
0.9635,204.80653675307528,0.4835983622180979,7.650428533158086,False
0.964,204.64958454953432,0.4841455959443738,7.659150496350795,False
0.9645,204.49764533852607,0.48467335875416245,7.67216342487845,False
0.965,204.3531302776824,0.48517323126556555,7.689285138786366,False
0.9655,204.21834031607304,0.4856372053164168,7.710263691348021,False
0.966,204.09542858039532,0.4860578178766596,7.734779995018685,False
0.9665,203.98636465426114,0.4864282778434313,7.762451895743393,False
0.967,203.89290142752316,0.4867425831700416,7.792839723134339,False
0.9675,203.8165451851991,0.4869956258477674,7.82545328900303,False
0.968,203.75852957704245,0.48718328240276304,7.859760243560448,False
0.9685,203.7197940562708,0.48730248779529484,7.8951956312523475,False
0.969,203.70096729803134,0.48735129091750246,7.93117242194529,False
0.9695,203.70235600555193,0.48732889027635606,7.967092734141712,False
0.97,203.7239393876769,0.48723564891112564,8.002359421314623,False
0.9705,203.76536945109726,0.4870730881127357,8.036387665751407,False
0.971,203.82597710155056,0.4868438600620173,8.06861622018614,False
0.9715,203.90478389933426,0.48655170005599335,8.09851795719223,False
0.972,204.00051917459697,0.48620135951465326,8.125609428131431,False
0.9725,204.11164208502234,0.48579852142569196,8.149459192968711,False
0.973,204.23636809866179,0.48534970026759694,8.169694752887944,False
0.9735,204.372699310987,0.4848621287372067,8.186007991711586,False
0.974,204.51845795790558,0.48434363379195394,8.198159102177497,False
0.9745,204.67132246299127,0.483802504604751,8.205979033082919,False
0.975,204.82886535308282,0.48324735503393035,8.209370539369871,False
0.9755,204.98859238642027,0.4826869831488925,8.208307948183164,False
0.976,205.1479822565783,0.482130230241377,8.202835770910482,False
0.9765,205.30452625970224,0.48158584160701484,8.193066296942744,False
0.977,205.45576733956796,0.48106233121211067,8.179176302759359,False
0.9775,205.5993379539057,0.4805678521726686,8.161403003089584,False
0.978,205.7329962364779,0.4801100747703991,8.140039361648725,False
0.9785,205.85465996331774,0.479696073517752,8.115428868629243,False
0.979,205.96243786902224,0.4793322245664966,8.087959881319533,False
0.9795,206.05465790037766,0.4790241145395778,8.058059613158576,False
0.98,206.12989203977855,0.4787764616626805,8.026187845526824,False
0.9805,206.1869773795038,0.47859304988784135,7.992830426207265,False
0.981,206.22503317950725,0.47847667654138637,7.958492609534424,False
0.9815,206.2434736956234,0.4784291138927692,7.923692286532469,False
0.982,206.2420166217318,0.47845108492559973,7.888953149225036,False
0.9825,206.22068704812742,0.4785422534900261,7.85479783161518,False
0.983,206.17981689846596,0.47870122891841266,7.821741069926385,False
0.9835,206.12003986811303,0.4789255850865113,7.790282925673123,False
0.984,206.04228194603388,0.4792118937948307,7.760902116253624,False
0.9845,205.94774765885558,0.4795557722269028,7.734049498780402,False
0.985,205.83790222797367,0.4799519441117057,7.710141754172045,False
0.9855,205.71444987770712,0.4803943140762621,7.689555321014658,False
0.986,205.57930857449696,0.48087605452088766,7.672620633434802,False
0.9865,205.4345815148438,0.4813897041828238,7.659616725051261,False
0.987,205.2825257145699,0.4819272773730352,7.6507662722166065,False
0.9875,205.1255180858433,0.48248038267602783,7.646231163662498,False
0.988,204.9660194228425,0.4830403496958711,7.646108698980814,False
0.9885,204.80653675307516,0.4835983622180988,7.650428533158129,False
0.989,204.64958454953424,0.4841455959443741,7.6591504963508905,False
0.9895,204.49764533852604,0.4846733587541626,7.672163424878564,False
0.99,204.3531302776824,0.4851732312655654,7.689285138786467,False
0.9905,204.21834031607307,0.4856372053164167,7.710263691348088,False
0.991,204.09542858039535,0.48605781787665936,7.734779995018721,False
0.9915,203.9863646542612,0.4864282778434312,7.762451895743421,False
0.992,203.8929014275232,0.4867425831700413,7.792839723134329,False
0.9925,203.81654518519915,0.48699562584776723,7.8254532890029775,False
0.993,203.75852957704248,0.4871832824027628,7.85976024356036,False
0.9935,203.71979405627079,0.48730248779529484,7.895195631252261,False
0.994,203.70096729803126,0.4873512909175028,7.931172421945258,False
0.9945,203.70235600555185,0.4873288902763566,7.96709273414176,False
0.995,203.7239393876768,0.4872356489111259,8.002359421314724,False
0.9955,203.76536945109729,0.487073088112736,8.036387665751558,False
0.996,203.8259771015506,0.4868438600620167,8.068616220186211,False
0.9965,203.90478389933435,0.4865517000559933,8.098517957192287,False
0.997,204.00051917459706,0.4862013595146527,8.125609428131412,False
0.9975,204.1116420850224,0.4857985214256917,8.149459192968653,False
0.998,204.2363680986618,0.48534970026759683,8.169694752887867,False
0.9985,204.372699310987,0.4848621287372067,8.18600799171151,False
0.999,204.51845795790553,0.48434363379195405,8.198159102177426,False
0.9995,204.67132246299118,0.48380250460475144,8.20597903308292,False
1.0,204.82886535308273,0.48324735503393074,8.20937053936993,False
1.0005,203.5035696672891,0.4826869831488928,2.837182814468652,False
1.0010000000000001,199.7579852568128,0.49374416768773155,0.0,False
1.0015,195.50356291135907,0.5171811526402981,0.0,False
1.002,191.99984777231376,0.5336039231567652,2.6203442735610065,False
1.0025,190.20668139537693,0.5420598428486456,6.7640504966788155,False
1.0030000000000001,190.5140168649771,0.5409938579868675,11.056642195580451,False
1.0035,192.75414905456995,0.5311721144547352,14.177885960553477,False
1.004,196.20803074218048,0.5151354069769158,15.115574629712698,False
1.0045,199.6854861699598,0.49789407369590216,13.534436619816185,False
1.0050000000000001,201.8871873157476,0.4858695573447548,10.056013275540977,False
1.0055,202.02481127258352,0.48387427827914303,6.105137865551678,False
1.006,200.25151144023886,0.4924124219431129,3.2625005624370154,False
1.0065,197.49430486354947,0.5069243284732596,2.474019122104881,False
1.0070000000000001,194.87245142938843,0.5206265764296784,3.713762999072202,False
1.0075,193.23108108159943,0.5289045012339845,6.267885017392961,False
1.008,192.9765828020593,0.5302816352057576,9.15739006338192,False
1.0085,194.06822806869158,0.5252263480050736,11.418516757405222,False
1.0090000000000001,196.05551957558353,0.515645958680355,12.320804647628085,False
1.0095,198.18118692718306,0.5048643748419138,11.589629999251914,False
1.01,199.61987371696512,0.4969261868902229,9.54862388971302,False
1.0105,199.82369964828723,0.49498577745799954,7.029658667795978,False
1.0110000000000001,198.7750902624224,0.49971140574783324,5.0154379779570615,False
1.0115,196.95035282725956,0.5088290838431465,4.191290266925491,False
1.012,195.03711774835284,0.5184625670006394,4.694652031102879,False
1.0125,193.6359176360404,0.5253434358504653,6.182581107555207,False
1.0130000000000001,193.09401918510076,0.5278984334893632,8.05741538681676,False
1.0135,193.45809206264644,0.5260618877915183,9.678994673828988,False
1.014,194.49343897384063,0.5209103305228779,10.534868442058485,False
1.0145,195.7576173228347,0.5144302336554021,10.38311064681964,False
1.0150000000000001,196.7414314532689,0.5090723590819987,9.33801874938977,False
1.0155,197.05858764796216,0.5069126484071327,7.836369936050248,False
1.016,196.60077601920884,0.5087487862823964,6.462016709081009,False
1.0165,195.56335560159667,0.5137181994138439,5.701017514352371,False
1.0170000000000001,194.3308239234532,0.5197906342149133,5.761205742707599,False
1.0175,193.30713930544988,0.5248255758752183,6.541936452422625,False
1.018,192.78195077493936,0.5274010934202666,7.724273096092005,False
1.0185,192.8637027829626,0.5270490759707397,8.901350028120863,False
1.0190000000000001,193.46933472507214,0.5241618393895278,9.702631108115762,False
1.0195,194.3592982223103,0.5198220617022896,9.899053921694625,False
1.02,195.2155227293764,0.515527741425254,9.472978775310755,False
1.0205,195.75160726990103,0.512730567304313,8.623916226464553,False
1.0210000000000001,195.81853537108017,0.512288798806384,7.692135768115464,False
1.0215,195.45485265907308,0.5141121685084544,7.023288615058916,False
1.022,194.85542309009176,0.5172381579961519,6.837005983395317,False
1.0225,194.28176367899962,0.5203118846825469,7.161031300629281,False
1.0230000000000001,193.96358466800893,0.5221578005034314,7.8472846076587555,False
1.0235,194.02875787632138,0.5221390843494347,8.642412116926845,False
1.024,194.47363829490124,0.5202558884686437,9.277183555642246,False
1.0245,195.17242015578145,0.5170793353967097,9.551170529071392,False
1.025,195.9217062334502,0.5135686952897587,9.395099239495389,False
1.0255,196.51145984188017,0.5107682241763181,8.891797645416533,False
1.026,196.80078215511173,0.5094369395441642,8.242617222772795,False
1.0265,196.7670441472227,0.5097590101970741,7.687452312689826,False
1.027,196.5053580240992,0.5112916176147783,7.411855882669322,False
1.0275,196.1814104840492,0.5131889546646049,7.482996340382973,False
1.028,195.9637369838277,0.5145734489727615,7.838230898819406,False
1.0285,195.96479102147842,0.5148567271680434,8.321319040295727,False
1.029,196.2082915643924,0.513897639898689,8.744474789033092,False
1.0295,196.62779711260222,0.5119994234844405,8.953692206350201,False
1.03,197.09411121007005,0.5097835121174573,8.87906961853859,False
1.0305,197.46323299280618,0.5079712819028879,8.555332751499106,False
1.031,197.62912401922011,0.5071260047000337,8.104422441494927,False
1.0315,197.56074591585153,0.50744711628617,7.685480010584072,False
1.032,197.30784029817525,0.5087112813337982,7.432780886768364,False
1.0325,196.9748558105945,0.5103911576875021,7.408307273777201,False
1.033,196.67737814001137,0.5118871598756972,7.586941973180381,False
1.0335,196.5003992161379,0.5127543537990307,7.87513816663638,False
1.034,196.47257044843815,0.5128355837526923,8.150689201996332,False
1.0345,196.5620826961497,0.5122786124152889,8.307338856820019,False
1.035,196.69292466586438,0.5114568255620663,8.289995995170196,False
1.0355,196.7751292119556,0.5108254325450179,8.110247250149076,False
1.036,196.7383874929368,0.5107557082259011,7.837619370351595,False
1.0365,196.55662298702367,0.5114033646024158,7.5703024522039275,False
1.037,196.25437750688906,0.5126632682573075,7.397318816918675,False
1.0375,195.89387146845246,0.5142282036025276,7.367522488516445,False
1.038,195.5499081699651,0.5157194988294439,7.476660253002887,False
1.0385,195.28355468507723,0.5168266350106595,7.674749153024185,False
1.039,195.1238119127008,0.5174014521842178,7.887999378359841,False
1.0395,195.06195907314688,0.5174847518755313,8.045919614634409,False
1.04,195.0587245107103,0.5172705070600516,8.1045223771938,False
1.0405,195.06087589480646,0.5170262421033919,8.058826698343063,False
1.041,195.02127176532977,0.51699539753941,7.941347872814231,False
1.0415,194.9153628309226,0.5173130692059195,7.807797027769575,False
1.042,194.748464017451,0.5179646092611977,7.715733780401158,False
1.0425,194.55182909100083,0.518801297406439,7.704381976864175,False
1.043,194.3700126567288,0.519603232353473,7.782771970173791,False
1.0435,194.24495127292488,0.5201606514602403,7.9294219183205,False
1.044,194.20252078978612,0.520342028624465,8.102204037934534,False
1.0445,194.245587397872,0.5201286209512835,8.253935175664024,False
1.045,194.35502424030145,0.5196100822167619,8.34818505711901,False
1.0455,194.4977050133024,0.5189470014943764,8.370366722476383,False
1.046,194.63849686868573,0.5183136536125691,8.330880292092724,False
1.0465,194.75209432337144,0.5178394066007438,8.259650433895503,False
1.047,194.8306381018192,0.5175684707112035,8.19430792880286,False
1.0475,194.88466275769036,0.5174519164322202,8.166493826167217,False
1.048,194.93748785670923,0.517373524906558,8.191265870302418,False
1.0485,195.01556359455464,0.5171976505563213,8.263098437134,False
1.049,195.13847594843284,0.5168198778538304,8.359280434477387,False
1.0495,195.3120259574687,0.5162026963824661,8.44889494628343,False
1.05,195.52643567806888,0.5153859690604271,8.503926003982329,False
1.0505,195.75992692237,0.5144710343994402,8.508658918102263,False
1.051,195.98618313489987,0.5135851701907506,8.464315475307094,False
1.0515,196.18296178598985,0.5128389185089378,8.387552126234741,False
1.052,196.33877692779208,0.5122912081092843,8.3036152957519,False
1.0525,196.45534650029248,0.5119346287734895,8.236871256391058,False
1.053,196.54517231387373,0.5117055148622675,8.20230859213878,False
1.0535,196.62548791922617,0.5115136341814862,8.201043846483117,False
1.054,196.71105866929642,0.5112789565076717,8.221142917276502,False
1.0545,196.8085037108442,0.5109614600068012,8.243020792416003,False
1.055,196.914018954186,0.5105740221872028,8.24713118037415,False
1.0555,197.0150394322522,0.5101754064254944,8.221066493100121,False
1.056,197.09498187268133,0.5098473095497459,8.16361207146392,False
1.0565,197.13918259513795,0.5096645050231577,8.084517044249926,False
1.057,197.13981548779438,0.5096690937315277,8.000343241826858,False
1.0575,197.09806843924065,0.5098580064323598,7.928171116692309,False
1.058,197.02299004030678,0.510187556881599,7.879629290839345,False
1.0585,196.9277122740417,0.5105920728734415,7.857405490986504,False
1.059,196.82466304034546,0.5110084427189721,7.855276891355967,False
1.0595,196.72158090283102,0.5113970085002996,7.861302541786278,False
1.06,196.61965855930058,0.5117517201487491,7.862726361069377,False
1.0605,196.51425233515775,0.5120971577882288,7.85069574904459,False
1.061,196.39766027297563,0.5124748323420049,7.8231593716944845,False
1.0615,196.2627982786943,0.512924564569556,7.78509417229509,False
1.062,196.1063894192517,0.5134679160486274,7.7462209551722285,False
1.0625,195.93057202202525,0.5140993846965729,7.717242835646479,False
1.063,195.74249554905384,0.5147878542234049,7.706074897008128,False
1.0635000000000001,195.5522345639439,0.5154868435255482,7.715392999455902,False
1.064,195.36991145018163,0.5161490445399497,7.7422196160186,False
1.0645,195.20309240091083,0.516739621552866,7.7794699660843545,False
1.065,195.05530227141705,0.5172438868550608,7.818718074001914,False
1.0655000000000001,194.92602937784568,0.5176674574946749,7.853118309318325,False
1.066,194.8120550951632,0.5180297215113021,7.879485659016577,False
1.0665,194.70952142774226,0.518353515942671,7.898920497122592,False
1.067,194.615960841088,0.518654848458088,7.915906128208526,False
1.0675000000000001,194.53159641279672,0.5189361300735204,7.936324381220739,False
1.068,194.45952922808837,0.51918491608045,7.96515874368979,False
1.0685,194.4048421165704,0.5193781126167023,8.004690280500071,False
1.069,194.37301282683995,0.5194897470597619,8.053750628465457,False
1.0695000000000001,194.36822482770322,0.5194993769764312,8.10818917529756,False
1.07,194.3921434964278,0.5193982946940147,8.162294596476336,False
1.0705,194.4435221356792,0.5191916923915979,8.210621868952048,False
1.071,194.51870152496372,0.5188964262577104,8.249591054046423,False
1.0715000000000001,194.61277125833846,0.5185354517052105,8.278348696441823,False
1.072,194.72096155940338,0.5181309864950163,8.298661414196713,False
1.0725,194.83978778887692,0.5176987382543478,8.313947774814167,False
1.073,194.9675849348376,0.5172450426119968,8.327837292446906,False
1.0735000000000001,195.10430097830914,0.516767668208886,8.342781479779829,False
1.074,195.2506812213989,0.5162597411880728,8.359190556491644,False
1.0745,195.40717701450282,0.5157151956389933,8.375357984902763,False
1.075,195.57298562546006,0.5151337295812075,8.38814672050654,False
1.0755000000000001,195.7455568155074,0.5145235468140836,8.39415047748671,False
1.076,195.92072017288646,0.5139010334705613,8.390897339419734,False
1.0765,196.09336357557254,0.5132876206401097,8.37767394551828,False
1.077,196.2584052425688,0.5127050418493836,8.355704341348655,False
1.0775000000000001,196.41171276738427,0.5121706935516991,8.32765871550119,False
1.078,196.5506601748664,0.5116946888208292,8.296705962085714,False
1.0785,196.67416057944737,0.5112795119160659,8.265474622402232,False
1.079,196.78220954605794,0.5109221962305454,8.235297525839034,False
1.0795000000000001,196.87514727877507,0.5106180396210334,8.205988930292197,False
1.08,196.95293369629027,0.5103643796770392,8.17619382649087,False
1.0805,197.014703562866,0.510163036648098,8.144139863055335,False
1.081,197.05874717247244,0.5100206194998926,8.108489581185182,False
1.0815000000000001,197.0828967228422,0.5099467261726803,8.068976846131477,False
1.082,197.08515230810917,0.5099508316849803,8.026612839168726,False
1.0825,197.06430598179585,0.5100390788695999,7.983418853312394,False
1.083,197.02034031303722,0.5102121369152032,7.941817912362971,False
1.0835000000000001,196.95447619062378,0.5104648201194917,7.903930425398231,False
1.084,196.86888091636166,0.5107874660384192,7.871033303727953,False
1.0845,196.76616811992398,0.5111684347755685,7.84335991194213,False
1.085,196.64888249902083,0.5115967456710075,7.8202789211991615,False
1.0855000000000001,196.51914804054795,0.5120639166807853,7.800750466412786,False
1.086,196.37858131677623,0.5125644558778313,7.783868933282307,False
1.0865,196.2284660866441,0.5130949959990576,7.769289893336015,False
1.087,196.07009231367994,0.5136525493889179,7.757400018582335,False
1.0875000000000001,195.90511347721193,0.5142326259578233,7.749193672345304,False
1.088,195.73578345336753,0.5148279317765008,7.7459266583431905,False
1.0885,195.5649897106556,0.515428090335908,7.748688489016451,False
1.089,195.39607843172985,0.5160204260929375,7.758048439033193,False
1.0895,195.23253918943212,0.5165914769003996,7.773889041275789,False
1.09,195.07765767280495,0.5171286867505628,7.79546447753233,False
1.0905,194.93424428401937,0.5176217292162248,7.821640954602729,False
1.091,194.8045094651473,0.5180630980611949,7.851219544363127,False
1.0915,194.69010017948756,0.5184478869903205,7.883225245126093,False
1.092,194.5922571326888,0.5187729573791388,7.917069955899764,False
1.0925,194.51201696748618,0.5190358715429301,7.952549044340347,False
1.093,194.45037726473433,0.5192340035906565,7.989691092667966,False
1.0935,194.40836379446466,0.5193641352475572,8.028527806087665,False
1.094,194.38697917757364,0.5194226487341433,8.068871739819059,False
1.0945,194.38705515153637,0.5194062153203741,8.110179298709571,False
1.095,194.4090625657818,0.5193127176808104,8.151541644530266,False
1.0955,194.45294464030255,0.5191420836613867,8.191800309784371,False
1.096,194.5180279887419,0.5188967586986585,8.229743305558769,False
1.0965,194.60303787304866,0.5185816780789122,8.264314175385115,False
1.097,194.70620950501637,0.5182037687143985,8.294766929400938,False
1.0975,194.82545762805162,0.5177711569595957,8.320722210970658,False
1.098,194.95855137861,0.5172923388240364,8.342115656953425,False
1.0985,195.10324464639987,0.5167755600355649,8.359065728400196,False
1.099,195.25733168312007,0.5162285633733777,8.371713227141937,False
1.0995,195.41862609392314,0.5156587233614743,8.380090521822105,False
1.1,195.5848884846415,0.5150734522836478,8.384064210401245,False
1.1005,195.75374471302328,0.514480672967638,8.383366462076555,False
1.101,195.9226377009789,0.5138891412058798,8.377698144357748,False
1.1015,196.08884155957074,0.5133084649155043,8.366862385233796,False
1.102,196.24954308363914,0.5127487822918599,8.350878611045076,False
1.1025,196.40197128717213,0.5122201845990918,8.330036600938026,False
1.103,196.54353924924203,0.5117320568860414,8.30487347907402,False
1.1035,196.67195960162346,0.5112925320655622,8.276084814808868,False
1.104,196.78530592095748,0.5109082052376573,8.244403716506353,False
1.1045,196.88201243777908,0.5105841565790702,8.210491035427841,False
1.105,196.9608260236205,0.5103242209198121,8.174872898982455,False
1.1055,197.0207394261814,0.5101313613470267,8.13794220824536,False
1.106,197.06093811264023,0.5100079809042469,8.100016414422633,False
1.1065,197.08078438562546,0.5099560457082214,8.06142406566895,False
1.107,197.0798456954548,0.5099769759189273,8.02258426055226,False
1.1075,197.05795602745124,0.5100713541708405,7.9840485018027865,False
1.108,197.0152866335691,0.5102385691159684,7.946490516160639,False
1.1085,196.95239942425377,0.510476531358588,7.910649649309285,False
1.109,196.87026335206045,0.5107815667724847,7.877249770695174,False
1.1095,196.77022769514795,0.5111485241133054,7.846922553032652,False
1.11,196.6539607436642,0.5115710581375223,7.8201598216073425,False
1.1105,196.52337259440728,0.512041994665402,7.7973069584983605,False
1.111,196.38054329914823,0.5125536682599369,7.778593557963764,False
1.1115,196.2276723573992,0.5130981482387612,7.764184697930553,False
1.112,196.0670552106887,0.5136673211592209,7.75423063836862,False
1.1125,195.90108123293945,0.5142528557664233,7.748895695446873,False
1.113,195.73223978986888,0.5148461182738807,7.748356503916132,False
1.1135,195.56311871176,0.5154381186121255,7.752771807945108,False
1.114,195.39638314841258,0.5160195507282469,7.762235858261086,False
1.1145,195.2347303457572,0.5165809518004041,7.77673221439982,False
1.115,195.08082435234155,0.5171129620497769,7.796103231052494,False
1.1155,194.93722104366958,0.5176066341421414,7.820043996802713,False
1.116,194.80629623504436,0.5180537288334901,7.848120787010988,False
1.1165,194.6901877150286,0.5184469431761936,7.879806373367052,False
1.117,194.590756928955,0.5187800433039383,7.914520250857656,False
1.1175,194.50956983248338,0.5190479050747049,7.951662003168502,False
1.118,194.44789128525213,0.5192464917612845,7.990630053189616,False
1.1185,194.40668482444605,0.5193728107756826,8.030824169845102,False
1.119,194.38661027602546,0.5194248885135427,8.071636082827872,False
1.1195,194.38801487652492,0.5194017865389202,8.112436441710523,False
1.12,194.41091805466627,0.519303660046488,8.152567069491003,False
1.1205,194.45499414268096,0.5191318387423054,8.191345049799164,False
1.121,194.51955969280152,0.5188888976533543,8.228080697595209,False
1.1215,194.60357206948638,0.5185786844207675,8.262106522191234,False
1.122,194.70564370683837,0.5182062798932433,8.29281054830745,False
1.1225,194.82407272386905,0.5177778863437712,8.319665967032554,False
1.123,194.9568867440921,0.5173006563714692,8.342250366375605,False
1.1235,195.10189401563446,0.5167824894572318,8.360251179312957,False
1.124,195.2567350989168,0.5162318280079944,8.373458265355676,False
1.1245,195.4189296373691,0.5156574794601803,8.381748254919854,False
1.125,195.585915515576,0.5150684778972074,8.385067232552931,False
1.1255,195.75508101254252,0.5144739824707615,8.383417958755642,False
1.1260000000000001,195.92379322349802,0.5138831963508929,8.376855386284129,False
1.1265,196.08942717223852,0.513305283514047,8.36549066982027,False
1.127,196.24939935559064,0.5127492633055878,8.349500497825504,False
1.1275,196.4012072980053,0.5122238730233879,8.329136570605188,False
1.1280000000000001,196.5424739058306,0.5117374027109705,8.30473005160652,False
1.1285,196.67099304273484,0.5112975187092865,8.276687724267862,False
1.129,196.78477164744038,0.5109110988454332,8.245479605604794,False
1.1295,196.88206423014262,0.5105841003556888,8.211620741844493,False
1.1300000000000001,196.9613974549607,0.5103214727336579,8.175651754183923,False
1.1305,197.02158499770655,0.5101271152341617,8.138122799061078,False
1.131,197.06173503149697,0.5100038674680185,8.099584020969274,False
1.1315,197.08125377980372,0.5099535154288871,8.06058299101988,False
1.1320000000000001,197.07984827640803,0.5099767962658388,8.021667054475088,False
1.1325,197.05753000918233,0.5100733922628451,7.983386896897105,False
1.133,197.01461914016008,0.5102419146679014,7.946297501810138,False
1.1335,196.9517472738424,0.5104798871798361,7.910953946252376,False
1.1340000000000001,196.86985591417255,0.5107837436885593,7.877901580211234,False
1.1345,196.77018805096088,0.5111488538194853,7.847662221100005,False
1.135,196.6542715514496,0.5115695837982119,7.820719304981369,False
1.1355,196.52389467838276,0.5120393917492675,7.797505069226783,False
1.1360000000000001,196.38107548835185,0.5125509490228987,7.778391866958554,False
1.1365,196.2280276003884,0.5130962751050892,7.7636881017240125,False
1.137,196.06712468610638,0.5136668741539296,7.753637675216417,False
1.1375,195.90086517689826,0.514253865495103,7.748420839291698,False
1.1380000000000001,195.73183750948883,0.5148481064753353,7.7481542360795,False
1.1385,195.56268520644883,0.5154403114852832,7.752888643151307,False
1.139,195.3960705749255,0.5160211738188137,7.762604169146168,False
1.1395,195.23463594580465,0.5165814965719756,7.777203889722921,False
1.1400000000000001,195.08096206504555,0.5171123355037897,7.796507745134457,False
1.1405,194.93752421016987,0.5176051521034839,7.820248701363232,False
1.141,194.80664749914786,0.5180519707602284,7.848072715571429,False
1.1415,194.69046340859134,0.5184455313118718,7.879543162813856,False
1.1420000000000001,194.5908695898263,0.518779428010524,7.91414940243315,False
1.1425,194.50949469937265,0.5190482278811647,7.951318403331306,False
1.143,194.44766931210046,0.5192475646961263,7.990428007650746,False
1.1435,194.40640328921964,0.5193742081860678,8.030820530182517,False
1.1440000000000001,194.38636943718802,0.5194261106212948,8.071815851687907,False
1.1445,194.38789304142878,0.5194024339218839,8.112723758449375,False
1.145,194.4109469015872,0.519303559950748,8.152855781737607,False
1.1455,194.4551517416956,0.519131085075458,8.191537031811206,False
1.1460000000000001,194.51978216677227,0.5188877982182906,8.228118440223668,False
1.1465,194.60377853008828,0.5185776402439295,8.26198947665144,False
1.147,194.7057650537703,0.5182056422286075,8.292590936416934,False
1.1475,194.82407428251796,0.5177778410901251,8.319426982658243,False
1.1480000000000001,194.95677750610972,0.5173011729858396,8.342075427778584,False
1.1485,195.10172028551256,0.5167833472283384,8.360195332074504,False
1.149,195.25656180573952,0.5162327055172067,8.373531363418094,False
1.1495,195.41881657486033,0.5156580724320506,8.381914889974965,False
1.1500000000000001,195.58589704542476,0.5150686030653279,8.385262305230004,False
1.1505,195.75515602216333,0.5144736324761531,8.383571450895209,False
1.151,195.92392813711731,0.5138825297604621,8.376917104705601,False
1.1515,196.08957008326405,0.5133045576059619,8.365446322936586,False
1.1520000000000001,196.2494995742186,0.5127487368592932,8.349374050569434,False
1.1525,196.40123306821116,0.5122237152688244,8.328978977149271,False
1.153,196.54242216322024,0.5117376402036713,8.304599276778648,False
1.1535,196.670888312599,0.5112980364482618,8.276627736773598,False
1.154,196.7846552439256,0.5109116915639762,8.245505881261884,False
1.1545,196.8819783023012,0.5105845522154951,8.211716975854491,False
1.155,196.96136995232018,0.510321634904339,8.175778137699853,False
1.1555,197.02162086157153,0.5101269536980545,8.138232037297863,False
1.156,197.06181628872264,0.5100034660912293,8.099638766329685,False
1.1565,197.08134780917518,0.5099530365945276,8.06056833265941,False
1.157,197.07992063184915,0.5099764165377039,8.02159398020384,False
1.1575,197.05755683246053,0.5100732382194612,7.983286221806669,False
1.158,197.01459475175045,0.5102420219658703,7.946207232754578,False
1.1585,196.95168463660787,0.5104801956012844,7.910905163030124,False
1.159,196.86978042311478,0.5107841268516218,7.877908008182043,False
1.1595,196.77012745401407,0.5111491698569751,7.847716887982418,False
1.16,196.654245935476,0.5115697270057767,7.820798832846838,False
1.1605,196.5239100674003,0.5120393267058602,7.7975793781990586,False
1.161,196.38112298306655,0.5125507167012334,7.778435353279673,False
1.1615,196.22808784129796,0.5130959714758062,7.763688209427393,False
1.162,196.06717556645364,0.5136666114886683,7.753598098904185,False
1.1625,195.9008897950934,0.5142537316542097,7.748358754806372,False
1.163,195.73182956657678,0.5148481366162472,7.748093104142338,False
1.1635,195.56265022322276,0.51544048080065,7.752849515418727,False
1.164,195.3960229143163,0.5160214117116178,7.7625986474177795,False
1.1645,195.2345930728495,0.5165817152254507,7.777230999066875,False
1.165,195.0809382794667,0.517112461596379,7.796555410173806,False
1.1655,194.9375260420349,0.5176051505226473,7.820298874781487,False
1.166,194.80667217449343,0.518051853049707,7.84810806336495,False
1.1665,194.69050061428055,0.5184453474986597,7.879552893186542,False
1.167,194.59090563265073,0.5187792461865628,7.914132350769727,False
1.1675,194.50951743708765,0.5190481095754977,7.951282588939595,False
1.168,194.44767212830092,0.5192475446855015,7.9903871327733755,False
1.1685,194.40638686266902,0.519374285084048,8.030788868830388,False
1.169,194.38634090433013,0.5194262504173845,8.071803381639072,False
1.1695,194.38786305477882,0.5194025841568819,8.112733145955659,False
1.17,194.4109257450583,0.5193036688982415,8.15288207453532,False
1.1705,194.45514588246016,0.519131119119189,8.19156994335869,False
1.171,194.51979236713802,0.518887751767514,8.228146253355993,False
1.1715,194.6038000340644,0.5185775354486429,8.262003128931026,False
1.172,194.70578962877534,0.5182055193573707,8.292586896226723,False
1.1725,194.8240932888059,0.5177777434894095,8.319408032392708,False
1.173,194.95678487819822,0.5173011320843457,8.342049238773837,False
1.1735,195.10171441663078,0.5167833726677147,8.360171472021293,False
1.174,195.25654576764668,0.5162327834239228,8.373517867802734,False
1.1745,195.418796712146,0.5156581718819939,8.381915604280664,False
1.175,195.58588053952082,0.5150686879834581,8.38527586215092,False
1.1755,195.7551483379582,0.5144736745087485,8.383592127062554,False
1.176,195.92393124765138,0.5138825175886871,8.3769371333774,False
1.1765,196.08958203966992,0.5133044996804315,8.365458757686877,False
1.177,196.24951548049646,0.5127486570209411,8.349375138923842,False
1.1775,196.40124702208948,0.5122236432585141,8.328969241892965,False
1.178,196.54242941132526,0.5117376007490997,8.304583011349228,False
1.1785,196.67088684162908,0.5112980408931661,8.276611203425919,False
1.179,196.78464628257004,0.5109117348460923,8.245494943676434,False
1.1795,196.8819656336838,0.5105846159022301,8.211715050215703,False
1.18,196.96135836974153,0.5103216947723266,8.175785170579092,False
1.1805,197.02161438385835,0.5101269888108511,8.138244799355627,False
1.181,197.0618167924388,0.5100034660046967,8.099652256390165,False
1.1815,197.08135453512986,0.5099530042421616,8.06057770241084,False
1.182,197.07993067289885,0.5099763660948875,8.021596247962432,False
1.1825,197.0575663476674,0.5100731891164756,7.983281178142644,False
1.183,197.0146004114574,0.5102419915184161,7.946197280794345,False
1.1835,196.951684761743,0.5104801930225099,7.910894241218384,False
1.184,196.86977543825378,0.5107841506752504,7.877900060171254,False
1.1845,196.77011955337193,0.5111492093939627,7.84771446555078,False
1.185,196.65423815152647,0.5115697669507702,7.820802317040166,False
1.1855,196.52390512723835,0.5120393529622874,7.797587038428385,False
1.186,196.38112237674522,0.5125507212412767,7.778444145437053,False
1.1865,196.22809141064843,0.5130959546064238,7.763694961839842,False
1.187,196.06718170934232,0.5136665809751336,7.753600632444547,False
1.1875,195.90089615462827,0.5142536993166574,7.74835655153241,False
1.188,195.73183391826274,0.514848113839397,7.748087335278645,False
1.1885000000000001,195.56265123298616,0.5154404746281068,7.752842481499289,False
1.189,195.3960205179808,0.5160214228192006,7.762592881572178,False
1.1895,195.23458838324896,0.5165817382833867,7.777228374953665,False
1.19,195.08093309880707,0.5171124876559735,7.796556559754373,False
1.1905000000000001,194.93752218403512,0.5176051704095196,7.820303084514019,False
1.191,194.8066708450552,0.5180518605097978,7.8481136379852225,False
1.1915,194.69050205506258,0.5184453410563962,7.879557819232858,False
1.192,194.59090912339076,0.5187792292140394,7.914135007563784,False
1.1925000000000001,194.50952162282428,0.5190480887209775,7.951282263197615,False
1.193,194.4476755320189,0.5192475273422111,7.990384181834726,False
1.1935,194.40638839478206,0.5193742768338151,8.030784509146853,False
1.194,194.38634019842556,0.5194262533045004,8.071799206156266,False
1.1945000000000001,194.38786053188957,0.5194025962950001,8.11273055517086,False
1.195,194.41092240750217,0.5193036854279,8.152881818989917,False
1.1955,194.4551429283565,0.5191311340850928,8.191571921869294,False
1.196,194.51979076927395,0.5188877602151285,8.22814961446719,False
1.1965000000000001,194.60380022756317,0.5185775350216911,8.262006618082209,False
1.197,194.70579140468888,0.5182055108979781,8.292589313110382,False
1.1975,194.82409591442226,0.5177777305117638,8.31940863576976,False
1.198,194.95678738686192,0.51730111937953,8.342047965185454,False
1.1985000000000001,195.10171595636785,0.516783364572836,8.360168907028442,False
1.199,195.2565458853223,0.5162327823677084,8.373514996714896,False
1.1995,195.41879548006122,0.5156581776861635,8.38191344299491,False
1.2,195.58587849154927,0.5150686981107078,8.385275103469157,False
1.2005000000000001,195.75514625021535,0.5144736851104879,8.383592923911902,False
1.201,195.92392985042324,0.5138825249374088,8.376939085165638,False
1.2015,196.08958176578867,0.5133045014624055,8.365461090973403,False
1.202,196.24951633587736,0.5127486530452684,8.349377006013665,False
1.2025000000000001,196.4012486156381,0.5122236353708458,8.328970024283198,False
1.203,196.5424311226746,0.5117375920326694,8.304582520513963,False
1.2035,196.67088805767415,0.5112980344879149,8.276609714899957,False
1.204,196.78464661390075,0.5109117328319434,8.245493064056797,False
1.2045000000000001,196.8819650352859,0.5105846186406117,8.211713476438598,False
1.205,196.96135712992037,0.5103217009091623,8.175784435294691,False
1.2055,197.02161299522294,0.5101269958921258,8.138245094510312,False
1.206,197.06181576015712,0.5100034714381783,8.099653392236386,False
1.2065000000000001,197.08135419605634,0.5099530062332854,8.060579206085919,False
1.207,197.07993108952894,0.5099763642222007,8.021597555172773,False
1.2075,197.0575673088118,0.5100731843684683,7.983281841650274,False
1.208,197.01460153049237,0.5102419858226654,7.946197119606854,False
1.2085000000000001,196.9516856289768,0.5104801884790015,7.910893382128373,False
1.209,196.86977576827448,0.5107841487944342,7.877898866146479,False
1.2095,196.77011927527977,0.5111492106120414,7.8477133865377935,False
1.21,196.65423741509338,0.5115697705704694,7.82080172327316,False
1.2105000000000001,196.5239042305021,0.5120393575011263,7.797587097008327,False
1.211,196.38112164794356,0.5125507250254476,7.778444779820773,False
1.2115,196.22809109040847,0.5130959563766274,7.763695900698887,False
1.212,196.0671818744816,0.5136665802895295,7.753601522195171,False
1.2125000000000001,195.90089670623948,0.5142536966292657,7.748357087020155,False
1.213,195.731834632028,0.5148481102586348,7.748087361309633,False
1.2135,195.562651848225,0.5154404714714123,7.752842032828357,False
1.214,195.39602083089235,0.5160214211384855,7.762592153552273,False
1.2145000000000001,195.2345883118529,0.516581738527864,7.777227641731803,False
1.215,195.08093270006677,0.5171124895742364,7.796556073163477,False
1.2155,194.93752162192897,0.51760517320035,7.820302990038708,False
1.216,194.806670325148,0.5180518631456615,7.848113934721224,False
1.2165,194.69050175092667,0.5184453426530862,7.879558373205642,False
1.217,194.59090912050257,0.5187792293173299,7.914135608883229,False
1.2175,194.50952189723154,0.5190480874219098,7.951282703734708,False
1.218,194.4476759678026,0.5192475251985238,7.990384325451185,False
1.2185,194.40638883100078,0.5193742746416269,8.030784331584568,False
1.219,194.38634048723267,0.5194262518099186,8.071798793874176,False
1.2195,194.38786058739282,0.5194025959470587,8.112730067024575,False
1.22,194.410922229758,0.5193036862516635,8.152881426685445,False
1.2205,194.4551425964702,0.519131135707322,8.191571750875022,False
1.221,194.51979040837057,0.5188877620217215,8.228149705180522,False
1.2215,194.6037999627617,0.5185775363840074,8.26200691874829,False
1.222,194.70579131858455,0.518205511386961,8.29258970449209,False
1.2225,194.82409602219656,0.5177777300286996,8.31940897689524,False
1.223,194.9567876361925,0.5173011181652126,8.342048143139467,False
1.2235,195.10171625041087,0.5167833631004289,8.360168873548293,False
1.224,195.2565461193006,0.5162327811636516,8.373514779993052,False
1.2245,195.4187955779652,0.5156581771451824,8.381913132329798,False
1.225,195.58587843029298,0.5150686983689009,8.385274813888758,False
1.2255,195.75514606373542,0.5144736860165916,8.383592754362203,False
1.226,195.92392961364848,0.5138825261259052,8.376939085233799,False
1.2265,196.08958156543457,0.5133045024964417,8.365461247195642,False
1.227,196.24951623919233,0.5127486535748067,8.349377251252939,False
1.2275,196.4012486482366,0.5122236352494076,8.328970265316048,False
1.228,196.54243126265578,0.5117375913541315,8.30458267283707,False
1.2285,196.6708882469738,0.5112980335356349,8.276609731922608,False
1.229,196.78464678162086,0.510911731964244,8.245492950698365,False
1.2295,196.88196512383175,0.5105846181579033,8.211713283404528,False
1.23,196.96135711440905,0.5103217009515223,8.175784237485129,False
1.2305,197.0216128897298,0.5101269964018628,8.138244962468036,False
1.231,197.06181560957074,0.5100034721960023,8.099653367389337,False
1.2315,197.08135405758605,0.509953006949492,8.060579288362364,False
1.232,197.07993101131927,0.5099763646457807,8.02159770644385,False
1.2325,197.05756731356362,0.5100731843734624,7.983282002476389,False
1.233,197.01460160953962,0.5102419854425781,7.946197232180079,False
1.2335,196.95168574804734,0.5104801878812735,7.910893410671994,False
1.234,196.86977588186244,0.5107841482092992,7.877898807702185,False
1.2345,196.7701193437426,0.5111492102452633,7.847713269143384,False
1.235,196.65423741814593,0.5115697705325984,7.820801593316638,False
1.2355,196.5239041726493,0.5120393577769661,7.797587001238699,False
1.236,196.3811215546791,0.5125507254908238,7.77844474887873,False
1.2365,196.22809099738714,0.5130959568520087,7.76369593983051,False
1.237,196.06718181413711,0.513666580608035,7.753601611726082,False
1.2375,195.90089669677457,0.5142536966937556,7.748357191482449,False
1.238,195.73183467238485,0.5148481100690052,7.748087443201378,False
1.2385,195.56265192020157,0.5154404711155648,7.7528420657778225,False
1.239,195.3960209069788,0.5160214207537367,7.762592130396419,False
1.2395,195.23458836553482,0.5165817382490792,7.777227575227231,False
1.24,195.08093271482596,0.5171124894878143,7.796555989805869,False
1.2405,194.93752159599367,0.5176051733191853,7.820302919768538,False
1.241,194.806670270784,0.5180518634115119,7.8481139004123515,False
1.2415,194.6905016890265,0.5184453429628387,7.879558383517964,False
1.242,194.5909090727411,0.5187792295619813,7.91413565657601,False
1.2425,194.50952187865622,0.5190480875239417,7.9512827695019,False
1.243,194.44767598230982,0.5192475251352994,7.9903843854865295,False
1.2435,194.40638887096088,0.5193742744482815,8.030784366006179,False
1.244,194.3863405370282,0.5194262515626179,8.07179879311035,False
1.2445,194.38786062935037,0.519402595733926,8.112730034196318,False
1.245,194.41092225028692,0.5193036861421186,8.15288137552138,False
1.2455,194.45514259033138,0.5191311357301843,8.19157170022024,False
1.246,194.51979037979066,0.5188877621586926,8.22814967221247,False
1.2465,194.6037999232611,0.5185775365795118,8.262006913280455,False
1.247,194.70579128249994,0.5182055115698243,8.292589726204536,False
1.2475,194.82409600158286,0.5177777301374986,8.319409016213198,False
1.248,194.9567876368783,0.5173011181684781,8.34204818519968,False
1.2485,195.10171627046864,0.5167833630052096,8.360168903685368,False
1.249,195.2565461502871,0.5162327810103085,8.373514788765307,False
1.2495,195.41879560831472,0.5156581769911018,8.381913118389958,False
1.25,195.58587844954764,0.5150686982674593,8.385274783855946,False
1.2505,195.75514606609144,0.5144736859989376,8.383592719940404,False
1.2510000000000001,195.92392959963234,0.5138825261917105,8.376939058763247,False
1.2515,196.08958154124971,0.5133045026162618,8.365461237294777,False
1.252,196.2495162141233,0.5127486537024866,8.349377260073235,False
1.2525,196.40124863115636,0.512223635339509,8.328970288266738,False
1.2530000000000001,196.54243125893115,0.5117375913778971,8.304582700708268,False
1.2535,196.67088825683683,0.5112980334899236,8.276609754488035,False
1.254,196.7846468004818,0.5109117318707376,8.245492960413422,False
1.2545,196.88196514428083,0.5105846180535313,8.211713277874829,False
1.2550000000000001,196.9613571290698,0.5103217008741624,8.175784219914515,False
1.2555,197.02161289387897,0.5101269963767744,8.138244940075863,False
1.256,197.06181560260563,0.5100034722278175,8.099653348519047,False
1.2565,197.08135404290334,0.509953007022215,8.060579279419404,False
1.2570000000000001,197.07993099477557,0.5099763647301742,8.021597709774344,False
1.2575,197.05756730118546,0.5100731844385744,7.983282015870642,False
1.258,197.01460160536556,0.5102419854669227,7.9461972500434275,False
1.2585,196.95168575286291,0.5104801878596772,7.910893426302071,False
1.2590000000000001,196.8697758932029,0.5107841481533326,7.877898815762722,False
1.2595,196.77011935704937,0.5111492101776615,7.847713267434367,False
1.26,196.65423742856214,0.5115697704782162,7.82080158327491,False
1.2605,196.52390417675886,0.5120393577538006,7.797586987107411,False
1.2610000000000001,196.38112155157899,0.512550725504291,7.778444735963246,False
1.2615,196.22809098877792,0.5130959568941926,7.763695932542459,False
1.262,196.06718180349324,0.5136665806616909,7.753601612122728,False
1.2625,195.90089668797276,0.5142536967391962,7.748357198764711,False
1.2630000000000001,195.73183466832117,0.5148481100911785,7.748087454252374,False
1.2635,195.56265192187792,0.5154404711088372,7.752842076453481,False
1.264,195.39602091332915,0.5160214207229598,7.7625921370488795,False
1.2645,195.2345883739791,0.5165817382069393,7.777227575913631,False
1.2650000000000001,195.0809327222911,0.5171124894497541,7.7965559847992845,False
1.2655,194.93752160000824,0.5176051732978705,7.820302911264561,False
1.266,194.806670270267,0.518051863412772,7.848113891608577,False
1.2665,194.69050168453262,0.5184453429843123,7.879558377438162,False
1.2670000000000001,194.5909090661291,0.5187792295946498,7.9141356550594155,False
1.2675,194.50952187234654,0.5190480875557753,7.951282772683696,False
1.268,194.4476759784178,0.5192475251555784,7.990384391898447,False
1.2685,194.40638887060746,0.5193742744510979,8.030784373208586,False
1.2690000000000001,194.3863405400443,0.5194262515484565,8.07179879859737,False
1.2695,194.38786063444022,0.5194025957089664,8.112730036247406,False
1.27,194.41092225555713,0.5193036861156879,8.152881373718811,False
1.2705,194.45514259397922,0.5191311357113596,8.191571695486102,False
1.2710000000000001,194.51979038070712,0.5188877621532565,8.228149666390717,False
1.2715,194.60379992135293,0.5185775365882545,8.262006908439865,False
1.272,194.70579127864312,0.5182055115886555,8.292589723918292,False
1.2725,194.8240959972501,0.5177777301592031,8.31940901706043,False
1.2730000000000001,194.95678763359106,0.5173011181854075,8.342048188642517,False
1.2735,195.10171626927252,0.5167833630119263,8.360168908336439,False
1.274,195.25654615142784,0.5162327810052897,8.373514792927228,False
1.2745,195.41879561121291,0.5156581769769842,8.381913120663526,False
1.2750000000000001,195.5858784530601,0.5150686982498294,8.385274783602311,False
1.2755,195.75514606894953,0.5144736859841859,8.38359271744712,False
1.276,195.92392960089276,0.5138825261847502,8.376939055076072,False
1.2765,196.08958154059994,0.5133045026189194,8.36546123379656,False
1.2770000000000001,196.2495162119439,0.512748653713083,8.349377257974407,False
1.2775,196.40124862833548,0.5122236353537042,8.328970288192826,False
1.278,196.54243125651334,0.5117375913904125,8.304582702523144,False
1.2785,196.6708882556422,0.5112980334964773,8.27660975739961,False
1.2790000000000001,196.78464680083303,0.5109117318694874,8.245492963304237,False
1.2795,196.88196514592732,0.5105846180455447,8.211713279723549,False
1.28,196.96135713132188,0.5103217008628146,8.175784220151195,False
1.2805,197.02161289588796,0.5101269963663654,8.138244938748874,False
1.281,197.06181560367864,0.5100034722219671,8.09965334622824,False
1.2815,197.08135404273722,0.5099530070226258,8.06057927705775,False
1.282,197.07993099353274,0.5099763647361802,8.021597708185858,False
1.2825,197.0575672993972,0.5100731844475742,7.983282015554023,False
1.283,197.0146016037118,0.5102419854754696,7.946197251003836,False
1.2835,196.95168575191812,0.5104801878647793,7.910893428091535,False
1.284,196.86977589324118,0.510784148153477,7.8778988176781635,False
1.2845,196.77011935797373,0.5111492101732229,7.84771326878902,False
1.285,196.65423742997137,0.5115697704711563,7.8208015836395335,False
1.2855,196.52390417811606,0.5120393577468321,7.797586986438688,False
1.286,196.3811215524126,0.5125507254998531,7.778444734584338,False
1.2865,196.22809098884107,0.5130959568936175,7.763695930996534,False
1.287,196.06718180282965,0.5136665806648415,7.753601610963186,False
1.2875,195.90089668687537,0.5142536967446497,7.748357198361554,False
1.288,195.73183466720766,0.5148481100968393,7.748087454680278,False
1.2885,195.56265192113483,0.5154404711127285,7.752842077493196,False
1.289,195.39602091318125,0.5160214207238935,7.762592138289508,False
1.2895,195.23458837442678,0.516581738204853,7.7772275769115256,False
1.29,195.08093272313053,0.517112489445626,7.796555985232958,False
1.2905,194.9375216009192,0.5176051732932893,7.82030291103356,False
1.291,194.80667027093259,0.5180518634093407,7.848113890847951,False
1.2915,194.69050168474658,0.5184453429831003,7.879558376451501,False
1.292,194.5909090658562,0.5187792295958803,7.9141356542011065,False
1.2925,194.50952187171976,0.5190480875588246,7.9512827722345385,False
1.293,194.4476759776789,0.5192475251592606,7.990384391976952,False
1.2935,194.4063888700161,0.5193742744541133,8.030784373744705,False
1.294,194.38634053978882,0.5194262515498392,8.071798799371937,False
1.2945,194.38786063457985,0.5194025957083817,8.112730036978448,False
1.295,194.4109222560126,0.5193036861134932,8.152881374161923,False
1.2955,194.4551425945706,0.5191311357084276,8.191571695514005,False
1.296,194.51979038122255,0.5188877621506408,8.228149666027162,False
1.2965,194.6037999216232,0.5185775365868195,8.262006907839828,False
1.297,194.7057912785956,0.5182055115887966,8.292589723305147,False
1.2975,194.8240959969263,0.5177777301607499,8.319409016644826,False
1.298,194.9567876331239,0.5173011181877215,8.342048188551264,False
1.2985,195.1017162688337,0.5167833630141538,8.36016890857525,False
1.299,195.2565461511662,0.5162327810066717,8.373514793387844,False
1.2995,195.4187956112047,0.5156581769771091,8.381913121169369,False
1.3,195.58587845328796,0.5150686982487505,8.385274783974586,False
1.3005,195.75514606931563,0.5144736859823713,8.383592717567051,False
1.301,195.92392960125858,0.5138825261828874,8.37693905492176,False
1.3015,196.08958154083768,0.513304502617663,8.365461233443632,False
1.302,196.2495162119806,0.5127486537128261,8.349377257562333,False
1.3025,196.40124862817436,0.5122236353544585,8.32897028787099,False
1.303,196.54243125622708,0.5117375913918336,8.304582702397642,False
1.3035,196.6708882553419,0.5112980334980107,8.276609757498887,False
1.304,196.7846468006259,0.5109117318705824,8.245492963575064,False
1.3045,196.88196514587912,0.5105846180458492,8.211713280056172,False
1.305,196.9613571314366,0.5103217008622837,8.17578422042267,False
1.3055,197.0216128961115,0.5101269963652558,8.138244938867949,False
1.306,197.06181560392264,0.5100034722207203,8.099653346165262,False
1.3065,197.08135404291335,0.509953007021696,8.060579276850172,False
1.307,197.07993099358413,0.5099763647358715,8.021597707919415,False
1.3075,197.05756729931602,0.5100731844479444,7.983282015328184,False
1.308,197.0146016035381,0.5102419854763303,7.946197250895277,False
1.3085,196.95168575172121,0.5104801878657829,7.910893428128721,False
1.309,196.86977589309262,0.5107841481542561,7.877898817835575,False
1.3095,196.7701193579219,0.5111492101735223,7.847713269000933,False
1.31,196.6542374300263,0.5115697704709108,7.820801583826593,False
1.3105,196.52390417824935,0.5120393577461757,7.797586986537308,False
1.311,196.38112155257073,0.512550725499052,7.77844473456753,False
1.3115,196.22809098896667,0.5130959568929655,7.763695930880163,False
1.312,196.0671818028817,0.5136665806645523,7.753601610796325,False
1.3125,195.90089668684206,0.5142536967447923,7.74835719820652,False
1.313,195.73183466710782,0.5148481100973262,7.748087454589795,False
1.3135000000000001,195.56265192100858,0.5154404711133613,7.752842077492974,False
1.314,195.3960209130744,0.5160214207244416,7.762592138371887,False
1.3145,195.2345883743744,0.5165817382051348,7.777227577041108,False
1.315,195.08093272314596,0.5171124894455684,7.796555985361348,False
1.3155000000000001,194.93752160099152,0.5176051732929413,7.82030291111697,False
1.316,194.80667027103226,0.5180518634088457,7.848113890861647,False
1.3165,194.69050168483736,0.51844534298264,7.8795583763967345,False
1.317,194.59090906590802,0.5187792295956083,7.914135654102286,False
1.3175000000000001,194.50952187171822,0.5190480875588165,7.9512827721288435,False
1.318,194.44767597762888,0.5192475251594977,7.99038439190082,False
1.3185,194.40638886993852,0.5193742744544951,8.030784373721572,False
1.319,194.38634053971228,0.5194262515502243,8.07179879940532,False
1.3195000000000001,194.38786063453026,0.5194025957086391,8.112730037052419,False
1.32,194.41092225600454,0.5193036861135458,8.152881374248059,False
1.3205,194.45514259460344,0.5191311357082747,8.191571695582109,False
1.321,194.51979038128184,0.5188877621503504,8.228149666055513,False
1.3215000000000001,194.60379992168663,0.5185775365865014,8.262006907821968,False
1.322,194.7057912786413,0.5182055115885611,8.292589723250877,False
1.3225,194.82409599694006,0.5177777301606705,8.319409016575534,False
1.323,194.95678763310343,0.5173011181878137,8.342048188491862,False
1.3235000000000001,195.10171626878883,0.5167833630143731,8.360168908545425,False
1.324,195.2565461511143,0.5162327810069322,8.373514793395552,False
1.3245,195.41879561116426,0.5156581769773179,8.381913121208994,False
1.325,195.5858784532721,0.5150686982488394,8.385274784029868,False
1.3255000000000001,195.75514606932782,0.5144736859823184,8.383592717617518,False
1.326,195.92392960129246,0.5138825261827229,8.376939054950306,False
1.3265,196.0895815408796,0.5133045026174518,8.365461233441946,False
1.327,196.2495162120153,0.5127486537126467,8.349377257533416,False
1.3275000000000001,196.40124862819025,0.5122236353543709,8.328970287827145,False
1.328,196.54243125622006,0.5117375913918614,8.304582702355493,False
1.3285,196.67088825531627,0.5112980334981353,8.276609757473176,False
1.329,196.78464680059227,0.5109117318707522,8.245492963573565,False
1.3295000000000001,196.88196514585005,0.5105846180460001,8.211713280077426,False
1.33,196.96135713142203,0.5103217008623637,8.175784220457295,False
1.3305,197.02161289611539,0.5101269963652425,8.138244938902574,False
1.331,197.0618156039421,0.5100034722206259,8.099653346187583,False
1.3315000000000001,197.08135404294012,0.5099530070215605,8.060579276853268,False
1.332,197.07993099360814,0.5099763647357473,8.02159770790385,False
1.3325,197.05756729932895,0.5100731844478738,7.983282015301006,False
1.333,197.0146016035363,0.5102419854763343,7.946197250867127,False
1.3335000000000001,196.95168575170658,0.5104801878658535,7.910893428109645,False
1.334,196.86977589307142,0.5107841481543628,7.87789881783154,False
1.3345,196.7701193579021,0.5111492101736239,7.847713269012055,False
1.335,196.65423743001477,0.5115697704709727,7.820801583847752,False
1.3355000000000001,196.5239041782495,0.5120393577461793,7.797586986560232,False
1.336,196.38112155258148,0.5125507254990004,7.778444734583965,False
1.3365,196.22809098898333,0.5130959568928822,7.763695930884948,False
1.337,196.06718180289792,0.5136665806644692,7.753601610788859,False
1.3375000000000001,195.9008966868523,0.5142536967447384,7.748357198190489,False
1.338,195.73183466710904,0.5148481100973173,7.748087454571463,False
1.3385,195.56265192100113,0.5154404711133964,7.7528420774788485,False
1.339,195.39602091306153,0.516021420724505,7.762592138366524,False
1.3395000000000001,195.23458837436107,0.5165817382052026,7.777227577045654,False
1.34,195.08093272313675,0.5171124894456162,7.796555985373329,False
1.3405,194.9375216009892,0.5176051732929549,7.820302911131667,False
1.341,194.80667027103712,0.5180518634088238,7.848113890873925,False
1.3415000000000001,194.69050168484713,0.5184453429825921,7.879558376402527,False
1.342,194.59090906591896,0.5187792295955534,7.914135654100148,False
1.3425,194.50952187172652,0.519048087558774,7.951282772120176,False
1.343,194.44767597763197,0.5192475251594808,7.990384391889112,False
1.3435000000000001,194.40638886993577,0.5193742744545071,8.030784373711006,False
1.344,194.38634053970503,0.5194262515502591,8.071798799399398,False
1.3445,194.38786063452133,0.5194025957086834,8.112730037052804,False
1.345,194.41092225599712,0.5193036861135837,8.152881374254138,False
1.3455,194.45514259459998,0.5191311357082935,8.191571695591344,False
1.346,194.51979038128314,0.518887762150345,8.228149666064477,False
1.3465,194.6037999216919,0.5185775365864762,8.262006907827669,False
1.347,194.70579127864832,0.518205511588526,8.292589723251613,False
1.3475,194.8240959969464,0.5177777301606388,8.319409016571505,False
1.348,194.95678763310696,0.5173011181877948,8.342048188484755,False
1.3485,195.10171626878852,0.5167833630143733,8.360168908537974,False
1.349,195.25654615111054,0.5162327810069499,8.373514793390331,False
1.3495,195.41879561115869,0.5156581769773457,8.381913121207647,False
1.35,195.58587845326676,0.5150686982488665,8.385274784032521,False
1.3505,195.75514606932455,0.5144736859823357,8.383592717622966,False
1.351,195.92392960129217,0.5138825261827249,8.376939054956372,False
1.3515,196.0895815408822,0.5133045026174397,8.365461233446519,False
1.352,196.24951621201964,0.5127486537126252,8.349377257534998,False
1.3525,196.40124862819465,0.5122236353543481,8.32897028782541,False
1.353,196.54243125622295,0.5117375913918458,8.3045827023513,False
1.3535,196.67088825531678,0.5112980334981319,8.27660975746818,False
1.354,196.7846468005903,0.510911731870761,8.245492963569603,False
1.3545,196.8819651458466,0.5105846180460176,8.21171328007589,False
1.355,196.9613571314184,0.510321700862382,8.175784220458452,False
1.3555,197.02161289611283,0.5101269963652558,8.138244938905816,False
1.356,197.06181560394143,0.5100034722206299,8.099653346191623,False
1.3565,197.08135404294146,0.5099530070215548,8.060579276856654,False
1.357,197.07993099361087,0.5099763647357338,8.021597707905391,False
1.3575,197.05756729933202,0.5100731844478583,7.983282015300305,False
1.358,197.01460160353855,0.5102419854763223,7.946197250864582,False
1.3585,196.95168575170726,0.5104801878658495,7.910893428106333,False
1.359,196.86977589307043,0.5107841481543672,7.877898817828712,False
1.3595,196.77011935789997,0.5111492101736347,7.847713269010697,False
1.36,196.65423743001242,0.5115697704709851,7.82080158384819,False
1.3605,196.5239041782477,0.5120393577461884,7.7975869865620675,False
1.361,196.38112155258088,0.512550725499004,7.7784447345864765,False
1.3615,196.22809098898398,0.5130959568928791,7.763695930887158,False
1.362,196.06718180289954,0.5136665806644616,7.753601610790044,False
1.3625,195.90089668685422,0.5142536967447287,7.748357198190251,False
1.363,195.73183466711052,0.5148481100973094,7.748087454570027,False
1.3635,195.56265192100173,0.5154404711133934,7.752842077476878,False
1.364,195.39602091306116,0.5160214207245067,7.76259213836472,False
1.3645,195.23458837435996,0.516581738205208,7.777227577044545,False
1.365,195.0809327231353,0.5171124894456232,7.796555985373238,False
1.3655,194.9375216009879,0.5176051732929614,7.8203029111325595,False
1.366,194.80667027103644,0.5180518634088274,7.8481138908754176,False
1.3665,194.69050168484728,0.5184453429825919,7.879558376404047,False
1.367,194.59090906591976,0.5187792295955493,7.914135654101168,False
1.3675,194.50952187172763,0.5190480875587684,7.951282772120426,False
1.368,194.44767597763297,0.5192475251594756,7.9903843918885995,False
1.3685,194.40638886993636,0.5193742744545042,8.030784373710015,False
1.369,194.3863405397051,0.5194262515502588,8.071798799398291,False
1.3695,194.38786063452085,0.5194025957086856,8.112730037051966,False
1.37,194.41092225599635,0.5193036861135877,8.152881374253845,False
1.3705,194.45514259459912,0.5191311357082975,8.19157169559165,False
1.371,194.51979038128258,0.5188877621503484,8.2281496660653,False
1.3715,194.60379992169175,0.5185775365864769,8.262006907828642,False
1.372,194.70579127864866,0.5182055115885246,8.292589723252417,False
1.3725,194.82409599694702,0.5177777301606356,8.319409016571896,False
1.373,194.95678763310772,0.5173011181877915,8.342048188484675,False
1.3735,195.10171626878918,0.5167833630143701,8.360168908537386,False
1.374,195.25654615111088,0.5162327810069482,8.37351479338945,False
1.3745,195.41879561115857,0.515658176977346,8.381913121206786,False
1.375,195.58587845326633,0.5150686982488688,8.385274784031978,False
1.3755,195.75514606932396,0.5144736859823386,8.383592717622818,False
1.3760000000000001,195.92392960129158,0.5138825261827278,8.376939054956631,False
1.3765,196.08958154088185,0.5133045026174418,8.36546123344713,False
1.377,196.24951621201959,0.5127486537126252,8.349377257535679,False
1.3775,196.4012486281949,0.512223635354347,8.328970287825939,False
1.3780000000000001,196.54243125622335,0.5117375913918436,8.304582702351519,False
1.3785,196.67088825531718,0.51129803349813,8.276609757468128,False
1.379,196.78464680059068,0.5109117318707597,8.24549296356934,False
1.3795,196.8819651458467,0.5105846180460165,8.211713280075458,False
1.3800000000000001,196.96135713141823,0.510321700862383,8.175784220458123,False
1.3805,197.02161289611252,0.5101269963652576,8.138244938905729,False
1.381,197.06181560394114,0.5100034722206317,8.099653346191783,False
1.3815,197.08135404294137,0.5099530070215555,8.060579276856936,False
1.3820000000000001,197.07993099361087,0.5099763647357333,8.021597707905629,False
1.3825,197.05756729933213,0.5100731844478579,7.983282015300478,False
1.383,197.01460160353872,0.5102419854763213,7.946197250864609,False
1.3835,196.95168575170743,0.5104801878658486,7.910893428106237,False
1.3840000000000001,196.86977589307057,0.5107841481543667,7.87789881782853,False
1.3845,196.7701193579,0.5111492101736343,7.847713269010438,False
1.385,196.6542374300123,0.5115697704709855,7.8208015838479605,False
1.3855,196.52390417824748,0.5120393577461894,7.797586986561992,False
1.3860000000000001,196.38112155258065,0.5125507254990054,7.7784447345866,False
1.3865,196.22809098898387,0.5130959568928798,7.763695930887361,False
1.387,196.06718180289954,0.5136665806644614,7.753601610790212,False
1.3875,195.90089668685428,0.5142536967447281,7.74835719819037,False
1.3880000000000001,195.73183466711063,0.5148481100973089,7.748087454570098,False
1.3885,195.56265192100184,0.5154404711133929,7.752842077476845,False
1.389,195.39602091306125,0.5160214207245064,7.762592138364598,False
1.3895,195.23458837435987,0.5165817382052078,7.777227577044416,False
1.3900000000000001,195.08093272313522,0.5171124894456243,7.796555985373254,False
1.3905,194.93752160098782,0.5176051732929616,7.820302911132597,False
1.391,194.80667027103644,0.5180518634088277,7.848113890875478,False
1.3915,194.69050168484728,0.5184453429825915,7.879558376404071,False
1.3920000000000001,194.59090906591976,0.5187792295955493,7.9141356541012,False
1.3925,194.50952187172766,0.5190480875587684,7.951282772120438,False
1.393,194.447675977633,0.5192475251594754,7.990384391888576,False
1.3935,194.4063888699364,0.5193742744545041,8.030784373709974,False
1.3940000000000001,194.38634053970512,0.5194262515502587,8.071798799398236,False
1.3945,194.38786063452088,0.5194025957086854,8.112730037051879,False
1.395,194.41092225599633,0.5193036861135876,8.152881374253752,False
1.3955,194.45514259459907,0.5191311357082977,8.19157169559158,False
1.3960000000000001,194.51979038128252,0.5188877621503486,8.228149666065255,False
1.3965,194.6037999216917,0.5185775365864771,8.262006907828619,False
1.397,194.7057912786486,0.5182055115885248,8.292589723252446,False
1.3975,194.824095996947,0.5177777301606357,8.319409016571928,False
1.3980000000000001,194.9567876331077,0.5173011181877915,8.34204818848469,False
1.3985,195.10171626878915,0.5167833630143702,8.36016890853745,False
1.399,195.25654615111088,0.5162327810069482,8.373514793389544,False
1.3995,195.41879561115857,0.5156581769773457,8.381913121206843,False
1.4000000000000001,195.58587845326633,0.5150686982488688,8.38527478403202,False
1.4005,195.75514606932398,0.5144736859823386,8.383592717622884,False
1.401,195.9239296012916,0.5138825261827276,8.376939054956697,False
1.4015,196.08958154088188,0.5133045026174416,8.365461233447167,False
1.4020000000000001,196.2495162120196,0.5127486537126252,8.349377257535695,False
1.4025,196.40124862819494,0.512223635354347,8.32897028782597,False
1.403,196.5424312562234,0.5117375913918436,8.304582702351562,False
1.4035,196.67088825531724,0.5112980334981296,8.276609757468119,False
1.4040000000000001,196.7846468005907,0.5109117318707594,8.245492963569294,False
1.4045,196.88196514584672,0.5105846180460165,8.211713280075413,False
1.405,196.96135713141825,0.5103217008623828,8.175784220458066,False
1.4055,197.02161289611252,0.5101269963652575,8.138244938905656,False
1.4060000000000001,197.06181560394108,0.5100034722206318,8.099653346191733,False
1.4065,197.0813540429413,0.5099530070215561,8.060579276856956,False
1.407,197.07993099361082,0.5099763647357335,8.021597707905684,False
1.4075,197.0575672993321,0.510073184447858,7.9832820153005635,False
1.408,197.01460160353872,0.5102419854763214,7.946197250864719,False
1.4085,196.95168575170746,0.5104801878658485,7.910893428106338,False
1.409,196.8697758930706,0.5107841481543665,7.877898817828615,False
1.4095,196.77011935790009,0.5111492101736343,7.847713269010526,False
1.41,196.6542374300124,0.511569770470985,7.820801583847989,False
1.4105,196.5239041782476,0.512039357746189,7.797586986561976,False
1.411,196.38112155258077,0.5125507254990048,7.778444734586473,False
1.4115,196.22809098898387,0.5130959568928795,7.7636959308872,False
1.412,196.06718180289948,0.5136665806644619,7.753601610790134,False
1.4125,195.90089668685422,0.5142536967447285,7.748357198190365,False
1.413,195.73183466711058,0.5148481100973091,7.748087454570106,False
1.4135,195.5626519210018,0.515440471113393,7.75284207747689,False
1.414,195.3960209130612,0.5160214207245066,7.762592138364698,False
1.4145,195.23458837436,0.516581738205208,7.7772275770445445,False
1.415,195.08093272313533,0.517112489445623,7.796555985373215,False
1.4155,194.9375216009879,0.5176051732929612,7.8203029111325035,False
1.416,194.80667027103644,0.5180518634088275,7.848113890875366,False
1.4165,194.69050168484722,0.5184453429825919,7.879558376404024,False
1.417,194.5909090659197,0.5187792295955498,7.914135654101196,False
1.4175,194.5095218717276,0.5190480875587686,7.951282772120478,False
1.418,194.44767597763305,0.5192475251594757,7.990384391888659,False
1.4185,194.40638886993645,0.5193742744545033,8.030784373709968,False
1.419,194.38634053970515,0.5194262515502585,8.071798799398199,False
1.4195,194.38786063452085,0.5194025957086855,8.112730037051861,False
1.42,194.4109222559963,0.5193036861135879,8.152881374253768,False
1.4205,194.45514259459904,0.5191311357082979,8.191571695591627,False
1.421,194.51979038128252,0.5188877621503488,8.228149666065335,False
1.4215,194.60379992169175,0.518577536586477,8.262006907828676,False
1.422,194.70579127864866,0.5182055115885242,8.292589723252425,False
1.4225,194.82409599694702,0.5177777301606356,8.319409016571877,False
1.423,194.95678763310772,0.5173011181877915,8.342048188484656,False
1.4235,195.10171626878918,0.5167833630143701,8.360168908537382,False
1.424,195.25654615111088,0.5162327810069482,8.373514793389463,False
1.4245,195.41879561115857,0.515658176977346,8.381913121206763,False
1.425,195.58587845326633,0.5150686982488688,8.385274784031967,False
1.4255,195.75514606932396,0.5144736859823386,8.383592717622813,False
1.426,195.92392960129158,0.5138825261827278,8.37693905495664,False
1.4265,196.08958154088182,0.5133045026174418,8.365461233447105,False
1.427,196.24951621201956,0.5127486537126255,8.349377257535654,False
1.4275,196.40124862819488,0.5122236353543472,8.32897028782595,False
1.428,196.54243125622335,0.5117375913918438,8.304582702351567,False
1.4285,196.67088825531718,0.5112980334981299,8.276609757468144,False
1.429,196.78464680059068,0.5109117318707597,8.245492963569363,False
1.4295,196.88196514584672,0.5105846180460165,8.21171328007548,False
1.43,196.96135713141828,0.5103217008623827,8.17578422045811,False
1.4305,197.02161289611254,0.5101269963652573,8.138244938905665,False
1.431,197.0618156039411,0.5100034722206318,8.099653346191742,False
1.4315,197.08135404294134,0.509953007021556,8.060579276856947,False
1.432,197.07993099361084,0.5099763647357333,8.021597707905647,False
1.4325,197.05756729933213,0.510073184447858,7.9832820153005155,False
1.433,197.01460160353872,0.5102419854763212,7.9461972508646355,False
1.4335,196.95168575170743,0.5104801878658486,7.910893428106256,False
1.434,196.86977589307057,0.5107841481543667,7.877898817828569,False
1.4345,196.77011935790003,0.5111492101736343,7.847713269010498,False
1.435,196.65423743001233,0.5115697704709854,7.820801583847999,False
1.4355,196.52390417824753,0.5120393577461894,7.797586986562009,False
1.436,196.3811215525807,0.5125507254990049,7.778444734586546,False
1.4365,196.22809098898387,0.5130959568928797,7.763695930887314,False
1.437,196.06718180289954,0.5136665806644617,7.753601610790189,False
1.4375,195.90089668685428,0.5142536967447281,7.7483571981903365,False
1.438,195.73183466711063,0.5148481100973089,7.748087454570056,False
1.4385000000000001,195.56265192100184,0.5154404711133929,7.752842077476833,False
1.439,195.39602091306125,0.5160214207245064,7.762592138364579,False
1.4395,195.23458837435987,0.5165817382052078,7.7772275770444255,False
1.44,195.08093272313522,0.5171124894456243,7.796555985373257,False
1.4405000000000001,194.93752160098788,0.5176051732929616,7.820302911132627,False
1.441,194.80667027103647,0.5180518634088271,7.848113890875435,False
1.4415,194.6905016848473,0.5184453429825916,7.879558376404025,False
1.442,194.59090906591976,0.5187792295955492,7.9141356541011305,False
1.4425000000000001,194.5095218717276,0.5190480875587685,7.951282772120405,False
1.443,194.44767597763294,0.5192475251594759,7.990384391888604,False
1.4435,194.40638886993634,0.5193742744545042,8.03078437371003,False
1.444,194.3863405397051,0.5194262515502588,8.071798799398309,False
1.4445000000000001,194.38786063452088,0.5194025957086855,8.112730037051968,False
1.445,194.41092225599635,0.5193036861135875,8.152881374253823,False
1.4455,194.45514259459912,0.5191311357082976,8.191571695591641,False
1.446,194.51979038128258,0.5188877621503484,8.22814966606528,False
1.4465000000000001,194.60379992169175,0.5185775365864769,8.262006907828598,False
1.447,194.70579127864866,0.5182055115885246,8.292589723252393,False
1.4475,194.824095996947,0.5177777301606356,8.319409016571864,False
1.448,194.95678763310767,0.5173011181877917,8.342048188484661,False
1.4485000000000001,195.10171626878912,0.5167833630143703,8.360168908537407,False
1.449,195.25654615111083,0.5162327810069485,8.37351479338954,False
1.4495,195.41879561115854,0.5156581769773462,8.381913121206905,False
1.45,195.5858784532663,0.5150686982488688,8.385274784032097,False
1.4505000000000001,195.75514606932398,0.5144736859823387,8.383592717622937,False
1.451,195.92392960129163,0.5138825261827275,8.376939054956754,False
1.4515,196.08958154088194,0.5133045026174413,8.365461233447185,False
1.452,196.24951621201967,0.5127486537126249,8.349377257535638,False
1.4525000000000001,196.401248628195,0.5122236353543468,8.328970287825848,False
1.453,196.54243125622344,0.5117375913918433,8.304582702351404,False
1.4535,196.67088825531727,0.5112980334981296,8.276609757467961,False
1.454,196.78464680059068,0.5109117318707593,8.245492963569129,False
1.4545000000000001,196.8819651458467,0.5105846180460168,8.211713280075273,False
1.455,196.96135713141823,0.510321700862383,8.175784220457961,False
1.4555,197.02161289611246,0.5101269963652576,8.138244938905578,False
1.456,197.06181560394103,0.5100034722206321,8.099653346191701,False
1.4565000000000001,197.08135404294123,0.5099530070215562,8.060579276856952,False
1.457,197.07993099361073,0.5099763647357339,8.021597707905743,False
1.4575,197.05756729933208,0.5100731844478583,7.983282015300666,False
1.458,197.01460160353878,0.5102419854763212,7.946197250864795,False
1.4585000000000001,196.95168575170754,0.5104801878658478,7.9108934281063235,False
1.459,196.86977589307068,0.5107841481543661,7.877898817828539,False
1.4595,196.7701193579001,0.511149210173634,7.847713269010393,False
1.46,196.65423743001236,0.5115697704709852,7.820801583847866,False
1.4605000000000001,196.5239041782475,0.5120393577461894,7.797586986561893,False
1.461,196.38112155258065,0.5125507254990054,7.778444734586463,False
1.4615,196.22809098898375,0.5130959568928799,7.763695930887255,False
1.462,196.06718180289943,0.5136665806644622,7.753601610790226,False
1.4625000000000001,195.90089668685417,0.5142536967447285,7.7483571981904635,False
1.463,195.73183466711058,0.5148481100973094,7.748087454570223,False
1.4635,195.56265192100184,0.5154404711133926,7.752842077476965,False
1.464,195.39602091306128,0.5160214207245061,7.762592138364688,False
1.4645000000000001,195.23458837436002,0.5165817382052077,7.777227577044515,False
1.465,195.08093272313536,0.5171124894456233,7.796555985373192,False
1.4655,194.93752160098794,0.5176051732929612,7.820302911132467,False
1.466,194.80667027103644,0.5180518634088275,7.848113890875322,False
1.4665000000000001,194.6905016848472,0.518445342982592,7.87955837640399,False
1.467,194.59090906591967,0.51877922959555,7.914135654101183,False
1.4675,194.50952187172757,0.5190480875587687,7.951282772120482,False
1.468,194.44767597763303,0.5192475251594757,7.9903843918886635,False
1.4685000000000001,194.40638886993642,0.5193742744545035,8.03078437370999,False
1.469,194.38634053970515,0.5194262515502586,8.071798799398234,False
1.4695,194.38786063452088,0.5194025957086854,8.112730037051877,False
1.47,194.41092225599633,0.5193036861135877,8.152881374253749,False
1.4705000000000001,194.45514259459907,0.5191311357082977,8.191571695591577,False
1.471,194.51979038128252,0.5188877621503486,8.228149666065269,False
1.4715,194.6037999216917,0.5185775365864771,8.262006907828633,False
1.472,194.7057912786486,0.5182055115885248,8.292589723252458,False
1.4725,194.824095996947,0.5177777301606357,8.31940901657194,False
1.473,194.9567876331077,0.5173011181877915,8.342048188484702,False
1.4735,195.10171626878915,0.5167833630143702,8.360168908537453,False
1.474,195.25654615111088,0.5162327810069482,8.37351479338954,False
1.4745,195.41879561115857,0.5156581769773457,8.381913121206834,False
1.475,195.58587845326633,0.5150686982488688,8.385274784032003,False
1.4755,195.75514606932396,0.5144736859823386,8.38359271762286,False
1.476,195.92392960129158,0.5138825261827278,8.376939054956697,False
1.4765,196.08958154088185,0.5133045026174418,8.365461233447176,False
1.477,196.24951621201959,0.5127486537126252,8.349377257535668,False
1.4775,196.4012486281949,0.512223635354347,8.328970287825943,False
1.478,196.54243125622335,0.5117375913918436,8.304582702351537,False
1.4785,196.67088825531718,0.51129803349813,8.276609757468131,False
1.479,196.78464680059068,0.5109117318707597,8.245492963569328,False
1.4795,196.8819651458467,0.5105846180460165,8.211713280075447,False
1.48,196.96135713141823,0.510321700862383,8.175784220458125,False
1.4805,197.02161289611254,0.5101269963652576,8.138244938905729,False
1.481,197.06181560394117,0.5100034722206315,8.099653346191754,False
1.4815,197.0813540429414,0.5099530070215555,8.060579276856899,False
1.482,197.0799309936109,0.5099763647357332,8.021597707905574,False
1.4825,197.05756729933216,0.5100731844478578,7.98328201530042,False
1.483,197.01460160353872,0.5102419854763213,7.946197250864558,False
1.4835,196.9516857517074,0.5104801878658487,7.910893428106193,False
1.484,196.8697758930705,0.510784148154367,7.8778988178285445,False
1.4845,196.77011935789997,0.5111492101736347,7.847713269010511,False
1.485,196.65423743001227,0.5115697704709855,7.820801583848057,False
1.4855,196.52390417824756,0.5120393577461895,7.797586986562079,False
1.486,196.38112155258074,0.5125507254990045,7.778444734586559,False
1.4865,196.2280909889839,0.5130959568928795,7.763695930887291,False
1.487,196.06718180289957,0.5136665806644616,7.753601610790177,False
1.4875,195.9008966868543,0.5142536967447281,7.748357198190308,False
1.488,195.73183466711063,0.5148481100973088,7.748087454569997,False
1.4885,195.56265192100182,0.515440471113393,7.752842077476782,False
1.489,195.3960209130612,0.5160214207245066,7.762592138364587,False
1.4895,195.23458837435984,0.5165817382052083,7.777227577044479,False
1.49,195.0809327231352,0.5171124894456242,7.796555985373296,False
1.4905,194.9375216009879,0.5176051732929617,7.820302911132666,False
1.491,194.80667027103652,0.5180518634088269,7.8481138908754735,False
1.4915,194.69050168484736,0.5184453429825913,7.87955837640401,False
1.492,194.59090906591982,0.518779229595549,7.914135654101074,False
1.4925,194.50952187172763,0.5190480875587684,7.951282772120323,False
1.493,194.4476759776329,0.5192475251594758,7.990384391888531,False
1.4935,194.4063888699363,0.5193742744545047,8.03078437371,False
1.494,194.38634053970503,0.519426251550259,8.071798799398312,False
1.4945,194.38786063452085,0.5194025957086857,8.112730037052007,False
1.495,194.41092225599638,0.5193036861135873,8.15288137425384,False
1.4955,194.45514259459915,0.5191311357082973,8.191571695591618,False
1.496,194.5197903812826,0.5188877621503483,8.22814966606525,False
1.4965,194.60379992169175,0.5185775365864769,8.26200690782856,False
1.497,194.70579127864863,0.5182055115885247,8.292589723252345,False
1.4975,194.82409599694694,0.5177777301606357,8.319409016571843,False
1.498,194.9567876331076,0.517301118187792,8.342048188484695,False
1.4985,195.1017162687891,0.5167833630143706,8.360168908537487,False
1.499,195.25654615111083,0.5162327810069484,8.373514793389587,False
1.4995,195.41879561115854,0.5156581769773461,8.38191312120695,False
1.5,195.5858784532663,0.5150686982488688,8.385274784032154,False
1.5005,196.38957639120142,0.5144736859823387,10.831947287436114,False
1.5010000000000001,198.30368177079282,0.5089173346952985,12.4860761133524,False
1.5015,200.77354254437256,0.4974330743729456,12.531241529546497,False
1.502,202.92015170432836,0.4865183100243626,10.96568335402546,False
1.5025,203.96882717031698,0.48058958453203754,8.460894504456736,False
1.5030000000000001,203.63038493307215,0.4817584706975206,6.064584218712594,False
1.5035,202.2245718750766,0.48897186469410675,4.712116849381176,False
1.504,200.46017548562327,0.49851074514280236,4.806323761671301,False
1.5045,199.06865084989244,0.5061672754651473,6.129412652952917,False
1.5050000000000001,198.53696380375064,0.5093208637248638,8.054660863305202,False
1.5055,199.00038169592588,0.5073821725758632,9.82837453054087,False
1.506,200.24139843225143,0.5014096443103899,10.81086375698372,False
1.5065,201.7678342235153,0.4937126200542576,10.674087702676188,False
1.5070000000000001,202.98341412357473,0.48721739466356473,9.521234377440747,False
1.5075,203.42817142191325,0.4844050167488152,7.852086990967401,False
1.508,202.978802209732,0.4862394172783625,6.348986845989685,False
1.5085,201.88152380065415,0.4917029950074772,5.571860751770946,False
1.5090000000000001,200.6014149747759,0.4983367588901195,5.729719570441148,False
1.5095,199.6025179792653,0.5035553939047885,6.648332402836146,False
1.51,199.18191855065228,0.5057624323066882,7.901968575634553,False
1.5105,199.39768343229804,0.5046716790271488,8.997713714180945,False
1.5110000000000001,200.0759349075122,0.5011286252180879,9.543271015867989,False
1.5115,200.8825946298784,0.4967545799570109,9.371939358753803,False
1.512,201.449582955016,0.49341030210453957,8.595008770304172,False
1.5125,201.520976300318,0.4925092432213405,7.5510730585677495,False
1.5130000000000001,201.05362618439503,0.494439851385691,6.659743420742798,False
1.5135,200.21780509858678,0.4984213306672883,6.244174574961496,False
1.514,199.30400780637504,0.5029252841106702,6.411854191829449,False
1.5145,198.59665392680884,0.5064171716640525,7.043675856074491,False
1.5150000000000001,198.27553156626456,0.5079473447378985,7.870894933921314,False
1.5155,198.37018303606692,0.5073584693197325,8.586693441801524,False
1.516,198.7659173313739,0.5052055255225089,8.951893501139443,False
1.5165,199.2531836512562,0.5025163288728934,8.8709013843585,False
1.5170000000000001,199.6076078431608,0.5004325480593829,8.41800930925087,False
1.5175,199.67557711099673,0.49979429579269957,7.801575243459032,False
1.518,199.43003844363074,0.500820192224387,7.276210297360057,False
1.5185,198.97090284764138,0.5030463871760659,7.0404143537716966,False
1.5190000000000001,198.47377631291013,0.5055684168757341,7.166178420713165,False
1.5195,198.11656159084922,0.5074481363620418,7.587022950684178,False
1.52,198.01662782372003,0.5080644698827247,8.138279639227267,False
1.5205,198.19725093346955,0.5072792923394048,8.624455437592934,False
1.5210000000000001,198.5877669438197,0.5054238642548022,8.888431308744085,False
1.5215,199.05395543340862,0.5031538598355751,8.86301163501697,False
1.522,199.44911830477633,0.5012126243998001,8.589856657813659,False
1.5225,199.66876321908933,0.5001618292413919,8.198416054559937,False
1.5230000000000001,199.68734392636688,0.5001763296412243,7.851813348721093,False
1.5235,199.56158122019696,0.5009969022086921,7.682063634281361,False
1.524,199.40090548680567,0.5020658043655449,7.742440239853641,False
1.5245,199.32081590749175,0.5027736205809579,7.994992572971743,False
1.5250000000000001,199.39951443779475,0.5026954058229218,8.333311696215716,False
1.5255,199.6525112542819,0.5017253761398858,8.62706487068871,False
1.526,200.03112688538113,0.5000856513483045,8.77059334037358,False
1.5265,200.44342616471369,0.4982268471792354,8.71951038039796,False
1.5270000000000001,200.789880910291,0.4966566608086154,8.503488936678968,False
1.5275,201.00067609648752,0.4957514659571013,8.21082878493012,False
1.528,201.05985391177558,0.49562101230073285,7.950983612372445,False
1.5285,201.0066340948056,0.4960836012760821,7.810862929634115,False
1.5290000000000001,200.9148209917974,0.4967614935184902,7.823341201896867,False
1.5295,200.86087390044673,0.4972479598945945,7.9597555226273515,False
1.53,200.89444793086312,0.49726747746487027,8.14659200255961,False
1.5305,201.0219162776011,0.49676668968518367,8.29709489560456,False
1.5310000000000001,201.20720720764754,0.4959141385957542,8.344761706849111,False
1.5315,201.3881984443781,0.4950210067306213,8.266761038792833,False
1.532,201.5019055340408,0.4944159257259013,8.08951196306236,False
1.5325,201.50859172551745,0.4943196309935112,7.87516506949185,False
1.5330000000000001,201.40530481333653,0.4947669730501824,7.695110161554607,False
1.5335,201.2239776364876,0.49560666596505226,7.6018765814463185,False
1.534,201.01617045911837,0.49657530414901513,7.61091135743702,False
1.5345,200.83197042186467,0.4974086270291372,7.698509524503994,False
1.5350000000000001,200.70186474007372,0.49794021142937256,7.814781943981092,False
1.5355,200.6278955598486,0.4981510569158862,7.904933599299421,False
1.536,200.5861841841492,0.4981592571419603,7.930156740885954,False
1.5365,200.53880117329018,0.49816123189379835,7.880700885029988,False
1.537,200.4499197593314,0.49834964688020966,7.777066035257435,False
1.5375,200.2999179943889,0.49883886096481495,7.659762760126449,False
1.538,200.09217545194682,0.49962529068510536,7.572363861723034,False
1.5385,199.85053439859786,0.5005960519644149,7.544925314209583,False
1.539,199.6093259113227,0.5015788026533234,7.584132167244149,False
1.5395,199.4005788751471,0.5024089477466811,7.673170993844217,False
1.54,199.2434606521782,0.5029861814190305,7.7802006810255975,False
1.5405,199.1394483209195,0.5033010208689666,7.8713102211077475,False
1.541,199.07426477856336,0.5034261997022421,7.922869283891377,False
1.5415,199.02521469642588,0.5034802486370413,7.929009642798527,False
1.542,198.97084730008288,0.5035784674645052,7.902038709946592,False
1.5425,198.89927339451665,0.503789361273387,7.866211484696796,False
1.543,198.81218640164744,0.5041118675779307,7.847656599879525,False
1.5435,198.72345214696978,0.5044803987959258,7.864488638340602,False
1.544,198.65328077536572,0.5047936194034419,7.920738895133638,False
1.5445,198.6205425039944,0.5049539710981971,8.005953832904344,False
1.545,198.6361743268692,0.504902292127764,8.100033443636582,False
1.5455,198.6998983136847,0.5046357246461263,8.18107240465073,False
1.546,198.80109633848392,0.504204492369364,8.233174523353481,False
1.5465,198.92319731071476,0.5036906560984735,8.25150438456324,False
1.547,199.04977330359762,0.503177555713208,8.242994137372541,False
1.5475,199.17004206215083,0.5027212483844151,8.222744948102108,False
1.548,199.28180854522006,0.5023341122841446,8.207717658472625,False
1.5485,199.390940420308,0.5019859524908327,8.210224290282369,False
1.549,199.50783577045567,0.5016210577930005,8.233649948721185,False
1.5495,199.6424364592832,0.501183621991857,8.27182140605401,False
1.55,199.7997511214877,0.5006413509822555,8.311968473852552,False
1.5505,199.97749856872898,0.4999986745561184,8.339910986847446,False
1.551,200.16658725563155,0.499295552000831,8.345406911531903,False
1.5515,200.354072910695,0.4985933311663497,8.32568787369074,False
1.552,200.52735471196834,0.4979536252301831,8.285992471089909,False
1.5525,200.67797591915678,0.497418382076717,8.237085466716673,False
1.553,200.80362849304012,0.4969985251479179,8.190889082380055,False
1.5535,200.90773004825886,0.49667495469175965,8.156013302529793,False
1.554,200.99692213558876,0.49641069204856153,8.134898937151561,False
1.5545,201.0776166783443,0.49616864957040246,8.123541123725735,False
1.555,201.15299083001327,0.49592772426674436,8.113691975490744,False
1.5555,201.22154094914853,0.49569118522256084,8.096503564048165,False
1.556,201.27762407783783,0.4954847986416683,8.066113327812761,False
1.5565,201.31363102307768,0.49534621834709963,8.021816165141754,False
1.557,201.32284276663611,0.49531032257168306,7.968106276821981,False
1.5575,201.30182832188763,0.4953963683730179,7.912737016467507,False
1.558,201.25150166561139,0.49560174219428116,7.863698153627431,False
1.5585,201.17654336961422,0.4959042035579032,7.826359096025672,False
1.559,201.08355140039387,0.4962710592180464,7.8018576922513105,False
1.5595,200.9787418126635,0.4966711244166422,7.787234532201468,False
1.56,200.86611065557048,0.4970846363787965,7.77709383537584,False
1.5605,200.74669985016067,0.4975075725261803,7.766012894866601,False
1.561,200.61912799516415,0.4979493314864951,7.750718375780741,False
1.5615,200.48105617799234,0.49842533872357586,7.731233436112107,False
1.562,200.3309399005687,0.4989478747053358,7.710662785997873,False
1.5625,200.16937199626835,0.4995187689721956,7.693825072737263,False
1.563,199.99954103802696,0.5001265643253906,7.685354285829747,False
1.5635000000000001,199.8267082431109,0.5007488280938083,7.688029944002689,False
1.564,199.65698267267982,0.5013582798632557,7.701932753995824,False
1.5645,199.49590518797154,0.5019301090546127,7.724652322453034,False
1.565,199.34736624319666,0.5024477025913447,7.752361097126193,False
1.5655000000000001,199.2132034380055,0.502904906586511,7.781273007425649,False
1.566,199.09354189946507,0.5033044199792728,7.808918605569178,False
1.5665,198.98766722125177,0.5036533500776267,7.834795021349903,False
1.567,198.89505140876068,0.5039578587863672,7.860218956730673,False
1.5675000000000001,198.81613535570023,0.5042189524230816,7.887514342374989,False
1.568,198.75259804773424,0.5044308553853127,7.918893038881883,False
1.5685,198.70705433953748,0.5045823394389749,7.955463632606963,False
1.569,198.68233558793585,0.5046602774031238,7.996716586030436,False
1.5695000000000001,198.6806440856985,0.5046539554657435,8.040630889220159,False
1.57,198.70289206885872,0.5045585418385568,8.084312291456104,False
1.5705,198.74844422943428,0.5043765548655995,8.124892474738598,False
1.571,198.81532241814696,0.5041169796030571,8.160349623262922,False
1.5715000000000001,198.90076424451937,0.5037925332226729,8.189966914553452,False
1.572,199.00191165167928,0.503416184660021,8.214296545674342,False
1.5725,199.11637763729294,0.5029982083951603,8.234683505125396,False
1.573,199.24250319458412,0.5025447645071154,8.252557470426522,False
1.5735000000000001,199.37924376004096,0.5020583736952802,8.268769921002042,False
1.574,199.5257650063883,0.5015399382548813,8.28321711107844,False
1.5745,199.68092953117622,0.5009914154990949,8.294867737782985,False
1.575,199.84288415771644,0.5004180692081792,8.302157025934271,False
1.5755000000000001,200.00890677182136,0.49982945066022055,8.30357637514388,False
1.576,200.17556558503983,0.4992387837612282,8.2982266136936,False
1.5765,200.33912466583516,0.4986610386077496,8.286131247975229,False
1.577,200.49604207465435,0.4981104466891262,8.26820826963468,False
1.5775000000000001,200.64338181887922,0.4975983740455799,8.245933129716278,False
1.578,200.77900437157297,0.4971322799498062,8.220839399076706,False
1.5785,200.90149256976375,0.4967160354383602,8.19405518719827,False
1.579,201.00987232957894,0.49635134449585716,8.16604623192782,False
1.5795000000000001,201.10326057768012,0.4960396107718588,8.136645791778266,False
1.58,201.18058983372825,0.4957834722974521,8.105336176811647,False
1.5805,201.24051725797233,0.4955874144567598,8.071653134361414,False
1.581,201.28154592994528,0.4954572730476441,8.035546947739359,False
1.5815000000000001,201.3023012718346,0.4953988839113122,7.9975633460254585,False
1.582,201.30184895636916,0.495416448733282,7.958787022836142,False
1.5825,201.27993216984598,0.4955112569724828,7.920586194477987,False
1.583,201.23704544498855,0.49568122175335,7.884269903241973,False
1.5835000000000001,201.17433040852248,0.495921342314579,7.85079390898694,False
1.584,201.0933467778438,0.4962248446956942,7.820620598531285,False
1.5845,200.9958133168916,0.4965845185547806,7.793769923251482,False
1.585,200.8834146158838,0.49699374187689294,7.770021999805473,False
1.5855000000000001,200.7577339333685,0.49744685765702845,7.749177988827561,False
1.586,200.62031728619255,0.49793885101795926,7.731272784812445,False
1.5865,200.4728225070543,0.4984645507060744,7.716661781859613,False
1.587,200.31717832961544,0.49901774102853647,7.705959303012373,False
1.5875000000000001,200.15568122363385,0.4995905691436176,7.699864459619286,False
1.588,199.9909874113317,0.5001734856709034,7.698948949226597,False
1.5885,199.82600018559813,0.5007557348380485,7.7034880861497665,False
1.589,199.66369090445423,0.5013262056064667,7.713392134818362,False
1.5895000000000001,199.50691210072677,0.5018743425343274,7.728252294221276,False
1.59,199.35825768423703,0.5023908260443277,7.747472410549507,False
1.5905,199.22000222775026,0.5028678475552818,7.770429646525375,False
1.591,199.094119456971,0.5032989704606213,7.7966032660923315,False
1.5915000000000001,198.98235185292964,0.5036787170812957,7.825629119699797,False
1.592,198.88628844371252,0.5040021028243035,7.857269148163109,False
1.5925,198.80741023282636,0.5042643308726888,7.891317427421928,False
1.593,198.74707957635974,0.5044607767699464,7.927485426145147,False
1.5935000000000001,198.70647365182788,0.5045872703845462,7.9653129003631,False
1.594,198.6864837854753,0.5046405700829241,8.004137666097723,False
1.5945,198.68761438827934,0.504618859233856,8.043133717008374,False
1.595,198.70991429089113,0.504522096261282,8.081402169158737,False
1.5955000000000001,198.75296088679298,0.5043521095333877,8.118082174845787,False
1.596,198.81589901643179,0.5041124210337208,8.15244461048631,False
1.5965,198.89751889726827,0.5038078730728758,8.183940396308603,False
1.597,198.99634668789457,0.5034441893145044,8.212193484711998,False
1.5975000000000001,199.11072066093112,0.5030276080739938,8.236948775523024,False
1.598,199.23883488827425,0.5025646837083059,8.258000202697326,False
1.5985,199.37874693948797,0.5020622792731949,8.275129043847153,False
1.599,199.52836072908278,0.5015276983584938,8.288076108704807,False
1.5995000000000001,199.6854050274106,0.5009688533070994,8.29655690666934,False
1.6,199.84742919039334,0.500394357742791,8.300311978238863,False
1.6005,200.01183048783201,0.49981346445506236,8.299171628603567,False
1.601,200.1759151388725,0.4992358307017297,8.293109855758502,False
1.6015,200.33698262897136,0.4986711578773882,8.282267484310069,False
1.602,200.49241477155647,0.4981287969621428,8.266936920119502,False
1.6025,200.63975009207655,0.49761741963607176,8.247515487529839,False
1.603,200.77673039617216,0.4971448260640301,8.224445398275252,False
1.6035,200.90131706294977,0.4967179069759524,8.198162019254854,False
1.604,201.01168536786872,0.4963427213987211,8.169067305575302,False
1.6045,201.10621187737908,0.49602461389098296,8.137534383047528,False
1.605,201.18347034790924,0.49576828964703945,8.103936854628875,False
1.6055,201.2422458830755,0.49557779244312644,8.068687343988712,False
1.606,201.28156797481532,0.49545637666717907,8.03226734812962,False
1.6065,201.30075426912026,0.49540631127723184,7.995235131371311,False
1.607,201.29945185621702,0.4954286822862699,7.95820783404695,False
1.6075,201.27766328493584,0.49552326131631574,7.921824166614892,False
1.608,201.23574978259393,0.49568848255880676,7.88670099067978,False
1.6085,201.1744118963316,0.4959215309299901,7.853398320115397,False
1.609,201.09465476671068,0.49621850685399793,7.822402805484548,False
1.6095,200.99774886833893,0.4965746122705094,7.79413182386877,False
1.61,200.88519622567296,0.4969843047562624,7.768952274407259,False
1.6105,200.75870758889508,0.49744138901030216,7.747203186318216,False
1.611,200.62018994952052,0.4979390467604214,7.72921091546205,False
1.6115,200.47173860152233,0.4984698341402574,7.71528970638025,False
1.612,200.31562560638454,0.4990256893235975,7.705726764769585,False
1.6125,200.1542776115866,0.4995979888365911,7.700757057335628,False
1.613,199.99023973777562,0.5001776720158476,7.700536571205598,False
1.6135,199.82612699923075,0.5007554282392158,7.705122684000752,False
1.614,199.66456858718144,0.5013219207734768,7.7144670520566345,False
1.6145,199.50815200631592,0.5018680116161721,7.728421584328645,False
1.615,199.35937316560018,0.5023849557113006,7.746753605534342,False
1.6155,199.2205957193819,0.5028645472829014,7.7691638186406005,False
1.616,199.09401949013184,0.5032992192267555,7.79530083161787,False
1.6165,198.98165502204702,0.5036821114290148,7.824768447129159,False
1.617,198.88530014724057,0.5040071305268121,7.857125476613529,False
1.6175,198.806515133031,0.5042690205845806,7.891881111130595,False
1.618,198.74659506642942,0.5044634536616133,7.928490705655035,False
1.6185,198.7065407156466,0.5045871359069611,7.966356696632461,False
1.619,198.6870312004796,0.5046379137318164,8.004837504577157,False
1.6195,198.68840268458223,0.504614859534244,8.043264485204466,False
1.62,198.71063674124161,0.5045183186769546,8.080964334114896,False
1.6205,198.75336032580356,0.5043499076075901,8.117282727376521,False
1.621,198.815857067627,0.5041124639266099,8.151604862091252,False
1.6215,198.8970876416422,0.503809958990838,8.183369860799035,False
1.622,198.9957159073676,0.5034473891562015,8.21207815822814,False
1.6225,199.11013757385075,0.5030306615869957,8.23729318899747,False
1.623,199.23850921183774,0.5025664853202013,8.25864017973942,False
1.6235,199.378777008194,0.5020622702924867,8.275805164865044,False
1.624,199.5287061198624,0.5015260294187361,8.288536481838868,False
1.6245,199.6859122997666,0.5009662743171732,8.29664936925332,False
1.625,199.84789737127116,0.5003918953742267,8.300032549128929,False
1.6255,200.01208920915968,0.49981202124365237,8.298654483111324,False
1.6260000000000001,200.17588553338243,0.4992358597188208,8.29256676968908,False
1.6265,200.33669957065635,0.49867252851893423,8.281902932275965,False
1.627,200.49200496078242,0.49813088840414976,8.266872292715094,False
1.6275,200.63937741560287,0.49761939081778944,8.247750153974959,False
1.6280000000000001,200.77653149940863,0.4971459481777831,8.224866546264918,False
1.6285,200.90135213850616,0.4967178286834621,8.198595956171244,False
1.629,201.0119216070629,0.49634157149580754,8.169349740564053,False
1.6295,201.10654336297404,0.49602291459936126,8.137571647297591,False
1.6300000000000001,201.18376402932626,0.4957667277081806,8.103735543110977,False
1.6305,201.2423941267065,0.4955769459240616,8.068343591724567,False
1.631,201.28152718437715,0.49545650492096405,8.031923027182556,False
1.6315,201.3005560107742,0.49540728307272686,7.995020310148334,False
1.6320000000000001,201.29918452399198,0.49543005832719983,7.958192532156237,False
1.6325,201.27743376230754,0.4955244869379078,7.921996991303999,False
1.633,201.23564140048447,0.4956891078434949,7.886980490867643,False
1.6335,201.17445499497435,0.49592137198630076,7.853669899523072,False
1.6340000000000001,201.09481992432643,0.4962176919852409,7.822564916710557,False
1.6345,200.9979633235964,0.49657350573227593,7.794133091268586,False
1.635,200.88537515931986,0.49698334815408896,7.768806321037408,False
1.6355,200.75878707555157,0.4974409280256775,7.74697762808172,False
1.6360000000000001,200.62014901131974,0.4979392100713473,7.72899709155091,False
1.6365,200.47160311407288,0.4984705052172469,7.715166347464108,False
1.637,200.31545433346176,0.4990265727632773,7.705731791063024,False
1.6375,200.15413730870182,0.49959873718425507,7.7008772519262365,False
1.6380000000000001,199.99017965064354,0.500178019790676,7.700717230981217,False
1.6385,199.82616227146735,0.5007552826005847,7.7052917126488,False
1.639,199.66467783466445,0.5013213795531486,7.714563172370911,False
1.6395,199.50828856257382,0.5018673093193798,7.728415875438087,False
1.6400000000000001,199.3594845345335,0.5023843645424895,7.746657117400824,False
1.6405,199.22064332202524,0.5028642739315397,7.769019841958198,False
1.641,199.09399147905293,0.5032993354907499,7.795166134557477,False
1.6415,198.98156817243768,0.5036825405557339,7.824691363991849,False
1.6420000000000001,198.8851911788439,0.5040076887694508,7.857129091933472,False
1.6425,198.80642559566292,0.5042694936178387,7.891957139338097,False
1.643,198.7465558426492,0.5044636769876439,7.9286052791987185,False
1.6435,198.70656176221914,0.5045870499510597,7.966464884561062,False
1.6440000000000001,198.6870997527291,0.5046375761665222,8.004900547482336,False
1.6445,198.68848982392117,0.504614414266941,8.04326330410631,False
1.645,198.71070923870715,0.5045179364503445,8.080904775026838,False
1.6455,198.75339304916005,0.5043497219744851,8.117191355144868,False
1.6460000000000001,198.81584143251945,0.5041125259815669,8.15151760540133,False
1.6465,198.89703337762998,0.5038102255983103,8.183318189136163,False
1.647,198.99564603343467,0.5034477462318685,8.21207798683815,False
1.6475,199.11007893678865,0.5030309712777776,8.237340320229395,False
1.6480000000000001,199.2384823684446,0.5025666381619294,8.258713435204326,False
1.6485,199.378789189892,0.5020622230182863,8.275875484798325,False
1.649,199.52874962266367,0.5015258156906905,8.288578218703789,False
1.6495,199.68596848969645,0.500965986422398,8.296649469444972,False
1.6500000000000001,199.8479444190817,0.500391645695603,8.299994395836428,False
1.6505,200.01211042449654,0.49981189915477875,8.298595367597722,False
1.651,200.17587516397316,0.499235900185687,8.29251038952437,False
1.6515,200.33666409190405,0.4986727032498782,8.281870067706409,False
1.6520000000000001,200.49195970165823,0.49813112125427855,8.26687327464029,False
1.6525,200.63934012517905,0.49761958995866784,8.247781814746402,False
1.653,200.77651549632745,0.4971460417510714,8.224914470471347,False
1.6535,200.90136165557752,0.49671779025559865,8.198640791297514,False
1.6540000000000001,201.01195092466907,0.4963414264438174,8.16937488021006,False
1.6545,201.10657977107925,0.49602272642344686,8.137569274713307,False
1.655,201.18379319916963,0.4957665709767405,8.103708869505152,False
1.6555,201.24240566293378,0.4955768771595985,8.068304736804965,False
1.6560000000000001,201.28151823207972,0.49545654267030437,8.031887694189315,False
1.6565,201.30053170272421,0.49540740402646205,7.995001540800979,False
1.657,201.29915535884533,0.4954302096685702,7.95819599443138,False
1.6575,201.27741116985612,0.4955246088714114,7.922019465276389,False
1.6580000000000001,201.23563333655216,0.4956891568549406,7.887011855872649,False
1.6585,201.174463238179,0.4959213359058942,7.853697562999595,False
1.659,201.09483995053486,0.4962175918345695,7.822578786954797,False
1.6595,200.99798657368956,0.4965733848302096,7.794129159414141,False
1.6600000000000001,200.88539262335843,0.49698325377307645,7.768787623183671,False
1.6605,200.75879271792795,0.4974408932356444,7.746952466575934,False
1.661,200.62014176166133,0.4979392426164132,7.728975442629373,False
1.6615,200.47158681219156,0.49847058695010443,7.715155977197239,False
1.6620000000000001,200.31543584507912,0.49902666883362673,7.705735562659699,False
1.6625,200.1541236921277,0.4995988105897808,7.700892514694584,False
1.663,199.99017552084538,0.5001780453318023,7.700737315577895,False
1.6635,199.82616831954124,0.5007552551080641,7.705308771819469,False
1.6640000000000001,199.6646909365213,0.5013213139105085,7.714571185183738,False
1.6645,199.5083032810719,0.501867233091703,7.7284126926159695,False
1.665,199.3594953275854,0.502384306660672,7.7466448913605275,False
1.6655,199.22064658041631,0.5028642539697519,7.769003842384419,False
1.666,199.09398666765262,0.5032993573901985,7.795152538428808,False
1.6665,198.98155774623064,0.5036825926373764,7.824684922340619,False
1.667,198.88517942084894,0.5040077494155688,7.857131530895691,False
1.6675,198.80641689845103,0.5042695400210998,7.8919668043747295,False
1.668,198.74655310545776,0.5044636935214437,7.928618035099829,False
1.6685,198.70656547092298,0.5045870331855101,7.9664758317221,False
1.669,198.68710801269515,0.5046375350370963,8.004905862967089,False
1.6695,198.68849924992517,0.5046143657724117,8.043261533934261,False
1.67,198.7107163074786,0.5045178988177778,8.08089716021111,False
1.6705,198.75339538823974,0.5043497079622561,8.117181156145886,False
1.671,198.81583858608374,0.5041125387139394,8.151508751767592,False
1.6715,198.89702681536264,0.5038102582217342,8.183313796707724,False
1.672,198.99563845964101,0.5034477852104577,8.212079289334989,False
1.6725,199.11007320503427,0.5030310018525807,8.237346370078154,False
1.673,199.23848042662354,0.502566649830722,8.258721623202314,False
1.6735,199.37879143803636,0.5020622130431263,8.275882627228249,False
1.674,199.528754887543,0.5015257894998295,8.288581771992895,False
1.6745,199.68597457997163,0.5009659549852223,8.296648417224791,False
1.675,199.84794901406923,0.500391621052412,8.299989505664472,False
1.6755,200.01211194380895,0.49981188988137915,8.298588768206077,False
1.676,200.17587329688777,0.4992359084765573,8.29250467451309,False
1.6765,200.33665981409953,0.49867272458954653,8.281867293470519,False
1.677,200.49195481029696,0.4981311466163994,8.266874234375983,False
1.6775,200.6393365016532,0.49761960953004664,8.247785840411671,False
1.678,200.77651439371425,0.49714604867292467,8.224919798419776,False
1.6785,200.90136327745012,0.49671778297142555,8.198645312126898,False
1.679,201.0119544324853,0.49634140886886075,8.16937696086374,False
1.6795,201.1065836847469,0.4960227060330661,8.137568336183513,False
1.68,201.18379600852055,0.4957665556958204,8.103705519878186,False
1.6805,201.24240640131714,0.4955768723272777,8.068300443884517,False
1.681,201.28151679699252,0.49545654922960497,8.03188415877145,False
1.6815,201.3005288220004,0.4954074185313805,7.995000033282148,False
1.682,201.2991522445546,0.49543022595877206,7.958196910287326,False
1.6825,201.27740901791879,0.49552462063811437,7.922022250272185,False
1.683,201.23563287567177,0.4956891600444651,7.887015297912084,False
1.6835,201.17446449529072,0.49592133005869177,7.85370030780458,False
1.684,201.0948423026649,0.49621757994293897,7.822579861947782,False
1.6845,200.99798904078662,0.49657337190077855,7.794128306392657,False
1.685,200.88539426925837,0.4969832447572716,7.768785331294529,False
1.6855,200.75879299802045,0.49744089117055823,7.746949720865509,False
1.686,200.62014069130385,0.49793924765909536,7.7289733095836555,False
1.6865,200.47158490962363,0.49847059658442766,7.715155198475698,False
1.687,200.3154338918313,0.4990266790591165,7.705736308437083,False
1.6875,200.15412241800206,0.4995988175514773,7.700894373280971,False
1.688,199.9901753380054,0.5001780467394004,7.700739500162829,False
1.6885000000000001,199.8261691995017,0.5007552509374057,7.705310446403649,False
1.689,199.6646924614874,0.5013213061989891,7.714571777538221,False
1.6895,199.50830483363902,0.5018672249936186,7.728412080295868,False
1.69,199.35949633566182,0.5023843011837864,7.746643404979583,False
1.6905000000000001,199.2206467224239,0.5028642528875845,7.769002102839017,False
1.691,199.0939859670556,0.5032993607094121,7.7951512035728605,False
1.6915,198.98155653167686,0.5036825987590754,7.824684443930388,False
1.692,198.8851781791655,0.50400775586414,7.85713200892666,False
1.6925000000000001,198.80641608374148,0.5042695444223292,7.891967982287793,False
1.693,198.74655297728987,0.5044636944535695,7.928619424464831,False
1.6935,198.70656601728157,0.5045870306089707,7.96647690959008,False
1.694,198.68710897783706,0.5046375301873873,8.004906264287829,False
1.6945000000000001,198.6885002478629,0.504614360602923,8.043261170231746,False
1.695,198.7107169728397,0.5045178952321933,8.080896228202528,False
1.6955,198.7533955070039,0.5043497071300979,8.117180042546856,False
1.696,198.81583816073726,0.5041125407080735,8.151507877226484,False
1.6965000000000001,198.8970260462855,0.5038102620817724,8.18331346015931,False
1.697,198.99563765614312,0.5034477893750551,8.212079569028742,False
1.6975,199.11007266380494,0.5030310047755998,8.23734711272177,False
1.698,199.23848032428737,0.502566650543975,8.258722518391279,False
1.6985000000000001,199.3787917759199,0.50206221146523,8.275883333576882,False
1.699,199.52875550495352,0.501525786397289,8.288582044981188,False
1.6995,199.6859752260543,0.5009659516252676,8.296648191718797,False
1.7,199.84794944749197,0.5003916186972692,8.299988906032173,False
1.7005000000000001,200.0121120214099,0.4998118893217746,8.29858804754408,False
1.701,200.17587301920727,0.4992359097743852,8.29250411064879,False
1.7015,200.33665931397542,0.4986727271105623,8.281867083567448,False
1.702,200.4919542929164,0.4981311493202193,8.266874427599141,False
1.7025000000000001,200.6393361620624,0.49761961139062516,8.24778633110794,False
1.703,200.77651434443834,0.4971460490622503,8.22492037794045,False
1.7035,200.9013635127457,0.4967177818645581,8.198645755429656,False
1.704,201.01195483997776,0.4963414068059141,8.16937711258246,False
1.7045000000000001,201.10658409644302,0.4960227038705566,8.1375681636286,False
1.705,201.18379626880963,0.49576655425759325,8.103705115413891,False
1.7055,201.24240642480063,0.49557687209540424,8.068299979738239,False
1.706,201.281516594964,0.4954565501897996,8.031883815238396,False
1.7065000000000001,201.300528490044,0.4954074202195698,7.994999929795475,False
1.707,201.29915191919503,0.4954302276747715,7.9581970653555585,False
1.7075,201.27740882142626,0.4955246217311174,7.922022583113958,False
1.708,201.2356328710379,0.49568916015543135,7.88701566760819,False
1.7085000000000001,201.1744646676068,0.49592132923094323,7.853700571822275,False
1.709,201.09484257163678,0.4962175785703812,7.822579930099117,False
1.7095,200.9979892968381,0.49657337054789596,7.79412817017333,False
1.71,200.88539441740494,0.4969832439308748,7.768785059743065,False
1.7105000000000001,200.75879299222538,0.4974408911342083,7.746949427604392,False
1.711,200.62014054726947,0.497939248356361,7.728973106163637,False
1.7115,200.4715846932594,0.49847059768955565,7.71515515285382,False
1.712,200.315433690049,0.4990266801238149,7.705736423651649,False
1.7125000000000001,200.15412230444832,0.49959881818346574,7.7008945923330305,False
1.713,199.99017534697302,0.5001780467429566,7.700739732734741,False
1.7135,199.82616931689313,0.5007552503673989,7.705310605366968,False
1.714,199.66469263449872,0.5013213053169979,7.71457181079738,False
1.7145000000000001,199.50830499376454,0.5018672241521103,7.728411986699605,False
1.715,199.3594964252753,0.5023843006881274,7.74664323002595,False
1.7155,199.22064671486837,0.5028642528886312,7.769001917722655,False
1.716,199.09398587354718,0.5032993611628239,7.795151076833519,False
1.7165000000000001,198.98155639378143,0.5036825994595583,7.824684416722549,False
1.717,198.8851780509491,0.5040077565348738,7.857132082528217,False
1.7175,198.80641601102099,0.5042695448219244,7.8919681212088335,False
1.718,198.74655298174451,0.5044636944603347,7.928619572581549,False
1.7185000000000001,198.7065660907083,0.504587030254295,7.966477012294256,False
1.719,198.68710908770768,0.5046375296309387,8.00490628813535,False
1.7195,198.6885003511872,0.5046143600638099,8.043261113240773,False
1.72,198.71071703262555,0.5045178949046641,8.080896117905446,False
1.7205000000000001,198.7533955051667,0.5043497071153685,8.11717992353775,False
1.721,198.81583810309965,0.5041125409854048,8.151507793565541,False
1.7215,198.89702595850568,0.5038102625259769,8.183313439404241,False
1.722,198.99563757276908,0.5034477898104059,8.21207961353849,False
1.7225000000000001,199.11007261496098,0.5030310050438119,8.237347200815393,False
1.723,199.23848032501454,0.502566650560562,8.258722614183153,False
1.7235,199.3787918218564,0.5020622112446307,8.275883401246546,False
1.724,199.5287555754606,0.5015257860399008,8.288582061927963,False
1.7245000000000001,199.68597529309105,0.5009659512739107,8.296648155856467,False
1.725,199.84794948654962,0.5003916184812619,8.299988834964957,False
1.7255,200.01211202031473,0.4998118893101333,8.298587970517719,False
1.726,200.17587298168218,0.49923590995482764,8.292504056784388,False
1.7265000000000001,200.33665925701388,0.49867272740029095,8.281867071025426,False
1.727,200.4919542393995,0.4981311496022203,8.266874457652392,False
1.7275,200.63933613173097,0.4976196115600758,8.247786388986919,False
1.728,200.77651434673447,0.49714604906488985,8.224920439636982,False
1.7285,200.90136354408114,0.4967177817131409,8.198645797454837,False
1.729,201.0119548861297,0.49634140657013803,8.169377120772157,False
1.7295,201.10658413877908,0.49602270364624124,8.137568137735778,False
1.73,201.18379629168658,0.4957665541283749,8.103705068070827,False
1.7305,201.24240642123434,0.4955768721020737,8.068299930622826,False
1.731,201.28151656855246,0.4954565503183619,8.031883783043455,False
1.7315,201.3005284527159,0.49540742041109137,7.994999925234782,False
1.732,201.29915188598525,0.4954302278514932,7.958197087783414,False
1.7325,201.27740880451827,0.49552462182753354,7.92202262174234,False
1.733,201.23563287540105,0.4956891601420571,7.887015706465383,False
1.7335,201.17446468974978,0.49592132912235204,7.853700596243541,False
1.734,201.09484260167352,0.4962175784158128,7.8225799321480585,False
1.7345,200.9979893227853,0.49657337040957195,7.794128151034665,False
1.735,200.8853944298807,0.4969832438593612,7.7687850284569535,False
1.7355,200.7587929877377,0.49744089115043555,7.746949396958824,False
1.736,200.62014052898792,0.497939248446474,7.728973087559407,False
1.7365,200.4715846692192,0.4984705978133153,7.715155152168614,False
1.737,200.31543366970632,0.4990266802320906,7.705736439557351,False
1.7375,200.15412229503156,0.49959881823737884,7.700894617456942,False
1.738,199.99017535100808,0.5001780467273709,7.700739756955997,False
1.7385,199.826169331705,0.5007552502942931,7.705310619815747,False
1.739,199.66469265368002,0.5013213052184871,7.714571811010557,False
1.7395,199.50830500987783,0.5018672240667199,7.728411973853498,False
1.74,199.3594964326768,0.5023843006460414,7.746643209982569,False
1.7405,199.2206467116085,0.5028642529014203,7.769001898452108,False
1.741,199.09398586174487,0.5032993612209562,7.795151065310685,False
1.7415,198.98155637848302,0.503682599537829,7.824684416476589,False
1.742,198.8851780380294,0.5040077566030058,7.857132092670485,False
1.7425,198.806416004976,0.5042695448560187,7.891968137151432,False
1.743,198.7465529841826,0.5044636944509536,7.928619588029491,False
1.7435,198.70656610001996,0.5045870302085902,7.966477021676483,False
1.744,198.68710909992694,0.504637529568608,8.004906288559896,False
1.7445,198.68850036162982,0.504614360008889,8.043261105312489,False
1.745,198.7107170376468,0.5045178948764646,8.08089610521048,False
1.7455,198.75339550339578,0.5043497071218914,8.11717991109392,False
1.746,198.81583809574926,0.5041125410213818,8.151507785882739,False
1.7465,198.89702594871991,0.5038102625758671,8.183313438887003,False
1.747,198.9956375643225,0.503447789854871,8.212079619781054,False
1.7475,199.11007261083137,0.503031005067057,8.237347210975013,False
1.748,199.23848032635794,0.5025666505558164,8.258722624212796,False
1.7485,199.37879182772747,0.5020622112159173,8.275883407472792,False
1.749,199.5287555833247,0.5015257859997254,8.288582062371258,False
1.7495,199.68597529988224,0.5009659512380105,8.296648150828391,False
1.75,199.84794948984447,0.5003916184625532,8.299988826774905,False
1.7505,200.01211201918,0.49981188931414994,8.298587962462522,False
1.7510000000000001,200.17587297690542,0.49923590997823164,8.29250405184711,False
1.7515,200.33665925067598,0.4986727274327929,8.281867070788762,False
1.752,200.49195423399647,0.49813114963095156,8.26687446181674,False
1.7525,200.63933612920712,0.4976196115746007,8.247786395629964,False
1.7530000000000001,200.7765143477963,0.49714604906093124,8.224920446062493,False
1.7535,200.90136354803033,0.49671778169370856,8.19864580126777,False
1.754,201.0119548912385,0.49634140654382025,8.169377120756508,False
1.7545,201.1065841430254,0.4960227036235235,8.13756813421846,False
1.7550000000000001,201.1837962935419,0.4957665541175238,8.103705062672827,False
1.7555,201.2424064202011,0.4955768721061886,8.068299925540016,False
1.756,201.2815165652668,0.4954565503346251,8.031883780168005,False
1.7565,201.30052844861132,0.4954074204323249,7.994999925464173,False
1.7570000000000001,201.29915188268234,0.4954302278692482,7.958197090765027,False
1.7575,201.2774088031949,0.49552462183539875,7.922022626113839,False
1.758,201.23563287638527,0.49568916013791625,7.887015710457623,False
1.7585,201.17446469247034,0.49592132910880965,7.8537005983848145,False
1.7590000000000001,201.09484260495475,0.4962175783987931,7.822579931793402,False
1.7595,200.9979893253445,0.49657337039578814,7.794128148535514,False
1.76,200.88539443082047,0.4969832438537095,7.768785024939208,False
1.7605,200.75879298684805,0.497440891154318,7.746949393829818,False
1.7610000000000001,200.62014052676238,0.49793924845759174,7.728973085954699,False
1.7615,200.4715846666057,0.4984705978268708,7.715155152552266,False
1.762,200.3154336677119,0.49902668024281405,7.705736441610886,False
1.7625,200.15412229434227,0.4995988182415358,7.7008946202702875,False
1.7630000000000001,199.99017535176424,0.5001780467240062,7.700739759419897,False
1.7635,199.8261693335,0.5007552502853247,7.705310621050713,False
1.764,199.66469265576092,0.5013213052077243,7.714571810669862,False
1.7645,199.50830501145427,0.5018672240582839,7.728411972201282,False
1.7650000000000001,199.35949643321453,0.5023843006428227,7.74664320774036,False
1.7655,199.2206467110012,0.5028642529041341,7.769001896492537,False
1.766,199.09398586031406,0.5032993612280867,7.795151064325255,False
1.7665,198.98155637682214,0.503682599546385,7.824684416740012,False
1.7670000000000001,198.88517803676325,0.5040077566097453,7.8571320939784455,False
1.7675,198.80641600453134,0.5042695448586495,7.891968138937829,False
1.768,198.74655298465066,0.504463694448875,7.928619589603673,False
1.7685,198.70656610115282,0.5045870302029632,7.966477022484644,False
1.7690000000000001,198.68710910125668,0.5046375295617785,8.004906288373682,False
1.7695,198.68850036265684,0.5046143600034378,8.043261104283818,False
1.77,198.71071703802338,0.504517894874254,8.08089610378428,False
1.7705,198.7533955030396,0.5043497071234528,8.117179909822344,False
1.7710000000000001,198.81583809485124,0.5041125410258327,8.15150778521586,False
1.7715,198.89702594765254,0.5038102625813474,8.18331343901763,False
1.772,198.99563756348948,0.5034477898592976,8.21207962059531,False
1.7725,199.11007261051793,0.5030310050688995,8.237347212118458,False
1.7730000000000001,199.23848032663602,0.5025666505546119,8.258722625239132,False
1.7735,199.37879182844594,0.5020622112123556,8.275883408014623,False
1.774,199.52875558418282,0.5015257859953092,8.288582062269054,False
1.7745,199.68597530055183,0.5009659512344357,8.29664815017276,False
1.7750000000000001,199.8479494900935,0.5003916184610726,8.299988825853879,False
1.7755,200.01211201895083,0.4998118893151412,8.298587961639429,False
1.776,200.17587297632272,0.4992359099811262,8.292504051419849,False
1.7765,200.3366592499861,0.4986727274363585,8.281867070883875,False
1.7770000000000001,200.49195423346586,0.4981311496338029,8.266874462355588,False
1.7775,200.63933612902113,0.49761961157573037,8.247786396374261,False
1.778,200.77651434799606,0.497146049060057,8.224920446716167,False
1.7785,200.90136354850856,0.49671778169132313,8.198645801592756,False
1.7790000000000001,201.01195489179187,0.49634140654094633,8.169377120658016,False
1.7795,201.10658414343914,0.4960227036212847,8.137568133769172,False
1.78,201.18379629367178,0.495766554116711,8.103705062071699,False
1.7805,201.24240642002226,0.49557687210698875,8.068299925026688,False
1.7810000000000001,201.28151656487304,0.49545655033659913,8.031883779928737,False
1.7815,201.30052844816973,0.49540742043462765,7.99499992556593,False
1.782,201.29915188236376,0.49543022787098123,7.958197091140148,False
1.7825,201.27740880310898,0.49552462183595647,7.9220226265972205,False
1.7830000000000001,201.23563287654437,0.4956891601371895,7.8870157108575905,False
1.7835,201.1744646927931,0.4959213291071834,7.853700598557797,False
1.784,201.0948426053054,0.4962175783969601,7.822579931694141,False
1.7845,200.99798932558878,0.4965733703944561,7.794128148225152,False
1.7850000000000001,200.885394430876,0.4969832438533347,7.768785024552728,False
1.7855,200.75879298671063,0.4974408911549568,7.746949393518684,False
1.786,200.62014052650034,0.4979392484589147,7.72897308582856,False
1.7865,200.47158466632777,0.4984705978283232,7.715155152641899,False
1.7870000000000001,200.31543366752288,0.49902668024384284,7.705736441863873,False
1.7875,200.15412229430456,0.4995988182417966,7.700894620578252,False
1.788,199.99017535187846,0.5001780467234708,7.700739759663932,False
1.7885,199.82616933371054,0.5007552502842622,7.705310621146331,False
1.7890000000000001,199.66469265598172,0.5013213052065743,7.714571810595013,False
1.7895,199.50830501160328,0.5018672240574771,7.7284119719984545,False
1.79,199.35949643324332,0.5023843006426245,7.746643207495214,False
1.7905,199.22064671090976,0.5028642529045636,7.769001896298606,False
1.7910000000000001,199.09398586014632,0.5032993612289309,7.79515106424891,False
1.7915,198.9815563766458,0.5036825995472991,7.824684416798806,False
1.792,198.88517803664337,0.5040077566103911,7.857132094139284,False
1.7925,198.80641600450667,0.5042695448588146,7.89196813913334,False
1.793,198.746552984722,0.5044636944485414,7.928619589759793,False
1.7935,198.70656610128603,0.5045870302022952,7.966477022548014,False
1.794,198.68710910139816,0.5046375295610472,8.004906288329195,False
1.7945,198.68850036275447,0.5046143600029136,8.043261104156752,False
1.795,198.71071703804537,0.5045178948741103,8.080896103627818,False
1.7955,198.75339550298443,0.5043497071237095,8.117179909695855,False
1.796,198.8158380947454,0.5041125410263623,8.151507785162808,False
1.7965,198.89702594753874,0.5038102625819353,8.183313439051211,False
1.797,198.99563756340996,0.5034477898597252,8.212079620696128,False
1.7975,199.1100726104989,0.5030310050690231,8.237347212244043,False
1.798,199.23848032667942,0.5025666505544114,8.25872262534146,False
1.7985,199.3787918285308,0.5020622112119313,8.275883408058016,False
1.799,199.52875558427445,0.5015257859948339,8.288582062242266,False
1.7995,199.68597530061584,0.5009659512340897,8.29664815009142,False
1.8,199.84794949010842,0.5003916184609732,8.299988825752587,False
1.8005,200.01211201891525,0.4998118893153057,8.298587961557388,False
1.801,200.17587297625397,0.49923590998147116,8.292504051385913,False
1.8015,200.33665924991254,0.49867272743674157,8.281867070906706,False
1.802,200.49195423341538,0.49813114963407773,8.266874462422027,False
1.8025,200.63933612901067,0.497619611575803,8.247786396455778,False
1.803,200.77651434802613,0.497146049059917,8.224920446780946,False
1.8035,200.90136354856446,0.49671778169104114,8.19864580161793,False
1.804,201.01195489185045,0.49634140654063985,8.169377120637474,False
1.8045,201.10658414347807,0.4960227036210709,8.137568133714458,False
1.805,201.18379629367809,0.49576655411666304,8.103705062006343,False
1.8055,201.24240641999629,0.4955768721071105,8.06829992497625,False
1.806,201.28151656482737,0.49545655033683067,8.031883779911027,False
1.8065,201.3005284481233,0.4954074204348718,7.994999925584812,False
1.807,201.29915188233414,0.49543022787114477,7.95819709118537,False
1.8075,201.27740880310594,0.4955246218359846,7.922022626649462,False
1.808,201.2356328765667,0.4956891601370831,7.887015710896514,False
1.8085,201.17446469283024,0.49592132910699477,7.85370059856996,False
1.809,201.0948426053421,0.4962175783967669,7.822579931677241,False
1.8095,200.99798932561126,0.4965733703943313,7.794128148188053,False
1.81,200.88539443087706,0.49698324385331977,7.768785024511097,False
1.8105,200.75879298669176,0.4974408911550474,7.746949393488536,False
1.811,200.62014052647032,0.49793924845906745,7.728973085820143,False
1.8115,200.47158466629878,0.49847059782847575,7.71515515265645,False
1.812,200.31543366750566,0.49902668024393837,7.705736441893933,False
1.8125,200.15412229430447,0.49959881824180424,7.7008946206113,False
1.813,199.99017535189407,0.5001780467233956,7.700739759687423,False
1.8135000000000001,199.82616933373467,0.5007552502841393,7.705310621152395,False
1.814,199.66469265600472,0.5013213052064535,7.71457181058291,False
1.8145,199.50830501161673,0.5018672240574028,7.728411971974288,False
1.815,199.35949643324312,0.5023843006426202,7.746643207468961,False
1.8155000000000001,199.22064671089726,0.5028642529046243,7.769001896280084,False
1.816,199.09398586012713,0.5032993612290282,7.7951510642441395,False
1.8165,198.98155637662757,0.5036825995473947,7.824684416808357,False
1.817,198.8851780366326,0.50400775661045,7.857132094158407,False
1.8175000000000001,198.80641600450664,0.504269544858819,7.891968139154265,False
1.818,198.74655298473184,0.5044636944484943,7.928619589774734,False
1.8185,198.7065661013013,0.5045870302022178,7.966477022552031,False
1.819,198.68710910141283,0.5046375295609706,8.004906288321777,False
1.8195000000000001,198.68850036276328,0.5046143600028656,8.04326110414158,False
1.82,198.7107170380457,0.5045178948741056,8.08089610361105,False
1.8205,198.7533955029767,0.5043497071237458,8.11717990968367,False
1.821,198.81583809473315,0.5041125410264242,8.151507785159346,False
1.8215000000000001,198.89702594752688,0.5038102625819975,8.183313439057017,False
1.822,198.99563756340277,0.5034477898597642,8.212079620708272,False
1.8225,199.11007261049858,0.5030310050690274,8.237347212257585,False
1.823,199.2384803266856,0.5025666505543823,8.258722625351322,False
1.8235000000000001,199.37879182854059,0.5020622112118814,8.275883408060835,False
1.824,199.52875558428394,0.5015257859947843,8.288582062237676,False
1.8245,199.68597530062155,0.5009659512340583,8.296648150081772,False
1.825,199.84794949010862,0.5003916184609702,8.299988825741867,False
1.8255000000000001,200.01211201891033,0.49981188931532927,8.298587961549638,False
1.826,200.1758729762462,0.4992359099815107,8.292504051383792,False
1.8265,200.336659249905,0.49867272743678087,8.281867070910534,False
1.827,200.4919542334109,0.49813114963410277,8.266874462429907,False
1.8275000000000001,200.63933612901073,0.4976196115758051,8.247786396464427,False
1.828,200.77651434803033,0.49714604905989684,8.224920446787035,False
1.8285,200.90136354857086,0.4967177816910084,8.198645801619369,False
1.829,201.01195489185648,0.4963414065406082,8.169377120634099,False
1.8295000000000001,201.10658414348154,0.4960227036210518,8.137568133707932,False
1.83,201.1837962936779,0.4957665541166623,8.103705061999333,False
1.8305,201.2424064199928,0.49557687210712725,8.06829992497141,False
1.831,201.2815165648221,0.4954565503368572,8.031883779909995,False
1.8315000000000001,201.30052844811843,0.4954074204348976,7.994999925587706,False
1.832,201.29915188233144,0.4954302278711598,7.958197091190757,False
1.8325,201.27740880310628,0.49552462183598445,7.922022626655133,False
1.833,201.23563287656972,0.4956891601370686,7.887015710900283,False
1.8335000000000001,201.1744646928345,0.4959213291069726,7.853700598570548,False
1.834,201.09484260534592,0.4962175783967467,7.822579931674733,False
1.8345,200.99798932561325,0.49657337039432015,7.7941281481836455,False
1.835,200.88539443087663,0.49698324385332093,7.768785024506637,False
1.8355000000000001,200.7587929866893,0.4974408911550595,7.746949393485688,False
1.836,200.6201405264669,0.497939248459085,7.728973085819792,False
1.8365,200.4715846662958,0.4984705978284916,7.715155152658489,False
1.837,200.31543366750412,0.49902668024394675,7.705736441897403,False
1.8375000000000001,200.1541222943048,0.4995988182418032,7.700894620614821,False
1.838,199.990175351896,0.5001780467233862,7.700739759689675,False
1.8385,199.82616933373737,0.5007552502841257,7.705310621152677,False
1.839,199.6646926560071,0.5013213052064408,7.714571810581285,False
1.8395000000000001,199.50830501161792,0.5018672240573959,7.7284119719715285,False
1.84,199.35949643324284,0.5023843006426213,7.746643207466184,False
1.8405,199.22064671089566,0.5028642529046319,7.769001896278283,False
1.841,199.09398586012495,0.5032993612290395,7.795151064243973,False
1.8415000000000001,198.9815563766257,0.5036825995474048,7.824684416809729,False
1.842,198.88517803663163,0.504007756610455,7.857132094160621,False
1.8425,198.80641600450684,0.5042695448588184,7.8919681391564955,False
1.843,198.74655298473309,0.5044636944484885,7.928619589776212,False
1.8435000000000001,198.7065661013031,0.504587030202209,7.966477022552246,False
1.844,198.68710910141448,0.5046375295609619,8.004906288320678,False
1.8445,198.6885003627641,0.5046143600028609,8.043261104139695,False
1.845,198.7107170380455,0.5045178948741064,8.080896103609165,False
1.8455000000000001,198.75339550297565,0.504349707123751,8.11717990968247,False
1.846,198.81583809473162,0.5041125410264317,8.151507785159223,False
1.8465,198.89702594752558,0.5038102625820049,8.18331343905801,False
1.847,198.99563756340214,0.5034477898597678,8.212079620709856,False
1.8475000000000001,199.1100726104988,0.5030310050690265,8.23734721225912,False
1.848,199.23848032668644,0.5025666505543778,8.25872262535228,False
1.8485,199.37879182854175,0.5020622112118758,8.275883408061,False
1.849,199.52875558428497,0.5015257859947789,8.288582062237015,False
1.8495000000000001,199.68597530062212,0.5009659512340554,8.296648150080605,False
1.85,199.84794949010853,0.5003916184609702,8.29998882574063,False
1.8505,200.0121120189096,0.49981188931533244,8.298587961548863,False
1.851,200.1758729762452,0.49923590998151607,8.292504051383766,False
1.8515000000000001,200.3366592499042,0.49867272743678565,8.281867070911218,False
1.852,200.49195423341055,0.4981311496341047,8.26687446243096,False
1.8525,200.63933612901093,0.4976196115758041,8.247786396465406,False
1.853,200.776514348031,0.49714604905989374,8.22492044678758,False
1.8535000000000001,200.90136354857168,0.4967177816910041,8.198645801619271,False
1.854,201.0119548918571,0.4963414065406046,8.169377120633477,False
1.8545,201.10658414348168,0.4960227036210505,8.137568133707088,False
1.855,201.18379629367755,0.495766554116664,8.10370506199868,False
1.8555000000000001,201.2424064199922,0.4955768721071306,8.06829992497121,False
1.856,201.28151656482152,0.49545655033686037,8.03188377991029,False
1.8565,201.30052844811803,0.4954074204348997,7.994999925588347,False
1.857,201.29915188233147,0.4954302278711603,7.9581970911915,False
1.8575,201.27740880310668,0.4955246218359825,7.922022626655636,False
1.858,201.23563287657026,0.4956891601370656,7.887015710900384,False
1.8585,201.174464692835,0.4959213291069701,7.853700598570256,False
1.859,201.09484260534617,0.4962175783967453,7.822579931674217,False
1.8595,200.99798932561322,0.49657337039432026,7.794128148183127,False
1.86,200.88539443087632,0.49698324385332227,7.768785024506301,False
1.8605,200.75879298668886,0.4974408911550619,7.746949393485663,False
1.861,200.62014052646654,0.497939248459087,7.7289730858200825,False
1.8615,200.47158466629563,0.4984705978284927,7.7151551526589675,False
1.862,200.31543366750424,0.4990266802439465,7.705736441897882,False
1.8625,200.15412229430518,0.4995988182418015,7.700894620615093,False
1.863,199.99017535189645,0.5001780467233837,7.70073975968962,False
1.8635,199.8261693337377,0.5007552502841236,7.70531062115232,False
1.864,199.66469265600728,0.5013213052064401,7.71457181058081,False
1.8645,199.50830501161792,0.5018672240573961,7.728411971971033,False
1.865,199.35949643324255,0.5023843006426221,7.746643207465816,False
1.8655,199.2206467108953,0.5028642529046341,7.7690018962782315,False
1.866,199.0939858601246,0.5032993612290411,7.795151064244173,False
1.8665,198.98155637662543,0.5036825995474058,7.8246844168100855,False
1.867,198.8851780366316,0.5040077566104556,7.857132094161081,False
1.8675,198.80641600450707,0.5042695448588174,7.8919681391568375,False
1.868,198.7465529847334,0.5044636944484866,7.928619589776296,False
1.8685,198.70656610130334,0.5045870302022074,7.9664770225520884,False
1.869,198.6871091014146,0.5046375295609615,8.004906288320443,False
1.8695,198.6885003627641,0.5046143600028609,8.043261104139447,False
1.87,198.7107170380454,0.5045178948741068,8.080896103608966,False
1.8705,198.75339550297556,0.5043497071237517,8.117179909682363,False
1.871,198.81583809473153,0.504112541026432,8.151507785159165,False
1.8715,198.8970259475254,0.5038102625820052,8.183313439058004,False
1.872,198.995637563402,0.5034477898597688,8.212079620709979,False
1.8725,199.11007261049883,0.5030310050690269,8.237347212259314,False
1.873,199.23848032668656,0.5025666505543769,8.258722625352352,False
1.8735,199.37879182854192,0.5020622112118749,8.27588340806093,False
1.874,199.52875558428508,0.501525785994778,8.288582062236802,False
1.8745,199.6859753006221,0.5009659512340552,8.296648150080383,False
1.875,199.84794949010848,0.500391618460971,8.299988825740483,False
1.8755,200.0121120189095,0.4998118893153327,8.298587961548732,False
1.8760000000000001,200.17587297624507,0.4992359099815165,8.292504051383691,False
1.8765,200.33665924990405,0.4986727274367862,8.28186707091124,False
1.877,200.4919542334104,0.4981311496341053,8.26687446243106,False
1.8775,200.63933612901084,0.49761961157580464,8.247786396465585,False
1.8780000000000001,200.7765143480309,0.4971460490598938,8.224920446787761,False
1.8785,200.90136354857174,0.49671778169100445,8.198645801619517,False
1.879,201.01195489185727,0.49634140654060377,8.169377120633593,False
1.8795,201.10658414348185,0.4960227036210494,8.137568133707044,False
1.8800000000000001,201.1837962936777,0.49576655411666337,8.103705061998529,False
1.8805,201.2424064199922,0.4955768721071302,8.068299924971013,False
1.881,201.28151656482146,0.49545655033686103,8.031883779910164,False
1.8815,201.30052844811792,0.49540742043490016,7.994999925588282,False
1.8820000000000001,201.29915188233133,0.4954302278711609,7.958197091191524,False
1.8825,201.27740880310657,0.4955246218359831,7.92202262665574,False
1.883,201.2356328765702,0.4956891601370658,7.887015710900521,False
1.8835,201.17446469283507,0.49592132910697007,7.853700598570382,False
1.8840000000000001,201.09484260534626,0.49621757839674435,7.8225799316742375,False
1.8845,200.9979893256133,0.4965733703943199,7.794128148183077,False
1.885,200.8853944308764,0.496983243853322,7.768785024506182,False
1.8855,200.75879298668886,0.49744089115506157,7.746949393485524,False
1.8860000000000001,200.62014052646646,0.4979392484590874,7.728973085820012,False
1.8865,200.47158466629554,0.49847059782849334,7.7151551526589675,False
1.887,200.31543366750415,0.4990266802439468,7.705736441897912,False
1.8875,200.15412229430513,0.4995988182418018,7.700894620615186,False
1.8880000000000001,199.99017535189645,0.5001780467233838,7.700739759689744,False
1.8885,199.8261693337378,0.5007552502841234,7.705310621152384,False
1.889,199.66469265600736,0.5013213052064395,7.714571810580765,False
1.8895,199.5083050116179,0.5018672240573958,7.72841197197096,False
1.8900000000000001,199.35949643324253,0.5023843006426226,7.746643207465817,False
1.8905,199.22064671089527,0.5028642529046341,7.769001896278217,False
1.891,199.09398586012458,0.5032993612290412,7.7951510642441635,False
1.8915,198.9815563766254,0.5036825995474059,7.824684416810107,False
1.8920000000000001,198.8851780366316,0.5040077566104557,7.857132094161124,False
1.8925,198.80641600450707,0.5042695448588173,7.8919681391568535,False
1.893,198.74655298473343,0.5044636944484866,7.928619589776298,False
1.8935,198.70656610130337,0.5045870302022073,7.966477022552073,False
1.8940000000000001,198.68710910141462,0.5046375295609613,8.004906288320399,False
1.8945,198.6885003627641,0.5046143600028608,8.043261104139388,False
1.895,198.71071703804537,0.5045178948741069,8.080896103608925,False
1.8955,198.75339550297554,0.5043497071237519,8.117179909682346,False
1.8960000000000001,198.8158380947315,0.504112541026432,8.151507785159147,False
1.8965,198.89702594752538,0.5038102625820052,8.183313439058008,False
1.897,198.99563756340197,0.5034477898597688,8.21207962071001,False
1.8975,199.1100726104988,0.503031005069027,8.237347212259357,False
1.8980000000000001,199.23848032668658,0.502566650554377,8.258722625352384,False
1.8985,199.37879182854195,0.5020622112118746,8.275883408060942,False
1.899,199.5287555842851,0.5015257859947779,8.288582062236816,False
1.8995,199.68597530062212,0.5009659512340551,8.296648150080363,False
1.9000000000000001,199.84794949010842,0.5003916184609708,8.299988825740426,False
1.9005,200.01211201890945,0.4998118893153333,8.298587961548787,False
1.901,200.17587297624505,0.49923590998151673,8.292504051383803,False
1.9015,200.33665924990407,0.49867272743678615,8.281867070911337,False
1.9020000000000001,200.49195423341047,0.498131149634105,8.2668744624311,False
1.9025,200.6393361290109,0.49761961157580425,8.247786396465589,False
1.903,200.77651434803096,0.4971460490598936,8.224920446787749,False
1.9035,200.9013635485718,0.4967177816910042,8.198645801619458,False
1.9040000000000001,201.0119548918573,0.4963414065406036,8.16937712063349,False
1.9045,201.10658414348188,0.49602270362104944,8.137568133706946,False
1.905,201.1837962936777,0.49576655411666326,8.10370506199843,False
1.9055,201.24240641999214,0.49557687210713036,8.068299924970917,False
1.9060000000000001,201.28151656482135,0.4954565503368615,8.031883779910125,False
1.9065,201.3005284481178,0.49540742043490077,7.994999925588338,False
1.907,201.29915188233133,0.4954302278711613,7.95819709119164,False
1.9075,201.2774088031066,0.4955246218359826,7.922022626655794,False
1.9080000000000001,201.23563287657026,0.49568916013706565,7.887015710900543,False
1.9085,201.17446469283513,0.49592132910696973,7.853700598570347,False
1.909,201.09484260534632,0.4962175783967442,7.822579931674152,False
1.9095,200.9979893256133,0.49657337039431976,7.794128148182976,False
1.9100000000000001,200.88539443087635,0.4969832438533222,7.76878502450612,False
1.9105,200.75879298668877,0.497440891155062,7.746949393485503,False
1.911,200.62014052646634,0.49793924845908777,7.728973085820031,False
1.9115,200.47158466629546,0.49847059782849384,7.7151551526590705,False
1.9120000000000001,200.3154336675041,0.499026680243947,7.705736441898058,False
1.9125,200.15412229430507,0.49959881824180186,7.7008946206153235,False
1.913,199.99017535189648,0.5001780467233841,7.700739759689877,False
1.9135,199.82616933373788,0.5007552502841229,7.705310621152478,False
1.9140000000000001,199.66469265600745,0.5013213052064389,7.7145718105807966,False
1.9145,199.50830501161798,0.5018672240573956,7.728411971970928,False
1.915,199.3594964332426,0.5023843006426223,7.746643207465712,False
1.9155,199.22064671089524,0.5028642529046338,7.76900189627809,False
1.9160000000000001,199.09398586012455,0.5032993612290417,7.795151064244107,False
1.9165,198.98155637662535,0.503682599547406,7.824684416810047,False
1.917,198.88517803663152,0.504007756610456,7.8571320941611,False
1.9175,198.80641600450699,0.5042695448588177,7.891968139156903,False
1.9180000000000001,198.74655298473337,0.5044636944484868,7.928619589776414,False
1.9185,198.70656610130345,0.5045870302022074,7.966477022552205,False
1.919,198.68710910141473,0.5046375295609604,8.004906288320417,False
1.9195,198.68850036276422,0.5046143600028603,8.043261104139335,False
1.92,198.7107170380454,0.5045178948741066,8.08089610360882,False
1.9205,198.75339550297548,0.5043497071237523,8.117179909682275,False
1.921,198.81583809473145,0.5041125410264327,8.15150778515917,False
1.9215,198.89702594752535,0.5038102625820055,8.183313439058058,False
1.922,198.995637563402,0.5034477898597688,8.212079620710044,False
1.9225,199.11007261049883,0.5030310050690266,8.237347212259335,False
1.923,199.2384803266866,0.5025666505543769,8.258722625352371,False
1.9235,199.37879182854198,0.5020622112118746,8.275883408060908,False
1.924,199.5287555842851,0.5015257859947779,8.288582062236767,False
1.9245,199.68597530062212,0.5009659512340553,8.296648150080323,False
1.925,199.8479494901084,0.5003916184609708,8.299988825740407,False
1.9255,200.01211201890942,0.4998118893153335,8.298587961548773,False
1.926,200.17587297624502,0.4992359099815168,8.292504051383787,False
1.9265,200.33665924990405,0.49867272743678626,8.281867070911327,False
1.927,200.49195423341044,0.4981311496341051,8.266874462431128,False
1.9275,200.63933612901087,0.49761961157580437,8.247786396465617,False
1.928,200.77651434803096,0.49714604905989374,8.224920446787792,False
1.9285,200.9013635485718,0.4967177816910041,8.19864580161948,False
1.929,201.0119548918573,0.4963414065406036,8.169377120633525,False
1.9295,201.10658414348188,0.49602270362104944,8.137568133706976,False
1.93,201.1837962936777,0.49576655411666326,8.103705061998447,False
1.9305,201.24240641999216,0.49557687210713036,8.068299924970926,False
1.931,201.28151656482137,0.49545655033686126,8.031883779910109,False
1.9315,201.30052844811783,0.4954074204349007,7.994999925588307,False
1.932,201.29915188233127,0.4954302278711612,7.958197091191602,False
1.9325,201.2774088031065,0.49552462183598317,7.92202262665585,False
1.933,201.23563287657026,0.49568916013706604,7.88701571090065,False
1.9335,201.17446469283513,0.49592132910696934,7.853700598570418,False
1.934,201.09484260534637,0.4962175783967442,7.822579931674229,False
1.9345,200.9979893256134,0.4965733703943193,7.794128148183,False
1.935,200.88539443087643,0.4969832438533218,7.768785024506074,False
1.9355,200.75879298668883,0.49744089115506174,7.746949393485419,False
1.936,200.62014052646637,0.4979392484590877,7.7289730858199395,False
1.9365,200.47158466629543,0.4984705978284939,7.715155152659006,False
1.937,200.31543366750407,0.4990266802439473,7.705736441898018,False
1.9375,200.15412229430504,0.49959881824180197,7.700894620615315,False
1.938,199.99017535189645,0.5001780467233842,7.700739759689901,False
1.9385000000000001,199.82616933373788,0.500755250284123,7.705310621152531,False
1.939,199.66469265600745,0.5013213052064387,7.7145718105808,False
1.9395,199.50830501161798,0.5018672240573956,7.728411971970946,False
1.94,199.3594964332426,0.5023843006426223,7.746643207465744,False
1.9405000000000001,199.22064671089527,0.5028642529046338,7.76900189627813,False
1.941,199.09398586012458,0.5032993612290415,7.795151064244102,False
1.9415,198.98155637662538,0.5036825995474059,7.8246844168100385,False
1.942,198.88517803663154,0.5040077566104559,7.857132094161081,False
1.9425000000000001,198.806416004507,0.5042695448588176,7.891968139156873,False
1.943,198.74655298473337,0.5044636944484868,7.928619589776369,False
1.9435,198.7065661013034,0.5045870302022075,7.966477022552175,False
1.944,198.68710910141468,0.5046375295609609,8.004906288320441,False
1.9445000000000001,198.6885003627642,0.5046143600028604,8.043261104139377,False
1.945,198.7107170380454,0.5045178948741065,8.080896103608854,False
1.9455,198.7533955029755,0.504349707123752,8.117179909682298,False
1.946,198.81583809473148,0.5041125410264324,8.151507785159156,False
1.9465000000000001,198.89702594752535,0.5038102625820053,8.183313439058024,False
1.947,198.99563756340197,0.5034477898597689,8.212079620710048,False
1.9475,199.1100726104988,0.5030310050690269,8.237347212259388,False
1.948,199.23848032668667,0.502566650554377,8.258722625352416,False
1.9485000000000001,199.37879182854203,0.5020622112118739,8.275883408060823,False
1.949,199.52875558428514,0.5015257859947777,8.288582062236669,False
1.9495,199.68597530062215,0.5009659512340553,8.296648150080241,False
1.95,199.8479494901084,0.5003916184609708,8.29998882574031,False
1.9505000000000001,200.01211201890936,0.4998118893153336,8.298587961548671,False
1.951,200.17587297624493,0.49923590998151723,8.292504051383775,False
1.9515,200.336659249904,0.4986727274367867,8.28186707091141,False
1.952,200.4919542334104,0.49813114963410515,8.266874462431218,False
1.9525000000000001,200.63933612901093,0.49761961157580437,8.247786396465694,False
1.953,200.77651434803104,0.4971460490598931,8.22492044678781,False
1.9535,200.90136354857188,0.4967177816910037,8.198645801619461,False
1.954,201.01195489185739,0.49634140654060327,8.169377120633452,False
1.9545000000000001,201.10658414348197,0.49602270362104917,8.137568133706848,False
1.955,201.18379629367772,0.49576655411666304,8.103705061998301,False
1.9555,201.24240641999214,0.4955768721071305,8.068299924970812,False
1.956,201.28151656482132,0.49545655033686165,8.031883779910043,False
1.9565000000000001,201.30052844811775,0.495407420434901,7.994999925588289,False
1.957,201.29915188233122,0.49543022787116164,7.958197091191652,False
1.9575,201.27740880310648,0.4955246218359832,7.922022626655901,False
1.958,201.23563287657024,0.495689160137066,7.8870157109007035,False
1.9585000000000001,201.17446469283513,0.4959213291069695,7.853700598570505,False
1.959,201.0948426053464,0.496217578396744,7.822579931674276,False
1.9595,200.99798932561342,0.4965733703943191,7.794128148183003,False
1.96,200.88539443087646,0.4969832438533217,7.768785024506067,False
1.9605000000000001,200.75879298668886,0.4974408911550616,7.746949393485408,False
1.961,200.6201405264664,0.49793924845908766,7.728973085819936,False
1.9615,200.47158466629546,0.4984705978284938,7.715155152658955,False
1.962,200.31543366750407,0.4990266802439472,7.705736441897962,False
1.9625000000000001,200.15412229430504,0.4995988182418021,7.700894620615284,False
1.963,199.9901753518964,0.5001780467233842,7.70073975968986,False
1.9635,199.82616933373782,0.5007552502841235,7.70531062115252,False
1.964,199.6646926560074,0.501321305206439,7.714571810580856,False
1.9645000000000001,199.50830501161803,0.5018672240573957,7.728411971971027,False
1.965,199.35949643324267,0.5023843006426216,7.746643207465714,False
1.9655,199.22064671089527,0.5028642529046335,7.769001896278052,False
1.966,199.0939858601245,0.5032993612290417,7.795151064244062,False
1.9665000000000001,198.9815563766253,0.5036825995474066,7.824684416810098,False
1.967,198.8851780366315,0.5040077566104562,7.857132094161168,False
1.9675,198.80641600450696,0.5042695448588176,7.891968139156965,False
1.968,198.7465529847334,0.504463694448487,7.928619589776493,False
1.9685000000000001,198.70656610130348,0.504587030202207,7.966477022552239,False
1.969,198.68710910141476,0.5046375295609603,8.004906288320432,False
1.9695,198.68850036276424,0.5046143600028601,8.043261104139315,False
1.97,198.71071703804543,0.5045178948741065,8.080896103608785,False
1.9705000000000001,198.75339550297548,0.504349707123752,8.117179909682218,False
1.971,198.81583809473142,0.5041125410264328,8.15150778515913,False
1.9715,198.8970259475253,0.5038102625820057,8.183313439058056,False
1.972,198.99563756340194,0.5034477898597691,8.212079620710096,False
1.9725000000000001,199.11007261049883,0.5030310050690269,8.237347212259426,False
1.973,199.2384803266867,0.5025666505543767,8.258722625352435,False
1.9735,199.37879182854206,0.5020622112118739,8.275883408060858,False
1.974,199.52875558428516,0.5015257859947776,8.288582062236674,False
1.9745000000000001,199.68597530062215,0.5009659512340552,8.296648150080214,False
1.975,199.84794949010836,0.5003916184609709,8.299988825740327,False
1.9755,200.0121120189094,0.49981188931533393,8.298587961548751,False
1.976,200.175872976245,0.4992359099815169,8.292504051383798,False
1.9765000000000001,200.33665924990402,0.49867272743678637,8.281867070911368,False
1.977,200.49195423341044,0.49813114963410515,8.266874462431199,False
1.9775,200.6393361290109,0.49761961157580425,8.247786396465688,False
1.978,200.77651434803101,0.49714604905989346,8.224920446787827,False
1.9785000000000001,200.90136354857185,0.4967177816910038,8.198645801619476,False
1.979,201.01195489185736,0.4963414065406034,8.169377120633467,False
1.9795,201.10658414348194,0.4960227036210492,8.13756813370688,False
1.98,201.18379629367772,0.4957665541166631,8.103705061998342,False
1.9805000000000001,201.24240641999216,0.49557687210713036,8.068299924970818,False
1.981,201.28151656482132,0.49545655033686137,8.03188377991001,False
1.9815,201.30052844811775,0.4954074204349011,7.994999925588255,False
1.982,201.29915188233122,0.49543022787116164,7.958197091191618,False
1.9825000000000002,201.27740880310645,0.4955246218359832,7.922022626655873,False
1.983,201.2356328765702,0.49568916013706626,7.88701571090071,False
1.9835,201.1744646928351,0.49592132910696957,7.853700598570504,False
1.984,201.0948426053464,0.49621757839674413,7.822579931674308,False
1.9845,200.99798932561345,0.496573370394319,7.794128148183026,False
1.985,200.8853944308765,0.4969832438533215,7.768785024506074,False
1.9855,200.75879298668886,0.4974408911550615,7.746949393485375,False
1.986,200.6201405264664,0.49793924845908777,7.728973085819928,False
1.9865,200.47158466629546,0.4984705978284938,7.715155152658963,False
1.987,200.31543366750407,0.4990266802439472,7.705736441897984,False
1.9875,200.15412229430504,0.4995988182418021,7.700894620615279,False
1.988,199.9901753518964,0.5001780467233842,7.70073975968987,False
1.9885,199.82616933373782,0.5007552502841235,7.7053106211525435,False
1.989,199.6646926560074,0.501321305206439,7.714571810580894,False
1.9895,199.50830501161803,0.5018672240573957,7.7284119719710365,False
1.99,199.35949643324267,0.5023843006426216,7.746643207465739,False
1.9905,199.22064671089532,0.5028642529046335,7.769001896278081,False
1.991,199.09398586012455,0.5032993612290413,7.7951510642440445,False
1.9915,198.98155637662532,0.5036825995474065,7.824684416810074,False
1.992,198.88517803663152,0.5040077566104562,7.857132094161144,False
1.9925,198.80641600450699,0.5042695448588176,7.891968139156941,False
1.993,198.7465529847334,0.5044636944484868,7.928619589776451,False
1.9935,198.70656610130348,0.5045870302022071,7.966477022552201,False
1.994,198.68710910141476,0.5046375295609603,8.004906288320395,False
1.9945,198.68850036276424,0.5046143600028601,8.043261104139278,False
1.995,198.7107170380454,0.5045178948741065,8.080896103608744,False
1.9955,198.75339550297545,0.5043497071237524,8.117179909682227,False
1.996,198.8158380947314,0.5041125410264328,8.151507785159138,False
1.9965,198.89702594752526,0.5038102625820058,8.183313439058079,False
1.997,198.9956375634019,0.5034477898597692,8.212079620710133,False
1.9975,199.11007261049883,0.5030310050690269,8.237347212259484,False
1.998,199.23848032668673,0.5025666505543765,8.258722625352465,False
1.9985,199.37879182854212,0.5020622112118736,8.275883408060826,False
1.999,199.52875558428522,0.5015257859947773,8.288582062236582,False
1.9995,199.68597530062215,0.500965951234055,8.296648150080118,False
2.0,199.8479494901083,0.5003916184609711,8.299988825740245,False
