time_s,output_voltage_V,duty_cycle,inductor_current_A,bound_hit
0.0005,200.0,0.5,8.0,False
0.001,200.0,0.5,8.0,False
0.0015,200.0,0.5,8.0,False
0.002,200.0,0.5,8.0,False
0.0025,200.0,0.5,8.0,False
0.003,200.0,0.5,8.0,False
0.0035,200.0,0.5,8.0,False
0.004,200.0,0.5,8.0,False
0.0045000000000000005,200.0,0.5,8.0,False
0.005,200.0,0.5,8.0,False
0.0055,200.0,0.5,8.0,False
0.006,200.0,0.5,8.0,False
0.006500000000000001,200.0,0.5,8.0,False
0.007,200.0,0.5,8.0,False
0.0075,200.0,0.5,8.0,False
0.008,200.0,0.5,8.0,False
0.0085,200.0,0.5,8.0,False
0.009000000000000001,200.0,0.5,8.0,False
0.0095,200.0,0.5,8.0,False
0.01,200.0,0.5,8.0,False
0.0105,200.0,0.5,8.0,False
0.011,200.0,0.5,8.0,False
0.0115,200.0,0.5,8.0,False
0.012,200.0,0.5,8.0,False
0.0125,200.0,0.5,8.0,False
0.013000000000000001,200.0,0.5,8.0,False
0.0135,200.0,0.5,8.0,False
0.014,200.0,0.5,8.0,False
0.0145,200.0,0.5,8.0,False
0.015,200.0,0.5,8.0,False
0.0155,200.0,0.5,8.0,False
0.016,200.0,0.5,8.0,False
0.0165,200.0,0.5,8.0,False
0.017,200.0,0.5,8.0,False
0.0175,200.0,0.5,8.0,False
0.018000000000000002,200.0,0.5,8.0,False
0.0185,200.0,0.5,8.0,False
0.019,200.0,0.5,8.0,False
0.0195,200.0,0.5,8.0,False
0.02,200.0,0.5,8.0,False
0.0205,200.0,0.5,8.0,False
0.021,200.0,0.5,8.0,False
0.021500000000000002,200.0,0.5,8.0,False
0.022,200.0,0.5,8.0,False
0.0225,200.0,0.5,8.0,False
0.023,200.0,0.5,8.0,False
0.0235,200.0,0.5,8.0,False
0.024,200.0,0.5,8.0,False
0.0245,200.0,0.5,8.0,False
0.025,200.0,0.5,8.0,False
0.025500000000000002,200.0,0.5,8.0,False
0.026000000000000002,200.0,0.5,8.0,False
0.0265,200.0,0.5,8.0,False
0.027,200.0,0.5,8.0,False
0.0275,200.0,0.5,8.0,False
0.028,200.0,0.5,8.0,False
0.0285,200.0,0.5,8.0,False
0.029,200.0,0.5,8.0,False
0.029500000000000002,200.0,0.5,8.0,False
0.03,200.0,0.5,8.0,False
0.0305,200.0,0.5,8.0,False
0.031,200.0,0.5,8.0,False
0.0315,200.0,0.5,8.0,False
0.032,200.0,0.5,8.0,False
0.0325,200.0,0.5,8.0,False
0.033,200.0,0.5,8.0,False
0.0335,200.0,0.5,8.0,False
0.034,200.0,0.5,8.0,False
0.0345,200.0,0.5,8.0,False
0.035,200.0,0.5,8.0,False
0.035500000000000004,200.0,0.5,8.0,False
0.036000000000000004,200.0,0.5,8.0,False
0.0365,200.0,0.5,8.0,False
0.037,200.0,0.5,8.0,False
0.0375,200.0,0.5,8.0,False
0.038,200.0,0.5,8.0,False
0.0385,200.0,0.5,8.0,False
0.039,200.0,0.5,8.0,False
0.0395,200.0,0.5,8.0,False
0.04,200.0,0.5,8.0,False
0.0405,200.0,0.5,8.0,False
0.041,200.0,0.5,8.0,False
0.0415,200.0,0.5,8.0,False
0.042,200.0,0.5,8.0,False
0.0425,200.0,0.5,8.0,False
0.043000000000000003,200.0,0.5,8.0,False
0.043500000000000004,200.0,0.5,8.0,False
0.044,200.0,0.5,8.0,False
0.0445,200.0,0.5,8.0,False
0.045,200.0,0.5,8.0,False
0.0455,200.0,0.5,8.0,False
0.046,200.0,0.5,8.0,False
0.0465,200.0,0.5,8.0,False
0.047,200.0,0.5,8.0,False
0.0475,200.0,0.5,8.0,False
0.048,200.0,0.5,8.0,False
0.0485,200.0,0.5,8.0,False
0.049,200.0,0.5,8.0,False
0.0495,200.0,0.5,8.0,False
0.05,200.0,0.5,8.0,False
0.0505,200.0,0.5,8.0,False
0.051000000000000004,200.0,0.5,8.0,False
0.051500000000000004,200.0,0.5,8.0,False
0.052000000000000005,200.0,0.5,8.0,False
0.0525,200.0,0.5,8.0,False
0.053,200.0,0.5,8.0,False
0.0535,200.0,0.5,8.0,False
0.054,200.0,0.5,8.0,False
0.0545,200.0,0.5,8.0,False
0.055,200.0,0.5,8.0,False
0.0555,200.0,0.5,8.0,False
0.056,200.0,0.5,8.0,False
0.0565,200.0,0.5,8.0,False
0.057,200.0,0.5,8.0,False
0.0575,200.0,0.5,8.0,False
0.058,200.0,0.5,8.0,False
0.0585,200.0,0.5,8.0,False
0.059000000000000004,200.0,0.5,8.0,False
0.059500000000000004,200.0,0.5,8.0,False
0.06,200.0,0.5,8.0,False
0.0605,200.0,0.5,8.0,False
0.061,200.0,0.5,8.0,False
0.0615,200.0,0.5,8.0,False
0.062,200.0,0.5,8.0,False
0.0625,200.0,0.5,8.0,False
0.063,200.0,0.5,8.0,False
0.0635,200.0,0.5,8.0,False
0.064,200.0,0.5,8.0,False
0.0645,200.0,0.5,8.0,False
0.065,200.0,0.5,8.0,False
0.0655,200.0,0.5,8.0,False
0.066,200.0,0.5,8.0,False
0.0665,200.0,0.5,8.0,False
0.067,200.0,0.5,8.0,False
0.0675,200.0,0.5,8.0,False
0.068,200.0,0.5,8.0,False
0.0685,200.0,0.5,8.0,False
0.069,200.0,0.5,8.0,False
0.0695,200.0,0.5,8.0,False
0.07,200.0,0.5,8.0,False
0.07050000000000001,200.0,0.5,8.0,False
0.07100000000000001,200.0,0.5,8.0,False
0.07150000000000001,200.0,0.5,8.0,False
0.07200000000000001,200.0,0.5,8.0,False
0.0725,200.0,0.5,8.0,False
0.073,200.0,0.5,8.0,False
0.0735,200.0,0.5,8.0,False
0.074,200.0,0.5,8.0,False
0.0745,200.0,0.5,8.0,False
0.075,200.0,0.5,8.0,False
0.0755,200.0,0.5,8.0,False
0.076,200.0,0.5,8.0,False
0.0765,200.0,0.5,8.0,False
0.077,200.0,0.5,8.0,False
0.0775,200.0,0.5,8.0,False
0.078,200.0,0.5,8.0,False
0.0785,200.0,0.5,8.0,False
0.079,200.0,0.5,8.0,False
0.0795,200.0,0.5,8.0,False
0.08,200.0,0.5,8.0,False
0.0805,200.0,0.5,8.0,False
0.081,200.0,0.5,8.0,False
0.0815,200.0,0.5,8.0,False
0.082,200.0,0.5,8.0,False
0.0825,200.0,0.5,8.0,False
0.083,200.0,0.5,8.0,False
0.0835,200.0,0.5,8.0,False
0.084,200.0,0.5,8.0,False
0.0845,200.0,0.5,8.0,False
0.085,200.0,0.5,8.0,False
0.0855,200.0,0.5,8.0,False
0.08600000000000001,200.0,0.5,8.0,False
0.08650000000000001,200.0,0.5,8.0,False
0.08700000000000001,200.0,0.5,8.0,False
0.08750000000000001,200.0,0.5,8.0,False
0.088,200.0,0.5,8.0,False
0.0885,200.0,0.5,8.0,False
0.089,200.0,0.5,8.0,False
0.0895,200.0,0.5,8.0,False
0.09,200.0,0.5,8.0,False
0.0905,200.0,0.5,8.0,False
0.091,200.0,0.5,8.0,False
0.0915,200.0,0.5,8.0,False
0.092,200.0,0.5,8.0,False
0.0925,200.0,0.5,8.0,False
0.093,200.0,0.5,8.0,False
0.0935,200.0,0.5,8.0,False
0.094,200.0,0.5,8.0,False
0.0945,200.0,0.5,8.0,False
0.095,200.0,0.5,8.0,False
0.0955,200.0,0.5,8.0,False
0.096,200.0,0.5,8.0,False
0.0965,200.0,0.5,8.0,False
0.097,200.0,0.5,8.0,False
0.0975,200.0,0.5,8.0,False
0.098,200.0,0.5,8.0,False
0.0985,200.0,0.5,8.0,False
0.099,200.0,0.5,8.0,False
0.0995,200.0,0.5,8.0,False
0.1,200.0,0.5,8.0,False
0.1005,200.0,0.5,8.0,False
0.101,200.0,0.5,8.0,False
0.1015,200.0,0.5,8.0,False
0.10200000000000001,200.0,0.5,8.0,False
0.10250000000000001,200.0,0.5,8.0,False
0.10300000000000001,200.0,0.5,8.0,False
0.10350000000000001,200.0,0.5,8.0,False
0.10400000000000001,200.0,0.5,8.0,False
0.1045,200.0,0.5,8.0,False
0.105,200.0,0.5,8.0,False
0.1055,200.0,0.5,8.0,False
0.106,200.0,0.5,8.0,False
0.1065,200.0,0.5,8.0,False
0.107,200.0,0.5,8.0,False
0.1075,200.0,0.5,8.0,False
0.108,200.0,0.5,8.0,False
0.1085,200.0,0.5,8.0,False
0.109,200.0,0.5,8.0,False
0.1095,200.0,0.5,8.0,False
0.11,200.0,0.5,8.0,False
0.1105,200.0,0.5,8.0,False
0.111,200.0,0.5,8.0,False
0.1115,200.0,0.5,8.0,False
0.112,200.0,0.5,8.0,False
0.1125,200.0,0.5,8.0,False
0.113,200.0,0.5,8.0,False
0.1135,200.0,0.5,8.0,False
0.114,200.0,0.5,8.0,False
0.1145,200.0,0.5,8.0,False
0.115,200.0,0.5,8.0,False
0.1155,200.0,0.5,8.0,False
0.116,200.0,0.5,8.0,False
0.1165,200.0,0.5,8.0,False
0.117,200.0,0.5,8.0,False
0.11750000000000001,200.0,0.5,8.0,False
0.11800000000000001,200.0,0.5,8.0,False
0.11850000000000001,200.0,0.5,8.0,False
0.11900000000000001,200.0,0.5,8.0,False
0.11950000000000001,200.0,0.5,8.0,False
0.12,200.0,0.5,8.0,False
0.1205,200.0,0.5,8.0,False
0.121,200.0,0.5,8.0,False
0.1215,200.0,0.5,8.0,False
0.122,200.0,0.5,8.0,False
0.1225,200.0,0.5,8.0,False
0.123,200.0,0.5,8.0,False
0.1235,200.0,0.5,8.0,False
0.124,200.0,0.5,8.0,False
0.1245,200.0,0.5,8.0,False
0.125,200.0,0.5,8.0,False
0.1255,200.0,0.5,8.0,False
0.126,200.0,0.5,8.0,False
0.1265,200.0,0.5,8.0,False
0.127,200.0,0.5,8.0,False
0.1275,200.0,0.5,8.0,False
0.128,200.0,0.5,8.0,False
0.1285,200.0,0.5,8.0,False
0.129,200.0,0.5,8.0,False
0.1295,200.0,0.5,8.0,False
0.13,200.0,0.5,8.0,False
0.1305,200.0,0.5,8.0,False
0.131,200.0,0.5,8.0,False
0.1315,200.0,0.5,8.0,False
0.132,200.0,0.5,8.0,False
0.1325,200.0,0.5,8.0,False
0.133,200.0,0.5,8.0,False
0.1335,200.0,0.5,8.0,False
0.134,200.0,0.5,8.0,False
0.1345,200.0,0.5,8.0,False
0.135,200.0,0.5,8.0,False
0.1355,200.0,0.5,8.0,False
0.136,200.0,0.5,8.0,False
0.1365,200.0,0.5,8.0,False
0.137,200.0,0.5,8.0,False
0.1375,200.0,0.5,8.0,False
0.138,200.0,0.5,8.0,False
0.1385,200.0,0.5,8.0,False
0.139,200.0,0.5,8.0,False
0.1395,200.0,0.5,8.0,False
0.14,200.0,0.5,8.0,False
0.1405,200.0,0.5,8.0,False
0.14100000000000001,200.0,0.5,8.0,False
0.14150000000000001,200.0,0.5,8.0,False
0.14200000000000002,200.0,0.5,8.0,False
0.14250000000000002,200.0,0.5,8.0,False
0.14300000000000002,200.0,0.5,8.0,False
0.14350000000000002,200.0,0.5,8.0,False
0.14400000000000002,200.0,0.5,8.0,False
0.1445,200.0,0.5,8.0,False
0.145,200.0,0.5,8.0,False
0.1455,200.0,0.5,8.0,False
0.146,200.0,0.5,8.0,False
0.1465,200.0,0.5,8.0,False
0.147,200.0,0.5,8.0,False
0.1475,200.0,0.5,8.0,False
0.148,200.0,0.5,8.0,False
0.1485,200.0,0.5,8.0,False
0.149,200.0,0.5,8.0,False
0.1495,200.0,0.5,8.0,False
0.15,200.0,0.5,8.0,False
0.1505,200.0,0.5,8.0,False
0.151,200.0,0.5,8.0,False
0.1515,200.0,0.5,8.0,False
0.152,200.0,0.5,8.0,False
0.1525,200.0,0.5,8.0,False
0.153,200.0,0.5,8.0,False
0.1535,200.0,0.5,8.0,False
0.154,200.0,0.5,8.0,False
0.1545,200.0,0.5,8.0,False
0.155,200.0,0.5,8.0,False
0.1555,200.0,0.5,8.0,False
0.156,200.0,0.5,8.0,False
0.1565,200.0,0.5,8.0,False
0.157,200.0,0.5,8.0,False
0.1575,200.0,0.5,8.0,False
0.158,200.0,0.5,8.0,False
0.1585,200.0,0.5,8.0,False
0.159,200.0,0.5,8.0,False
0.1595,200.0,0.5,8.0,False
0.16,200.0,0.5,8.0,False
0.1605,200.0,0.5,8.0,False
0.161,200.0,0.5,8.0,False
0.1615,200.0,0.5,8.0,False
0.162,200.0,0.5,8.0,False
0.1625,200.0,0.5,8.0,False
0.163,200.0,0.5,8.0,False
0.1635,200.0,0.5,8.0,False
0.164,200.0,0.5,8.0,False
0.1645,200.0,0.5,8.0,False
0.165,200.0,0.5,8.0,False
0.1655,200.0,0.5,8.0,False
0.166,200.0,0.5,8.0,False
0.1665,200.0,0.5,8.0,False
0.167,200.0,0.5,8.0,False
0.1675,200.0,0.5,8.0,False
0.168,200.0,0.5,8.0,False
0.1685,200.0,0.5,8.0,False
0.169,200.0,0.5,8.0,False
0.1695,200.0,0.5,8.0,False
0.17,200.0,0.5,8.0,False
0.1705,200.0,0.5,8.0,False
0.171,200.0,0.5,8.0,False
0.1715,200.0,0.5,8.0,False
0.17200000000000001,200.0,0.5,8.0,False
0.17250000000000001,200.0,0.5,8.0,False
0.17300000000000001,200.0,0.5,8.0,False
0.17350000000000002,200.0,0.5,8.0,False
0.17400000000000002,200.0,0.5,8.0,False
0.17450000000000002,200.0,0.5,8.0,False
0.17500000000000002,200.0,0.5,8.0,False
0.17550000000000002,200.0,0.5,8.0,False
0.176,200.0,0.5,8.0,False
0.1765,200.0,0.5,8.0,False
0.177,200.0,0.5,8.0,False
0.1775,200.0,0.5,8.0,False
0.178,200.0,0.5,8.0,False
0.1785,200.0,0.5,8.0,False
0.179,200.0,0.5,8.0,False
0.1795,200.0,0.5,8.0,False
0.18,200.0,0.5,8.0,False
0.1805,200.0,0.5,8.0,False
0.181,200.0,0.5,8.0,False
0.1815,200.0,0.5,8.0,False
0.182,200.0,0.5,8.0,False
0.1825,200.0,0.5,8.0,False
0.183,200.0,0.5,8.0,False
0.1835,200.0,0.5,8.0,False
0.184,200.0,0.5,8.0,False
0.1845,200.0,0.5,8.0,False
0.185,200.0,0.5,8.0,False
0.1855,200.0,0.5,8.0,False
0.186,200.0,0.5,8.0,False
0.1865,200.0,0.5,8.0,False
0.187,200.0,0.5,8.0,False
0.1875,200.0,0.5,8.0,False
0.188,200.0,0.5,8.0,False
0.1885,200.0,0.5,8.0,False
0.189,200.0,0.5,8.0,False
0.1895,200.0,0.5,8.0,False
0.19,200.0,0.5,8.0,False
0.1905,200.0,0.5,8.0,False
0.191,200.0,0.5,8.0,False
0.1915,200.0,0.5,8.0,False
0.192,200.0,0.5,8.0,False
0.1925,200.0,0.5,8.0,False
0.193,200.0,0.5,8.0,False
0.1935,200.0,0.5,8.0,False
0.194,200.0,0.5,8.0,False
0.1945,200.0,0.5,8.0,False
0.195,200.0,0.5,8.0,False
0.1955,200.0,0.5,8.0,False
0.196,200.0,0.5,8.0,False
0.1965,200.0,0.5,8.0,False
0.197,200.0,0.5,8.0,False
0.1975,200.0,0.5,8.0,False
0.198,200.0,0.5,8.0,False
0.1985,200.0,0.5,8.0,False
0.199,200.0,0.5,8.0,False
0.1995,200.0,0.5,8.0,False
0.2,200.0,0.5,8.0,False
0.2005,200.0,0.5,8.0,False
0.201,200.0,0.5,8.0,False
0.2015,200.0,0.5,8.0,False
0.202,200.0,0.5,8.0,False
0.2025,200.0,0.5,8.0,False
0.203,200.0,0.5,8.0,False
0.20350000000000001,200.0,0.5,8.0,False
0.20400000000000001,200.0,0.5,8.0,False
0.20450000000000002,200.0,0.5,8.0,False
0.20500000000000002,200.0,0.5,8.0,False
0.20550000000000002,200.0,0.5,8.0,False
0.20600000000000002,200.0,0.5,8.0,False
0.20650000000000002,200.0,0.5,8.0,False
0.20700000000000002,200.0,0.5,8.0,False
0.20750000000000002,200.0,0.5,8.0,False
0.20800000000000002,200.0,0.5,8.0,False
0.2085,200.0,0.5,8.0,False
0.209,200.0,0.5,8.0,False
0.2095,200.0,0.5,8.0,False
0.21,200.0,0.5,8.0,False
0.2105,200.0,0.5,8.0,False
0.211,200.0,0.5,8.0,False
0.2115,200.0,0.5,8.0,False
0.212,200.0,0.5,8.0,False
0.2125,200.0,0.5,8.0,False
0.213,200.0,0.5,8.0,False
0.2135,200.0,0.5,8.0,False
0.214,200.0,0.5,8.0,False
0.2145,200.0,0.5,8.0,False
0.215,200.0,0.5,8.0,False
0.2155,200.0,0.5,8.0,False
0.216,200.0,0.5,8.0,False
0.2165,200.0,0.5,8.0,False
0.217,200.0,0.5,8.0,False
0.2175,200.0,0.5,8.0,False
0.218,200.0,0.5,8.0,False
0.2185,200.0,0.5,8.0,False
0.219,200.0,0.5,8.0,False
0.2195,200.0,0.5,8.0,False
0.22,200.0,0.5,8.0,False
0.2205,200.0,0.5,8.0,False
0.221,200.0,0.5,8.0,False
0.2215,200.0,0.5,8.0,False
0.222,200.0,0.5,8.0,False
0.2225,200.0,0.5,8.0,False
0.223,200.0,0.5,8.0,False
0.2235,200.0,0.5,8.0,False
0.224,200.0,0.5,8.0,False
0.2245,200.0,0.5,8.0,False
0.225,200.0,0.5,8.0,False
0.2255,200.0,0.5,8.0,False
0.226,200.0,0.5,8.0,False
0.2265,200.0,0.5,8.0,False
0.227,200.0,0.5,8.0,False
0.2275,200.0,0.5,8.0,False
0.228,200.0,0.5,8.0,False
0.2285,200.0,0.5,8.0,False
0.229,200.0,0.5,8.0,False
0.2295,200.0,0.5,8.0,False
0.23,200.0,0.5,8.0,False
0.2305,200.0,0.5,8.0,False
0.231,200.0,0.5,8.0,False
0.2315,200.0,0.5,8.0,False
0.232,200.0,0.5,8.0,False
0.2325,200.0,0.5,8.0,False
0.233,200.0,0.5,8.0,False
0.2335,200.0,0.5,8.0,False
0.234,200.0,0.5,8.0,False
0.23450000000000001,200.0,0.5,8.0,False
0.23500000000000001,200.0,0.5,8.0,False
0.23550000000000001,200.0,0.5,8.0,False
0.23600000000000002,200.0,0.5,8.0,False
0.23650000000000002,200.0,0.5,8.0,False
0.23700000000000002,200.0,0.5,8.0,False
0.23750000000000002,200.0,0.5,8.0,False
0.23800000000000002,200.0,0.5,8.0,False
0.23850000000000002,200.0,0.5,8.0,False
0.23900000000000002,200.0,0.5,8.0,False
0.23950000000000002,200.0,0.5,8.0,False
0.24,200.0,0.5,8.0,False
0.2405,200.0,0.5,8.0,False
0.241,200.0,0.5,8.0,False
0.2415,200.0,0.5,8.0,False
0.242,200.0,0.5,8.0,False
0.2425,200.0,0.5,8.0,False
0.243,200.0,0.5,8.0,False
0.2435,200.0,0.5,8.0,False
0.244,200.0,0.5,8.0,False
0.2445,200.0,0.5,8.0,False
0.245,200.0,0.5,8.0,False
0.2455,200.0,0.5,8.0,False
0.246,200.0,0.5,8.0,False
0.2465,200.0,0.5,8.0,False
0.247,200.0,0.5,8.0,False
0.2475,200.0,0.5,8.0,False
0.248,200.0,0.5,8.0,False
0.2485,200.0,0.5,8.0,False
0.249,200.0,0.5,8.0,False
0.2495,200.0,0.5,8.0,False
0.25,200.0,0.5,8.0,False
0.2505,200.0,0.5,8.0,False
0.251,200.0,0.5,8.0,False
0.2515,200.0,0.5,8.0,False
0.252,200.0,0.5,8.0,False
0.2525,200.0,0.5,8.0,False
0.253,200.0,0.5,8.0,False
0.2535,200.0,0.5,8.0,False
0.254,200.0,0.5,8.0,False
0.2545,200.0,0.5,8.0,False
0.255,200.0,0.5,8.0,False
0.2555,200.0,0.5,8.0,False
0.256,200.0,0.5,8.0,False
0.2565,200.0,0.5,8.0,False
0.257,200.0,0.5,8.0,False
0.2575,200.0,0.5,8.0,False
0.258,200.0,0.5,8.0,False
0.2585,200.0,0.5,8.0,False
0.259,200.0,0.5,8.0,False
0.2595,200.0,0.5,8.0,False
0.26,200.0,0.5,8.0,False
0.2605,200.0,0.5,8.0,False
0.261,200.0,0.5,8.0,False
0.2615,200.0,0.5,8.0,False
0.262,200.0,0.5,8.0,False
0.2625,200.0,0.5,8.0,False
0.263,200.0,0.5,8.0,False
0.2635,200.0,0.5,8.0,False
0.264,200.0,0.5,8.0,False
0.2645,200.0,0.5,8.0,False
0.265,200.0,0.5,8.0,False
0.2655,200.0,0.5,8.0,False
0.266,200.0,0.5,8.0,False
0.2665,200.0,0.5,8.0,False
0.267,200.0,0.5,8.0,False
0.2675,200.0,0.5,8.0,False
0.268,200.0,0.5,8.0,False
0.2685,200.0,0.5,8.0,False
0.269,200.0,0.5,8.0,False
0.2695,200.0,0.5,8.0,False
0.27,200.0,0.5,8.0,False
0.2705,200.0,0.5,8.0,False
0.271,200.0,0.5,8.0,False
0.2715,200.0,0.5,8.0,False
0.272,200.0,0.5,8.0,False
0.2725,200.0,0.5,8.0,False
0.273,200.0,0.5,8.0,False
0.2735,200.0,0.5,8.0,False
0.274,200.0,0.5,8.0,False
0.2745,200.0,0.5,8.0,False
0.275,200.0,0.5,8.0,False
0.2755,200.0,0.5,8.0,False
0.276,200.0,0.5,8.0,False
0.2765,200.0,0.5,8.0,False
0.277,200.0,0.5,8.0,False
0.2775,200.0,0.5,8.0,False
0.278,200.0,0.5,8.0,False
0.2785,200.0,0.5,8.0,False
0.279,200.0,0.5,8.0,False
0.2795,200.0,0.5,8.0,False
0.28,200.0,0.5,8.0,False
0.2805,200.0,0.5,8.0,False
0.281,200.0,0.5,8.0,False
0.28150000000000003,200.0,0.5,8.0,False
0.28200000000000003,200.0,0.5,8.0,False
0.28250000000000003,200.0,0.5,8.0,False
0.28300000000000003,200.0,0.5,8.0,False
0.28350000000000003,200.0,0.5,8.0,False
0.28400000000000003,200.0,0.5,8.0,False
0.28450000000000003,200.0,0.5,8.0,False
0.28500000000000003,200.0,0.5,8.0,False
0.28550000000000003,200.0,0.5,8.0,False
0.28600000000000003,200.0,0.5,8.0,False
0.28650000000000003,200.0,0.5,8.0,False
0.28700000000000003,200.0,0.5,8.0,False
0.28750000000000003,200.0,0.5,8.0,False
0.28800000000000003,200.0,0.5,8.0,False
0.2885,200.0,0.5,8.0,False
0.289,200.0,0.5,8.0,False
0.2895,200.0,0.5,8.0,False
0.29,200.0,0.5,8.0,False
0.2905,200.0,0.5,8.0,False
0.291,200.0,0.5,8.0,False
0.2915,200.0,0.5,8.0,False
0.292,200.0,0.5,8.0,False
0.2925,200.0,0.5,8.0,False
0.293,200.0,0.5,8.0,False
0.2935,200.0,0.5,8.0,False
0.294,200.0,0.5,8.0,False
0.2945,200.0,0.5,8.0,False
0.295,200.0,0.5,8.0,False
0.2955,200.0,0.5,8.0,False
0.296,200.0,0.5,8.0,False
0.2965,200.0,0.5,8.0,False
0.297,200.0,0.5,8.0,False
0.2975,200.0,0.5,8.0,False
0.298,200.0,0.5,8.0,False
0.2985,200.0,0.5,8.0,False
0.299,200.0,0.5,8.0,False
0.2995,200.0,0.5,8.0,False
0.3,200.0,0.5,8.0,False
0.3005,200.0,0.5,8.0,False
0.301,200.0,0.5,8.0,False
0.3015,200.0,0.5,8.0,False
0.302,200.0,0.5,8.0,False
0.3025,200.0,0.5,8.0,False
0.303,200.0,0.5,8.0,False
0.3035,200.0,0.5,8.0,False
0.304,200.0,0.5,8.0,False
0.3045,200.0,0.5,8.0,False
0.305,200.0,0.5,8.0,False
0.3055,200.0,0.5,8.0,False
0.306,200.0,0.5,8.0,False
0.3065,200.0,0.5,8.0,False
0.307,200.0,0.5,8.0,False
0.3075,200.0,0.5,8.0,False
0.308,200.0,0.5,8.0,False
0.3085,200.0,0.5,8.0,False
0.309,200.0,0.5,8.0,False
0.3095,200.0,0.5,8.0,False
0.31,200.0,0.5,8.0,False
0.3105,200.0,0.5,8.0,False
0.311,200.0,0.5,8.0,False
0.3115,200.0,0.5,8.0,False
0.312,200.0,0.5,8.0,False
0.3125,200.0,0.5,8.0,False
0.313,200.0,0.5,8.0,False
0.3135,200.0,0.5,8.0,False
0.314,200.0,0.5,8.0,False
0.3145,200.0,0.5,8.0,False
0.315,200.0,0.5,8.0,False
0.3155,200.0,0.5,8.0,False
0.316,200.0,0.5,8.0,False
0.3165,200.0,0.5,8.0,False
0.317,200.0,0.5,8.0,False
0.3175,200.0,0.5,8.0,False
0.318,200.0,0.5,8.0,False
0.3185,200.0,0.5,8.0,False
0.319,200.0,0.5,8.0,False
0.3195,200.0,0.5,8.0,False
0.32,200.0,0.5,8.0,False
0.3205,200.0,0.5,8.0,False
0.321,200.0,0.5,8.0,False
0.3215,200.0,0.5,8.0,False
0.322,200.0,0.5,8.0,False
0.3225,200.0,0.5,8.0,False
0.323,200.0,0.5,8.0,False
0.3235,200.0,0.5,8.0,False
0.324,200.0,0.5,8.0,False
0.3245,200.0,0.5,8.0,False
0.325,200.0,0.5,8.0,False
0.3255,200.0,0.5,8.0,False
0.326,200.0,0.5,8.0,False
0.3265,200.0,0.5,8.0,False
0.327,200.0,0.5,8.0,False
0.3275,200.0,0.5,8.0,False
0.328,200.0,0.5,8.0,False
0.3285,200.0,0.5,8.0,False
0.329,200.0,0.5,8.0,False
0.3295,200.0,0.5,8.0,False
0.33,200.0,0.5,8.0,False
0.3305,200.0,0.5,8.0,False
0.331,200.0,0.5,8.0,False
0.3315,200.0,0.5,8.0,False
0.332,200.0,0.5,8.0,False
0.3325,200.0,0.5,8.0,False
0.333,200.0,0.5,8.0,False
0.3335,200.0,0.5,8.0,False
0.334,200.0,0.5,8.0,False
0.3345,200.0,0.5,8.0,False
0.335,200.0,0.5,8.0,False
0.3355,200.0,0.5,8.0,False
0.336,200.0,0.5,8.0,False
0.3365,200.0,0.5,8.0,False
0.337,200.0,0.5,8.0,False
0.3375,200.0,0.5,8.0,False
0.338,200.0,0.5,8.0,False
0.3385,200.0,0.5,8.0,False
0.339,200.0,0.5,8.0,False
0.3395,200.0,0.5,8.0,False
0.34,200.0,0.5,8.0,False
0.3405,200.0,0.5,8.0,False
0.341,200.0,0.5,8.0,False
0.3415,200.0,0.5,8.0,False
0.342,200.0,0.5,8.0,False
0.3425,200.0,0.5,8.0,False
0.343,200.0,0.5,8.0,False
0.3435,200.0,0.5,8.0,False
0.34400000000000003,200.0,0.5,8.0,False
0.34450000000000003,200.0,0.5,8.0,False
0.34500000000000003,200.0,0.5,8.0,False
0.34550000000000003,200.0,0.5,8.0,False
0.34600000000000003,200.0,0.5,8.0,False
0.34650000000000003,200.0,0.5,8.0,False
0.34700000000000003,200.0,0.5,8.0,False
0.34750000000000003,200.0,0.5,8.0,False
0.34800000000000003,200.0,0.5,8.0,False
0.34850000000000003,200.0,0.5,8.0,False
0.34900000000000003,200.0,0.5,8.0,False
0.34950000000000003,200.0,0.5,8.0,False
0.35000000000000003,200.0,0.5,8.0,False
0.35050000000000003,200.0,0.5,8.0,False
0.35100000000000003,200.0,0.5,8.0,False
0.35150000000000003,200.0,0.5,8.0,False
0.352,200.0,0.5,8.0,False
0.3525,200.0,0.5,8.0,False
0.353,200.0,0.5,8.0,False
0.3535,200.0,0.5,8.0,False
0.354,200.0,0.5,8.0,False
0.3545,200.0,0.5,8.0,False
0.355,200.0,0.5,8.0,False
0.3555,200.0,0.5,8.0,False
0.356,200.0,0.5,8.0,False
0.3565,200.0,0.5,8.0,False
0.357,200.0,0.5,8.0,False
0.3575,200.0,0.5,8.0,False
0.358,200.0,0.5,8.0,False
0.3585,200.0,0.5,8.0,False
0.359,200.0,0.5,8.0,False
0.3595,200.0,0.5,8.0,False
0.36,200.0,0.5,8.0,False
0.3605,200.0,0.5,8.0,False
0.361,200.0,0.5,8.0,False
0.3615,200.0,0.5,8.0,False
0.362,200.0,0.5,8.0,False
0.3625,200.0,0.5,8.0,False
0.363,200.0,0.5,8.0,False
0.3635,200.0,0.5,8.0,False
0.364,200.0,0.5,8.0,False
0.3645,200.0,0.5,8.0,False
0.365,200.0,0.5,8.0,False
0.3655,200.0,0.5,8.0,False
0.366,200.0,0.5,8.0,False
0.3665,200.0,0.5,8.0,False
0.367,200.0,0.5,8.0,False
0.3675,200.0,0.5,8.0,False
0.368,200.0,0.5,8.0,False
0.3685,200.0,0.5,8.0,False
0.369,200.0,0.5,8.0,False
0.3695,200.0,0.5,8.0,False
0.37,200.0,0.5,8.0,False
0.3705,200.0,0.5,8.0,False
0.371,200.0,0.5,8.0,False
0.3715,200.0,0.5,8.0,False
0.372,200.0,0.5,8.0,False
0.3725,200.0,0.5,8.0,False
0.373,200.0,0.5,8.0,False
0.3735,200.0,0.5,8.0,False
0.374,200.0,0.5,8.0,False
0.3745,200.0,0.5,8.0,False
0.375,200.0,0.5,8.0,False
0.3755,200.0,0.5,8.0,False
0.376,200.0,0.5,8.0,False
0.3765,200.0,0.5,8.0,False
0.377,200.0,0.5,8.0,False
0.3775,200.0,0.5,8.0,False
0.378,200.0,0.5,8.0,False
0.3785,200.0,0.5,8.0,False
0.379,200.0,0.5,8.0,False
0.3795,200.0,0.5,8.0,False
0.38,200.0,0.5,8.0,False
0.3805,200.0,0.5,8.0,False
0.381,200.0,0.5,8.0,False
0.3815,200.0,0.5,8.0,False
0.382,200.0,0.5,8.0,False
0.3825,200.0,0.5,8.0,False
0.383,200.0,0.5,8.0,False
0.3835,200.0,0.5,8.0,False
0.384,200.0,0.5,8.0,False
0.3845,200.0,0.5,8.0,False
0.385,200.0,0.5,8.0,False
0.3855,200.0,0.5,8.0,False
0.386,200.0,0.5,8.0,False
0.3865,200.0,0.5,8.0,False
0.387,200.0,0.5,8.0,False
0.3875,200.0,0.5,8.0,False
0.388,200.0,0.5,8.0,False
0.3885,200.0,0.5,8.0,False
0.389,200.0,0.5,8.0,False
0.3895,200.0,0.5,8.0,False
0.39,200.0,0.5,8.0,False
0.3905,200.0,0.5,8.0,False
0.391,200.0,0.5,8.0,False
0.3915,200.0,0.5,8.0,False
0.392,200.0,0.5,8.0,False
0.3925,200.0,0.5,8.0,False
0.393,200.0,0.5,8.0,False
0.3935,200.0,0.5,8.0,False
0.394,200.0,0.5,8.0,False
0.3945,200.0,0.5,8.0,False
0.395,200.0,0.5,8.0,False
0.3955,200.0,0.5,8.0,False
0.396,200.0,0.5,8.0,False
0.3965,200.0,0.5,8.0,False
0.397,200.0,0.5,8.0,False
0.3975,200.0,0.5,8.0,False
0.398,200.0,0.5,8.0,False
0.3985,200.0,0.5,8.0,False
0.399,200.0,0.5,8.0,False
0.3995,200.0,0.5,8.0,False
0.4,200.0,0.5,8.0,False
0.4005,200.0,0.5,8.0,False
0.401,200.0,0.5,8.0,False
0.4015,200.0,0.5,8.0,False
0.402,200.0,0.5,8.0,False
0.4025,200.0,0.5,8.0,False
0.403,200.0,0.5,8.0,False
0.4035,200.0,0.5,8.0,False
0.404,200.0,0.5,8.0,False
0.4045,200.0,0.5,8.0,False
0.405,200.0,0.5,8.0,False
0.4055,200.0,0.5,8.0,False
0.406,200.0,0.5,8.0,False
0.40650000000000003,200.0,0.5,8.0,False
0.40700000000000003,200.0,0.5,8.0,False
0.40750000000000003,200.0,0.5,8.0,False
0.40800000000000003,200.0,0.5,8.0,False
0.40850000000000003,200.0,0.5,8.0,False
0.40900000000000003,200.0,0.5,8.0,False
0.40950000000000003,200.0,0.5,8.0,False
0.41000000000000003,200.0,0.5,8.0,False
0.41050000000000003,200.0,0.5,8.0,False
0.41100000000000003,200.0,0.5,8.0,False
0.41150000000000003,200.0,0.5,8.0,False
0.41200000000000003,200.0,0.5,8.0,False
0.41250000000000003,200.0,0.5,8.0,False
0.41300000000000003,200.0,0.5,8.0,False
0.41350000000000003,200.0,0.5,8.0,False
0.41400000000000003,200.0,0.5,8.0,False
0.41450000000000004,200.0,0.5,8.0,False
0.41500000000000004,200.0,0.5,8.0,False
0.41550000000000004,200.0,0.5,8.0,False
0.41600000000000004,200.0,0.5,8.0,False
0.4165,200.0,0.5,8.0,False
0.417,200.0,0.5,8.0,False
0.4175,200.0,0.5,8.0,False
0.418,200.0,0.5,8.0,False
0.4185,200.0,0.5,8.0,False
0.419,200.0,0.5,8.0,False
0.4195,200.0,0.5,8.0,False
0.42,200.0,0.5,8.0,False
0.4205,200.0,0.5,8.0,False
0.421,200.0,0.5,8.0,False
0.4215,200.0,0.5,8.0,False
0.422,200.0,0.5,8.0,False
0.4225,200.0,0.5,8.0,False
0.423,200.0,0.5,8.0,False
0.4235,200.0,0.5,8.0,False
0.424,200.0,0.5,8.0,False
0.4245,200.0,0.5,8.0,False
0.425,200.0,0.5,8.0,False
0.4255,200.0,0.5,8.0,False
0.426,200.0,0.5,8.0,False
0.4265,200.0,0.5,8.0,False
0.427,200.0,0.5,8.0,False
0.4275,200.0,0.5,8.0,False
0.428,200.0,0.5,8.0,False
0.4285,200.0,0.5,8.0,False
0.429,200.0,0.5,8.0,False
0.4295,200.0,0.5,8.0,False
0.43,200.0,0.5,8.0,False
0.4305,200.0,0.5,8.0,False
0.431,200.0,0.5,8.0,False
0.4315,200.0,0.5,8.0,False
0.432,200.0,0.5,8.0,False
0.4325,200.0,0.5,8.0,False
0.433,200.0,0.5,8.0,False
0.4335,200.0,0.5,8.0,False
0.434,200.0,0.5,8.0,False
0.4345,200.0,0.5,8.0,False
0.435,200.0,0.5,8.0,False
0.4355,200.0,0.5,8.0,False
0.436,200.0,0.5,8.0,False
0.4365,200.0,0.5,8.0,False
0.437,200.0,0.5,8.0,False
0.4375,200.0,0.5,8.0,False
0.438,200.0,0.5,8.0,False
0.4385,200.0,0.5,8.0,False
0.439,200.0,0.5,8.0,False
0.4395,200.0,0.5,8.0,False
0.44,200.0,0.5,8.0,False
0.4405,200.0,0.5,8.0,False
0.441,200.0,0.5,8.0,False
0.4415,200.0,0.5,8.0,False
0.442,200.0,0.5,8.0,False
0.4425,200.0,0.5,8.0,False
0.443,200.0,0.5,8.0,False
0.4435,200.0,0.5,8.0,False
0.444,200.0,0.5,8.0,False
0.4445,200.0,0.5,8.0,False
0.445,200.0,0.5,8.0,False
0.4455,200.0,0.5,8.0,False
0.446,200.0,0.5,8.0,False
0.4465,200.0,0.5,8.0,False
0.447,200.0,0.5,8.0,False
0.4475,200.0,0.5,8.0,False
0.448,200.0,0.5,8.0,False
0.4485,200.0,0.5,8.0,False
0.449,200.0,0.5,8.0,False
0.4495,200.0,0.5,8.0,False
0.45,200.0,0.5,8.0,False
0.4505,200.0,0.5,8.0,False
0.451,200.0,0.5,8.0,False
0.4515,200.0,0.5,8.0,False
0.452,200.0,0.5,8.0,False
0.4525,200.0,0.5,8.0,False
0.453,200.0,0.5,8.0,False
0.4535,200.0,0.5,8.0,False
0.454,200.0,0.5,8.0,False
0.4545,200.0,0.5,8.0,False
0.455,200.0,0.5,8.0,False
0.4555,200.0,0.5,8.0,False
0.456,200.0,0.5,8.0,False
0.4565,200.0,0.5,8.0,False
0.457,200.0,0.5,8.0,False
0.4575,200.0,0.5,8.0,False
0.458,200.0,0.5,8.0,False
0.4585,200.0,0.5,8.0,False
0.459,200.0,0.5,8.0,False
0.4595,200.0,0.5,8.0,False
0.46,200.0,0.5,8.0,False
0.4605,200.0,0.5,8.0,False
0.461,200.0,0.5,8.0,False
0.4615,200.0,0.5,8.0,False
0.462,200.0,0.5,8.0,False
0.4625,200.0,0.5,8.0,False
0.463,200.0,0.5,8.0,False
0.4635,200.0,0.5,8.0,False
0.464,200.0,0.5,8.0,False
0.4645,200.0,0.5,8.0,False
0.465,200.0,0.5,8.0,False
0.4655,200.0,0.5,8.0,False
0.466,200.0,0.5,8.0,False
0.4665,200.0,0.5,8.0,False
0.467,200.0,0.5,8.0,False
0.4675,200.0,0.5,8.0,False
0.468,200.0,0.5,8.0,False
0.4685,200.0,0.5,8.0,False
0.46900000000000003,200.0,0.5,8.0,False
0.46950000000000003,200.0,0.5,8.0,False
0.47000000000000003,200.0,0.5,8.0,False
0.47050000000000003,200.0,0.5,8.0,False
0.47100000000000003,200.0,0.5,8.0,False
0.47150000000000003,200.0,0.5,8.0,False
0.47200000000000003,200.0,0.5,8.0,False
0.47250000000000003,200.0,0.5,8.0,False
0.47300000000000003,200.0,0.5,8.0,False
0.47350000000000003,200.0,0.5,8.0,False
0.47400000000000003,200.0,0.5,8.0,False
0.47450000000000003,200.0,0.5,8.0,False
0.47500000000000003,200.0,0.5,8.0,False
0.47550000000000003,200.0,0.5,8.0,False
0.47600000000000003,200.0,0.5,8.0,False
0.47650000000000003,200.0,0.5,8.0,False
0.47700000000000004,200.0,0.5,8.0,False
0.47750000000000004,200.0,0.5,8.0,False
0.47800000000000004,200.0,0.5,8.0,False
0.47850000000000004,200.0,0.5,8.0,False
0.47900000000000004,200.0,0.5,8.0,False
0.47950000000000004,200.0,0.5,8.0,False
0.48,200.0,0.5,8.0,False
0.4805,200.0,0.5,8.0,False
0.481,200.0,0.5,8.0,False
0.4815,200.0,0.5,8.0,False
0.482,200.0,0.5,8.0,False
0.4825,200.0,0.5,8.0,False
0.483,200.0,0.5,8.0,False
0.4835,200.0,0.5,8.0,False
0.484,200.0,0.5,8.0,False
0.4845,200.0,0.5,8.0,False
0.485,200.0,0.5,8.0,False
0.4855,200.0,0.5,8.0,False
0.486,200.0,0.5,8.0,False
0.4865,200.0,0.5,8.0,False
0.487,200.0,0.5,8.0,False
0.4875,200.0,0.5,8.0,False
0.488,200.0,0.5,8.0,False
0.4885,200.0,0.5,8.0,False
0.489,200.0,0.5,8.0,False
0.4895,200.0,0.5,8.0,False
0.49,200.0,0.5,8.0,False
0.4905,200.0,0.5,8.0,False
0.491,200.0,0.5,8.0,False
0.4915,200.0,0.5,8.0,False
0.492,200.0,0.5,8.0,False
0.4925,200.0,0.5,8.0,False
0.493,200.0,0.5,8.0,False
0.4935,200.0,0.5,8.0,False
0.494,200.0,0.5,8.0,False
0.4945,200.0,0.5,8.0,False
0.495,200.0,0.5,8.0,False
0.4955,200.0,0.5,8.0,False
0.496,200.0,0.5,8.0,False
0.4965,200.0,0.5,8.0,False
0.497,200.0,0.5,8.0,False
0.4975,200.0,0.5,8.0,False
0.498,200.0,0.5,8.0,False
0.4985,200.0,0.5,8.0,False
0.499,200.0,0.5,8.0,False
0.4995,200.0,0.5,8.0,False
0.5,200.0,0.5,8.0,False
0.5005000000000001,200.0,0.5,8.0,False
0.501,200.0,0.5,8.0,False
0.5015000000000001,200.0,0.5,8.0,False
0.502,200.0,0.5,8.0,False
0.5025000000000001,200.0,0.5,8.0,False
0.503,200.0,0.5,8.0,False
0.5035000000000001,200.0,0.5,8.0,False
0.504,200.0,0.5,8.0,False
0.5045000000000001,200.0,0.5,8.0,False
0.505,200.0,0.5,8.0,False
0.5055000000000001,200.0,0.5,8.0,False
0.506,200.0,0.5,8.0,False
0.5065000000000001,200.0,0.5,8.0,False
0.507,200.0,0.5,8.0,False
0.5075000000000001,200.0,0.5,8.0,False
0.508,200.0,0.5,8.0,False
0.5085000000000001,200.0,0.5,8.0,False
0.509,200.0,0.5,8.0,False
0.5095000000000001,200.0,0.5,8.0,False
0.51,200.0,0.5,8.0,False
0.5105000000000001,200.0,0.5,8.0,False
0.511,200.0,0.5,8.0,False
0.5115000000000001,200.0,0.5,8.0,False
0.512,200.0,0.5,8.0,False
0.5125,200.0,0.5,8.0,False
0.513,200.0,0.5,8.0,False
0.5135,200.0,0.5,8.0,False
0.514,200.0,0.5,8.0,False
0.5145,200.0,0.5,8.0,False
0.515,200.0,0.5,8.0,False
0.5155,200.0,0.5,8.0,False
0.516,200.0,0.5,8.0,False
0.5165,200.0,0.5,8.0,False
0.517,200.0,0.5,8.0,False
0.5175,200.0,0.5,8.0,False
0.518,200.0,0.5,8.0,False
0.5185,200.0,0.5,8.0,False
0.519,200.0,0.5,8.0,False
0.5195,200.0,0.5,8.0,False
0.52,200.0,0.5,8.0,False
0.5205,200.0,0.5,8.0,False
0.521,200.0,0.5,8.0,False
0.5215,200.0,0.5,8.0,False
0.522,200.0,0.5,8.0,False
0.5225,200.0,0.5,8.0,False
0.523,200.0,0.5,8.0,False
0.5235,200.0,0.5,8.0,False
0.524,200.0,0.5,8.0,False
0.5245,200.0,0.5,8.0,False
0.525,200.0,0.5,8.0,False
0.5255,200.0,0.5,8.0,False
0.526,200.0,0.5,8.0,False
0.5265,200.0,0.5,8.0,False
0.527,200.0,0.5,8.0,False
0.5275,200.0,0.5,8.0,False
0.528,200.0,0.5,8.0,False
0.5285,200.0,0.5,8.0,False
0.529,200.0,0.5,8.0,False
0.5295,200.0,0.5,8.0,False
0.53,200.0,0.5,8.0,False
0.5305,200.0,0.5,8.0,False
0.531,200.0,0.5,8.0,False
0.5315,200.0,0.5,8.0,False
0.532,200.0,0.5,8.0,False
0.5325,200.0,0.5,8.0,False
0.533,200.0,0.5,8.0,False
0.5335,200.0,0.5,8.0,False
0.534,200.0,0.5,8.0,False
0.5345,200.0,0.5,8.0,False
0.535,200.0,0.5,8.0,False
0.5355,200.0,0.5,8.0,False
0.536,200.0,0.5,8.0,False
0.5365,200.0,0.5,8.0,False
0.537,200.0,0.5,8.0,False
0.5375,200.0,0.5,8.0,False
0.538,200.0,0.5,8.0,False
0.5385,200.0,0.5,8.0,False
0.539,200.0,0.5,8.0,False
0.5395,200.0,0.5,8.0,False
0.54,200.0,0.5,8.0,False
0.5405,200.0,0.5,8.0,False
0.541,200.0,0.5,8.0,False
0.5415,200.0,0.5,8.0,False
0.542,200.0,0.5,8.0,False
0.5425,200.0,0.5,8.0,False
0.543,200.0,0.5,8.0,False
0.5435,200.0,0.5,8.0,False
0.544,200.0,0.5,8.0,False
0.5445,200.0,0.5,8.0,False
0.545,200.0,0.5,8.0,False
0.5455,200.0,0.5,8.0,False
0.546,200.0,0.5,8.0,False
0.5465,200.0,0.5,8.0,False
0.547,200.0,0.5,8.0,False
0.5475,200.0,0.5,8.0,False
0.548,200.0,0.5,8.0,False
0.5485,200.0,0.5,8.0,False
0.549,200.0,0.5,8.0,False
0.5495,200.0,0.5,8.0,False
0.55,200.0,0.5,8.0,False
0.5505,200.0,0.5,8.0,False
0.551,200.0,0.5,8.0,False
0.5515,200.0,0.5,8.0,False
0.552,200.0,0.5,8.0,False
0.5525,200.0,0.5,8.0,False
0.553,200.0,0.5,8.0,False
0.5535,200.0,0.5,8.0,False
0.554,200.0,0.5,8.0,False
0.5545,200.0,0.5,8.0,False
0.555,200.0,0.5,8.0,False
0.5555,200.0,0.5,8.0,False
0.556,200.0,0.5,8.0,False
0.5565,200.0,0.5,8.0,False
0.557,200.0,0.5,8.0,False
0.5575,200.0,0.5,8.0,False
0.558,200.0,0.5,8.0,False
0.5585,200.0,0.5,8.0,False
0.559,200.0,0.5,8.0,False
0.5595,200.0,0.5,8.0,False
0.56,200.0,0.5,8.0,False
0.5605,200.0,0.5,8.0,False
0.561,200.0,0.5,8.0,False
0.5615,200.0,0.5,8.0,False
0.562,200.0,0.5,8.0,False
0.5625,200.0,0.5,8.0,False
0.5630000000000001,200.0,0.5,8.0,False
0.5635,200.0,0.5,8.0,False
0.5640000000000001,200.0,0.5,8.0,False
0.5645,200.0,0.5,8.0,False
0.5650000000000001,200.0,0.5,8.0,False
0.5655,200.0,0.5,8.0,False
0.5660000000000001,200.0,0.5,8.0,False
0.5665,200.0,0.5,8.0,False
0.5670000000000001,200.0,0.5,8.0,False
0.5675,200.0,0.5,8.0,False
0.5680000000000001,200.0,0.5,8.0,False
0.5685,200.0,0.5,8.0,False
0.5690000000000001,200.0,0.5,8.0,False
0.5695,200.0,0.5,8.0,False
0.5700000000000001,200.0,0.5,8.0,False
0.5705,200.0,0.5,8.0,False
0.5710000000000001,200.0,0.5,8.0,False
0.5715,200.0,0.5,8.0,False
0.5720000000000001,200.0,0.5,8.0,False
0.5725,200.0,0.5,8.0,False
0.5730000000000001,200.0,0.5,8.0,False
0.5735,200.0,0.5,8.0,False
0.5740000000000001,200.0,0.5,8.0,False
0.5745,200.0,0.5,8.0,False
0.5750000000000001,200.0,0.5,8.0,False
0.5755,200.0,0.5,8.0,False
0.5760000000000001,200.0,0.5,8.0,False
0.5765,200.0,0.5,8.0,False
0.577,200.0,0.5,8.0,False
0.5775,200.0,0.5,8.0,False
0.578,200.0,0.5,8.0,False
0.5785,200.0,0.5,8.0,False
0.579,200.0,0.5,8.0,False
0.5795,200.0,0.5,8.0,False
0.58,200.0,0.5,8.0,False
0.5805,200.0,0.5,8.0,False
0.581,200.0,0.5,8.0,False
0.5815,200.0,0.5,8.0,False
0.582,200.0,0.5,8.0,False
0.5825,200.0,0.5,8.0,False
0.583,200.0,0.5,8.0,False
0.5835,200.0,0.5,8.0,False
0.584,200.0,0.5,8.0,False
0.5845,200.0,0.5,8.0,False
0.585,200.0,0.5,8.0,False
0.5855,200.0,0.5,8.0,False
0.586,200.0,0.5,8.0,False
0.5865,200.0,0.5,8.0,False
0.587,200.0,0.5,8.0,False
0.5875,200.0,0.5,8.0,False
0.588,200.0,0.5,8.0,False
0.5885,200.0,0.5,8.0,False
0.589,200.0,0.5,8.0,False
0.5895,200.0,0.5,8.0,False
0.59,200.0,0.5,8.0,False
0.5905,200.0,0.5,8.0,False
0.591,200.0,0.5,8.0,False
0.5915,200.0,0.5,8.0,False
0.592,200.0,0.5,8.0,False
0.5925,200.0,0.5,8.0,False
0.593,200.0,0.5,8.0,False
0.5935,200.0,0.5,8.0,False
0.594,200.0,0.5,8.0,False
0.5945,200.0,0.5,8.0,False
0.595,200.0,0.5,8.0,False
0.5955,200.0,0.5,8.0,False
0.596,200.0,0.5,8.0,False
0.5965,200.0,0.5,8.0,False
0.597,200.0,0.5,8.0,False
0.5975,200.0,0.5,8.0,False
0.598,200.0,0.5,8.0,False
0.5985,200.0,0.5,8.0,False
0.599,200.0,0.5,8.0,False
0.5995,200.0,0.5,8.0,False
0.6,200.0,0.5,8.0,False
0.6005,195.92566687546042,0.5,8.51867998624289,False
0.601,192.54985804587258,0.5002648316530951,10.0044470741944,False
0.6015,190.2903418282008,0.5005453742238865,12.228273145310524,False
0.602,189.40325529902958,0.500803994907347,14.872956913094017,False
0.6025,189.95611109234835,0.5010073004043201,17.57799761384078,False
0.603,191.826411960413,0.5011303159482688,19.988048863756898,False
0.6035,194.7246553263157,0.5011594047254594,21.798647932449104,False
0.604,198.23766828265883,0.5010936227272696,22.793676615147216,False
0.6045,201.8860852461472,0.5009444070552126,22.870282381490703,False
0.605,205.1884195613927,0.500733694928346,22.04860157520909,False
0.6055,207.72360870036954,0.5004907519191628,20.465454562987926,False
0.606,209.18417591468256,0.5002481383317083,18.35310822176369,False
0.6065,209.41330534528842,0.5000373473322725,16.00606543403173,False
0.607,208.42116770739105,0.4998846912805629,13.740421435276012,False
0.6075,206.378606996569,0.4998079806468469,11.85136092363244,False
0.608,203.58945864969007,0.4998144295774395,10.57462799172311,False
0.6085,200.44581086077255,0.49990004511503805,10.057173714588073,False
0.609,197.3728960034592,0.5000505403415724,10.340746487026236,False
0.6095,194.77157473627534,0.5002435926443861,11.360194493338039,False
0.61,192.9663587148614,0.5004520850867011,12.956072896784052,False
0.6105,192.1657010592668,0.500647850507049,14.899178253202416,False
0.611,192.43919020849478,0.5008053978739397,16.923169319982467,False
0.6115,193.71374815862737,0.5009051355633508,18.760631961425286,False
0.612,195.78837868732208,0.5009357014434648,20.177816729215436,False
0.6125,198.36475449277967,0.5008951442367202,21.00373067031959,False
0.613,201.08917011617885,0.5007908541290557,21.15016661531328,False
0.6135,203.6002206518193,0.500638295796143,20.620469896520145,False
0.614,205.57604661989484,0.5004587399595837,19.506253560947975,False
0.6145,206.7751479764158,0.5002763079618815,17.9727591856305,False
0.615,207.0656300878367,0.5001147256744093,16.234982262213016,False
0.6155,206.43926243035304,0.4999942171175206,14.52787128544443,False
0.616,205.0087705693635,0.49992894656393955,13.07468900070854,False
0.6165,202.98908966941005,0.49992533959844854,12.05784352390657,False
0.617,200.66553581562158,0.4999814872984051,11.596087655597454,False
0.6175,198.35362895985654,0.5000876819538602,11.730994743836462,False
0.618,196.35632768822035,0.5002279728622505,12.42421538663973,False
0.6185,194.92456030517823,0.5003824930105091,13.565448798995124,False
0.619,194.22619108041943,0.5005302129750835,14.9895919778877,False
0.6195,194.32713627857188,0.5006517385701151,16.500379855878574,False
0.62,195.18652590407874,0.500731784266029,17.897134637041642,False
0.6205,196.66589230221936,0.5007610168961925,19.00104111023665,False
0.621,198.550608059263,0.5007370601917521,19.677619200843377,False
0.6215,200.58037261518453,0.5006645652830111,19.852692962372483,False
0.622,202.4845713430179,0.5005543714659871,19.520057211884964,False
0.6225,204.0178663084384,0.5004218929594503,18.740116222780404,False
0.623,204.99145640376298,0.5002849602165526,17.62990656468925,False
0.6235,205.29606631535754,0.5001614088657299,16.346001458469768,False
0.624,204.91384190965294,0.5000667373754198,15.062698969999332,False
0.6245,203.91783025658415,0.5000121409670603,13.948494137974055,False
0.625,202.45941756385264,0.5000031740958649,13.144025060986397,False
0.6255000000000001,200.74574323502097,0.5000392034670438,12.744420279796213,False
0.626,199.01044601771545,0.50011370103496,12.788291633284292,False
0.6265000000000001,197.48191671971423,0.5002153092055596,13.254623423257083,False
0.627,196.35341464290948,0.5003295069196638,14.067671735131581,False
0.6275000000000001,195.75895494750617,0.5004406308038606,15.108891808403845,False
0.628,195.75790503156884,0.5005339694644181,16.234018507086994,False
0.6285000000000001,196.3299260309566,0.5005976533847415,17.292845048126154,False
0.629,197.38047151455243,0.5006241034443077,18.149024911370347,False
0.6295000000000001,198.75570284548047,0.5006108690974096,18.697351624375237,False
0.63,200.26455162343905,0.5005607719881809,18.876401670460233,False
0.6305000000000001,201.7048595045538,0.5004813612749315,18.67508566646074,False
0.631,202.89011902776528,0.5003837729883074,18.132459865237916,False
0.6315000000000001,203.67335634894172,0.5002811582267304,17.331014881092155,False
0.632,203.9651349894086,0.5001868960154374,16.384486123572515,False
0.6325000000000001,203.7434757564126,0.500112830058573,15.421922306382537,False
0.633,203.0545906943047,0.5000677608838766,14.570212186708648,False
0.6335000000000001,202.00457833006035,0.5000563862765673,13.937434935803,False
0.634,200.74344850134324,0.5000788182198287,13.599235535643734,False
0.6345000000000001,199.44385596411004,0.5001307229837444,13.589954789722757,False
0.635,198.27757080577896,0.5002040447711444,13.899538145194569,False
0.6355000000000001,197.39291082333443,0.5002881954669743,14.476422219307132,False
0.636,196.8960966899906,0.5003715348037465,15.235782133991956,False
0.6365000000000001,196.83883196472155,0.5004429340600638,16.07183524752288,False
0.637,197.2134796728756,0.5004932148168565,16.87242478447365,False
0.6375000000000001,197.95615395855475,0.5005162802363556,17.53389552316526,False
0.638,198.957014975357,0.5005098042126934,17.974327491934524,False
0.6385000000000001,200.07617095925238,0.500475405937223,18.143484398635668,False
0.639,201.1629451369202,0.5004183055736393,18.02831117951999,False
0.6395000000000001,202.07591623713998,0.5003465226877022,17.65341623633151,False
0.64,202.70111864892968,0.500269735389134,17.076627339757522,False
0.6405,202.96608975014223,0.5001979584888105,16.380340034960568,False
0.641,202.84804240552845,0.5001402185874978,15.659907758336598,False
0.6415,202.37524925078594,0.5001034003186456,15.010685085036377,False
0.642,201.6216479361882,0.500091411237621,14.515478645488491,False
0.6425,200.69558605265476,0.500104766584308,14.234062123364307,False
0.643,199.72439045971086,0.5001406358876949,14.196086449694555,False
0.6435,198.8369577523589,0.5001933298104464,14.398214333245631,False
0.644,198.14675180664676,0.5002551470795286,14.805708156106498,False
0.6445,197.73744599152215,0.5003174560997145,15.358093527222676,False
0.645,197.653000971512,0.5003718597005979,15.977994502886693,False
0.6455,197.8933054562813,0.5004112869370257,16.581858524383986,False
0.646,198.41573155670733,0.5004308721309431,17.091099528327714,False
0.6465,199.1421771784424,0.5004285148525711,17.44219704321734,False
0.647,199.97048217644652,0.5004050599138078,17.59448231386139,False
0.6475,200.7885891866384,0.5003640874312609,17.534685156294024,False
0.648,201.48952602329993,0.5003113532429516,17.277759838462714,False
0.6485,201.9852406076229,0.5002539635107691,16.863999313250382,False
0.649,202.21752174073504,0.5001993991724386,16.35292532079658,False
0.6495,202.16466280302419,0.5001545222896719,15.814848726714727,False
0.65,201.84311686032575,0.5001246952945122,15.321278204242843,False
0.6505,201.30407323291013,0.5001131258387421,14.93547821985783,False
0.651,200.6255645038994,0.5001205169216193,14.704422531241612,False
0.6515,199.90129426924645,0.5001450588905113,14.65316599717461,False
0.652,199.22777848922584,0.5001827529882054,14.782300008939071,False
0.6525,198.6915641481803,0.500228012099868,15.068720064771684,False
0.653,198.3582123207601,0.5002744493546974,15.46948310367734,False
0.6535,198.26443119303428,0.5003157437612572,15.928131128345044,False
0.654,198.41427220343783,0.500346466349748,16.38255862214057,False
0.6545,198.77973311203135,0.5003627602161762,16.773337945132035,False
0.655,199.30552573880468,0.500362791174066,17.051401842347286,False
0.6555,199.9172383781136,0.5003469186566453,17.18410823720617,False
0.656,200.53171517601234,0.5003175744490082,17.158956347810715,False
0.6565,201.068230702315,0.500278874881473,16.984549912950413,False
0.657,201.45898093438726,0.5002360256446232,16.688770596872427,False
0.6575,201.6575439675648,0.5001946034190038,16.314486710780265,False
0.658,201.64426547794608,0.5001598121078314,15.913434304903303,False
0.6585,201.42795519447336,0.5001358120501431,15.539130094451574,False
0.659,201.04378399890982,0.5001252082363997,15.239780018624536,False
0.6595,200.54777852125648,0.5001287600361942,15.052120447334154,False
0.66,200.00875155481967,0.500145343632258,14.996976542719892,False
0.6605,199.4988220676357,0.5001721637072576,15.077067789333825,False
0.661,199.08382724112707,0.5002051778506023,15.277272701687853,False
0.6615,198.8148959315759,0.5002396701833108,15.567229899277816,False
0.662,198.72225065671472,0.5002708933098147,15.905848123436881,False
0.6625,198.81196967639326,0.500294691813707,16.247063266984476,False
0.663,199.06602404147077,0.5003080263175772,16.546043524761842,False
0.6635,199.44546563165807,0.5003093332387013,16.765016735430166,False
0.664,199.89623848532204,0.500298679174717,16.877974325342123,False
0.6645,200.35676595937215,0.500277696954754,16.8736785303733,False
0.665,200.76626626482715,0.5002493190916609,16.756638425654497,False
0.6655,201.07268891690327,0.5002173500824157,16.54599387992498,False
0.666,201.23924798836526,0.5001859386160584,16.27251994615637,False
0.6665,201.24874115539296,0.5001590219426598,15.974203007993008,False
0.667,201.1051569449139,0.5001398161669776,15.69101416895552,False
0.6675,200.83244397428228,0.5001304180233278,15.459593018530366,False
0.668,200.4706950058656,0.5001315670122451,15.30854561692523,False
0.6685,200.07033385329962,0.500142594035578,15.254957293065303,False
0.669,199.68513960554404,0.5001615570854068,15.3025399283283,False
0.6695,199.36506879647976,0.5001855397037115,15.441601943685875,False
0.67,199.14982877932192,0.5002110672122174,15.650780824570868,False
0.6705,199.0640210481601,0.5002345817813855,15.900247327265596,False
0.671,199.1144355448414,0.5002529118522211,16.15590784582471,False
0.6715,199.2897728185624,0.5002636745942144,16.384018709409176,False
0.672,199.56274347472336,0.5002655611382499,16.55559463775265,False
0.6725,199.89418700633396,0.500258471453321,16.65004324809873,False
0.673,200.23860293698442,0.5002434864716456,16.65757830456906,False
0.6735,200.5503250821513,0.5002226866310583,16.58013816919826,False
0.674,200.7895117568164,0.5001988456475677,16.430738955069444,False
0.6745,200.92717497973698,0.5001750436374821,16.23139776308207,False
0.675,200.94862100394607,0.5001542528516401,16.009943884409164,False
0.6755,200.85490151585685,0.5001389512353704,15.796171976337948,False
0.676,200.6621484636687,0.500130813687037,15.617864079109948,False
0.6765,200.39894856404732,0.5001305191126915,15.4972085071547,False
0.677,200.10216791968318,0.5001376948792118,15.448074504531913,False
0.6775,199.81182911604236,0.5001510013926347,15.474473222012387,False
0.678,199.5657483314637,0.5001683408960761,15.570367248324894,False
0.6785,199.39464698526183,0.5001871587103331,15.720806866545558,False
0.679,199.31836405973237,0.5002047940728642,15.90419692891025,False
0.6795,199.34362735578932,0.5002188327582447,16.095356721340845,False
0.68,199.46362045810085,0.500227415183105,16.268943725699835,False
0.6805,199.6593386395418,0.500229461221118,16.402780456653616,False
0.681,199.9024939044983,0.5002247852324528,16.48065293110412,False
0.6815,200.15953627079918,0.5002140900606376,16.49423339543172,False
0.682,200.3962281645196,0.5001988448982605,16.443905797155722,False
0.6825,200.5821556636494,0.5001810668811066,16.338422668231047,False
0.683,200.6945885384175,0.5001630381711955,16.193476721948695,False
0.6835,200.72120469461748,0.5001469976993808,16.02940964406541,False
0.684,200.66135846382318,0.5001348488211516,15.868386686273176,False
0.6845,200.525773426339,0.5001279207557339,15.731425651767347,False
0.685,200.3347516911251,0.500126813406213,15.635675842767226,False
0.6855,200.1151844061123,0.5001313432176068,15.592296880502419,False
0.686,199.8967973321077,0.5001405938157658,15.605196553284847,False
0.6865,199.70815178721892,0.5001530612094843,15.670764585718755,False
0.687,199.57293556761633,0.5001668712099205,15.778602993546638,False
0.6875,199.50702129727273,0.5001800379873864,15.913122317986323,False
0.6880000000000001,199.51665153193366,0.5001907283814445,16.055763871379778,False
0.6885,199.59794906141343,0.5001974970967324,16.187534696958583,False
0.6890000000000001,199.73777019428007,0.5001994629843373,16.291512347384966,False
0.6895,199.91574273044372,0.5001964053747798,16.354992793592093,False
0.6900000000000001,200.10718136753368,0.5001887706070149,16.371012804598102,False
0.6905,200.28646949548204,0.5001775909546474,16.339068919212213,False
0.6910000000000001,200.43044935292994,0.5001643295058178,16.26496586796914,False
0.6915,200.52137648695438,0.5001506737726514,16.15984315657612,False
0.6920000000000001,200.54906574714215,0.5001383067686459,16.038534428492298,False
0.6925,200.5119738446159,0.5001286863194293,15.917496733847194,False
0.6930000000000001,200.4171112278681,0.5001228613068864,15.812595776390664,False
0.6935,200.27883345984011,0.5001213477693057,15.737043009389419,False
0.6940000000000001,200.11670829202114,0.5001240791558096,15.699750847831936,False
0.6945,199.95277006671208,0.5001304347898202,15.704308325142476,False
0.6950000000000001,199.80854341516797,0.500139340150085,15.748690860218835,False
0.6955,199.70223552301564,0.5001494233314348,15.825717112870427,False
0.6960000000000001,199.64646008202374,0.500159205193197,15.924167080220782,False
0.6965,199.64677328315247,0.5001672970640163,16.03039170039514,False
0.6970000000000001,199.70118563566356,0.5001725798047125,16.13018578049897,False
0.6975,199.80067971690835,0.5001743414025521,16.210669694920753,False
0.6980000000000001,199.93063131022024,0.5001723565027362,16.26193314553543,False
0.6985,200.0729169379779,0.5001668994534173,16.27823396648568,False
0.6990000000000001,200.2084086266784,0.5001586914179598,16.25861016425415,False
0.6995,200.3195162751406,0.5001487907041245,16.20684479876618,False
0.7000000000000001,200.3924430501695,0.5001384425775743,16.130809899871437,False
0.7005,200.41886772928353,0.5001289095930703,16.041296020926314,False
0.7010000000000001,200.39685227407273,0.5001213053431753,15.950497992749096,False
0.7015,200.33088112196086,0.5001164533318249,15.870367061608885,False
0.7020000000000001,200.23105584748362,0.5001147886726011,15.811050342679088,False
0.7025,200.11157922942766,0.5001163140986126,15.779619793423697,False
0.7030000000000001,199.98875191064687,0.500120614241074,15.779248068270086,False
0.7035,199.87876154124524,0.5001269243283534,15.808924444449222,False
0.704,199.79556206609553,0.5001342424237047,15.863729701650318,False
0.7045,199.74911865025285,0.5001414689664708,15.935614639172746,False
0.705,199.7442360406193,0.5001475543575092,16.014562661548293,False
0.7055,199.78010391726744,0.5001516349473815,16.089970661950893,False
0.706,199.8505941004844,0.50015313999479,16.15205964979592,False
0.7065,199.94524481802273,0.5001518565741221,16.193129271522817,False
0.707,200.05077961004923,0.5001479453659747,16.208497235832812,False
0.7075,200.1529437738513,0.5001419069322227,16.19701129960528,False
0.708,200.23840708104262,0.5001345045674248,16.16108116000401,False
0.7085,200.29648122714153,0.5001266552958497,16.106242164870967,False
0.709,200.3204330429205,0.5001193043701375,16.0403236650351,False
0.7095,200.30823466260773,0.5001133002837047,15.972344270949973,False
0.71,200.26267092302095,0.5001092866827813,15.911288118951768,False
0.7105,200.19081132313738,0.5001076248059153,15.864926834144903,False
0.711,200.10293719062923,0.5001083556160625,15.838840433020833,False
0.7115,200.01108336907006,0.5001112052648284,15.835759126534812,False
0.712,199.92739911167243,0.5001156317053703,15.855301642978917,False
0.7125,199.86254969057015,0.5001209049315651,15.894130940704109,False
0.713,199.82436725839227,0.5001262091572617,15.94649257605809,False
0.7135,199.8169195174218,0.5001307527699947,16.0050519206565,False
0.714,199.84010403473786,0.5001338713642819,16.061910114957033,False
0.7145,199.88980335033003,0.500135110577895,16.109659393068014,False
0.715,199.95856132909367,0.5001342785618604,16.142338094732512,False
0.7155,200.03667432776507,0.5001314622429859,16.156163631916865,False
0.716,200.11354010153735,0.5001270064781358,16.149954900377363,False
0.7165,200.17907896873976,0.5001214600879241,16.12519926799048,False
0.717,200.22503851889525,0.500115496960033,16.08576730923296,False
0.7175,200.24601468625934,0.5001098234047417,16.03732449668412,False
0.718,200.24006472666107,0.5001050843760796,15.986527164782173,False
0.7185,200.2088452908267,0.5001017809031596,15.940115488337687,False
0.719,200.15727336122706,0.500100209195589,15.904026018030082,False
0.7195,200.09277059894518,0.5001004286916505,15.882639676730799,False
0.72,200.0242044005848,0.5001022622707805,15.878259434811424,False
0.7205,199.96067503701306,0.5001053275146897,15.890878501995463,False
0.721,199.91031341340343,0.5001090938573131,15.918259604500136,False
0.7215,199.87924696205533,0.5001129572372925,15.956304322734443,False
0.722,199.8708636668285,0.5001163218554291,15.999654087205405,False
0.7225,199.88546058645375,0.500118678065188,16.042436041470054,False
0.723,199.92030981854614,0.5001196663104099,16.079050982246905,False
0.7235,199.97011898855484,0.5001191192015271,16.104898619704763,False
0.724,200.02781244784896,0.5001170769581984,16.116947211782144,False
0.7245,200.08551988362578,0.5001137750985158,16.114078181881165,False
0.725,200.1356357230887,0.5001096069284727,16.09716815076354,False
0.7255,200.1718080414239,0.5001050666006532,16.06890647555971,False
0.726,200.18972964875704,0.5001006808641151,16.03338111578365,False
0.7265,200.18763421043002,0.5000969388390171,15.995494933484697,False
0.727,200.1664421850833,0.500094229097777,15.960294721142754,False
0.7275,200.12954917697687,0.5000927920662681,15.932303973625855,False
0.728,200.08229652035902,0.5000926934790187,15.914946893074678,False
0.7285,200.03120434030922,0.5000938216640443,15.910136193422213,False
0.729,199.98307585111107,0.500095908207942,15.918073294451645,False
0.7295,199.9440948889888,0.5000985684946353,15.937279931875654,False
0.73,199.91903540321633,0.5001013561194066,15.964849153790142,False
0.7305,199.91068285468313,0.500103823562647,15.99687527304958,False
0.731,199.91953621622767,0.5001055809472534,16.029000244757697,False
0.7315,199.94382008977345,0.5001063452359327,16.057000815932515,False
0.732,199.97979477475408,0.5001059737409088,16.077338047882858,False
0.7325,200.02231348493783,0.5001044780850386,16.0875984289329,False
0.733,200.0655452569636,0.5001020174472552,16.086772414313405,False
0.7335,200.10376314662597,0.5000988726797996,16.075339369423176,False
0.734,200.13209214112513,0.500095405338117,16.05515431077793,False
0.7345,200.14712004153165,0.5000920075062751,16.02915797715852,False
0.735,200.14729577755887,0.5000890493106319,16.000954213916714,False
0.7355,200.1330700301359,0.5000868310871672,15.974314595273738,False
0.736,200.10676837218986,0.5000855463240862,15.952677759863873,False
0.7365,200.07222259347273,0.5000852598814007,15.938709370509912,False
0.737,200.03421678061446,0.5000859038314345,15.933978430968896,False
0.7375,199.99782715511847,0.5000872908703682,15.938788524002764,False
0.738,199.9677459541521,0.5000891429443162,15.952180873580444,False
0.7385,199.94767866231538,0.5000911308150522,15.97210298779644,False
0.739,199.93989121883405,0.5000929189997093,15.995715108790955,False
0.7395,199.94496151280615,0.5000942100036009,16.019789557892455,False
0.74,199.96176081129428,0.5000947820662103,16.041147414715354,False
0.7405,199.98765972749285,0.5000945156891164,16.057073974916506,False
0.741,200.01892407825142,0.500093405847394,16.06565921442116,False
0.7415,200.0512422670678,0.5000915587686824,16.066021150115926,False
0.742,200.08031056785458,0.5000891742252356,16.058386766030342,False
0.7425,200.10239758219288,0.5000865161516783,16.04402470288058,False
0.743,200.11481452428598,0.5000838758372286,16.025043542312975,False
0.7435,200.116232802379,0.5000815327722596,16.004086682911073,False
0.744,200.10681236391773,0.5000797183663193,15.983967335000035,False
0.7445,200.0881303352056,0.5000785872027835,15.967293562535298,False
0.745,200.06292605937531,0.5000781993491911,15.95613293131647,False
0.7455,200.0347022079036,0.5000785156720919,15.951759453345188,False
0.746,200.00723920693252,0.500079406331547,15.954513266283447,False
0.7465,199.98408966744708,0.5000806708934915,15.963787648020524,False
0.747,199.96811986843102,0.5000820670254542,15.978140746800053,False
0.7475,199.9611568787624,0.5000833437173784,15.995513121121995,False
0.748,199.9637840359366,0.5000842745136804,16.013518940122992,False
0.7485,199.97530657113808,0.5000846863952827,16.02977012771793,False
0.749,199.9938861043997,0.5000844806699556,16.042189802690284,False
0.7495,200.01682062862085,0.5000836434017265,16.049274259161976,False
0.75,200.0409283181099,0.5000822443660861,16.050270866342018,False
0.7505000000000001,200.0629812967392,0.50008042505684,16.045251398178642,False
0.751,200.08013077144335,0.5000783776884575,16.03507470923579,False
0.7515000000000001,200.0902680456766,0.5000763182531506,16.02124739117408,False
0.752,200.09227620626848,0.5000744573687538,16.00570413714669,False
0.7525000000000001,200.08614314209044,0.5000729728176302,15.990539347092787,False
0.753,200.07292573946233,0.5000719873237077,15.977726847060952,False
0.7535000000000001,200.05457497893767,0.5000715543077472,15.968864915793032,False
0.754,200.03364959541696,0.5000716532210894,15.964979235315784,False
0.7545000000000001,200.01295966370634,0.5000721947463341,15.96640767376342,False
0.755,199.99518927384713,0.5000730348479641,15.972779252415364,False
0.7555000000000001,199.98254853756578,0.5000739955283493,15.983086861955353,False
0.756,199.97649960702077,0.5000748893371,15.99584099926165,False
0.7565000000000001,199.9775901492295,0.5000755442895218,16.00928159468106,False
0.757,199.98541247706788,0.500075825910173,16.021618158122543,False
0.7575000000000001,199.9986894301602,0.500075653606625,16.03126577153216,False
0.758,200.015471434356,0.500075009417518,16.03704610579564,False
0.7585000000000001,200.0334151150702,0.5000739382457929,16.03832827523968,False
0.759,200.05010414829786,0.5000725398350311,16.03509308792074,False
0.7595000000000001,200.06336882388078,0.5000709538211453,16.027914853900484,False
0.76,200.07156243459033,0.5000693400550079,16.017865925363633,False
0.7605000000000001,200.07375968117086,0.5000678569379535,16.00635910550105,False
0.761,200.06985368913539,0.500066640680407,15.994950706397972,False
0.7615000000000001,200.0605423282133,0.5000657881746717,15.985131433900595,False
0.762,200.04720937051653,0.5000653456077947,15.97813295968298,False
0.7625000000000001,200.03171964358935,0.5000653041151217,15.974775041182955,False
0.763,200.01615798006037,0.5000656028068142,15.975371885812248,False
0.7635000000000001,200.0025481366002,0.5000661385202898,15.97970804367817,False
0.764,199.9925892579994,0.5000667807904138,15.987084635200729,False
0.7645000000000001,199.98744388209016,0.5000673898954738,15.996427458823378,False
0.765,199.98760355923906,0.500067835506038,16.00644068908395,False
0.7655000000000001,199.9928470862409,0.5000680134687919,16.015784446486432,False
0.766,200.00229369095362,0.5000678585861482,16.023252127350418,False
0.7665000000000001,200.01454096683793,0.5000673518505483,16.027924233291554,False
0.767,200.02786658490794,0.5000665213722515,16.029279312969646,False
0.7675000000000001,200.04046515549814,0.5000654370925744,16.027248912290855,False
0.768,200.05068797051803,0.5000642001867124,16.02221121809881,False
0.7685,200.05725406986784,0.5000629287264037,16.01492630311769,False
0.769,200.0594059035849,0.5000617416103882,16.00642344424972,False
0.7695,200.05699103344145,0.5000607429301485,15.997856922445433,False
0.77,200.05046165058093,0.500060008808154,15.99035029574449,False
0.7705,200.04079475108594,0.5000595783525383,15.984849975695685,False
0.771,200.02934613146218,0.5000594497762468,15.982007012612783,False
0.7715,200.01765960984926,0.500059582015256,15.982101652394707,False
0.772,200.0072580326534,0.500059901447189,15.985019119009177,False
0.7725,199.99944411724206,0.500060312655559,15.990278064813726,False
0.773,199.99513693788776,0.5000607116895709,15.997106167869802,False
0.7735,199.99476430658981,0.5000609999944703,16.004551354394458,False
0.774,199.9982232758714,0.5000610971614363,16.011612840553045,False
0.7745,200.00491163527684,0.5000609508638342,16.017374124231196,False
0.775,200.0138238601864,0.5000605427713347,16.021120408699765,False
0.7755,200.02369673714838,0.5000598898021865,16.02242557736738,False
0.776,200.03318387343455,0.5000590407072812,16.02119833828045,False
0.7765,200.04103521311,0.5000580685923653,16.017682865578458,False
0.777,200.04625783275895,0.5000570604971849,16.012415393541765,False
0.7775,200.04823754827987,0.5000561054987112,16.00614394955751,False
0.778,200.04680669824023,0.5000552829497108,15.999723007048747,False
0.7785,200.04225102752193,0.5000546523917392,15.993997733350945,False
0.779,200.03525682767972,0.5000542464098623,15.989693377713387,False
0.7795,200.02680729399347,0.5000540672674393,15.987324144537357,False
0.78,200.0180434230041,0.5000540876347136,15.987132853750763,False
0.7805,200.0101089107696,0.500054255176918,15.989068265751799,False
0.781,200.0039999529409,0.5000545002688682,15.992801770668036,False
0.7815,200.00043949523206,0.5000547457174656,15.997779916580487,False
0.782,199.99979160976434,0.5000549171479225,16.00330466678087,False
0.7825,200.00202587381347,0.5000549526680494,16.008629912168576,False
0.783,200.0067347298016,0.5000548105667398,16.01306102132891,False
0.7835,200.01319975165322,0.5000544741029933,16.016044260982916,False
0.784,200.0204964634813,0.500053952855626,16.0172346954722,False
0.7845,200.02762264901762,0.5000532805730824,16.01653438399411,False
0.785,200.03363251808688,0.5000525099240702,16.01409686878363,False
0.7855,200.03775892466177,0.5000517049428455,16.010298506310914,False
0.786,200.03950800111818,0.5000509322386468,16.005681525999123,False
0.7865,200.03871472177354,0.5000502521648073,16.000877246290127,False
0.787,200.0355534248837,0.5000497111079478,15.99652019734402,False
0.7875,200.03050343612315,0.5000493358714191,15.993164729953586,False
0.788,200.0242758254319,0.5000491308193152,15.991214972374323,False
0.7885,200.01771222719154,0.5000490780624683,15.990876877058515,False
0.789,200.0116699510511,0.5000491405589725,15.992137903420689,False
0.7895,200.00690892832827,0.5000492676235138,15.994776066938178,False
0.79,200.0039952708452,0.500049402040725,15.99839617133699,False
0.7905,200.00323353711102,0.5000494877945365,16.0024875466141,False
0.791,200.00463562232673,0.5000494773781665,16.006494985657532,False
0.7915,200.0079291133273,0.5000493377395708,16.009893121974226,False
0.792,200.0126026739645,0.5000490541283209,16.01225437056154,False
0.7925,200.01798124955113,0.5000486314101795,16.01330173371067,False
0.793,200.02332021044967,0.5000480927626569,16.01294005448772,False
0.7935,200.02790543818816,0.5000474760114553,16.011262346229753,False
0.794,200.03114601765813,0.5000468281684955,16.008531211263715,False
0.7945,200.03264762051026,0.5000461989492572,16.005138630750277,False
0.795,200.0322576019248,0.5000456341548069,16.001550135168973,False
0.7955,200.03007684909227,0.5000451697917073,15.998241211792848,False
0.796,200.0264379515868,0.5000448276766125,15.995634558782518,False
0.7965,200.02185369906456,0.500044613052214,15.99404639316627,False
0.797,200.01694367126737,0.5000445144593542,15.993648553728248,False
0.7975,200.0123492982354,0.500044505805675,15.994450838157062,False
0.798,200.0086489305519,0.5000445502848531,15.996305207247085,False
0.7985,200.00628406694136,0.500044605569279,15.99893056318661,False
0.799,200.0055060439575,0.5000446295514553,16.001954152247283,False
0.7995,200.00634949109696,0.5000445858619452,16.00496359415743,False
0.8,200.0086351279123,0.5000444484472217,16.00756234919603,False
0.8005,200.01200054140173,0.5000442046384623,16.00942122673058,False
0.801,200.0159539560906,0.5000438563596669,16.01031930923597,False
0.8015,200.0199431608659,0.5000434193795911,16.010169279463263,False
0.802,200.02343003303415,0.5000429207719392,16.00902435506041,False
0.8025,200.02596068922858,0.5000423949778354,16.007066543365735,False
0.803,200.0272222041844,0.5000418790346872,16.00457839035102,False
0.8035,200.02707890781056,0.5000414076258767,16.00190249044658,False
0.804,200.02558418780274,0.5000410086070782,15.99939448603507,False
0.8045,200.0229670778832,0.5000406995802615,15.997375946116875,False
0.805,200.01959624579928,0.5000404859295893,15.996093313300737,False
0.8055,200.01592687336415,0.5000403605275064,15.995688102209671,False
0.806,200.01243798056606,0.5000403050930278,15.996181879927573,False
0.8065,200.0095687443122,0.5000402929679592,15.997477499102313,False
0.807,200.00766220455128,0.5000402928986072,15.999375871076792,False
0.8075,200.00692349629662,0.500040273292527,16.001605550783825,False
0.808,200.00739759737627,0.5000402063754953,16.003860816039726,False
0.8085,200.00896885104387,0.5000400717064807,16.00584295539126,False
0.809,200.0113815880954,0.5000398586110316,16.007299236805615,False
0.8095,200.0142784268754,0.5000395672503576,16.008054521269788,False
0.81,200.01725062547214,0.5000392082320154,16.008031621327127,False
0.8105,200.0198934692748,0.5000388008627035,16.00725811382048,False
0.811,200.02185925386246,0.5000383703184742,16.00585917145765,False
0.8115,200.0229009906816,0.5000379441404369,16.004037827504447,False
0.812,200.02290141319702,0.5000375485387357,16.002045689421614,False
0.8125,200.0218839740522,0.500037204996412,16.000148268802803,False
0.8130000000000001,200.02000499957882,0.5000369276087585,15.998589660586047,False
0.8135,200.01752866951418,0.5000367214824885,15.997561229727692,False
0.8140000000000001,200.01478868775428,0.500036582368949,15.997178279786281,False
0.8145,200.01214212606124,0.5000364975377207,15.997467495515432,False
0.8150000000000001,200.00992176436407,0.5000364477339144,15.998366442721426,False
0.8155,200.00839323434454,0.5000364099255338,15.999734782471183,False
0.8160000000000001,200.00772242874416,0.5000363604535196,16.001375330721945,False
0.8165,200.00795710618044,0.5000362781573685,16.00306186551948,False
0.8170000000000001,200.00902462480397,0.5000361470669039,16.004569803298693,False
0.8175,200.01074555566092,0.5000359583216007,16.005705620740258,False
0.8180000000000001,200.01286085089833,0.500035711091723,16.006331203055307,False
0.8185,200.01506854172294,0.5000354124141976,16.006380094882605,False
0.8190000000000001,200.01706482666484,0.5000350760015305,16.005863795171656,False
0.8195,200.01858400856787,0.5000347202148835,16.00486760706614,False
0.8200000000000001,200.01943207748025,0.5000343654956598,16.003536941247088,False
0.8205,200.01950974674514,0.500034031611052,16.002056193771924,False
0.8210000000000001,200.01882227583113,0.5000337350813876,16.000623222276136,False
0.8215,200.01747523804497,0.5000334871207958,15.999422919791545,False
0.8220000000000001,200.01565726465407,0.5000332923441144,15.998603385417153,False
0.8225,200.01361247153386,0.5000331483838142,15.99825773172159,False
0.8230000000000001,200.0116065371257,0.5000330464363972,15.998413725899486,False
0.8235,200.00989109940213,0.5000329726350606,15.99903235898332,False
0.8240000000000001,200.00867120203458,0.5000329100404558,16.000015228405474,False
0.8245,200.0080799594015,0.5000328409672937,16.00121946623932,False
0.8250000000000001,200.0081635212067,0.5000327493300343,16.002477997980147,False
0.8255,200.00887796115433,0.500032622699126,16.003622292148457,False
0.8260000000000001,200.01009809398846,0.5000324538077113,16.00450453032591,False
0.8265,200.011636659442,0.5000322413296597,16.00501630736758,False
0.8270000000000001,200.01327100389898,0.5000319898514954,16.005101524890627,False
0.8275,200.01477350371545,0.5000317090692141,16.00476198244334,False
0.8280000000000001,200.01594161028166,0.5000314123416675,16.00405517984892,False
0.8285,200.01662358608831,0.500031114812185,16.00308488298953,False
0.8290000000000001,200.016736699728,0.5000308313596034,16.001985936420468,False
0.8295,200.016275747008,0.5000305746534254,16.00090551111787,False
0.8300000000000001,200.0153111073421,0.5000303535648564,15.999983369491346,False
0.8305,200.0139769449746,0.5000301721302295,15.99933377135571,False
0.8310000000000001,200.01245143756287,0.5000300291841733,15.999031340309871,False
0.8315,200.01093189740598,0.5000299186879804,15.999102611552766,False
0.8320000000000001,200.0096082239538,0.5000298306865272,15.999524178096431,False
0.8325,200.00863822876897,0.5000297527468405,16.000227455140255,False
0.833,200.0081280083307,0.5000296716731681,16.001109212987863,False
0.8335,200.00811976987126,0.5000295752640651,16.00204630050351,False
0.834,200.00858845564719,0.50002945387944,16.002912484545384,False
0.8345,200.00944731059704,0.5000293016183165,16.003595123390163,False
0.835,200.01056135956654,0.50002911696591,16.00400949128764,False
0.8355,200.01176675715553,0.5000289028430681,16.004108953548798,False
0.836,200.01289327145759,0.5000286660718313,16.00388979720499,False
0.8365,200.01378684440502,0.5000284163470443,16.00339026422901,False
0.837,200.01432926493,0.5000281648657309,16.002684110591012,False
0.8375,200.01445247048423,0.5000279228057307,16.00186972199049,False
0.838,200.0141457816608,0.5000276998583958,16.001056365417934,False
0.8385,200.0134553596679,0.500027503006112,16.00034947817428,False
0.839,200.01247622129074,0.5000273356968166,15.999836957923103,False
0.8395,200.01133811157294,0.5000271975104161,15.999578219450424,False
0.84,200.01018729666322,0.5000270843442284,15.99959736083255,False
0.8405,200.00916680494402,0.5000269890755239,15.99988119681026,False
0.841,200.00839776258755,0.5000269025980357,16.000382252605924,False
0.8415,200.00796423636552,0.5000268150837147,16.001026157141247,False
0.842,200.00790345440615,0.5000267172964803,16.001722316155075,False
0.8425,200.0082025062888,0.5000266017837622,16.002376353141095,False
0.843,200.00880173607425,0.5000264637935737,16.002902625226923,False
0.8435,200.0096041561347,0.5000263018060433,16.003235168646604,False
0.844,200.01048944215728,0.5000261176226983,16.00333569033461,False
0.8445,200.01133051716465,0.5000259160167648,16.003197656755994,False
0.845,200.01201046006074,0.500025704005257,16.002846075492936,False
0.8455,200.01243750831892,0.5000254898512113,16.00233314416306,False
0.846,200.01255625013198,0.5000252819361736,16.00173047777739,False
0.8465,200.0123536660164,0.5000250876553309,16.001119050673072,False
0.847,200.01185940131103,0.5000249124795465,16.00057825066476,False
0.8475,200.01114042922106,0.5000247593017622,16.00017551225496,False
0.848,200.01029099496674,0.5000246281439282,15.99995787005226,False
0.8485,200.0094193208478,0.5000245162507165,15.999946476064023,False
0.849,200.0086329270828,0.5000244185446098,16.000134700124022,False
0.8495,200.00802454213672,0.5000243283703917,16.00048994139932,False
0.85,200.00766043199835,0.500024238421507,16.00095878745795,False
0.8505,200.00757259836166,0.5000241417205339,16.001474730288475,False
0.851,200.00775573869248,0.5000240325232403,16.001967339825722,False
0.8515,200.00816920585874,0.5000239070301434,16.002371641480714,False
0.852,200.00874354070945,0.5000237638186973,16.002636459870875,False
0.8525,200.00939056520485,0.500023603948844,16.002730668581904,False
0.853,200.0100155906512,0.5000234307391412,16.002646596562094,False
0.8535,200.01053006693542,0.5000232492540091,16.002400240352493,False
0.854,200.0108629974828,0.5000230655791909,16.00202836250165,False
0.8545,200.01096966341464,0.5000228859877013,16.00158296250951,False
0.855,200.01083660291317,0.5000227161094535,16.001123935055745,False
0.8555,200.01048231904784,0.5000225602134348,16.00071094061164,False
0.856,200.00995376784925,0.5000224206928423,16.00039558219829,False
0.8565,200.00931923056467,0.5000222978138846,16.000214904820165,False
0.857,200.00865862819649,0.5000221897522903,16.000187026048394,False
0.8575,200.00805263631833,0.5000220929029858,16.000309399096373,False
0.858,200.00757206963507,0.5000220024130348,16.000559847192402,False
0.8585,200.007268920559,0.5000219128603246,16.000900139580992,False
0.859,200.0071701720585,0.50002181898397,16.001281553643903,False
0.8595,200.00727510291813,0.5000217163688141,16.001651625753087,False
0.86,200.00755632079736,0.5000216019957274,16.001961164452073,False
0.8605,200.00796426118376,0.5000214745900214,16.002170596518837,False
0.861,200.008434444278,0.5000213347290844,16.002254835521722,False
0.8615,200.00889644382715,0.5000211847032655,16.00220608387308,False
0.862,200.00928333264892,0.5000210281566306,16.002034270589174,False
0.8625,200.0095403488649,0.5000208695621998,16.001765147390735,False
0.863,200.0096316716977,0.500020713606156,16.00143637238049,False
0.8635,200.00954448146453,0.5000205645649389,16.00109216353591,False
0.864,200.00928986284347,0.5000204257572286,16.000777272263335,False
0.8645,200.00890053978335,0.5000202991402171,16.000531091097617,False
0.865,200.00842584671526,0.5000201850982733,16.000382664446562,False
0.8655,200.00792468979054,0.500020082445226,16.000347226695204,False
0.866,200.00745749017435,0.5000199886327253,16.000424670345986,False
0.8665,200.0070782014359,0.5000199001303536,16.00060007988335,False
0.867,200.0068274463506,0.5000198129217689,16.00084619129764,False
0.8675,200.00672763607264,0.5000197230478279,16.00112738917983,False
0.868,200.0067806451847,0.5000196271238008,16.00140466462122,False
0.8685,200.00696826120847,0.5000195227636673,16.001640850577573,False
0.869,200.00725525556925,0.500019408858948,16.001805438089665,False
0.8695,200.00759458409723,0.5000192856803964,16.001878355372522,False
0.87,200.00793396228835,0.5000191547952086,16.00185224885845,False
0.8705,200.00822290566285,0.5000190188168647,16.00173301753031,False
0.871,200.00841929533044,0.500018881026111,16.00153858958193,False
0.8715,200.00849462303066,0.5000187449171977,16.00129616153018,False
0.872,200.00843727190292,0.5000186137314673,16.00103831426939,False
0.8725,200.0082534688838,0.500018490039945,16.000798553934864,False
0.873,200.00796586259452,0.5000183754280628,16.000606882385526,False
0.8735,200.00760999383417,0.5000182703204383,16.000485977739228,False
0.874,200.0072291933712,0.5000181739639689,16.000448465653122,False
0.8745,200.006868630054,0.5000180845660914,16.00049560257961,False
0.875,200.0065693192985,0.5000179995648065,16.00061749600221,False
0.8755000000000001,200.00636287976766,0.5000179159905548,16.000794780668713,False
0.876,200.00626770115346,0.5000178308693348,16.001001481461895,False
0.8765000000000001,200.00628697828432,0.5000177416127481,16.001208646911422,False
0.877,200.00640880637513,0.5000176463442174,16.001388250288404,False
0.8775000000000001,200.00660825508416,0.5000175441207172,16.001516837144713,False
0.878,200.00685108208575,0.5000174350244555,16.001578449098805,False
0.8785000000000001,200.0070985431562,0.5000173201168742,16.001566464602003,False
0.879,200.0073126302343,0.5000172012656733,16.00148415175137,False
0.8795000000000001,200.00746103538992,0.5000170808718658,16.001343904218906,False
0.88,200.00752119839672,0.5000169615360772,16.00116530520548,False
0.8805000000000001,200.00748293765244,0.500016845709951,16.000972313257027,False
0.881,200.00734936709364,0.5000167353789233,16.000789969094903,False
0.8815000000000001,200.00713603681322,0.5000166318169449,16.000641071964615,False
0.882,200.00686847036482,0.5000165354429067,16.000543262814347,False
0.8825000000000001,200.00657847633863,0.5000164457941737,16.00050688339753,False
0.883,200.00629975989654,0.5000163616167299,16.000533866036907,False
0.8835000000000001,200.00606343403626,0.5000162810561536,16.00061776486684,False
0.884,200.00589402319707,0.5000162019209361,16.000744885779252,False
0.8845000000000001,200.00580646711165,0.50001612198113,16.000896329525926,False
0.885,200.00580448430523,0.5000160392619276,16.00105064885135,False
0.8855000000000001,200.0058804639898,0.5000159522938034,16.001186750064228,False
0.886,200.00601684876162,0.5000158602878593,16.001286649892382,False
0.8865000000000001,200.00618877609338,0.5000157632158893,16.001337730646753,False
0.887,200.00636758923926,0.5000156617878813,16.001334214668557,False
0.8875000000000001,200.0065247272396,0.5000155573333854,16.001277690967182,False
0.888,200.0066354705619,0.5000154516055768,16.00117665703073,False
0.8885000000000001,200.00668205559737,0.5000153465363523,16.001045169317983,False
0.889,200.00665577057123,0.5000152439762665,16.000900809771633,False
0.8895000000000001,200.0065577922542,0.5000151454539593,16.000762258451054,False
0.89,200.00639869630345,0.5000150519859913,16.00064680425831,False
0.8905000000000001,200.00619675044476,0.5000149639603443,16.000568122610854,False
0.891,200.00597525577777,0.5000148811063805,16.000534602732596,False
0.8915000000000001,200.0057593174501,0.5000148025522773,16.000548425512047,False
0.892,200.0055724879329,0.5000147269594318,16.000605487544124,False
0.8925000000000001,200.00543372783713,0.5000146527135887,16.000696152657564,False
0.893,200.00535507245377,0.500014578145676,16.000806704242265,False
0.8935000000000001,200.0053402864098,0.5000145017523584,16.000921283992376,False
0.894,200.00538464955935,0.5000144223873644,16.001024046094823,False
0.8945000000000001,200.0054758638886,0.5000143393994635,16.00110123679332,False
0.895,200.00559592440845,0.5000142527007887,16.00114292888114,False
0.8955000000000001,200.0057236757915,0.5000141627588967,16.001144195134824,False
0.896,200.00583769592217,0.5000140705161906,16.001105585666004,False
0.8965,200.0059191167739,0.5000139772497452,16.001032870114344,False
0.897,200.00595401445187,0.500013884391951,16.000936103429375,False
0.8975,200.00593506926714,0.5000137933368504,16.000828160788156,False
0.898,200.00586230266055,0.5000137052580705,16.00072295194958,False
0.8985,200.00574282551963,0.500013620961861,16.000633560300507,False
0.899,200.0055896644187,0.5000135407933353,16.000570553425455,False
0.8995,200.0054198510961,0.5000134646064239,16.000540681154405,False
0.9,200.0052520509186,0.5000133917993237,16.00054611886367,False
0.9005,200.0051040572543,0.5000133214085688,16.000584336885765,False
0.901,200.00499048520192,0.5000132522473931,16.000648591957773,False
0.9015,200.00492096065906,0.5000131830687178,16.000728955122593,False
0.902,200.00489902566,0.5000131127305351,16.000813722978574,False
0.9025,200.00492187940895,0.5000130403419001,16.000891014040267,False
0.903,200.00498096068756,0.5000129653710216,16.000950334390094,False
0.9035,200.00506326668057,0.5000128877025473,16.000983908144267,False
0.904,200.00515321015234,0.5000128076382474,16.000987606055897,False
0.9045,200.00523475295,0.5000127258429216,16.000961363976092,False
0.905,200.00529352641442,0.5000126432444874,16.000909053526676,False
0.9055,200.0053186608041,0.500012560902918,16.00083784051976,False
0.906,200.0053040934479,0.5000124798662864,16.000757132696805,False
0.9065,200.00524920157045,0.5000124010332525,16.000677268827882,False
0.907,200.0051586996004,0.5000123250398228,16.000608130011077,False
0.9075,200.00504183936124,0.5000122521844272,16.000557858098546,False
0.908,200.0049110417506,0.5000121823998488,16.000531845848087,False
0.9085,200.00478015878502,0.500012115274103,16.000532122153892,False
0.909,200.00466260666943,0.5000120501158696,16.000557199670265,False
0.9095,200.00456961932733,0.5000119860543754,16.00060238916417,False
0.91,200.00450884756538,0.5000119221594526,16.000660523519468,False
0.9105,200.00448347604416,0.5000118575653272,16.000722982475722,False
0.911,200.00449195642474,0.5000117915817626,16.000780873398156,False
0.9115,200.00452837084416,0.5000117237783972,16.000826207796294,False
0.912,200.00458335665033,0.5000116540321136,16.000852919297266,False
0.9125,200.0046454519952,0.5000115825324735,16.000857594819248,False
0.913,200.00470267139391,0.5000115097459263,16.000839832682935,False
0.9135,200.0047440966412,0.5000114363448855,16.000802193292095,False
0.914,200.00476127372877,0.5000113631121735,16.00074976266097,False
0.9145,200.00474923896763,0.5000112908342131,16.0006893991997,False
0.915,200.00470705218083,0.5000112201973668,16.00062877336136,False
0.9155,200.004637783677,0.5000111517009234,16.000575333231183,False
0.916,200.0045479752195,0.5000110855975933,16.000535334351813,False
0.9165,200.00444666357012,0.500011021868388,16.000513058960546,False
0.917,200.00434410960372,0.5000109602340169,16.00051032071003,False
0.9175,200.004250409796,0.5000109002000711,16.000526310214482,False
0.918,200.00417417633528,0.5000108411289146,16.00055779014879,False
0.9185,200.00412145679314,0.5000107823279426,16.000599602447217,False
0.919,200.00409502704866,0.5000107231420677,16.000645410448833,False
0.9195,200.00409413763626,0.5000106630381493,16.000688570610066,False
0.92,200.0041147314523,0.5000106016705553,16.00072301496668,False
0.9205,200.00415008827122,0.5000105389198928,16.000744028142726,False
0.921,200.0041917970079,0.5000104749007278,16.00074882048297,False
0.9215,200.00423091699466,0.5000104099383358,16.00073682898259,False
0.922,200.00425916943146,0.5000103445185816,16.00070971573418,False
0.9225,200.00427000158834,0.5000102792184182,16.00067107434395,False
0.923,200.0042593883753,0.5000102146267866,16.000625892749277,False
0.9235,200.0042262749576,0.5000101512666216,16.000579851205433,False
0.924,200.0041726144768,0.5000100895281682,16.000538553177854,False
0.9245,200.00410300964336,0.500010029621975,16.000506792372203,False
0.925,200.0040240186694,0.500009971557072,16.000487950893522,False
0.9255,200.00394322802322,0.5000099151463407,16.00048360309416,False
0.926,200.00386822162187,0.5000098600374526,16.00049337014381,False
0.9265,200.00380558528497,0.5000098057644484,16.00051503591752,False
0.927,200.00376007593647,0.500009751812486,16.000544900135335,False
0.9275,200.0037340590309,0.5000096976868144,16.000578314359743,False
0.928,200.0037272789648,0.5000096429767742,16.00061032429591,False
0.9285,200.0037369813278,0.5000095874065931,16.0006363304797,False
0.929,200.00375835902688,0.5000095308667549,16.000652680003206,False
0.9295,200.00378525274732,0.5000094734224846,16.0006571139397,False
0.93,200.00381100518624,0.5000094152990073,16.00064901662418,False
0.9305,200.0038293517147,0.5000093568463077,16.000629440780337,False
0.931,200.0038352293186,0.5000092984887055,16.000600912789736,False
0.9315,200.003825400399,0.5000092406663855,16.00056705111423,False
0.932,200.00379881581884,0.5000091837768255,16.000532054290943,False
0.9325,200.00375667837474,0.5000091281238173,16.000500130128827,False
0.933,200.00370220851076,0.5000090738805137,16.000474943027353,False
0.9335,200.00364015311717,0.5000090210708793,16.00045915135307,False
0.934,200.00357611059798,0.5000089695713522,16.000454092550573,False
0.9345,200.00351576702883,0.5000089191318192,16.000459652317804,False
0.935,200.00346414668718,0.5000088694124922,16.000474328782417,False
0.9355,200.00342497484846,0.500008820031309,16.000495476648272,False
0.936,200.00340023268996,0.5000087706152783,16.00051969316569,False
0.9365,200.0033899562214,0.5000087208488958,16.00054329045456,False
0.937,200.00339229736682,0.5000086705133759,16.00056278925354,False
0.9375,200.0034038302995,0.5000086195118582,16.0005753685556,False
0.9380000000000001,200.00342005450756,0.500008567877757,16.000579213601508,False
0.9385,200.00343602188823,0.500008515765729,16.00057371999424,False
0.9390000000000001,200.00344700135062,0.5000084634270316,16.00055953201545,False
0.9395,200.00344909241568,0.5000084111730383,16.00053841573131,False
0.9400000000000001,200.0034397089933,0.5000083593320988,16.000512989142457,False
0.9405,200.00341787423173,0.500008308205635,16.00048634964438,False
0.9410000000000001,200.00338429413424,0.5000082580292596,16.000461651180164,False
0.9415,200.00334120777686,0.5000082089438525,16.000441688296785,False
0.9420000000000001,200.00329204135548,0.5000081609800536,16.000428541471443,False
0.9425,200.00324091812323,0.5000081140577545,16.000423328189868,False
0.9430000000000001,200.00319209343027,0.5000080680001442,16.000426088869116,False
0.9435,200.003149391565,0.5000080225599773,16.000435818031285,False
0.9440000000000001,200.00311571826128,0.5000079774541971,16.000450631714557,False
0.9445,200.00309271030036,0.5000079324020884,16.000468044530002,False
0.9450000000000001,200.00308056355962,0.500007887161832,16.000485316280262,False
0.9455,200.0030780560334,0.5000078415607156,16.000499820282926,False
0.9460000000000001,200.0030827561986,0.5000077955152514,16.000509384313915,False
0.9465,200.00309138309333,0.5000077490389002,16.000512560343104,False
0.9470000000000001,200.00310026570136,0.5000077022368091,16.000508790066906,False
0.9475,200.0031058379746,0.5000076552886932,16.000498448038943,False
0.9480000000000001,200.0031051033054,0.5000076084225098,16.00048276088415,False
0.9485,200.00309600851273,0.5000075618826937,16.000463617399404,False
0.9490000000000001,200.0030776813149,0.5000075158973056,16.00044329816533,False
0.9495,200.0030505047412,0.5000074706484459,16.000424162890088,False
0.9500000000000001,200.0030160242395,0.5000074262497034,16.000408337959215,False
0.9505,200.0029767053415,0.5000073827333649,16.00039744519978,False
0.9510000000000001,200.00293557876017,0.5000073400487297,16.000392406067352,False
0.9515,200.00289582332144,0.5000072980713773,16.000393344404575,False
0.9520000000000001,200.00286034358396,0.5000072566217995,16.000399597196708,False
0.9525,200.00283139777338,0.5000072154906325,16.000409828252973,False
0.9530000000000001,200.00281032316624,0.5000071744669565,16.000422226403742,False
0.9535,200.00279739167127,0.5000071333658394,16.000434759332865,False
0.9540000000000001,200.00279181015443,0.500007092051539,16.000445447839777,False
0.9545,200.00279186056088,0.5000070504534626,16.000452623836864,False
0.9550000000000001,200.0027951567035,0.5000070085730338,16.00045513876609,False
0.9555,200.00279898005752,0.5000069664808762,16.00045249675606,False
0.9560000000000001,200.00280064780372,0.5000069243050076,16.000444897589706,False
0.9565,200.0027978637158,0.5000068822119033,16.000433186898118,False
0.9570000000000001,200.00278900641175,0.5000068403831519,16.000418723261753,False
0.9575,200.00277331925292,0.5000067989909209,16.000403182479822,False
0.9580000000000001,200.0027509802952,0.50000675817549,16.000388326830084,False
0.9585,200.00272304717353,0.5000067180277336,16.000375770794424,False
0.9590000000000001,200.0026912883923,0.500006678578682,16.000366774122973,False
0.9595,200.00265792701646,0.5000066397972952,16.00036208847517,False
0.96,200.00262533337744,0.5000066015964587,16.000361875953544,False
0.9605,200.00259570885876,0.50000656384614,16.000365707788823,False
0.961,200.0025708025741,0.500006526391733,16.000372640633135,False
0.9615,200.00255169701364,0.5000064890750087,16.000381357816998,False
0.962,200.00253868846173,0.5000064517548315,16.000390354826262,False
0.9625,200.0025312746707,0.5000064143249322,16.00039814315324,False
0.963,200.0025282477766,0.5000063767265016,16.000403445140083,False
0.9635,200.0025278766927,0.5000063389541297,16.000405354542437,False
0.964,200.00252815200744,0.5000063010545335,16.0004034428978,False
0.9645,200.00252705912092,0.5000062631184876,16.00039779957167,False
0.965,200.00252284280865,0.5000062252672451,16.000389002471778,False
0.9655,200.00251422877406,0.5000061876354186,16.000378025623757,False
0.966,200.0025005745633,0.5000061503526888,16.000366097879915,False
0.9665,200.00248193242564,0.5000061135267809,16.00035453296411,False
0.967,200.0024590188507,0.5000060772299014,16.000344554133886,False
0.9675,200.0024330979434,0.5000060414902974,16.00033713665878,False
0.968,200.00240579686542,0.5000060062898736,16.000332888189064,False
0.9685,200.00237887987134,0.5000059715679745,16.00033198143519,False
0.969,200.00235401200518,0.5000059372306261,16.000334146222706,False
0.9695,200.00233254382672,0.5000059031638393,16.000338719953966,False
0.97,200.00231534471436,0.5000058692490909,16.000344747873555,False
0.9705,200.0023027049809,0.5000058353788758,16.00035111828827,False
0.971,200.00229431732018,0.5000058014702877,16.000356713806966,False
0.9715,200.00228933733217,0.500005767474911,16.000360558204193,False
0.972,200.00228651250197,0.5000057333838503,16.000361939777246,False
0.9725,200.00228436038282,0.5000056992274043,16.000360495799782,False
0.973,200.00228137092523,0.5000056650696045,16.000356248303977,False
0.9735,200.00227620557516,0.5000056309985136,16.000349588143063,False
0.974,200.00226786711414,0.5000055971136974,16.000341211178718,False
0.9745,200.00225581893883,0.5000055635126138,16.00033201659209,False
0.975,200.00224003983402,0.5000055302777385,16.000322981950305,False
0.9755,200.0022210092355,0.5000054974660962,16.00031503221627,False
0.976,200.00219962727178,0.5000054651024876,16.000308920101943,False
0.9765,200.00217708229064,0.5000054331771767,16.00030513308691,False
0.977,200.00215468504044,0.5000054016481914,16.00030383840438,False
0.9775,200.00213369240151,0.5000053704477783,16.000304871930084,False
0.978,200.0021151441619,0.5000053394920242,16.00030777094505,False
0.9785,200.0020997338214,0.5000053086922738,16.00031184498498,False
0.979,200.0020877292303,0.5000052779667835,16.000316274185465,False
0.9795,200.00207895179298,0.5000052472510745,16.00032022128157,False
0.98,200.002072814981,0.5000052165056695,16.00032294209696,False
0.9805,200.0020684150918,0.5000051857202854,16.0003238800698,False
0.981,200.00206466056758,0.5000051549140535,16.0003227329478,False
0.9815,200.0020604215935,0.5000051241318713,16.00031948384034,False
0.982,200.0020546796491,0.500005093437496,16.000314393758934,False
0.9825,200.0020466573839,0.5000050629043985,16.00030795793026,False
0.983,200.00203591243414,0.500005032605651,16.000300832843756,False
0.9835,200.00202238408764,0.500005002604212,16.000293744602015,False
0.984,200.00200638826797,0.500004972944868,16.000287391238246,False
0.9845,200.0019885632482,0.500004943648835,16.000282352028073,False
0.985,200.00196977488872,0.5000049147116372,16.000279015463367,False
0.9855,200.001950995211,0.5000048861044318,16.000277534710808,False
0.986,200.00193317114963,0.5000048577784876,16.000277815470785,False
0.9865,200.00191710104477,0.5000048296721235,16.000279536732805,False
0.987,200.0019033348256,0.500004801719113,16.000282200588195,False
0.9875,200.0018921101852,0.5000047738574016,16.00028520357664,False
0.988,200.00188333190505,0.5000047460369808,16.000287919471262,False
0.9885,200.0018765955828,0.5000047182259163,16.00028978224753,False
0.989,200.0018712511421,0.5000046904137987,16.000290358338262,False
0.9895,200.00186649644183,0.5000046626122535,16.000289399052818,False
0.99,200.00186148767466,0.5000046348525419,16.000286866951484,False
0.9905,200.00185545149566,0.5000046071806651,16.000282933595244,False
0.991,200.00184778410232,0.5000045796507017,16.000277949936134,False
0.9915,200.0018381247018,0.5000045523173098,16.00027239416209,False
0.992,200.00182639458953,0.5000045252284093,16.000266804606596,False
0.9925,200.00181279787412,0.5000044984189961,16.000261707036096,False
0.993,200.00179778505242,0.5000044719068637,16.000257546050715,False
0.9935,200.0017819854761,0.500004445690729,16.00025462946412,False
0.994,200.0017661186278,0.5000044197509257,16.000253092523828,False
0.9945,200.00175089657233,0.5000043940524886,16.00025288599681,False
0.995,200.00173693068655,0.5000043685501429,16.000253788875714,False
0.9955,200.0017246547676,0.5000043431944768,16.00025544320353,False
0.996,200.00171427405732,0.5000043179384512,16.000257405695933,False
0.9965,200.00170574599662,0.500004292743376,16.00025920881563,False
0.997,200.00169879416157,0.5000042675835891,16.000260422961095,False
0.9975,200.00169295242688,0.5000042424492683,16.00026071156857,False
0.998,200.00168763253592,0.5000042173470687,16.00025987213391,False
0.9985,200.00168220541352,0.5000041922985752,16.00025785824655,False
0.999,200.00167608508278,0.5000041673368502,16.000254780386406,False
0.9995,200.00166880408125,0.5000041425015904,16.000250886098627,False
1.0,200.00166007076436,0.5000041178335792,16.000246522847455,False
1.0005,200.00164980158834,0.5000040933691836,16.000242089012232,False
1.0010000000000001,200.00163812498175,0.5000040691356186,16.00023797985999,False
1.0015,200.00162535726014,0.5000040451475742,16.000234535757283,False
1.002,200.0016119546932,0.5000040214056014,16.000231999343463,False
1.0025,200.00159844882415,0.5000039978964094,16.000230486983803,False
1.0030000000000001,200.00158537409956,0.5000039745949705,16.000229977766004,False
1.0035,200.0015731975705,0.5000039514680952,16.00023032089007,False
1.004,200.0015622598226,0.5000039284789581,16.000231259858378,False
1.0045,200.00155273450915,0.5000039055919482,16.000232469721237,False
1.0050000000000001,200.00154461116867,0.5000038827771962,16.00023360204627,False
1.0055,200.00153770279437,0.5000038600141956,16.000234331446855,False
1.006,200.0015316763221,0.5000038372940725,16.000234397508937,False
1.0065,200.0015261012588,0.5000038146202512,16.000233636768215,False
1.0070000000000001,200.00152050945366,0.5000037920074856,16.000232000877382,False
1.0075,200.00151445778707,0.5000037694794339,16.000229559046186,False
1.008,200.00150758545053,0.5000037470651505,16.000226484967136,False
1.0085,200.0014996584807,0.5000037247949856,16.000223030468547,False
1.0090000000000001,200.00149059613372,0.5000037026964569,16.00021948980338,False
1.0095,200.00148047625305,0.5000036807906322,16.000216159578926,False
1.01,200.00146951963748,0.5000036590894824,16.00021329973508,False
1.0105,200.00145805617342,0.5000036375945187,16.000211100658163,False
1.0110000000000001,200.0014464777946,0.5000036162968492,16.00020966053931,False
1.0115,200.0014351848906,0.5000035951786013,16.00020897560274,False
1.012,200.00142453342204,0.5000035742154731,16.000208944050343,False
1.0125,200.00141478965924,0.5000035533800452,16.000209382740167,False
1.0130000000000001,200.00140609822893,0.5000035326453885,16.000210053978037,False
1.0135,200.00139846721189,0.5000035119884866,16.000210698562498,False
1.014,200.00139177167028,0.5000034913930292,16.000211070533567,False
1.0145,200.0013857745173,0.5000034708512313,16.00021096900592,False
1.0150000000000001,200.00138016140204,0.5000034503644711,16.000210263006508,False
1.0155,200.00137458455455,0.5000034299427059,16.000208906293274,False
1.016,200.00136870953358,0.5000034096027799,16.000206940549017,False
1.0165,200.0013622586399,0.500003389365888,16.000204486925117,False
1.0170000000000001,200.00135504541112,0.500003369254553,16.000201727439794,False
1.0175,200.00134699597095,0.5000033492895333,16.00019887901664,False
1.018,200.0013381548758,0.5000033294870657,16.000196163820704,False
1.0185,200.001328675217,0.5000033098567974,16.000193779911623,False
1.0190000000000001,200.00131879481094,0.5000032904006521,16.000191876055382,False
1.0195,200.00130880207413,0.5000032711127502,16.00019053386046,False
1.02,200.0012989964124,0.5000032519803559,16.00018975933506,False
1.0205,200.00128964850958,0.5000032329856928,16.00018948465456,False
1.0210000000000001,200.0012809657326,0.5000032141083603,16.000189579561365,False
1.0215,200.00127306702026,0.5000031953280132,16.000189870574033,False
1.022,200.00126597023151,0.5000031766269435,16.000190165219806,False
1.0225,200.001259593191,0.5000031579922295,16.000190277939055,False
1.0230000000000001,200.00125376783143,0.5000031394171837,16.000190054204637,False
1.0235,200.0012482651319,0.5000031209019341,16.000189389750364,False
1.024,200.00124282721302,0.5000031024530921,16.000188242550244,False
1.0245,200.00123720213335,0.5000030840825799,16.000186636221464,False
1.025,200.00123117672706,0.5000030658058019,16.000184654694987,False
1.0255,200.00122460323956,0.5000030476394213,16.00018242914939,False
1.026,200.00121741647382,0.5000030295990471,16.000180119185085,False
1.0265,200.00120963951917,0.5000030116971382,16.000177890905448,False
1.027,200.00120137769585,0.5000029939413931,16.000175894886926,False
1.0275,200.00119280191083,0.500002976333819,16.000174246933973,False
1.028,200.00118412396827,0.5000029588705796,16.00017301405043,False
1.0285,200.00117556734736,0.5000029415426172,16.000172207292497,False
1.029,200.00116733743872,0.5000029243369379,16.000171782208255,False
1.0295,200.00115959516324,0.5000029072383718,16.000171646548853,False
1.03,200.00115243732273,0.5000028902315581,16.000171673992895,False
1.0305,200.00114588603384,0.5000028733028904,16.00017172187863,False
1.031,200.0011398883238,0.5000028564421642,16.000171650480315,False
1.0315,200.00113432559726,0.5000028396437249,16.000171341246162,False
1.032,200.00112903139708,0.5000028229069773,16.000170711638827,False
1.0325,200.0011238148462,0.5000028062362163,16.000169724745408,False
1.033,200.00111848650144,0.5000027896398211,16.000168392572697,False
1.0335,200.00111288314287,0.5000027731289409,16.000166772809028,False
1.034,200.0011068882812,0.5000027567158617,16.000164959699163,False
1.0345,200.00110044583664,0.5000027404122805,16.000163070429632,False
1.035,200.00109356542336,0.5000027242277152,16.00016122896367,False
1.0355,200.0010863188325,0.5000027081682545,16.000159549534388,False
1.036,200.0010788284716,0.5000026922358016,16.000158121974433,False
1.0365,200.0010712495518,0.5000026764278925,16.000157000745904,False
1.037,200.0010637485723,0.5000026607380953,16.000156198985117,False
1.0375,200.00105648105261,0.5000026451569156,16.000155688174008,False
1.038,200.0010495714599,0.5000026296730758,16.000155403290822,False
1.0385,200.0010430978941,0.5000026142749836,16.00015525257818,False
1.039,200.00103708337787,0.5000025989521935,16.000155130489777,False
1.0395,200.00103149467196,0.5000025836966686,16.00015493200868,False
1.04,200.00102624851706,0.5000025685036839,16.00015456641092,False
1.0405,200.00102122423,0.5000025533722638,16.000153968686572,False
1.041,200.00101628078627,0.5000025383051148,16.000153107198347,False
1.0415,200.00101127599413,0.5000025233080752,16.000151986699855,False
1.042,200.00100608517246,0.5000025083891748,16.00015064647452,False
1.0425,200.00100061689724,0.5000024935574383,16.000149154004788,False
1.043,200.0009948238491,0.5000024788215987,16.000147595154118,False
1.0435,200.00098870750355,0.5000024641888933,16.000146062268726,False
1.044,200.0009823162572,0.500002449664098,16.000144641831536,False
1.0445,200.00097573745845,0.5000024352489164,16.000143403304065,False
1.045,200.00096908459457,0.5000024209417945,16.000142390580898,False
1.0455,200.00096248148228,0.5000024067381688,16.000141617089838,False
1.046,200.0009560456378,0.5000023926311021,16.000141065057626,False
1.0465,200.00094987303763,0.5000023786122099,16.00014068889632,False
1.047,200.00094402622366,0.5000023646727443,16.000140422126258,False
1.0475,200.0009385272001,0.5000023508046916,16.000140186806973,False
1.048,200.00093335589284,0.5000023370017348,16.00013990415314,False
1.0485,200.00092845418501,0.5000023232599617,16.000139504901647,False
1.049,200.0009237348096,0.5000023095782344,16.00013893807753,False
1.0495,200.00091909376766,0.500002295958181,16.00013817706217,False
1.05,200.00091442452253,0.5000022824038266,16.00013722225864,False
1.0505,200.0009096320461,0.500002268920921,16.000136100119544,False
1.051,200.00090464487872,0.5000022555160641,16.000134858788254,False
1.0515,200.00089942368675,0.5000022421957493,16.000133561040467,False
1.052,200.00089396531317,0.5000022289654537,16.000132275544154,False
1.0525,200.00088830194184,0.5000022158288926,16.000131067642076,False
1.053,200.0008824956513,0.500002202787532,16.000129990883252,False
1.0535,200.0008766292286,0.5000021898404118,16.00012908038948,False
1.054,200.00087079457643,0.5000021769842945,16.000128348865616,False
1.0545,200.00086508031612,0.5000021642141085,16.000127785687788,False
1.055,200.00085956024176,0.5000021515236167,16.000127359084924,False
1.0555,200.00085428411225,0.5000021389062168,16.000127021022433,False
1.056,200.00084927191023,0.5000021263557616,16.000126714055348,False
1.0565,200.00084451220468,0.5000021138672931,16.000126379184643,False
1.057,200.0008399646929,0.5000021014375953,16.00012596365141,False
1.0575,200.00083556644645,0.5000020890655005,16.000125427647767,False
1.058,200.00083124091583,0.5000020767519161,16.00012474910033,False
1.0585,200.00082690841796,0.5000020644995788,16.00012392596358,False
1.059,200.00082249668014,0.5000020523125775,16.000122975806526,False
1.0595,200.00081795005414,0.5000020401957143,16.000121932838418,False
1.06,200.00081323623562,0.5000020281537947,16.000120842850983,False
1.0605,200.00080834969185,0.5000020161909421,16.000119756811504,False
1.061,200.00080331145907,0.500002004310024,16.00011872399362,False
1.0615,200.00079816545878,0.5000019925122636,16.000117785563223,False
1.062,200.00079297193517,0.5000019807970818,16.00011696944601,False
1.0625,200.0007877989721,0.500001969162179,16.000116287107016,False
1.063,200.0007827132686,0.5000019576038426,16.000115732600086,False
1.0635000000000001,200.0007777714086,0.5000019461174287,16.000115283935198,False
1.064,200.00077301275462,0.5000019346979505,16.00011490650558,False
1.0645,200.0007684548433,0.5000019233406919,16.000114558054968,False
1.065,200.00076409180133,0.5000019120417648,16.0001141944807,False
1.0655000000000001,200.00075989588944,0.5000019007985399,16.000113775682678,False
1.066,200.00075582186344,0.5000018896098971,16.000113270688637,False
1.0665,200.00075181348626,0.5000018784762705,16.000112661407684,False
1.067,200.00074781126236,0.500001867399487,16.000111944565568,False
1.0675000000000001,200.00074376033788,0.5000018563824293,16.000111131629538,False
1.068,200.0007396175238,0.5000018454285705,16.00011024680047,False
1.0685,200.00073535655036,0.5000018345414483,16.000109323401603,False
1.069,200.00073097092223,0.5000018237241488,16.00010839919204,False
1.0695000000000001,200.00072647408123,0.5000018129788663,16.00010751125678,False
1.07,200.00072189694686,0.5000018023065972,16.000106691158443,False
1.0705,200.00071728324508,0.5000017917069997,16.00010596097808,False
1.071,200.0007126833156,0.5000017811784361,16.00010533073499,False
1.0715000000000001,200.00070814725962,0.5000017707181829,16.000104797477192,False
1.072,200.000703718352,0.5000017603227768,16.000104346105605,False
1.0725,200.0006994275727,0.5000017499884468,16.000103951764796,False
1.073,200.00069528993728,0.5000017397115722,16.000103583433596,False
1.0735000000000001,200.0006913030479,0.5000017294891049,16.000103208203335,False
1.074,200.0006874479791,0.5000017193189037,16.000102795659046,False
1.0745,200.0006836923037,0.5000017091999375,16.000102321784798,False
1.075,200.00067999478816,0.5000016991323366,16.00010177189674,False
1.0755000000000001,200.0006763110854,0.5000016891172906,16.000101142251772,False
1.076,200.00067259964356,0.5000016791568095,16.000100440165465,False
1.0765,200.00066882704746,0.5000016692533868,16.000099682674314,False
1.077,200.00066497211128,0.5000016594096109,16.00009889396729,False
1.0775000000000001,200.00066102822726,0.500001649627776,16.000098101965435,False
1.078,200.0006570037213,0.5000016399095469,16.000097334527513,False
1.0785,200.00065292023598,0.5000016302557164,16.000096615792373,False
1.079,200.00064880942077,0.5000016206660871,16.000095963133564,False
1.0795000000000001,200.00064470842048,0.5000016111394866,16.000095385105325,False
1.08,200.00064065479557,0.5000016016739103,16.0000948806158,False
1.0805,200.0006366815599,0.5000015922667695,16.000094439394616,False
1.081,200.00063281298367,0.500001582915208,16.000094043649533,False
1.0815000000000001,200.00062906168642,0.500001573616442,16.00009367065431,False
1.082,200.00062542735813,0.5000015643680816,16.000093295896708,False
1.0825,200.00062189722087,0.5000015551683876,16.000092896354193,False
1.083,200.0006184481117,0.5000015460164362,16.000092453463218,False
1.0835000000000001,200.00061504985848,0.50000153691217,16.000091955402475,False
1.084,200.00061166946114,0.5000015278563348,16.00009139841382,False
1.0845,200.0006082755032,0.5000015188503127,16.000090787019897,False
1.085,200.00060484220535,0.500001509895878,16.000090133147435,False
1.0855000000000001,200.00060135260233,0.5000015009949099,16.000089454308338,False
1.086,200.0005978004551,0.500001492149101,16.000088771109098,False
1.0865,200.00059419068992,0.5000014833597015,16.000088104438543,False
1.087,200.00059053835741,0.5000014746273295,16.00008747271372,False
1.0875000000000001,200.00058686629768,0.5000014659518707,16.000086889543592,False
1.088,200.0005832018622,0.5000014573324792,16.000086362103147,False
1.0885,200.00057957315468,0.500001448767673,16.000085890407085,False
1.089,200.0005760053004,0.5000014402555111,16.000085467548182,False
1.0895,200.00057251723328,0.5000014317938243,16.000085080836193,False
1.09,200.00056911940464,0.5000014233804692,16.000084713657376,False
1.0905,200.00056581268296,0.5000014150135695,16.00008434778602,False
1.091,200.0005625885493,0.5000014066917153,16.000083965829326,False
1.0915,200.0005594305183,0.5000013984140939,16.000083553480106,False
1.092,200.0005563165571,0.5000013901805376,16.000083101288062,False
1.0925,200.0005532221501,0.5000013819914872,16.000082605733592,False
1.093,200.0005501235867,0.5000013738478754,16.000082069486627,False
1.0935,200.0005470010313,0.5000013657509498,16.000081500844193,False
1.094,200.0005438409811,0.5000013577020621,16.000080912448354,False
1.0945,200.00054063780942,0.5000013497024498,16.00008031947728,False
1.095,200.00053739422256,0.5000013417530413,16.000079737564658,False
1.0955,200.0005341206078,0.5000013338543073,16.00007918072978,False
1.096,200.00053083339492,0.500001326006179,16.000078659589775,False
1.0965,200.00052755268035,0.5000013182080386,16.000078180078958,False
1.097,200.00052429945046,0.5000013104587842,16.000077742826402,False
1.0975,200.0005210927822,0.5000013027569539,16.00007734325093,False
1.098,200.00051794738937,0.5000012951008955,16.00007697233695,False
1.0985,200.00051487182475,0.5000012874889543,16.0000766179661,False
1.099,200.00051186755215,0.5000012799196553,16.000076266611106,False
1.0995,200.00050892898065,0.5000012723918557,16.00007590515718,False
1.1,200.00050604442353,0.5000012649048494,16.000075522607577,False
1.1005,200.00050319782503,0.500001257458411,16.000075111453413,False
1.101,200.00050037100277,0.5000012500527735,16.000074668539124,False
1.1015,200.00049754609276,0.5000012426885496,16.000074195327198,False
1.102,200.00049470787025,0.5000012353666037,16.000073697547673,False
1.1025,200.00049184564537,0.5000012280878967,16.0000731842994,False
1.103,200.00048895449947,0.5000012208533233,16.000072666739463,False
1.1035,200.00048603572188,0.5000012136635631,16.00007215654684,False
1.104,200.00048309641724,0.5000012065189662,16.000071664369646,False
1.1045,200.0004801483626,0.5000011994194852,16.00007119846029,False
1.105,200.00047720629013,0.5000011923646625,16.00007076367139,False
1.1055,200.00047428583994,0.5000011853536718,16.000070360932025,False
1.106,200.00047140146347,0.5000011783854067,16.00006998725678,False
1.1065,200.0004685645537,0.5000011714586035,16.00006963626836,False
1.107,200.00046578204064,0.5000011645719806,16.000069299147828,False
1.1075,200.00046305561995,0.5000011577243757,16.0000689658731,False
1.108,200.0004603816952,0.5000011509148625,16.000068626573444,False
1.1085,200.0004577520168,0.5000011441428333,16.00006827281823,False
1.109,200.00045515491,0.500001137408037,16.00006789867306,False
1.1095,200.00045257691124,0.5000011307105686,16.00006750139231,False
1.11,200.00045000458385,0.5000011240508149,16.000067081669698,False
1.1105,200.0004474262687,0.5000011174293625,16.000066643428905,False
1.111,200.00044483354245,0.5000011108468843,16.000066193197224,False
1.1115,200.00044222220149,0.5000011043040175,16.000065739158664,False
1.112,200.00043959265864,0.5000010978012515,16.000065290021748,False
1.1125,200.00043694972092,0.5000010913388386,16.000064853856745,False
1.113,200.0004343017975,0.5000010849167398,16.000064437056146,False
1.1135,200.00043165966204,0.500001078534609,16.000064043550562,False
1.114,200.00042903494648,0.5000010721918208,16.000063674374445,False
1.1145,200.00042643857347,0.5000010658875325,16.000063327626663,False
1.115,200.00042387933482,0.5000010596207725,16.000062998817793,False
1.1155,200.00042136279814,0.5000010533905443,16.000062681545472,False
1.116,200.00041889067364,0.5000010471959292,16.000062368397924,False
1.1165,200.00041646070906,0.5000010410361754,16.000062051959468,False
1.117,200.00041406710815,0.500001034910763,16.000061725782402,False
1.1175,200.00041170140037,0.5000010288194363,16.000061385198933,False
1.118,200.0004093536323,0.5000010227622007,16.000061027872007,False
1.1185,200.00040701371333,0.5000010167392847,16.000060654021432,False
1.119,200.00040467273385,0.5000010107510748,16.000060266306747,False
1.1195,200.00040232408392,0.5000010047980329,16.00005986939384,False
1.12,200.00039996423197,0.5000009988806041,16.000059469272756,False
1.1205,200.00039759307327,0.5000009929991333,16.000059072424982,False
1.121,200.00039521381683,0.500000987153795,16.00005868495429,False
1.1215,200.00039283244115,0.5000009813445506,16.000058311796703,False
1.122,200.0003904568047,0.5000009755711328,16.00005795611048,False
1.1225,200.0003880955402,0.5000009698330625,16.00005761892019,False
1.123,200.00038575688444,0.5000009641296926,16.000057299052962,False
1.1235,200.0003834476001,0.5000009584602723,16.000056993365323,False
1.124,200.00038117212736,0.5000009528240225,16.000056697221037,False
1.1245,200.00037893206942,0.5000009472202142,16.000056405148804,False
1.125,200.0003767260679,0.500000941648236,16.00005611158721,False
1.1255,200.00037455007111,0.5000009361076451,16.000055811616345,False
1.1260000000000001,200.00037239794707,0.5000009305981938,16.00005550158038,False
1.1265,200.0003702623489,0.5000009251198309,16.00005517952315,False
1.127,200.00036813571018,0.5000009196726756,16.000054845385883,False
1.1275,200.0003660112359,0.5000009142569718,16.000054500949073,False
1.1280000000000001,200.0003638837581,0.500000908873027,16.000054149535018,False
1.1285,200.0003617503494,0.5000009035211445,16.00005379551796,False
1.129,200.00035961062167,0.5000008982015597,16.000053443712755,False
1.1295,200.0003574666807,0.5000008929143868,16.00005309872642,False
1.1300000000000001,200.0003553227561,0.5000008876595836,16.000052764358976,False
1.1305,200.00035318456406,0.5000008824369385,16.000052443130553,False
1.131,200.00035105849736,0.5000008772460797,16.000052135992412,False
1.1315,200.00034895075333,0.5000008720865055,16.00005184225386,False
1.1320000000000001,200.0003468665176,0.5000008669576314,16.000051559727147,False
1.1325,200.00034480930825,0.5000008618588454,16.000051285063954,False
1.133,200.00034278056103,0.5000008567895663,16.00005101423289,False
1.1335,200.00034077950218,0.5000008517492952,16.00005074307041,False
1.1340000000000001,200.0003388033156,0.5000008467376555,16.000050467830516,False
1.1345,200.0003368475723,0.5000008417544152,16.00005018566098,False
1.135,200.0003349068576,0.5000008367994888,16.00004989494613,False
1.1355,200.0003329755061,0.5000008318729217,16.00004959547563,False
1.1360000000000001,200.00033104834472,0.5000008269748566,16.000049288423178,False
1.1365,200.00032912134625,0.5000008221054896,16.000048976144225,False
1.137,200.00032719211006,0.5000008172650193,16.000048661825318,False
1.1375,200.00032526011344,0.5000008124535994,16.000048349036398,False
1.1380000000000001,200.00032332670762,0.5000008076712975,16.00004804124782,False
1.1385,200.0003213948682,0.5000008029180673,16.000047741376864,False
1.139,200.00031946874066,0.5000007981937361,16.000047451422173,False
1.1395,200.0003175530479,0.5000007934980114,16.000047172231294,False
1.1400000000000001,200.00031565244194,0.5000007888305004,16.000046903427066,False
1.1405,200.00031377088735,0.500000784190744,16.000046643497395,False
1.141,200.0003119111552,0.5000007795782585,16.00004639003091,False
1.1415,200.00031007449144,0.5000007749925778,16.000046140062707,False
1.1420000000000001,200.00030826049664,0.5000007704332935,16.0000458904811,False
1.1425,200.0003064672256,0.5000007659000858,16.000045638439794,False
1.143,200.00030469148683,0.500000761392741,16.000045381721293,False
1.1435,200.00030292929557,0.5000007569111556,16.00004511900549,False
1.1440000000000001,200.00030117641523,0.5000007524553257,16.000044850011292,False
1.1445,200.0002994289142,0.5000007480253236,16.000044575497135,False
1.145,200.00029768366326,0.5000007436212649,16.00004429712495,False
1.1455,200.0002959387112,0.5000007392432725,16.000044017210207,False
1.1460000000000001,200.0002941934929,0.5000007348914394,16.000043738394602,False
1.1465,200.00029244884868,0.500000730565798,16.00004346328706,False
1.147,200.00029070685835,0.5000007262662974,16.00004319412114,False
1.1475,200.00028897051823,0.5000007219927941,16.00004293247341,False
1.1480000000000001,200.00028724330895,0.5000007177450533,16.000042679077556,False
1.1485,200.0002855287144,0.5000007135227641,16.00004243375546,False
1.149,200.00028382975634,0.5000007093255632,16.00004219547037,False
1.1495,200.00028214860598,0.5000007051530647,16.00004196249087,False
1.1500000000000001,200.00028048631964,0.5000007010048931,16.00004173264058,False
1.1505,200.00027884273055,0.5000006968807127,16.00004150359784,False
1.151,200.00027721650451,0.5000006927802512,16.00004127320423,False
1.1515,200.0002756053472,0.5000006887033149,16.000041039741287,False
1.1520000000000001,200.00027400633007,0.5000006846497925,16.000040802140028,False
1.1525,200.00027241628905,0.5000006806196484,16.000040560098228,False
1.153,200.00027083224043,0.5000006766129061,16.00004031409296,False
1.1535,200.0002692517591,0.500000672629625,16.000040065290513,False
1.154,200.0002676732706,0.5000006686698727,16.00003981536879,False
1.1545,200.00026609622168,0.5000006647336981,16.000039566278687,False
1.155,200.00026452111115,0.5000006608211072,16.00003931997763,False
1.1555,200.00026294938158,0.500000656932046,16.00003907817135,False
1.156,200.0002613831907,0.5000006530663917,16.000038842097403,False
1.1565,200.0002598250969,0.5000006492239535,16.000038612377573,False
1.157,200.00025827770267,0.5000006454044816,16.000038388955975,False
1.1575,200.0002567433046,0.5000006416076859,16.000038171128406,False
1.158,200.00025522359502,0.5000006378332562,16.000037957655636,False
1.1585,200.00025371945364,0.5000006340808878,16.00003774694323,False
1.159,200.00025223085262,0.5000006303503031,16.00003753726182,False
1.1595,200.00025075688393,0.5000006266412702,16.00003732697768,False
1.16,200.00024929590174,0.5000006229536155,16.000037114762993,False
1.1605,200.00024784575672,0.5000006192872261,16.000036899758726,False
1.161,200.00024640408841,0.5000006156420469,16.00003668167052,False
1.1615,200.00024496863549,0.500000612018069,16.000036460787214,False
1.162,200.00024353752272,0.5000006084153121,16.00003623792218,False
1.1625,200.00024210948743,0.5000006048338049,16.000036014287783,False
1.163,200.00024068401777,0.5000006012735644,16.000035791321725,False
1.1635,200.00023926138803,0.5000005977345776,16.00003557048973,False
1.164,200.00023784258957,0.5000005942167882,16.0000353530912,False
1.1645,200.0002364291698,0.5000005907200893,16.0000351400933,False
1.165,200.00023502300365,0.5000005872443228,16.000034932014337,False
1.1655,200.0002336260303,0.500000583789286,16.00003472886993,False
1.166,200.00023223998983,0.5000005803547443,16.000034530187087,False
1.1665,200.0002308661953,0.5000005769404464,16.00003433508187,False
1.167,200.00022950536848,0.5000005735461432,16.000034142388454,False
1.1675,200.00022815755904,0.500000570171604,16.000033950820782,False
1.168,200.00022682215456,0.5000005668166311,16.000033759144536,False
1.1685,200.000225497977,0.500000563481069,16.000033566336526,False
1.169,200.00022418345074,0.5000005601648082,16.000033371710888,False
1.1695,200.00022287681645,0.5000005568677828,16.00003317499682,False
1.17,200.0002215763624,0.5000005535899622,16.000032976359144,False
1.1705,200.00022028064134,0.5000005503313395,16.00003277636103,False
1.171,200.00021898864583,0.500000547091916,16.00003257587571,False
1.1715,200.00021769991932,0.500000543871686,16.00003237596036,False
1.172,200.00021641459156,0.5000005406706236,16.000032177710313,False
1.1725,200.00021513333616,0.5000005374886711,16.000031982113065,False
1.173,200.00021385725736,0.5000005343257338,16.00003178992139,False
1.1735,200.00021258772503,0.5000005311816789,16.000031601561677,False
1.174,200.00021132617994,0.5000005280563397,16.00003141708809,False
1.1745,200.00021007393653,0.5000005249495242,16.000031236187247,False
1.175,200.0002088320088,0.5000005218610274,16.000031058230988,False
1.1755,200.0002076009818,0.5000005187906437,16.000030882368602,False
1.176,200.0002063809438,0.5000005157381802,16.00003070764522,False
1.1765,200.00020517148576,0.500000512703468,16.00003053312989,False
1.177,200.00020397176627,0.5000005096863686,16.0000303580361,False
1.1775,200.00020278063135,0.5000005066867781,16.000030181819334,False
1.178,200.00020159677078,0.5000005037046253,16.000030004239516,False
1.1785,200.00020041888993,0.5000005007398668,16.000029825381404,False
1.179,200.00019924587383,0.5000004977924775,16.00002964563165,False
1.1795,200.00019807692203,0.5000004948624401,16.000029465617008,False
1.18,200.0001969116375,0.500000491949734,16.00002928611312,False
1.1805,200.00019575005985,0.5000004890543236,16.000029107936843,False
1.181,200.00019459263999,0.5000004861761517,16.00002893183686,False
1.1815,200.00019344016164,0.500000483315133,16.00002875839687,False
1.182,200.00019229362204,0.5000004804711545,16.000028587963826,False
1.1825,200.00019115408855,0.5000004776440772,16.00002842060959,False
1.183,200.0001900225507,0.5000004748337425,16.00002825613007,False
1.1835,200.00018889978816,0.5000004720399811,16.000028094080598,False
1.184,200.0001877862701,0.5000004692626224,16.00002793384169,False
1.1845,200.00018668209913,0.5000004665015043,16.000027774705508,False
1.185,200.00018558700512,0.5000004637564813,16.00002761597101,False
1.1855,200.0001845003882,0.500000461027431,16.000027457035063,False
1.186,200.00018342140382,0.500000458314256,16.000027297467458,False
1.1865,200.0001823490767,0.5000004556168841,16.00002713706087,False
1.187,200.00018128242849,0.5000004529352643,16.00002697584973,False
1.1875,200.00018022060132,0.5000004502693604,16.000026814096827,False
1.188,200.00017916296147,0.5000004476191426,16.000026652250284,False
1.1885000000000001,200.00017810916998,0.5000004449845803,16.00002649087779,False
1.189,200.00017705921252,0.5000004423656322,16.00002633058725,False
1.1895,200.00017601338513,0.500000439762242,16.000026171944953,False
1.19,200.00017497224044,0.5000004371743325,16.000026015401907,False
1.1905000000000001,200.00017393650148,0.5000004346018062,16.000025861237845,False
1.191,200.0001729069562,0.5000004320445456,16.000025709529556,False
1.1915,200.00017188434722,0.5000004295024185,16.00002556014706,False
1.192,200.00017086927113,0.5000004269752838,16.00002541277693,False
1.1925000000000001,200.00016986210065,0.5000004244629985,16.00002526696898,False
1.193,200.00016886293858,0.5000004219654255,16.000025122199272,False
1.1935,200.00016787160868,0.5000004194824396,16.000024977940747,False
1.194,200.0001668876839,0.5000004170139319,16.000024833731842,False
1.1945000000000001,200.00016591054634,0.5000004145598129,16.000024689234166,False
1.195,200.00016493947035,0.5000004121200116,16.000024544272083,False
1.1955,200.00016397371687,0.5000004096944733,16.000024398849618,False
1.196,200.00016301262647,0.5000004072831552,16.00002425314312,False
1.1965000000000001,200.00016205569898,0.5000004048860204,16.000024107471667,False
1.197,200.000161102649,0.5000004025030312,16.00002396224964,False
1.1975,200.00016015343192,0.500000400134144,16.000023817928483,False
1.198,200.0001592082372,0.5000003977793034,16.000023674935523,False
1.1985000000000001,200.00015826745135,0.5000003954384395,16.000023533618062,False
1.199,200.00015733159606,0.500000393111467,16.00002339419983,False
1.1995,200.00015640125096,0.500000390798286,16.00002325675518,False
1.2,200.00015547697117,0.5000003884987844,16.000023121203746,False
1.2005000000000001,200.00015455921132,0.5000003862128438,16.000022987325636,False
1.201,200.00015364826464,0.5000003839403436,16.00002285479437,False
1.2015,200.0001527442262,0.500000381681167,16.000022723222735,False
1.202,200.00015184698273,0.5000003794352055,16.000022592215053,False
1.2025000000000001,200.00015095623044,0.500000377202363,16.00002246141882,False
1.203,200.00015007151734,0.5000003749825571,16.000022330568864,False
1.2035,200.00014919230352,0.50000037277572,16.000022199518607,False
1.204,200.00014831803065,0.5000003705817961,16.0000220682547,False
1.2045000000000001,200.00014744819237,0.5000003684007394,16.000021936893667,False
1.205,200.00014658239456,0.5000003662325083,16.000021805661557,False
1.2055,200.0001457203996,0.5000003640770623,16.000021674860015,False
1.206,200.0001448621479,0.5000003619343562,16.000021544823554,False
1.2065000000000001,200.00014400775623,0.5000003598043364,16.000021415873846,False
1.207,200.00014315749212,0.5000003576869397,16.000021288277505,False
1.2075,200.0001423117301,0.5000003555820905,16.000021162212203,False
1.208,200.0001414708945,0.5000003534897026,16.000021037745885,False
1.2085000000000001,200.00014063539885,0.500000351409681,16.000020914830987,False
1.209,200.00013980558765,0.5000003493419248,16.000020793314,False
1.2095,200.00013898168987,0.5000003472863316,16.000020672958662,False
1.21,200.00013816378905,0.5000003452428011,16.00002055347921,False
1.2105000000000001,200.0001373518135,0.5000003432112393,16.000020434579,False
1.211,200.00013654554715,0.5000003411915609,16.00002031598928,False
1.2115,200.00013574465905,0.500000339183691,16.000020197502952,False
1.212,200.0001349487474,0.5000003371875655,16.00002007899915,False
1.2125000000000001,200.00013415739042,0.5000003352031299,16.000019960455603,False
1.213,200.0001333701992,0.5000003332303369,16.0000198419477,False
1.2135,200.00013258686386,0.5000003312691434,16.000019723634743,False
1.214,200.00013180718798,0.5000003293195073,16.000019605735663,False
1.2145000000000001,200.00013103110692,0.5000003273813832,16.00001948849766,False
1.215,200.0001302586883,0.5000003254547207,16.000019372162384,False
1.2155,200.00012949011506,0.5000003235394613,16.000019256933772,False
1.216,200.00012872565404,0.5000003216355382,16.000019142952073,False
1.2165,200.00012796561467,0.5000003197428765,16.00001903027708,False
1.217,200.00012721030333,0.5000003178613942,16.00001891888246,False
1.2175,200.00012645997987,0.5000003159910053,16.00001880866165,False
1.218,200.0001257148215,0.5000003141316217,16.000018699444023,False
1.2185,200.0001249748991,0.5000003122831573,16.000018591018964,False
1.219,200.0001242401678,0.50000031044553,16.000018483164364,False
1.2195,200.00012351047397,0.500000308618664,16.000018375675655,False
1.22,200.00012278557503,0.5000003068024915,16.000018268391567,False
1.2205,200.00012206517147,0.5000003049969529,16.000018161213394,False
1.221,200.0001213489446,0.5000003032019955,16.00001805411523,False
1.2215,200.0001206365956,0.5000003014175727,16.000017947144517,False
1.222,200.00011992788112,0.5000002996436412,16.000017840412788,False
1.2225,200.0001192226399,0.5000002978801588,16.000017734078394,False
1.223,200.00011852080786,0.5000002961270812,16.00001762832359,False
1.2235,200.00011782242004,0.5000002943843607,16.000017523329383,False
1.224,200.0001171275995,0.5000002926519438,16.000017419251332,False
1.2245,200.00011643653482,0.5000002909297707,16.00001731619948,False
1.225,200.00011574945023,0.500000289217776,16.000017214225025,False
1.2255,200.00011506657162,0.5000002875158884,16.0000171133151,False
1.226,200.00011438809383,0.5000002858240338,16.00001701339616,False
1.2265,200.0001137141528,0.5000002841421364,16.00001691434523,False
1.227,200.00011304480688,0.5000002824701211,16.00001681600728,False
1.2275,200.00011238002858,0.5000002808079163,16.000016718216198,False
1.228,200.00011171970812,0.5000002791554548,16.000016620816492,False
1.2285,200.00011106366736,0.5000002775126752,16.000016523682945,False
1.229,200.0001104116829,0.5000002758795222,16.00001642673553,False
1.2295,200.00010976351345,0.5000002742559462,16.000016329947957,False
1.23,200.00010911892957,0.5000002726419019,16.00001623334885,False
1.2305,200.00010847774013,0.5000002710373472,16.000016137015685,False
1.231,200.0001078398132,0.5000002694422405,16.00001604106254,False
1.2315,200.00010720508857,0.5000002678565396,16.000015945623424,False
1.232,200.0001065735801,0.5000002662801997,16.00001585083364,False
1.2325,200.0001059453686,0.5000002647131713,16.000015756811436,False
1.233,200.00010532058624,0.5000002631554014,16.000015663642735,False
1.2335,200.00010469939426,0.5000002616068316,16.000015571370444,False
1.234,200.00010408195826,0.5000002600674004,16.000015479989933,False
1.2345,200.00010346842322,0.5000002585370428,16.000015389450752,False
1.235,200.00010285889257,0.5000002570156932,16.000015299664454,False
1.2355,200.0001022534132,0.5000002555032863,16.000015210517056,False
1.236,200.00010165196832,0.5000002539997591,16.00001512188444,False
1.2365,200.00010105447916,0.5000002525050519,16.000015033648587,False
1.237,200.0001004608146,0.500000251019109,16.00001494571244,False
1.2375,200.00009987080742,0.5000002495418802,16.00001485801158,False
1.238,200.00009928427488,0.5000002480733183,16.000014770521094,False
1.2385,200.00009870104034,0.5000002466133808,16.000014683257188,False
1.239,200.00009812095377,0.500000245162027,16.00001459627319,False
1.2395,200.00009754390766,0.500000243719217,16.000014509650946,False
1.24,200.00009696984725,0.5000002422849107,16.00001442348869,False
1.2405,200.00009639877305,0.500000240859066,16.000014337887237,False
1.241,200.00009583073654,0.5000002394416381,16.0000142529362,False
1.2415,200.00009526582892,0.5000002380325789,16.000014168702307,False
1.242,200.00009470416512,0.5000002366318369,16.00001408522098,False
1.2425,200.0000941458657,0.5000002352393575,16.000014002492353,False
1.243,200.00009359103782,0.5000002338550845,16.00001392048209,False
1.2435,200.0000930397594,0.5000002324789603,16.00001383912668,False
1.244,200.00009249206713,0.500000231110928,16.00001375834239,False
1.2445,200.0000919479507,0.5000002297509315,16.000013678036545,False
1.245,200.00009140735315,0.5000002283989181,16.00001359811967,False
1.2455,200.00009087017756,0.5000002270548377,16.00001351851671,False
1.246,200.00009033629848,0.5000002257186438,16.000013439176055,False
1.2465,200.00008980557706,0.5000002243902932,16.000013360075133,False
1.247,200.0000892778772,0.5000002230697457,16.000013281222063,False
1.2475,200.00008875308097,0.5000002217569625,16.000013202653136,False
1.248,200.000088231101,0.5000002204519062,16.000013124426783,False
1.2485,200.00008771188845,0.5000002191545385,16.000013046614757,False
1.249,200.00008719543595,0.5000002178648209,16.00001296929195,False
1.2495,200.00008668177446,0.500000216582712,16.000012892526104,False
1.25,200.000086170966,0.5000002153081684,16.000012816368752,False
1.2505,200.00008566309165,0.5000002140411444,16.000012740848693,False
1.2510000000000001,200.00008515823816,0.5000002127815917,16.000012665968665,False
1.2515,200.00008465648415,0.5000002115294608,16.000012591705467,False
1.252,200.0000841578875,0.5000002102847012,16.00001251801357,False
1.2525,200.0000836624764,0.5000002090472627,16.000012444831516,False
1.2530000000000001,200.0000831702443,0.5000002078170961,16.000012372090154,False
1.2535,200.0000826811496,0.5000002065941541,16.000012299721696,False
1.254,200.00008219512014,0.5000002053783916,16.000012227668176,False
1.2545,200.0000817120615,0.5000002041697663,16.000012155888435,False
1.2550000000000001,200.00008123186785,0.5000002029682383,16.0000120843626,False
1.2555,200.00008075443404,0.5000002017737699,16.000012013093645,False
1.256,200.0000802796672,0.5000002005863251,16.000011942105953,False
1.2565,200.00007980749635,0.5000001994058685,16.000011871440993,False
1.2570000000000001,200.00007933787873,0.5000001982323645,16.000011801150986,False
1.2575,200.0000788708025,0.5000001970657773,16.000011731291405,False
1.258,200.00007840628473,0.500000195906069,16.000011661913234,False
1.2585,200.00007794436644,0.5000001947532007,16.00001159305611,False
1.2590000000000001,200.00007748510413,0.5000001936071311,16.000011524743197,False
1.2595,200.00007702855953,0.5000001924678177,16.00001145697839,False
1.26,200.00007657478963,0.5000001913352164,16.00001138974612,False
1.2605,200.00007612383692,0.5000001902092831,16.000011323013798,False
1.2610000000000001,200.0000756757224,0.5000001890899731,16.000011256736325,False
1.2615,200.0000752304415,0.5000001879772431,16.00001119086215,False
1.262,200.00007478796346,0.5000001868710505,16.000011125339917,False
1.2625,200.00007434823416,0.500000185771355,16.00001106012492,False
1.2630000000000001,200.0000739111822,0.5000001846781179,16.00001099518447,False
1.2635,200.0000734767265,0.5000001835913027,16.00001093050142,False
1.264,200.00007304478564,0.5000001825108746,16.00001086607567,False
1.2645,200.00007261528637,0.5000001814367999,16.000010801923246,False
1.2650000000000001,200.00007218817106,0.5000001803690456,16.000010738073367,False
1.2655,200.00007176340262,0.5000001793075788,16.000010674563896,False
1.266,200.000071340967,0.5000001782523661,16.00001061143575,False
1.2665,200.00007092087196,0.5000001772033734,16.00001054872716,False
1.2670000000000001,200.00007050314372,0.5000001761605651,16.00001048646847,False
1.2675,200.00007008782075,0.5000001751239044,16.000010424678088,False
1.268,200.00006967494653,0.5000001740933532,16.000010363360232,False
1.2685,200.00006926456157,0.5000001730688727,16.000010302504567,False
1.2690000000000001,200.00006885669669,0.5000001720504236,16.00001024208779,False
1.2695,200.00006845136707,0.5000001710379663,16.00001018207678,False
1.27,200.00006804856898,0.5000001700314624,16.000010122433093,False
1.2705,200.00006764827927,0.5000001690308736,16.000010063117852,False
1.2710000000000001,200.00006725045702,0.500000168036164,16.000010004096644,False
1.2715,200.00006685504783,0.5000001670472982,16.00000994534355,False
1.272,200.0000664619894,0.5000001660642429,16.00000988684403,False
1.2725,200.00006607121844,0.5000001650869661,16.000009828596195,False
1.2730000000000001,200.000065682677,0.5000001641154364,16.0000097706103,False
1.2735,200.0000652963182,0.5000001631496233,16.000009712906756,False
1.274,200.00006491211013,0.5000001621894964,16.000009655512837,False
1.2745,200.00006453003795,0.5000001612350252,16.000009598458643,False
1.2750000000000001,200.00006415010336,0.5000001602861782,16.000009541772727,False
1.2755,200.0000637723221,0.5000001593429234,16.000009485478174,False
1.276,200.0000633967198,0.5000001584052276,16.00000942958949,False
1.2765,200.0000630233263,0.5000001574730569,16.00000937411074,False
1.2770000000000001,200.00006265217007,0.5000001565463768,16.000009319035115,False
1.2775,200.00006228327283,0.500000155625152,16.000009264345923,False
1.278,200.0000619166451,0.5000001547093478,16.00000921001888,False
1.2785,200.00006155228365,0.5000001537989295,16.00000915602528,False
1.2790000000000001,200.00006119017053,0.5000001528938632,16.000009102335696,False
1.2795,200.00006083027452,0.5000001519941164,16.000009048923626,False
1.28,200.00006047255374,0.5000001510996571,16.00000899576859,False
1.2805,200.0000601169602,0.5000001502104547,16.000008942858376,False
1.281,200.00005976344428,0.5000001493264801,16.000008890190152,False
1.2815,200.0000594119601,0.5000001484477042,16.00000883777026,False
1.282,200.00005906246935,0.500000147574099,16.0000087856128,False
1.2825,200.0000587149448,0.5000001467056365,16.000008733737328,False
1.283,200.0000583693718,0.5000001458422886,16.00000868216585,False
1.2835,200.00005802574807,0.5000001449840267,16.00000863091959,False
1.284,200.00005768408226,0.5000001441308216,16.000008580016033,False
1.2845,200.0000573443906,0.5000001432826436,16.000008529466488,False
1.285,200.00005700669308,0.5000001424394623,16.00000847927461,False
1.2855,200.0000566710092,0.5000001416012468,16.00000842943594,False
1.286,200.00005633735378,0.500000140767966,16.000008379938535,False
1.2865,200.00005600573377,0.5000001399395884,16.000008330764526,False
1.287,200.0000556761459,0.5000001391160834,16.000008281892512,False
1.2875,200.00005534857604,0.5000001382974205,16.000008233300182,False
1.288,200.00005502300002,0.5000001374835704,16.000008184967136,False
1.2885,200.00005469938543,0.5000001366745043,16.00000813687721,False
1.289,200.00005437769488,0.5000001358701942,16.000008089020255,False
1.2895,200.00005405788943,0.5000001350706132,16.000008041393034,False
1.29,200.00005373993238,0.5000001342757352,16.000007993999223,False
1.2905,200.00005342379254,0.5000001334855341,16.00000794684844,False
1.291,200.0000531094466,0.5000001326999842,16.000007899954618,False
1.2915,200.00005279688068,0.5000001319190598,16.000007853333734,False
1.292,200.00005248609017,0.5000001311427349,16.000007807001502,False
1.2925,200.0000521770786,0.500000130370983,16.000007760971062,False
1.293,200.0000518698558,0.5000001296037775,16.000007715251183,False
1.2935,200.00005156443456,0.5000001288410907,16.000007669844972,False
1.294,200.00005126082766,0.5000001280828953,16.000007624749543,False
1.2945,200.00005095904487,0.5000001273291632,16.000007579956307,False
1.295,200.00005065909028,0.5000001265798667,16.00000753545213,False
1.2955,200.00005036096059,0.5000001258349781,16.000007491221012,False
1.296,200.00005006464428,0.5000001250944701,16.000007447246038,False
1.2965,200.00004977012244,0.5000001243583163,16.00000740351148,False
1.297,200.00004947736974,0.5000001236264905,16.000007360004567,False
1.2975,200.00004918635676,0.5000001228989676,16.000007316716925,False
1.298,200.00004889705275,0.5000001221757229,16.000007273645284,False
1.2985,200.00004860942826,0.5000001214567323,16.00000723079153,False
1.299,200.00004832345772,0.5000001207419721,16.000007188162126,False
1.2995,200.00004803912134,0.5000001200314188,16.000007145766865,False
1.3,200.00004775640605,0.5000001193250487,16.000007103617307,False
1.3005,205.50972520391764,0.5000001186228384,15.301908934613612,False
1.301,210.2179367817367,0.49964198887240413,13.274798177793436,False
1.3015,213.4989066660859,0.4992533092417871,10.195823064024047,False
1.302,214.91953551385413,0.49888677714757834,6.482438215875151,False
1.3025,214.2981174389607,0.49859195267248213,2.636370432532995,False
1.303,211.72920882672196,0.4984085518146424,0.0,False
1.3035,207.9975732975912,0.4983610591128535,0.0,False
1.304,204.56501564391786,0.49842767728984616,0.0,False
1.3045,201.4085935544109,0.49853082993787107,0.0,False
1.305,198.50703650534516,0.49866752213903026,0.0,False
1.3055,195.8406404697369,0.49883499444390345,0.5991649056071491,False
1.306,193.7012272771214,0.4990307046386377,1.8263547876671429,False
1.3065,192.37144331911938,0.4992321568891117,3.5123379333601537,False
1.307,192.02313229930428,0.499413074437225,5.428042929754297,False
1.3075,192.6956458585502,0.49955014300372624,7.315731524159027,False
1.308,194.29197541216647,0.4996260826378857,8.92351235835719,False
1.3085,196.59284330590575,0.49963188652902235,10.038657315595485,False
1.309,199.28665829890204,0.49956795048474684,10.515464107098355,False
1.3095,202.01134392633728,0.4994439598606134,10.29415636508587,False
1.31,204.4026307444746,0.49927755542034663,9.408430300726645,False
1.3105,206.1425783580634,0.49909195161827263,7.980648097126372,False
1.311,207.00196640631984,0.4989128155622222,6.2052291805064685,False
1.3115,206.8708494270666,0.4987648166637146,4.3223487936696765,False
1.312,205.77302338921353,0.4986683097712713,2.585419257414361,False
1.3125,203.86229013147295,0.4986366057223257,1.2267783147462525,False
1.313,201.40096179226487,0.49867420803324064,0.42634360985340214,False
1.3135000000000001,198.7236202646053,0.4987762600233171,0.28760700232348435,False
1.314,196.1912878308327,0.498929272795731,0.8242711165767216,False
1.3145,194.14249283597377,0.4991130200999571,1.9592533369357636,False
1.315,192.84801680520638,0.49930332245716047,3.5359828329204714,False
1.3155000000000001,192.47539196850138,0.4994753260066207,5.340205291595681,False
1.316,193.06767840746252,0.4996068263689285,7.129148805338704,False
1.3165,194.53899949537242,0.4996811968708684,8.664053175184884,False
1.317,196.68708431750127,0.4996895458240424,9.741774487269355,False
1.3175000000000001,199.22093746010387,0.4996318353181734,10.221414075432724,False
1.318,201.7999352702288,0.4995168285991417,10.042608589699833,False
1.3185,204.07927722694572,0.49936087967958204,9.233165337825758,False
1.319,205.7559143159116,0.49918572342334205,7.905039565029223,False
1.3195000000000001,206.60893378535732,0.4990155528541551,6.239116932678298,False
1.32,206.52897763459416,0.4988737678739024,4.460739297336641,False
1.3205,205.53262121546754,0.49877983101692164,2.8092077326782094,False
1.321,203.75963327743307,0.49874665951964603,1.5054048039012742,False
1.3215000000000001,201.45343167215154,0.49877891441738625,0.7220148614242743,False
1.322,198.92747043050423,0.498872423022568,0.5604864188390475,False
1.3225,196.52232792890655,0.4990148090281928,1.0379017584269599,False
1.323,194.5595542891206,0.49918723123433906,2.0854574944162865,False
1.3235000000000001,193.29867332264894,0.49936697660199164,3.558575151326105,False
1.324,192.9031128147649,0.49953054055047547,5.257041824331949,False
1.3245,193.41942920591688,0.4996567718836482,6.9522749431082245,False
1.325,194.77228230294068,0.4997296646260018,8.417969605085208,False
1.3255000000000001,196.77551201122483,0.4997404377366065,9.460078502013525,False
1.326,199.15764167196122,0.49968864357102394,9.942269665568858,False
1.3265,201.59838382586832,0.4995821724629077,9.803637423567407,False
1.327,203.77139870556127,0.49943615959782434,9.066421764945588,False
1.3275000000000001,205.38776560776253,0.49927093787325627,7.832728479232245,False
1.328,206.23446837101065,0.49910930304402973,6.270628881771813,False
1.3285,206.20273814695037,0.4989734508803022,4.591414310910322,False
1.329,205.30234698049048,0.49888199631930097,3.021011093521788,False
1.3295000000000001,203.6598056507,0.4988474806729166,1.7694319773449223,False
1.33,201.50065953378453,0.4988747106546456,1.0024791201764813,False
1.3305,199.1183560521746,0.4989601580674846,0.8196264015987323,False
1.331,196.83409060914974,0.4990924979007825,1.2411160856308168,False
1.3315000000000001,194.95328848002447,0.4992541998137965,2.2059516969627126,False
1.332,193.724748253336,0.4994239405930524,3.5808923551558767,False
1.3325,193.3079395975679,0.49957949638058674,5.17902203050749,False
1.333,193.75266393039584,0.4997007177194116,6.785214426847799,False
1.3335000000000001,194.99350863355514,0.49977219154381436,8.18499482611743,False
1.334,196.85954249204067,0.499785246679153,9.19297580170747,False
1.3345,199.0977698219772,0.49973905184884815,9.677199459360939,False
1.335,201.40718209827065,0.4996406739350217,9.576294235686243,False
1.3355000000000001,203.47896350735277,0.4995040955897329,8.907269192240964,False
1.336,205.03763199020966,0.4993483220666685,7.76293380489063,False
1.3365,205.8777218448477,0.4991948241626725,6.299241539051982,False
1.337,205.89110197226145,0.4990646538422679,4.714177966582849,False
1.3375000000000001,205.08118058821728,0.4989756183063133,3.220983617992512,False
1.338,203.5619802000734,0.49893989666669225,2.0193369826056897,False
1.3385,201.54216401215749,0.4989624269830984,1.2684644327019325,False
1.339,199.29624192280224,0.4990402853323118,1.0659006315248793,False
1.3395000000000001,197.12702267675292,0.49916313780793753,1.4348105316955762,False
1.34,195.3245925029957,0.4993146934300887,2.321532092751262,False
1.3405,194.12749599849656,0.49947494605123155,3.603523866095646,False
1.341,193.69134397046392,0.4996228884364791,5.106452677252966,False
1.3415000000000001,194.06890422274103,0.4997393258783238,6.627955455559981,False
1.342,195.20407855800372,0.4998094143023688,7.964806677915982,False
1.3425,196.94030155963347,0.4998245944072356,8.939884524052696,False
1.343,199.04206016909842,0.4997836787337596,9.425447747822272,False
1.3435000000000001,201.2266223072531,0.4996929599007499,9.359758522039028,False
1.344,203.20182200848322,0.4995653324592334,8.754939283566289,False
1.3445,204.70498803377552,0.49941854514404466,7.695047716309067,False
1.345,205.53791107604854,0.49927281202227336,6.324591922248751,False
1.3455,205.59318102067573,0.499148097204019,4.828960567085308,False
1.346,204.86829390998383,0.4990614359914775,3.4093549534907757,False
1.3465,203.46554190726422,0.4990246559383623,2.255612384440997,False
1.347,201.57766291646647,0.4990428104098894,1.520653532137933,False
1.3475,199.4612488458275,0.49911353941568226,1.3000842002258364,False
1.348,197.4016601114437,0.49922744138652686,1.619744095408852,False
1.3485,195.6743717194317,0.4993693959215743,2.43283781154649,False
1.349,194.50809543324806,0.49952064476538344,3.6269038968793588,False
1.3495,194.05464664304165,0.49966133714819394,5.039507773843476,False
1.35,194.36946362103527,0.4997731898880586,6.480393111135241,False
1.3505,195.40515240859185,0.4998419070848434,7.757041068129056,False
1.351,197.01867292398637,0.4998590453593367,8.700236532401478,False
1.3515,198.9910356145225,0.49982308923970714,9.186325119310778,False
1.352,201.05683302598635,0.4997396055709626,9.153318523139527,False
1.3525,202.93973019437814,0.49962046320499953,8.608799199253824,False
1.353,204.38929099230015,0.4994822223936643,7.6286055953687235,False
1.3535,205.214309862924,0.49934390498888365,6.346448254649906,False
1.354,205.3082054920414,0.4992244393974086,4.935793967527748,False
1.3545,204.66301752514855,0.4991401215335721,3.5864134500065896,False
1.355,203.3700489691589,0.49910243566903956,2.4787595637265905,False
1.3555,201.60703458826075,0.49911653336230166,1.7596879956995521,False
1.356,199.61362074208458,0.4991805785625226,1.522867739600072,False
1.3565,197.65860557935767,0.49928604494370016,1.7965603262036145,False
1.357,196.00353081156163,0.49941891661814614,2.540377685514921,False
1.3575,194.86765574743194,0.49956161739436256,3.651339230165227,False
1.358,194.3990372519,0.4996953963113575,4.97825367661527,False
1.3585,194.65547885354965,0.49980284167735567,6.342348494389595,False
1.359,195.59768942206344,0.4998701874144699,7.561302703422558,False
1.3595,197.09533921777887,0.4998891115447132,8.47347846769439,False
1.36,198.94504186763015,0.4998577989666608,8.959199871038164,False
1.3605,200.89780974295022,0.4997811382061538,8.956354325783703,False
1.361,202.69236895164696,0.49967003266624355,8.468328819557815,False
1.3615,204.08998673656095,0.499539919171534,7.563260569075582,False
1.362,204.90624126730236,0.4994086884812399,6.36468532558781,False
1.3625,205.03550422800325,0.49929428213569327,5.034791096678546,False
1.363,204.46481231350919,0.49921228642423815,3.7524925499396034,False
1.3635,203.27519998221788,0.4991738488352603,2.689283690728155,False
1.364,201.6302855322379,0.4991842014520916,1.986172309445218,False
1.3645,199.75369740504138,0.499241992891607,1.734869840915732,False
1.365,197.89851018287297,0.49933951683689126,1.9658062505811371,False
1.3655,196.3129670914682,0.4994637985452566,2.644553007569658,False
1.366,195.2072222690387,0.4995983811934548,3.677032685910549,False
1.3665,194.72559196299915,0.49972556010054064,4.9226701203572745,False
1.367,194.92793693359738,0.4998287577363977,6.213584567254594,False
1.3675,195.78248082373884,0.49989472143386376,7.377173733357557,False
1.368,197.17081683209906,0.4999152570270006,8.259072178999341,False
1.3685,198.90427963082143,0.49988827797410107,8.743490324196099,False
1.369,200.74944041540982,0.4998180406397026,8.768323246814338,False
1.3695,202.45935996064452,0.4997145409942421,8.333101296704335,False
1.37,203.80651430739852,0.49959215461757067,7.498761951269962,False
1.3705,204.61307071460206,0.499467699185622,6.379263786199756,False
1.371,204.77448780504102,0.4993581753045428,5.1261289035361175,False
1.3715,204.2732453222258,0.4992784871329452,3.9079596317372736,False
1.372,203.1808062893843,0.4992394505772526,2.887689862692697,False
1.3725,201.6475233435756,0.4992463604345539,2.200677674922387,False
1.373,199.8818919326044,0.49929831173169076,1.9366478590341119,False
1.3735,198.12205861728813,0.49938836492325017,2.127948576054552,False
1.374,196.60356548686113,0.4995045257097567,2.745676852088864,False
1.3745,195.5277820187427,0.4996313968839751,3.7041029142955537,False
1.375,195.03528890936178,0.49975226932709993,4.872667836499185,False
1.3755,195.18769849502507,0.49985136464892854,6.093819295014228,False
1.3760000000000001,195.96017806442174,0.49991592869222,7.204220755745407,False
1.3765,197.24548545979656,0.4999379020427838,8.05649477793338,False
1.377,198.8688317395446,0.4999149543911182,8.538658054805929,False
1.3775,200.61152687624687,0.49985075460103756,8.588747279983306,False
1.3780000000000001,202.24027886117727,0.4997544469410588,8.202766519436075,False
1.3785,203.53830948410555,0.4996394051588946,7.434937035992285,False
1.379,204.33419993094375,0.49952142898548657,6.390212770686002,False
1.3795,204.52463411407865,0.4994166214641805,5.210034148128646,False
1.3800000000000001,204.08796937180523,0.4993392302433126,4.053206835325652,False
1.3805,203.08676875623536,0.49929974393984916,3.0744801059318654,False
1.381,201.6589341095449,0.4993035024392842,2.4037454674303484,False
1.3815,199.9986720423005,0.4993500101599755,2.12870722820528,False
1.3820000000000001,198.3299570806112,0.4994330431827032,2.2833874927871753,False
1.3825,196.87619477719727,0.4995415295745785,2.84399042329827,False
1.383,195.83026885092994,0.49966107476809124,3.732601057885123,False
1.3835,195.32902161647,0.4997759170316407,4.8281033048768816,False
1.3840000000000001,195.43551779287168,0.4998710440691166,5.982736564649516,False
1.3845,196.13131684634834,0.49993418649340343,7.042000526004129,False
1.385,197.3196131068864,0.4999574267880344,7.865238482055059,False
1.3855,198.83868603904088,0.49993821777840425,8.344202008486803,False
1.3860000000000001,200.48380279208754,0.4998796838412109,8.417202384658125,False
1.3865,202.03466621351936,0.4997901709616772,8.07703711264788,False
1.387,203.28480764750145,0.4996821077974028,7.371675763491258,False
1.3875,204.06906172161837,0.4995703286109912,6.397615330504797,False
1.3880000000000001,204.28547616254895,0.4994700799814611,5.28677156222141,False
1.3885,203.90870591288765,0.49939497711697634,4.188643498388636,False
1.389,202.99305833880695,0.4993551850407661,3.25015102405166,False
1.3895,201.66476359238493,0.499356071544388,2.5958903068127093,False
1.3900000000000001,200.1045446203231,0.49939751482782335,2.311509430643695,False
1.3905,198.52292342048463,0.4994739576071216,2.432468370640455,False
1.391,197.13170476681813,0.4995751948158062,2.9396768411652134,False
1.3915,196.1155681102541,0.49968778017698734,3.7625247468248264,False
1.3920000000000001,195.6076105929342,0.4997968534881617,4.788791093021911,False
1.3925,195.67205976825508,0.4998881372051337,5.879995262464353,False
1.393,196.29633750279098,0.4999498338498438,6.890064632673622,False
1.3935,197.39337722514608,0.49997417490057516,7.684810355115401,False
1.3940000000000001,198.81375465166315,0.4999584222560802,8.15965344064976,False
1.3945,200.36594874038607,0.4999051970649794,8.253309402018735,False
1.395,201.84203666191084,0.49982209812943745,7.9556766335880384,False
1.3955,203.04544613293444,0.49972066318343256,7.308917844660991,False
1.3960000000000001,203.81711555279014,0.49961481101788735,6.401596250047743,False
1.3965,204.05659183888207,0.4995189708136027,5.356633991277837,False
1.397,203.73523069424104,0.49944614812171484,4.314689910675724,False
1.3975,202.89969989055984,0.49940618771853335,3.4151919338745493,False
1.3980000000000001,201.66530160876565,0.499404468760359,2.7776027355744204,False
1.3985,200.2000429707311,0.4994412091503172,2.4854787630882496,False
1.399,198.70167910923973,0.49951147143765795,2.5754916238412626,False
1.3995,197.37092416542373,0.499605864444094,3.0328727240277935,False
1.4000000000000001,196.38452078225728,0.4997118383288034,3.793829822734069,False
1.4005,195.8718132734579,0.4998153906862278,4.754514160977149,False
1.401,195.89791454551184,0.4999029488625659,5.785236820873052,False
1.4015,196.45560222938255,0.49996317508078053,6.747963340468857,False
1.4020000000000001,197.46688252661326,0.49998845666314634,7.51473201179293,False
1.4025,198.79389018326702,0.49997588941038557,7.984571608984965,False
1.403,200.25760486939734,0.4999276306748039,8.096726396916946,False
1.4035,201.66188661977364,0.49985058086745643,7.838489663562709,False
1.4040000000000001,202.81966620807384,0.49975543848064097,7.246641986405929,False
1.4045,203.5778438731986,0.4996552545081049,6.402311879986199,False
1.405,203.8375953921065,0.49956367796675066,5.4199341978928075,False
1.4055,203.56736185005852,0.49949312645992366,4.431772153950495,False
1.4060000000000001,202.80675873087034,0.49945312770927514,3.5700833743832794,False
1.4065,201.660869111964,0.4994490564842715,2.9493515206412217,False
1.407,200.2857163246008,0.4994814379285374,2.651008043497176,False
1.4075,198.86694272121588,0.49954590982303654,2.7127209889986785,False
1.408,197.59465900778662,0.4996338443623875,3.123677881577379,False
1.4085,196.63792714870982,0.4997335386629422,3.8264401289551455,False
1.409,196.12233250004923,0.49983180634866536,4.725032447411646,False
1.4095,196.11360969615328,0.49991575109359765,5.6980914862892185,False
1.41,196.60940960446186,0.4999744830883502,6.615248756346074,False
1.4105,197.5401759612601,0.5000005519488678,7.3545393266682995,False
1.411,198.77889933010204,0.499990910991609,7.818540138753376,False
1.4115,200.15838152219658,0.4999472913332153,7.947142239230418,False
1.412,201.49370072861421,0.49987594150077774,7.725313529214668,False
1.4125,202.60691476751765,0.4997867700295276,7.184856909809861,False
1.413,203.35074909956987,0.4996920056060697,6.399941680935529,False
1.4135,203.62813039702687,0.4996045526529735,5.476998062407301,False
1.414,203.40495005990923,0.49953626163214526,4.540317841983527,False
1.4145,202.71432956300518,0.49949634639810253,3.715295905803714,False
1.415,201.6518075589768,0.4994901624795026,3.11158560785399,False
1.4155,200.3621212445965,0.4995185114663194,2.8084633925562232,False
1.416,199.019424651198,0.49957756396336944,2.8443904360798404,False
1.4165,197.80369148970408,0.49965940742327136,3.2121633911254923,False
1.417,196.8765499780606,0.49975313870900057,3.860255655473801,False
1.4175,196.35982371963306,0.49984634753491186,4.700090001697726,False
1.418,196.31962057040639,0.49992678649203864,5.618183514122791,False
1.4185,196.758006780912,0.4999840023409439,6.491477439407562,False
1.419,197.6132592709479,0.5000107129287049,7.2037821683201635,False
1.4195,198.76855427549407,0.500003751415139,7.6611639805997,False
1.42,200.06786813961475,0.49996445835077924,7.804271255645905,False
1.4205,201.3369572910473,0.499898474635479,7.61601141979894,False
1.421,202.4066458062172,0.4998149658185417,7.1235938958412985,False
1.4215,203.1353511845893,0.49972538170568986,6.394681217287017,False
1.422,203.42786399578858,0.4996419161690025,5.528158961289417,False
1.4225,203.24787047671063,0.49957587256850566,4.6407526113283675,False
1.423,202.6225273867263,0.4995361541873089,3.851289138878404,False
1.4235,201.63847020868045,0.49952808343100724,3.264735764983681,False
1.424,200.42981462187691,0.4995527092367793,2.958188214638922,False
1.4245,199.15982286333715,0.4996066947967913,2.970709907010638,False
1.425,197.9987791300314,0.49968279704176827,3.2983782940350497,False
1.4255,197.10111729242718,0.4997708675414831,3.895159284840611,False
1.426,196.58490106434672,0.4998592338739769,4.679420884507326,False
1.4265,196.51637896430586,0.4999362711694157,5.545135460350234,False
1.427,196.90159968294287,0.49999195158995313,6.376212549316688,False
1.4275,197.68609947431534,0.5000191665587771,7.0620241670146084,False
1.428,198.7626022056998,0.5000146500770939,7.512066883403505,False
1.4285,199.98564070367377,0.4999793859074391,7.667848800197309,False
1.429,201.1911328388136,0.49991844937198526,7.510466696244431,False
1.4295,202.2183217130072,0.4998403077726461,7.062900630417076,False
1.43,202.9311856868468,0.49975567350324135,6.386736380583302,False
1.4305,203.23648222786358,0.4996760625192466,5.573753140277918,False
1.431,203.09601615646773,0.49961225045877783,4.733497241907871,False
1.4315,202.53148010034243,0.4995728335200006,3.9785109507999397,False
1.432,201.6212150508334,0.49956308812130173,3.4092159516087044,False
1.4325,200.48934801232542,0.4995842831480147,3.1005064915483955,False
1.433,199.28881949947743,0.4996335362797552,3.091870053294981,False
1.4335,198.18065419243436,0.49970423041290546,3.382355117432551,False
1.434,197.3123247576226,0.49978692886537107,3.9310223496780483,False
1.4345,196.79814246676435,0.4998706604657473,4.66275402467383,False
1.435,196.70428035932392,0.4999443974432887,5.478571709916808,False
1.4355,197.0403614977194,0.49999852634327097,6.269025608125121,False
1.436,197.75863758711785,0.5000261168638853,6.928842516638523,False
1.4365,198.76077322437564,0.5000238234956087,7.370889309686775,False
1.437,199.91126794005012,0.4999923051153802,7.5376276088381164,False
1.4375,201.05570596617505,0.4999361113604957,7.408578214195257,False
1.438,202.04141441150293,0.4998630538696968,7.002836152715354,False
1.4385000000000001,202.7378022661568,0.49978314723125783,6.376318655012496,False
1.439,203.05368628150495,0.4997072608045328,5.614115928982244,False
1.4395,202.9492927581865,0.49964566130954285,4.81896530857443,False
1.44,202.44132253011435,0.499606641594336,4.097396855935066,False
1.4405000000000001,201.60039911095777,0.49959542026778786,3.5454244540123554,False
1.441,200.5412631000818,0.4996134604520813,3.2357254906488304,False
1.4415,199.40707820692754,0.49965829830612385,3.20804612267388,False
1.442,198.3500233176286,0.4997239013776777,3.464114398435396,False
1.4425000000000001,197.510837743757,0.49980150377237825,3.9677091818896475,False
1.443,197.0000939473434,0.49988080048491546,4.6498171911751545,False
1.4435,196.8836899428084,0.49995133626552596,5.418121358771398,False
1.444,197.17443971326153,0.5000039011166106,6.169497935443176,False
1.4445000000000001,197.83079583952895,0.5000317470323891,6.803827806920613,False
1.445,198.76278690334047,0.5000314672884827,7.237286727319095,False
1.4455,199.84431646312504,0.500003425931742,7.413374819377671,False
1.446,200.9301605354718,0.49995168470680595,7.310256506768236,False
1.4465000000000001,201.87540636635848,0.4998834400951565,6.9434667383167445,False
1.447,202.55476353366421,0.4998080467081168,6.363641265539804,False
1.4475,202.8791895198014,0.4997357573967465,5.649578667958457,False
1.448,202.80761431336475,0.4996763482546427,4.897561282211929,False
1.4485000000000001,202.3521916622061,0.49963781280026404,4.208369507686583,False
1.449,201.57637391431922,0.4996253010578889,3.6737448213505406,False
1.4495,200.5860881100577,0.4996404463365684,3.3641379774560036,False
1.45,199.51524207032983,0.4996811693051307,3.3194011254756637,False
1.4505000000000001,198.5075673291581,0.4997419829760621,3.5436683637384405,False
1.451,197.69729310241127,0.4998147532031833,4.0050808076867295,False
1.4515,197.19127319642325,0.4998898075179844,4.64034021501461,False
1.452,197.05494759127714,0.4999572394153375,5.363420547372057,False
1.4525000000000001,197.3039619201783,0.5000082314817257,6.077221805493186,False
1.453,197.90248361498848,0.500036221336478,6.686583879572565,False
1.4535,198.7683576722482,0.5000377579975126,7.110928218020728,False
1.454,199.7843550186033,0.5000129389295659,7.294869552992855,False
1.4545000000000001,200.81398834323014,0.49996537373696903,7.215420693624607,False
1.455,201.7197914669454,0.4999016822455893,6.88486257264931,False
1.4555,202.381644193195,0.49983059521739936,6.348916072791406,False
1.456,202.71271515319924,0.499761777918189,5.680466239322481,False
1.4565000000000001,202.67089989199337,0.49970453364289075,4.969679012728787,False
1.457,202.26422288461708,0.4996665609075711,4.311838313579874,False
1.4575,201.54948192453705,0.4996529314146707,3.794546636416103,False
1.458,200.6243350189655,0.49966542623380666,3.4860240117595356,False
1.4585000000000001,199.61393205186496,0.49970231855380076,3.4260883939189273,False
1.459,198.65394118451346,0.4997586297213778,3.621023896123657,False
1.4595,197.87230070325506,0.4998268201469776,4.04299792033178,False
1.46,197.37217255867003,0.4998978176604918,4.634057575629412,False
1.4605000000000001,197.21837197493065,0.499962241479341,5.3141143280845835,False
1.461,197.4290405651034,0.5000116559289041,5.99180136588205,False
1.4615,197.97360230346368,0.5000396868909187,6.576727701049759,False
1.462,198.77719922024804,0.5000428547694489,6.9914953500102435,False
1.4625000000000001,199.7309579551887,0.5000210169353059,7.181900967115833,False
1.463,200.70669132077953,0.49997736462923104,7.1239960013452,False
1.4635,201.5740757968819,0.49991797759113976,6.827095090824708,False
1.464,202.2180304177288,0.4998509972303814,6.332351098776609,False
1.4645000000000001,202.55399444753732,0.49978552904307316,5.7070951085549755,False
1.465,202.53907101629733,0.4997304209248697,5.0357005372786805,False
1.4655,202.17754707437587,0.4996930810311872,4.4081991496345285,False
1.466,201.52005379976134,0.49967849402216763,3.9081861508806157,False
1.4665000000000001,200.65649743752098,0.4996885678789019,3.601652396111414,False
1.467,199.70374585973107,0.49972189823545116,3.528253632139606,False
1.4675,198.78977404960858,0.49977397962644465,3.6961849009237824,False
1.468,198.0364447689849,0.4998378316062067,4.0813232434840385,False
1.4685000000000001,197.54326151430814,0.49990495139870306,4.630710449521404,False
1.469,197.37426392054041,0.4999664616387223,5.26985813626604,False
1.4695,197.54977681772553,0.5000142975596026,5.912853351216555,False
1.47,198.0440492347123,0.5000422752624775,6.473889244638984,False
1.4705000000000001,198.78902805772134,0.5000469009031073,6.878681268768772,False
1.471,199.68370803735547,0.5000278165410911,7.074266701752973,False
1.4715,200.60778333189216,0.49998782692154914,7.035911796240606,False
1.472,201.43777829576447,0.4999325064068439,6.770234877729512,False
1.4725,202.06351941220927,0.4998694399842138,6.31414858448972,False
1.473,202.4027653721468,0.4998072001372085,5.729771798974127,False
1.4735,202.41204969477351,0.49975419635862933,5.095995165889058,False
1.474,202.09228838929897,0.4997175513970764,4.49783416282447,False
1.4745,201.48840633264115,0.4997021551365106,4.015006811280001,False
1.475,200.68304905577838,0.4997100231443539,3.7112818361664246,False
1.4755,199.78525717752845,0.4997400452723604,3.6260365410194053,False
1.476,198.91566947905358,0.49978815600860993,3.769154169374453,False
1.4765,198.19028504309674,0.4998479003513479,4.119923381747561,False
1.477,197.7049887390134,0.4999113152974993,4.630048304518588,False
1.4775,197.52290915103654,0.4999700052816182,5.230318924410026,False
1.478,197.66626369065307,0.5000162656237515,5.840007619463841,False
1.4785,198.11372083366996,0.500044103941411,6.377711375165029,False
1.479,198.80356636498357,0.500050025271755,6.772189966115908,False
1.4795,199.64219869505283,0.5000334794997146,6.9717716522308315,False
1.48,200.51679162079574,0.4999969149027853,6.9511000448412705,False
1.4805,201.31043131838712,0.4999454333821862,6.714350037559128,False
1.481,201.91771912088865,0.49988609492753083,6.29450349485837,False
1.4815,202.25877160643782,0.49982696475059246,5.748791731919973,False
1.482,202.28975696773878,0.4997760305522184,5.150918803850219,False
1.4825,202.0085626443415,0.49974013492963737,4.581111652302998,False
1.483,201.4548409601448,0.49972406620614207,4.11533969842734,False
1.4835,200.70444255974573,0.49972992967594976,3.8151618639164946,False
1.484,199.8590151975137,0.4997568829575735,3.7195720898327838,False
1.4845,199.03220568778875,0.4998012690977224,3.839934821814021,False
1.485,198.3343578205822,0.4998571264878919,4.158670241049136,False
1.4855,197.85778381302637,0.4999170035139434,4.63183011097246,False
1.486,197.66458050347657,0.4999729654571258,5.195176010076612,False
1.4865,197.77858853161987,0.5000176569150512,5.772907534847537,False
1.487,198.1825151198733,0.5000452776856696,6.287849730512395,False
1.4875,198.82054423678125,0.5000523436294589,6.671735693511762,False
1.488,199.60603579259458,0.5000381340100618,6.87422701106064,False
1.4885,200.4332579564849,0.5000047688953823,6.869494129618117,False
1.489,201.1915810963129,0.4999569089178404,6.659504955192774,False
1.4895,201.78024804385848,0.4999011190444043,6.273602398812716,False
1.49,202.12176183566282,0.4998449819763691,5.764438375434682,False
1.4905,202.17211187183787,0.499796079859244,5.200813476104214,False
1.491,201.92647617041044,0.4997609806793577,4.658386021366458,False
1.4915,201.41964274621023,0.4997443653218729,4.209503899553002,False
1.492,200.721108941061,0.49974841235188977,3.9135335673482987,False
1.4925,199.9255444091884,0.49977252240803133,3.8089914961860645,False
1.493,199.139935901899,0.49981341746848706,3.9085314015975916,False
1.4935,198.469176867389,0.49986559885532306,4.197442089483463,False
1.494,198.00205863992375,0.4999220991540378,4.635825230912337,False
1.4945,197.79953971247284,0.4999754241858122,5.164121681091059,False
1.495,197.8868349904094,0.5000185570364976,5.711210217785902,False
1.4955,198.25033365542814,0.5000458897477446,6.2039725951985645,False
1.496,198.83970141600352,0.5000539598096623,6.577042490657714,False
1.4965,199.57483898752884,0.5000418959003935,6.7814495301326625,False
1.497,200.35673951316787,0.5000115164370043,6.791027958168624,False
1.4975,201.08078810661118,0.4999670703180248,6.605759383181384,False
1.498,201.65073513325484,0.49991465606675345,6.251622662758381,False
1.4985,201.9914892773149,0.49986139768842247,5.776982652451679,False
1.499,202.05903074504792,0.4998144876420597,5.246007023737877,False
1.4995,201.8461250688717,0.49978022510749737,4.729997793026711,False
1.5,201.3830797546561,0.4997631785152731,4.297806829350008,False
1.5005,200.73345713304508,0.499765584584664,4.006630163410512,False
1.5010000000000001,199.98534460173377,0.4997870638587489,3.8944229665244476,False
1.5015,199.23938877805722,0.4998246893162885,3.9749506801265624,False
1.502,198.59523425052822,0.49987339627580146,4.236124318958772,False
1.5025,198.1382086265045,0.4999266754884199,4.641814037404923,False
1.5030000000000001,197.92803883337922,0.4999774536402236,5.136861595394394,False
1.5035,197.99108454800643,0.5000190415473792,5.654586679714102,False
1.504,198.3170830310264,0.5000460229934277,6.125760762303867,False
1.5045,198.86078859681945,0.5000549668238112,6.487843805064627,False
1.5050000000000001,199.54824274054758,0.5000448697165694,6.693260961906672,False
1.5055,200.28680952161508,0.5000172733682747,6.715635313373421,False
1.506,200.97762735272102,0.4999760428863972,6.553167797926957,False
1.5065,201.5288197448262,0.49992683758455103,6.228731904745114,False
1.5070000000000001,201.86771138902415,0.49987634566877337,5.7866825665073955,False
1.5075,201.95042680591285,0.49983138541572814,5.28681294675943,False
1.508,201.76759478820298,0.49979799324279495,4.796273682708788,False
1.5085,201.34540274215504,0.49978062092185743,4.380544513293458,False
1.5090000000000001,200.74187391624665,0.4997815494830275,4.094677445358551,False
1.5095,200.03889104469636,0.49980059781557923,3.975992241497581,False
1.51,199.33106888226013,0.4998351635934863,4.039202224358478,False
1.5105,198.7130010971112,0.4998805886683742,4.274609959116986,False
1.5110000000000001,198.26661366735286,0.49993079704117505,4.649588308866229,False
1.5115,198.05032136841942,0.49997911720765265,5.113115007757709,False
1.512,198.09141768261887,0.500019177002073,5.602721858434917,False
1.5125,198.38267596658315,0.5000457509211237,6.052907381079687,False
1.5130000000000001,198.8835683661235,0.5000554478674267,6.403882182299835,False
1.5135,199.52589702920042,0.5000471497219579,6.6094876447425985,False
1.514,200.22305772191598,0.500022144833366,6.643249400032821,False
1.5145,200.8816885626266,0.4999839409329015,6.501778977063463,False
1.5150000000000001,201.41415162510236,0.4999377840624266,6.2050876643365775,False
1.5155,201.75018971694925,0.4998899486349263,5.793783008953938,False
1.516,201.8462099512399,0.4998468938845797,5.323530370773556,False
1.5165,201.6909599605893,0.4998143997235966,4.857526722074744,False
1.5170000000000001,201.3068451116517,0.4997967978237202,4.458001844123815,False
1.5175,200.74672404494166,0.49979640088949234,4.1778941304900625,False
1.518,200.0866348163064,0.49981320608215374,4.053822983572468,False
1.5185,199.4154572194625,0.4998449110213409,4.1012987703744415,False
1.5190000000000001,198.8229282974046,0.49988723804289115,4.3127999873887575,False
1.5195,198.38763897075518,0.499934520564533,4.65895143664295,False
1.52,198.16662314929715,0.4999804704463041,5.0926148511597775,False
1.5205,198.18791473609494,0.5000190218901376,5.555314567798789,False
1.5210000000000001,198.4470320919221,0.5000451385897563,5.985117788480294,False
1.5215,198.90781584243055,0.5000554772405861,6.324909010143713,False
1.522,199.50746781105937,0.5000488208154242,6.529960203118866,False
1.5225,200.16509064451594,0.5000262261998268,6.57380255039708,False
1.5230000000000001,200.79257630975764,0.4999908686984863,6.4516357573055,False
1.5235,201.30639091835005,0.4999476057705779,6.180837249811267,False
1.524,201.63868985067793,0.499902319176373,5.798515716758267,False
1.5245,201.7462867255286,0.4998611238819964,5.356444118095406,False
1.5250000000000001,201.61628444600316,0.4998295497373709,4.914056428358707,False
1.5255,201.2676230756822,0.49981180558465715,4.530452820218903,False
1.526,200.74835055318607,0.499810224307038,4.256492129909489,False
1.5265,200.12900325303187,0.49982496267486504,4.128037038327518,False
1.5270000000000001,199.4930118064635,0.49985399499107724,4.1612564398736325,False
1.5275,198.92544716418215,0.49989339938630867,4.350603472492867,False
1.528,198.50163575667534,0.49993789591096005,4.669718478657863,False
1.5285,198.27717302149236,0.4999815619449852,5.075107696847655,False
1.5290000000000001,198.28065653465993,0.500018627486422,5.5120773739457745,False
1.5295,198.51007846332206,0.5000442434627438,5.922109323676729,False
1.53,198.93331906296362,0.5000551211893608,6.250684302932091,False
1.5305,199.49263727585168,0.5000499593734342,6.4545133383187006,False
1.5310000000000001,200.11253174327476,0.5000296039036521,6.5072260569482285,False
1.5315,200.70991006222008,0.4999969212041318,6.402774938270671,False
1.532,201.20520818088164,0.49995640363725125,6.156117730016703,False
1.5325,201.53298145666784,0.499913560608605,5.801099354361145,False
1.5330000000000001,201.65056042314518,0.4998741772229656,5.385824866356267,False
1.5335,201.5436215396646,0.49984353986829455,4.9661490139299955,False
1.534,201.22793598682713,0.4998257324893736,4.598160772723735,False
1.5345,200.7470752051373,0.49982309772721306,4.330676758204904,False
1.5350000000000001,200.16640049759187,0.4998359346382205,4.1987545957454655,False
1.5355,199.56416828103764,0.4998624723661339,4.219094830698513,False
1.536,199.02097005823447,0.4998991214527461,4.387937583056011,False
1.5365,198.60894185234991,0.4999409668130127,4.681716087158244,False
1.537,198.38219336827407,0.49998243409552173,5.060353613837898,False
1.5375,198.36972480963863,0.5000180386192014,5.47273640897858,False
1.538,198.57174986346465,0.5000431161749885,5.863611125291605,False
1.5385,198.9598791624427,0.5000544386743453,6.180976514956956,False
1.539,199.48110392078075,0.5000506340219597,6.382985689298306,False
1.5395,200.06502140156022,0.5000323562252312,6.443450105883024,False
1.54,200.63332416607778,0.5000021850301687,6.355227303134405,False
1.5405,201.11028439313887,0.4999642700294517,6.131056043088887,False
1.541,201.43283836737743,0.4999237677522016,5.801739696845423,False
1.5415,201.5589312908736,0.499886147477979,5.411929379826575,False
1.542,201.4730143059237,0.49985645886244107,5.014077631103352,False
1.5425,201.18796679919265,0.4998386594970997,4.661378586732188,False
1.543,200.74319905960718,0.4998350923704484,4.400646897713365,False
1.5435,200.19920812576524,0.49984618277153353,4.266094273444207,False
1.544,199.62934054085957,0.49987039419633916,4.274837007550297,False
1.5445,199.10989098782755,0.4999044474674716,4.4247274881891245,False
1.545,198.70988220665362,0.49994377158030573,4.694782334515118,False
1.5455,198.48190050629285,0.49998312378626464,5.048125945802903,False
1.546,198.45520245671565,0.5000172943636882,5.43703113175108,False
1.5465,198.6319889251843,0.5000418012293164,5.809363911665089,False
1.547,198.98731038083076,0.5000534820720152,6.115562374018327,False
1.5475,199.47258247866478,0.5000509063435203,6.315219746993767,False
1.548,200.0222168300017,0.5000345540014487,6.382403789117398,False
1.5485,200.56246776846294,0.5000067390314319,6.309017731574428,False
1.549,201.021310962384,0.49997128946798186,6.105769198455824,False
1.5495,201.33803870759638,0.49993302764385006,5.800629894920242,False
1.55,201.4712968041157,0.49989712067597547,5.435000800568463,False
1.5505,201.40449600772064,0.4998683883190878,5.058102647503121,False
1.551,201.14788263053066,0.4998506609187917,4.720348920490374,False
1.5515,200.7370031233275,0.49984627334819326,4.4665951293213,False
1.552,200.22778583502586,0.4998557622767035,4.330173140039283,False
1.5525,199.68892140628057,0.4998778063535932,4.3285094148126895,False
1.553,199.19258618816028,0.49990941575393627,4.460906172693776,False
1.5535,198.8047693406292,0.49994634372201996,4.70876645748701,False
1.554,198.57650497934452,0.49998366302428693,5.038211020838587,False
1.5545,198.53717366618974,0.500016428667661,5.404714044397497,False
1.555,198.69074611328764,0.500040337628326,5.759119744905973,False
1.5555,199.01543993189574,0.5000522978142717,6.054226728079296,False
1.556,199.4668037245296,0.5000508315243629,6.251061808325844,False
1.5565,199.98379187241127,0.5000362612788632,6.324015176356121,False
1.557,200.49700468626148,0.500010654993383,6.264165384396867,False
1.5575,200.93798971081532,0.4999775392823966,6.0803645521590814,False
1.558,201.2483650431497,0.49994142018550664,5.797950805044445,False
1.5585,201.38755199480707,0.4999071759432427,5.455268988182882,False
1.559,201.33809060599353,0.4998794033157377,5.098471947574054,False
1.5595,201.10783539950015,0.4998618050260885,4.775304425498333,False
1.56,200.72874907129415,0.49985670025542067,4.528707839443787,False
1.5605,200.2524721803793,0.4998647233357616,4.391106693649432,False
1.561,199.74328330149433,0.4998847500976016,4.380141729780153,False
1.5615,199.26941468542003,0.49991406029202345,4.49641418600021,False
1.562,198.8939037483868,0.4999487125025458,4.72352853731563,False
1.5625,198.66621177239116,0.4999840794931717,5.030407807483906,False
1.563,198.61572395144398,0.5000154709153857,5.37555037228792,False
1.5635000000000001,198.74797959342106,0.5000387594471613,5.712641779831519,False
1.564,199.0441077597757,0.5000509269711612,5.996762399544327,False
1.5645,199.4635141828146,0.5000504589464467,6.1903619587162035,False
1.565,199.94943673450186,0.5000375359125526,6.268211431953729,False
1.5655000000000001,200.4366132260285,0.5000139982339508,6.220683942610378,False
1.566,200.86003284556827,0.49998309021098397,6.054940138639236,False
1.5665,201.16360454024297,0.49994901873732345,5.79387137044945,False
1.567,201.30758981317945,0.4999163860844861,5.472950898364879,False
1.5675000000000001,201.2738133078509,0.49988957297364156,5.135421256115838,False
1.568,201.06796251676624,0.49987215459929024,4.826467969486959,False
1.5685,200.7186800159063,0.49986642770109296,4.587165310884817,False
1.569,200.27358534481527,0.49987311162589737,4.44900880785079,False
1.5695000000000001,199.79277894907935,0.4998912625792797,4.4297666714914685,False
1.57,199.3407188488328,0.4999184112148303,4.531199340873819,False
1.5705,198.97757425988476,0.49995090343711013,4.7389391303926605,False
1.571,198.75122046409675,0.4999843970526593,5.024527528510484,False
1.5715000000000001,198.69094009838793,0.5000144464354872,5.349317714249526,False
1.572,198.80365501243443,0.5000370963522969,5.669703999150786,False
1.5725,199.07316620671025,0.500049405781408,5.9429700429750785,False
1.573,199.4624757543224,0.5000498327285935,6.132974074074086,False
1.5735000000000001,199.91885764835502,0.5000384301148981,6.21491896398844,False
1.574,200.38098596063324,0.5000168281554711,6.178581886589529,False
1.5745,200.7871629083886,0.49998800695044776,6.029585044798281,False
1.575,201.08354912628744,0.49995589065943413,5.788549040929139,False
1.5755000000000001,201.2313015089251,0.4999248181116449,5.488250991755393,False
1.576,201.21167114609872,0.4998989609698791,5.169174480003709,False
1.5765,201.02838761221417,0.49988176742082896,4.8740528635234135,False
1.577,200.7070213095019,0.49987550578334,4.642141803661438,False
1.5775000000000001,200.2914239335784,0.4998809687788331,4.503991655101412,False
1.578,199.83774207334807,0.49989737728862554,4.477419777736747,False
1.5785,199.4068249331382,0.4999224952505369,4.5652163753003725,False
1.579,199.0560583748506,0.49995293873355023,4.754878861964465,False
1.5795000000000001,198.8317253328848,0.4999846361858419,5.020393242379229,False
1.58,198.76291005480337,0.500013376957947,5.325805669125795,False
1.5805,198.85774521078253,0.5000353740710289,5.630090936419896,False
1.581,199.1024796116035,0.5000477661350682,5.892658003130909,False
1.5815000000000001,199.46346527938928,0.5000489922208532,6.078755835024009,False
1.582,199.89177648408716,0.500038990958273,6.164063595264375,False
1.5825,200.32982946792646,0.5000191987507768,6.137862803430859,False
1.583,200.71911270383092,0.49999234865956593,6.004379814450613,False
1.5835000000000001,201.00799564519338,0.4999620978072133,5.782130221094965,False
1.584,201.1585770202142,0.49993253372546725,5.501361665704593,False
1.5845,201.1516635759228,0.49990762600141303,5.199944064543146,False
1.585,200.98922128362287,0.49989069671998876,4.918263093918387,False
1.5855000000000001,200.69398136738005,0.4998839805153494,4.693805630521988,False
1.586,200.30626778302198,0.4998883327906508,4.556165615726433,False
1.5865,199.878488108347,0.49990312445312335,4.523139160563081,False
1.587,199.46804361312618,0.4999263361152319,4.598426588710758,False
1.5875000000000001,199.12962257520286,0.49995483768579607,4.771237993385726,False
1.588,198.90791542877645,0.4999848143990642,5.017839400850248,False
1.5885,198.8317227752781,0.5000122810249539,5.304815444056119,False
1.589,198.9102298841713,0.5000336148159996,5.59359738840528,False
1.5895000000000001,199.13192385608323,0.5000460360122925,5.84564217109567,False
1.59,199.46627405144577,0.5000479724558555,6.02756874765498,False
1.5905,199.86793031881825,0.5000392608353158,6.115570747890442,False
1.591,200.28286403647783,0.5000211590671648,6.09852571269435,False
1.5915000000000001,200.65562520567684,0.49999616942073466,5.979396873239062,False
1.592,200.9367460018863,0.4999676969841896,5.774750738375296,False
1.5925,201.0893053614301,0.4999395897543508,5.512463702555276,False
1.593,201.09378307723762,0.49991562220595215,5.227931361189941,False
1.5935000000000001,200.95056185475218,0.49989899157400325,4.959293559156813,False
1.594,200.67975250054118,0.49989189420730623,4.742319230774556,False
1.5945,200.31837877617832,0.49989523838750866,4.605639178937314,False
1.595,199.91531490676277,0.49990853139208413,4.566965248707681,False
1.5955000000000001,199.5246705112582,0.4999299548619535,4.630797461786091,False
1.596,199.1985226217718,0.49995661702405986,4.7879159717430895,False
1.5965,198.97997462094926,0.4999849465792075,5.016711389994198,False
1.597,198.89746803464044,0.5000111743599345,5.28615944922899,False
1.5975000000000001,198.96109520878815,0.5000318376687303,5.560028118541326,False
1.598,199.16138587211086,0.5000442398818912,5.801745836962711,False
1.5985,199.47070729311,0.5000468045606433,5.979278166334625,False
1.599,199.84707097183673,0.5000392778801966,6.069365634719106,False
1.5995000000000001,200.23982334315696,0.5000227536316828,6.0605654025056825,False
1.6,200.59645344192307,0.49999951866296943,5.954700965781621,False
1.6005,200.86960729225828,0.49997274035640227,5.766536323410813,False
1.601,201.02337500251826,0.4999460385545016,5.521726728933765,False
1.6015,201.0380157535048,0.49992299954395086,5.253327003644652,False
1.602,200.9124961330279,0.49990669727009895,4.997330311723956,False
1.6025,200.66451174922187,0.4998992858091274,4.787839245121629,False
1.603,200.32800165838273,0.49990171735207933,4.652518840999919,False
1.6035,199.9485034463723,0.49991362283174556,4.608940523778615,False
1.604,199.576986718908,0.49993337019065054,4.662302267442876,False
1.6045,199.26300383981604,0.49995829122624014,4.804820969215442,False
1.605,199.0480816290142,0.49998504531259746,5.016865060773469,False
1.6055,198.9602362204674,0.5000100701987024,5.269660883290474,False
1.606,199.01033344201207,0.5000300589258228,5.529197553172587,False
1.6065,199.19076312296232,0.5000423990631153,5.760799538115828,False
1.607,199.47658360519324,0.5000455161322233,5.933753315171007,False
1.6075,199.82896451376598,0.5000390763540339,6.02537345229522,False
1.608,200.2004541070291,0.5000240228408988,6.023972769499675,False
1.6085,200.5413603591776,0.5000024415496301,5.930349598255768,False
1.609,200.80639191594733,0.49997727583163504,5.757603096684162,False
1.6095,200.9606742345213,0.49995192837505736,5.529309681314707,False
1.61,200.9843419197518,0.49992980414561083,5.276311289605151,False
1.6105,200.87510015889626,0.49991385563255303,5.032550804440979,False
1.611,200.64842170988445,0.4999061912182124,4.830516593450871,False
1.6115,200.33536484734032,0.4999077988150147,4.696909004539034,False
1.612,199.97831853105035,0.4999184211854318,4.6491092556503615,False
1.6125,199.6252593113897,0.4999365987232805,4.692919679203522,False
1.613,199.32330139676455,0.49995987279459275,4.821869418286912,False
1.6135,199.11241004437477,0.4999851211693725,5.018166254418599,False
1.614,199.0201181132507,0.5000089795863264,5.255153313075349,False
1.6145,199.05794250840765,0.5000282924111839,5.500929472243269,False
1.615,199.2199630674591,0.5000405320538,5.7226409025973295,False
1.6155,199.48373439745075,0.5000441315798354,5.890867305571004,False
1.616,199.81339075656373,0.5000386869973741,5.983519571117448,False
1.6165,200.16451572373253,0.5000250033180699,5.988735157365931,False
1.617,200.4901186676737,0.5000049793338555,5.906393480862158,False
1.6175,200.74691767029861,0.49998134740664335,5.748058056248861,False
1.618,200.90109151727165,0.49995730369145763,5.535361273811976,False
1.6185,200.93273667414132,0.4999360786263499,5.2970545657215595,False
1.619,200.83843994053075,0.49992050531839427,5.065124140732751,False
1.6195,200.631631349686,0.4999126435559669,4.870496556920729,False
1.62,200.34068123294745,0.49991350951526387,4.738911882024481,False
1.6205,200.00500948369478,0.4999229468026065,4.6875172413986395,False
1.621,199.6697418566627,0.49993965524781375,4.722633381968081,False
1.6215,199.37964057474275,0.4999613725013154,4.8389855478505925,False
1.622,199.17312834667442,0.49998518295679023,5.02049032699924,False
1.6225,199.07720466113005,0.5000079116429935,5.242480250857131,False
1.623,199.10392557902895,0.5000265497573538,5.475056696036363,False
1.6235,199.24890261566924,0.5000386548277734,5.687114487403479,False
1.624,199.49200330856556,0.5000426724367064,5.850497148045523,False
1.6245,199.80014273030883,0.5000381373524331,5.943729719969907,False
1.625,200.1317798841852,0.5000257282403914,5.954836689832613,False
1.6255,200.44251066836455,0.5000071696844347,5.8828769656596265,False
1.6260000000000001,200.6910078246277,0.49998499548520026,5.737999562307939,False
1.6265,200.84451580635707,0.4999622055100177,5.540020464755218,False
1.627,200.88317044879003,0.49994186237383587,5.3157176135517,False
1.6275,200.80257216892366,0.49992668208498237,5.095211328124249,False
1.6280000000000001,200.61427680361254,0.4999186734164418,4.90791886519697,False
1.6285,200.3441489629872,0.4999188740326532,4.778627405714073,False
1.629,200.02881082876465,0.49992721819023966,4.7242115511478335,False
1.6295,199.71067491741172,0.49994255293451934,4.751431689200403,False
1.6300000000000001,199.4322370397369,0.4999627996063258,4.856100924320875,False
1.6305,199.23039991921144,0.4999852379446135,5.023721676871299,False
1.631,199.13158675469617,0.5000068738018516,5.23149473189023,False
1.6315,199.14829065054366,0.5000248406587569,5.451420769486223,False
1.6320000000000001,199.27750758286578,0.5000367811042064,5.65407161181738,False
1.6325,199.50124562167676,0.5000411576438473,5.812523756987165,False
1.633,199.78902615194346,0.5000374520575817,5.905930161877703,False
1.6335,200.10203018115067,0.5000262276387891,5.922258594831676,False
1.6340000000000001,200.39832806372902,0.5000090469846115,5.859838476159192,False
1.6345,200.6384911745081,0.49998825716952666,5.727517815159646,False
1.635,200.79083685741398,0.49996667164637004,5.543416919149902,False
1.6355,200.83560953666614,0.49994719180936353,5.33245203455756,False
1.6360000000000001,200.7675449095493,0.49993241903235097,5.122965534180201,False
1.6365,200.59648215046914,0.4999243090900636,4.942917789306411,False
1.637,200.34595221152537,0.49992391499576055,4.816153145688235,False
1.6375,200.04994296243422,0.4999312522095348,4.759240283403283,False
1.6380000000000001,199.74828654605875,0.49994530352755284,4.779307169688666,False
1.6385,199.48129710867994,0.49996416205018074,4.873154001080349,False
1.639,199.2843830662648,0.4999852920654196,5.027753278055514,False
1.6395,199.18335500618159,0.5000058720215463,5.222058894635228,False
1.6400000000000001,199.19105012940776,0.5000231730994577,5.429871645495955,False
1.6405,199.30571214730327,0.5000349225913553,5.623370186091387,False
1.641,199.51132768073902,0.500039603808251,5.776831947609421,False
1.6415,199.77985889043578,0.5000366531163681,5.870047859898189,False
1.6420000000000001,200.07506170688563,0.5000265286725267,5.890979517349551,False
1.6425,200.35737175402141,0.500010642606101,5.837310925824486,False
1.643,200.5892020762847,0.4999911665274338,5.716695323684366,False
1.6435,200.7399455065694,0.4999707369801764,5.545671464588076,False
1.6440000000000001,200.7900165923249,0.49995210062606366,5.347400632407503,False
1.6445,200.73339826773886,0.499937746822891,5.148532344058291,False
1.645,200.57836016475923,0.4999295767651042,4.975622240272053,False
1.6455,200.34626192744653,0.4999286532677818,4.851584237094971,False
1.6460000000000001,200.0686128086575,0.49993506425073575,4.7926523317803005,False
1.6465,199.78279277218934,0.4999479175145453,4.8062562863249,False
1.647,199.5270180152948,0.4999654666247859,4.890089678912328,False
1.6475,199.33523103451088,0.4999853500924012,5.0324862220561934,False
1.6480000000000001,199.23259953637202,0.5000049109759227,5.214043565711056,False
1.6485,199.23222042523102,0.5000215535577841,5.410267368584554,False
1.649,199.33345831632198,0.5000330892069627,5.594874535935337,False
1.6495,199.5221263121115,0.5000380254376633,5.743310424605,False
1.6500000000000001,199.7724704321988,0.5000357601431921,5.836010631498228,False
1.6505,200.05068064478382,0.5000266558807048,5.860975819099691,False
1.651,200.31945162073748,0.5000119851604038,5.815322123266799,False
1.6515,200.54298046237164,0.4999937548372951,5.705607362112233,False
1.6520000000000001,200.69173392646186,0.49997443368827776,5.546896538593661,False
1.6525,200.74635110500856,0.4999566200061763,5.360697791064312,False
1.653,200.7001650257201,0.49994269388067386,5.172050018834129,False
1.6535,200.56001304221707,0.4999345007092525,5.006155873459049,False
1.6540000000000001,200.3452365611067,0.4999331081127944,4.885013317301044,False
1.6545,200.08501445970242,0.4999386683884333,4.824497164491301,False
1.655,199.81439808182225,0.49995040427660803,4.832279048744978,False
1.6555,199.56958817516937,0.4999667191242746,4.906858879495088,False
1.6560000000000001,199.3830920400797,0.49998541579697975,5.037829270158237,False
1.6565,199.27940977174555,0.500003994223133,5.207327851310818,False
1.657,199.2718215565607,0.5000199871899735,5.392473760082808,False
1.6575,199.36069540439115,0.5000312892773844,5.568455223370579,False
1.6580000000000001,199.53352825499923,0.500036435153927,5.711851762376924,False
1.6585,199.766701350041,0.5000347905875716,5.803747290712003,False
1.659,200.02870385764476,0.5000266314125689,5.832221863684099,False
1.6595,200.28438629907086,0.500013100729324,5.793895162467752,False
1.6600000000000001,200.49967183816742,0.4999960508127667,5.6943224132967805,False
1.6605,200.64609585776668,0.49997779145823934,5.547196625750912,False
1.661,200.70456984327004,0.4999607788193929,5.372469847337248,False
1.6615,200.66787124993976,0.4999472865724687,5.193649753765416,False
1.6620000000000001,200.5415330973643,0.4999391034333861,5.034637198384416,False
1.6625,200.3430227675416,0.4999372973445544,4.916530473309309,False
1.663,200.0993297999606,0.4999420775195324,4.854824617503196,False
1.6635,199.84329588794577,0.49995277222091206,4.857378681168826,False
1.6640000000000001,199.60918745026723,0.49996792447819355,4.923418133546676,False
1.6645,199.42810930229456,0.49998549208832355,5.043698417830935,False
1.665,199.32387425367185,0.5000031243561877,5.201798736539089,False
1.6655,199.3098767715404,0.5000184779948138,5.376364105982725,False
1.666,199.38737952593706,0.5000295297173473,5.543988864572485,False
1.6665,199.54542960369926,0.5000348438867384,5.682352376922197,False
1.667,199.76240277842297,0.5000337599387947,5.773187777629729,False
1.6675,200.00895847491205,0.5000264752383823,5.804690286346239,False
1.668,200.25200294109513,0.5000140130764341,5.773048796817856,False
1.6685,200.45912726161407,0.49999808080900854,5.682902597135185,False
1.669,200.60292681653362,0.4999808376840584,5.546668683284927,False
1.6695,200.6646272707869,0.4999646038040644,5.382835456761751,False
1.67,200.6365368678494,0.4999515493722899,5.2134559356916865,False
1.6705,200.5230034319868,0.49994340583941904,5.061179693613396,False
1.671,200.33975608507535,0.4999412374597324,4.9462231995329,False
1.6715,200.1117291120658,0.49994530348580185,4.88368470190597,False
1.672,199.86966899175363,0.4999550288977713,4.881561306358198,False
1.6725,199.645987412865,0.49996908686891056,4.939729184791544,False
1.673,199.47042108472675,0.49998558113666214,5.050016472510243,False
1.6735,199.36608046093536,0.5000023031367982,5.197350693878578,False
1.674,199.3464121852562,0.5000170289610736,5.361818848432457,False
1.6745,199.4134731051533,0.5000278161920787,5.521357945358784,False
1.675,199.55773526402706,0.5000332610495065,5.6547124896215655,False
1.6755,199.75943589735198,0.5000326819126025,5.74426327505373,False
1.676,199.99128148096972,0.5000262053424759,5.778352247774129,False
1.6765,200.22213697135024,0.5000147438410806,5.75279779613687,False
1.677,200.42120330656363,0.4999998690119912,5.6714040831239085,False
1.6775,200.5621242779449,0.49998359764563216,5.545402554037573,False
1.678,200.6264759334428,0.4999681197328939,5.391905951836669,False
1.6785,200.60617621378498,0.49995550501111735,5.231586398803259,False
1.679,200.50449857385246,0.49994742735389347,5.085891926272213,False
1.6795,200.3355615885144,0.4999449437572823,4.974176365807011,False
1.68,200.12237166455432,0.49994835718272146,4.91112742573651,False
1.6805,199.89369003403982,0.49995718110395115,4.904835646265113,False
1.681,199.68015160875012,0.49997020983496626,4.955758610575829,False
1.6815,199.510160743871,0.49998568448209957,5.05671264573122,False
1.682,199.4061146463938,0.5000015316141854,5.193885301776394,False
1.6825,199.38145643504419,0.5000156421993633,5.348725281761292,False
1.683,199.43894440443393,0.5000261532634053,5.500450634997294,False
1.6835,199.5703584257918,0.5000316946988692,5.628836083324228,False
1.684,199.7576714268496,0.5000315686214145,5.716906312391594,False
1.6845,199.9755193063317,0.5000258378999588,5.753177671712273,False
1.685,200.1946318364287,0.5000153127163897,5.733153286167432,False
1.6855,200.38576201119918,0.5000014376123384,5.659877486346798,False
1.686,200.52358783732933,0.49998609467343197,5.543481366033408,False
1.6865,200.59006681808694,0.4999713495645655,5.399785691810594,False
1.687,200.57679854395542,0.4999591746132563,5.248152678067175,False
1.6875,200.48608508536628,0.49995118604880356,5.108877675647469,False
1.688,200.33055451641508,0.4999484304454525,5.000472195356993,False
1.6885000000000001,200.13140628048882,0.4999512486561538,4.937202630259815,False
1.689,199.91552193625728,0.49995923497374284,4.927212739656275,False
1.6895,199.71183581940383,0.4999712963619105,4.9714774596615765,False
1.69,199.54745678548937,0.4999858031304621,5.0637221603167655,False
1.6905000000000001,199.4440616882048,0.5000008102303756,5.191310874141368,False
1.691,199.41504035458954,0.5000143190599167,5.3369772538106295,False
1.6915,199.4637670726135,0.5000245445212786,5.481160598998061,False
1.692,199.58322005276827,0.5000301516792882,5.60463085120514,False
1.6925000000000001,199.7569891335859,0.5000304307294889,5.69105085702795,False
1.693,199.9615274233376,0.5000253874384443,5.729135466368761,False
1.6935,200.16933875006833,0.5000157376126066,5.714123070285557,False
1.694,200.35267081280497,0.5000028069650191,5.648368246434876,False
1.6945000000000001,200.48721934943262,0.49998835029969013,5.540981918029927,False
1.695,200.5553496836269,0.4999743145826173,5.4065724033424765,False
1.6955,200.5484085208455,0.49996257782065323,5.263260259647911,False
1.696,200.46782214214858,0.4999546987509796,5.130236060304281,False
1.6965000000000001,200.32484087216113,0.4999517107377822,5.025190252319141,False
1.697,200.13897188663154,0.4999539871881991,4.961959840519773,False
1.6975,199.9353183307919,0.49996119605917616,4.9487056767661235,False
1.698,199.74118832281093,0.4999723489620062,4.986860907487502,False
1.6985000000000001,199.58243292847249,0.49998593763756316,5.070985873107844,False
1.699,199.48000495575576,0.5000001389133529,5.18954210137126,False
1.6995,199.44719666727894,0.5000130602376525,5.326474873245757,False
1.7,199.4879197137992,0.5000229927020671,5.463386811538946,False
1.7005000000000001,199.59624839123262,0.5000286377540342,5.582008138942902,False
1.701,199.757277350958,0.500029277594294,5.666632393561445,False
1.7015,199.94916994774772,0.5000248669860433,5.7061937298040215,False
1.702,200.14611643515556,0.5000160348069876,5.695711933398028,False
1.7025000000000001,200.32180247019468,0.5000039957360899,5.63691698926055,False
1.703,200.45292304706692,0.49999038439728505,5.537975050639077,False
1.7035,200.5222733653208,0.4999770345227354,5.412357511497507,False
1.704,200.52100666759353,0.4999657329063429,5.2770088277242,False
1.7045000000000001,200.4497620817804,0.49995798114121537,5.15006166813897,False
1.705,200.31851799880735,0.49995479693927936,5.04840743832026,False
1.7055,200.14519804289918,0.49995658137344584,4.985448129821495,False
1.706,199.95322398006127,0.49996306940059776,4.969329350842233,False
1.7065000000000001,199.76835015249506,0.4999733697440388,5.001887928979984,False
1.707,199.61520817591293,0.4999860881831296,5.07844991352841,False
1.7075,199.51402619018944,0.49999951715932,5.188499703376231,False
1.708,199.47795969896734,0.5000118658657533,5.317124223427899,False
1.7085000000000001,199.5113854772584,0.5000214997948299,5.447033368144861,False
1.709,199.6093784978249,0.5000271577237566,5.560882880804385,False
1.7095,199.7584325136306,0.5000281173952609,5.643587991391059,False
1.71,199.93831924743944,0.5000242882067661,5.684319939629495,False
1.7105000000000001,200.12483086393678,0.5000162190813641,5.677921928164767,False
1.711,200.29303497509446,0.5000050210375802,5.625559871299512,False
1.7115,200.42060564033426,0.49999221530739585,5.53452600275685,False
1.712,200.4907860532712,0.49997952768952886,5.417226460650838,False
1.7125000000000001,200.49458979308486,0.49996865687808295,5.289492507161889,False
1.713,200.43195092315682,0.499961047844196,5.168444688781689,False
1.7135,200.31167512782454,0.49995770052384503,5.070197997561829,False
1.714,200.1502054519685,0.49995903918669427,5.007715997694139,False
1.7145000000000001,199.96937518410687,0.49996485958870757,4.989100226295804,False
1.715,199.79345535434754,0.49997436047433896,5.0165409888311645,False
1.7155,199.6458968929753,0.49998625463551183,5.086065338118314,False
1.716,199.5462053992322,0.4999989441051858,5.188110094929912,False
1.7165000000000001,199.50736511007653,0.5000107355988844,5.308837083334617,False
1.717,199.53415166855257,0.5000200671366911,5.432009299204987,False
1.7175,199.62255178722341,0.500025715533739,5.541173530246066,False
1.718,199.7603587073118,0.5000269572509971,5.621856361215696,False
1.7185000000000001,199.9288555592242,0.5000236615243829,5.663481127467598,False
1.719,200.10535499763043,0.500016303848399,5.66075264383139,False
1.7195,200.26625145375203,0.5000058985515142,5.614328906745733,False
1.72,200.39017639767007,0.4999938599569019,5.530694753175969,False
1.7205000000000001,200.46083554623675,0.49998181106374096,5.42125902497753,False
1.721,200.4691513886576,0.49997136557311905,5.300800101564026,False
1.7215,200.4144288570562,0.49996391251016814,5.185471047773161,False
1.722,200.30439390203605,0.49996043220389236,5.090633529811189,False
1.7225000000000001,200.15410644901272,0.4999613680431128,5.028811260795332,False
1.723,199.98390017640787,0.4999665708190288,5.008036123050101,False
1.7235,199.81663124081228,0.49997532263001293,5.030805749023231,False
1.724,199.67460889106482,0.49998643660818054,5.0937878010291175,False
1.7245000000000001,199.57662076588335,0.49999841859230193,5.188305063561265,False
1.725,199.5354496467483,0.5000096686870728,5.301530655931756,False
1.7255,199.5562093818833,0.5000186954983283,5.418228384870301,False
1.726,199.63571559989472,0.5000243143708433,5.522801985646571,False
1.7265000000000001,199.76296723433617,0.5000258033259443,5.60137790105813,False
1.727,199.92066661463957,0.5000229962357072,5.643644038707631,False
1.7275,200.08756852652152,0.5000163012674724,5.644201458065589,False
1.728,200.24134005999517,0.5000066426439805,5.603252277583341,False
1.7285,200.3615472099684,0.4999953339664069,5.526536347368611,False
1.729,200.43236948194988,0.4999839004007587,5.42452960829823,False
1.7295,200.44468199742377,0.49997387374493035,5.311015326277714,False
1.73,200.39723070865998,0.49996658788919535,5.2012225419590745,False
1.7305,200.2967488731594,0.49996300199300364,5.10978301068017,False
1.731,200.15700547165216,0.49996357485168125,5.048780956157242,False
1.7315,199.99691950770142,0.4999682069396818,5.026156016587982,False
1.732,199.8379986419884,0.49997625744526386,5.044670793269533,False
1.7325,199.70144951774105,0.4999866335089196,5.101577240368112,False
1.733,199.60534857041296,0.4999979392223659,5.18902146010186,False
1.7335,199.56225091061586,0.5000086640411762,5.295127304327469,False
1.734,199.57755315343272,0.5000173851605068,5.405608971836159,False
1.7345,199.64882278998837,0.5000229567510643,5.505693511786161,False
1.735,199.76617619544626,0.5000246609273868,5.582094732464955,False
1.7355,199.91364727542694,0.5000223006141822,5.624775278164489,False
1.736,200.07135761151963,0.5000162223510518,5.628263772284889,False
1.7365,200.21819386091522,0.5000072664700743,5.5923546269223685,False
1.737,200.33463263905077,0.4999966517496909,5.522101209525869,False
1.7375,200.40533554517052,0.4999858103211983,5.4271075331353815,False
1.738,200.4211695572923,0.49997619514271474,5.32021703599793,False
1.7385,200.3803863728617,0.4999690858987493,5.215776975573333,False
1.739,200.28880797447252,0.4999654192623779,5.127712818564034,False
1.7395,200.1589995102927,0.4999656660626803,5.067671256133273,False
1.74,200.00854641765582,0.49996977149323485,5.043479853130483,False
1.7405,199.8576721532347,0.49997716595160185,5.058127367954529,False
1.741,199.72651975179326,0.49998684458252446,5.109397580178308,False
1.7415,199.63246312503978,0.4999975044063196,5.190200901910861,False
1.742,199.58780714664243,0.5000077202907817,5.289554295961561,False
1.7425,199.59818063533538,0.5000161359825019,5.394073792461712,False
1.743,199.66183133328687,0.5000216445985372,5.48977665766685,False
1.7435,199.76991008800874,0.5000235345936404,5.5639507275431574,False
1.744,199.90769917926363,0.5000215820045841,5.606841442285807,False
1.7445,200.05661462805585,0.5000160770623323,5.612933231024427,False
1.745,200.19671071628312,0.5000077820704719,5.581657335980307,False
1.7455,200.3093499517227,0.4999978266053164,5.517435440019232,False
1.746,200.37968165473356,0.4999875543942685,5.429057318904189,False
1.7465,200.3985997188349,0.499978342584297,5.328479446659812,False
1.747,200.36392122327916,0.4999714176853094,5.229208296509302,False
1.7475,200.28063296920777,0.499967692791738,5.144486767613286,False
1.748,200.1601785390992,0.4999676477099035,5.085527394376244,False
1.7485,200.01888719429573,0.4999712677533224,5.060028379326337,False
1.749,199.8757603788762,0.49997804901264814,5.071169139085099,False
1.7495,199.74991630287477,0.499987068947736,5.117216447765722,False
1.75,199.6580367205986,0.49999711240699285,5.191789488726214,False
1.7505,199.61215704837878,0.5000068358352978,5.284743555023074,False
1.7510000000000001,199.61809228979473,0.5000149474631831,5.383549786638488,False
1.7515,199.67470395498665,0.5000203793167654,5.47498317125208,False
1.752,199.77409942076528,0.500022428174181,5.546891527506164,False
1.7525,199.9027303962005,0.5000208469095805,5.589809238588941,False
1.7530000000000001,200.04323791309614,0.5000158744048658,5.598201925949559,False
1.7535,200.17679315274412,0.5000082004603245,5.571178785159664,False
1.754,200.28561914062925,0.49999887080105093,5.512581098520704,False
1.7545,200.3553561308477,0.49998914521454724,5.4304389492306,False
1.7550000000000001,200.37695613917055,0.49998032802307363,5.335872351367238,False
1.7555,200.34785649594065,0.4999735936805699,5.2415867323149286,False
1.756,200.27227987534448,0.49996983081529234,5.160166146124842,False
1.7565,200.16062592792102,0.49996952544819195,5.10239360216798,False
1.7570000000000001,200.0280415211316,0.4999726987566443,5.075822985798456,False
1.7575,199.89236617164644,0.4999789073541668,5.083791964714563,False
1.758,199.77173171509253,0.4999873056290664,5.1250049060229195,False
1.7585,199.68213958447498,0.49999676137616766,5.193737531025194,False
1.7590000000000001,199.63533957992647,0.5000060088889314,5.280631423228298,False
1.7595,199.6372911027693,0.5000138187954599,5.373967926772379,False
1.76,199.68740777697758,0.5000191618527763,5.461247911675344,False
1.7605,199.7786803451063,0.5000213449024111,5.530864553393474,False
1.7610000000000001,199.89865509614705,0.5000201010688282,5.573645593022672,False
1.7615,200.03113151595835,0.5000156225048339,5.584060585148873,False
1.762,200.15834823376625,0.5000085317111039,5.560934599716458,False
1.7625,200.26336293308336,0.4999997956517071,5.507576473071222,False
1.7630000000000001,200.33230784389525,0.499990594472745,5.431308128441089,False
1.7635,200.356220753062,0.499982162609546,5.342461330150739,False
1.764,200.33220964865393,0.4999756236527917,5.2529789254801225,False
1.7645,200.26379936752065,0.4999718410632823,5.174809759754405,False
1.7650000000000001,200.16041883553527,0.49997130458682615,5.118313054416982,False
1.7655,200.03610281199127,0.4999740673308924,5.090885563871615,False
1.766,199.90758686752534,0.4999797415898897,5.095993682262545,False
1.7665,199.79205447395523,0.4999875535841002,5.132737200348157,False
1.7670000000000001,199.70483984906167,0.4999964493866693,5.195999290723264,False
1.7675,199.6573938138448,0.500005237520178,5.277158429040803,False
1.768,199.65578231657796,0.5000127489147312,5.365263046202097,False
1.7685,199.6999139841985,0.5000179927548458,5.448508759440619,False
1.7690000000000001,199.78359430275702,0.5000202874617019,5.515819009619544,False
1.7695,199.89539322764983,0.5000193495312326,5.558317745957201,False
1.77,200.02020495353372,0.5000153286865733,5.5704987483698245,False
1.7705,200.1412874262509,0.500008785025976,5.550937880554086,False
1.7710000000000001,200.2425067889928,0.5000006115909464,5.502456335433962,False
1.7715,200.31048634596047,0.4999919130209744,5.431716527318928,False
1.772,200.33637402241797,0.49998385674793666,5.348307953394722,False
1.7725,200.31699469709199,0.4999775167537775,5.263448067622994,False
1.7730000000000001,200.25523715682684,0.4999737307995874,5.1884739789756305,False
1.7735,200.15962858462788,0.4999729901192483,5.133327824646404,False
1.774,200.04315853359984,0.49997537611908877,5.105238374792554,False
1.7745,199.92151451567057,0.4999805522436362,5.1077739101241315,False
1.7750000000000001,199.8109691160994,0.4999878117267976,5.140390519718003,False
1.7755,199.7262035299888,0.4999961744600347,5.198532733991815,False
1.776,199.67835878421005,0.5000045196863904,5.274269065364403,False
1.7765,199.6735731807226,0.5000117365419162,5.3573736713310405,False
1.7770000000000001,199.7121975095758,0.5000168722243796,5.436706525101131,False
1.7775,199.78878768968113,0.5000192580452933,5.501705880984406,False
1.778,199.8928702081193,0.500018596720943,5.543793337500287,False
1.7785,200.0103729704243,0.5000149995418992,5.557504928869185,False
1.7790000000000001,200.1255264646363,0.5000089688092275,5.541199420702497,False
1.7795,200.22297888895585,0.5000013282375475,5.4972521831067045,False
1.78,200.28984198627927,0.4999931109329971,5.431712018265114,False
1.7805,200.31739516538818,0.49998542014833675,5.35346997881731,False
1.7810000000000001,200.30222252863862,0.4999792815619005,5.273054032219028,False
1.7815,200.24663434926927,0.4999755068558084,5.201212790240154,False
1.782,200.15832101896333,0.4999745867495378,5.147478848311323,False
1.7825,200.04929051599225,0.49997662760076866,5.118903930756109,False
1.7830000000000001,199.93423610317618,0.4999813397681774,5.119133862949837,False
1.7835,199.82855634123746,0.4999880789472705,5.1479447714453315,False
1.784,199.7462945133801,0.49999593459024894,5.20129929594018,False
1.7845,199.69827335401737,0.500003853263941,5.271911575702096,False
1.7850000000000001,199.690672720189,0.500010780221599,5.350241857713718,False
1.7855,199.7242367369953,0.5000158001624875,5.425784856873658,False
1.786,199.7942115359398,0.5000182584105922,5.488477923760777,False
1.7865,199.89101662559034,0.5000178464976059,5.530040482830986,False
1.7870000000000001,200.00155530444326,0.5000146409937396,5.545066762557286,False
1.7875,200.1109852132661,0.5000090907302303,5.531727908059907,False
1.788,200.2047101135457,0.5000019544565901,5.491992468393217,False
1.7885,200.2703260117709,0.49999419755987295,5.431338900034011,False
1.7890000000000001,200.29926236621853,0.49998686187478514,5.358001541920592,False
1.7895,200.28790119504202,0.49998092612156947,5.2818535055496865,False
1.79,200.23802778371302,0.4999771756622027,5.21307785031681,False
1.7905,200.15655684323102,0.4999760989160134,5.1608058937958425,False
1.7910000000000001,200.0545752508798,0.49997782411038905,5.131904887048944,False
1.7915,199.9458337744213,0.4999821045612434,5.130076179962315,False
1.792,199.84489312579288,0.49998835412845,5.155382369128692,False
1.7925,199.76517455140123,0.49999572776399454,5.204263656872841,False
1.793,199.71717609611005,0.5000032360744432,5.270037748734012,False
1.7935,199.7070915204583,0.500009878355766,5.343813030297392,False
1.794,199.73601322171402,0.5000147762117417,5.415690147610311,False
1.7945,199.7998212011848,0.5000172899283533,5.47608965144429,False
1.795,199.88976795203016,0.500017102211362,5.517027838226738,False
1.7955,199.99367645784554,0.5000142583545392,5.533171145112386,False
1.796,200.0975875277209,0.5000091577823808,5.522530114986323,False
1.7965,200.18763401474183,0.5000024984159712,5.486702814958379,False
1.797,200.251890653763,0.499995181581399,5.4306381122478955,False
1.7975,200.28195296701017,0.49998819038964154,5.3619533398675925,False
1.798,200.2740361849143,0.499982457979474,5.2899001155854855,False
1.7985,200.22945035012052,0.4999787432758051,5.224118543323485,False
1.799,200.15439194607436,0.49997753081229296,5.17334754046909,False
1.7995,200.0590841781245,0.49997896785330415,5.144263944639812,False
1.8,199.95638504481374,0.4999828469790298,5.140604765679282,False
1.8005,199.86005283772485,0.49998863616002304,5.1626880332876075,False
1.801,199.7829032653869,0.49999555197781165,5.207393529808992,False
1.8015,199.7351051868264,0.5000026659074478,5.268602721235405,False
1.802,199.72284152845293,0.5000090292335734,5.3380358279834255,False
1.8025,199.74751142758922,0.5000137997935653,5.406371441512996,False
1.803,199.8055760854185,0.5000163536271945,5.464497315722742,False
1.8035,199.88906426814873,0.5000163667530219,5.504724658437087,False
1.804,199.98666547459402,0.5000138563798632,5.521804357731196,False
1.8045,200.08526111574568,0.500009176337422,5.513611075339942,False
1.805,200.17168678040795,0.5000029676386282,5.4814062223051465,False
1.8055,200.23448920197816,0.499996071053689,5.4296474399174315,False
1.806,200.26544364248912,0.4999894135945808,5.365372808772453,False
1.8065,200.26063067710152,0.49998388421791795,5.297244558551571,False
1.807,200.22093128890907,0.49998021540603077,5.234382039995297,False
1.8075,200.15187770683414,0.49997888640610677,5.18514116320129,False
1.808,200.06288396050752,0.499980060919608,5.156003762556805,False
1.8085,199.9659630087637,0.4999835673475167,5.150724642412143,False
1.809,199.87410535207044,0.49998892394997246,5.169848604167758,False
1.8095,199.79953815585466,0.499995405252526,5.210659458931827,False
1.81,199.7520983115628,0.5000021405399989,5.267564789228901,False
1.8105,199.73793586863047,0.5000082310575401,5.3328619526428325,False
1.811,199.75871848047544,0.5000128701416573,5.397780340947359,False
1.8115,199.81143935461276,0.500015450233858,5.453658883196221,False
1.812,199.88884999961837,0.5000156425998319,5.493100846041278,False
1.8125,199.98045572391058,0.5000134393175873,5.510952182173712,False
1.813,200.07393739835166,0.500009152195514,5.504974249549408,False
1.8135000000000001,200.15680719266135,0.5000033690508168,5.47612325862387,False
1.814,200.2180760667989,0.4999968734532113,5.428401708216832,False
1.8145,200.24971055886613,0.4999905388685025,5.368304294417647,False
1.815,200.24768577593187,0.4999852114855161,5.303934722953613,False
1.8155000000000001,200.2124964722471,0.4999815974380239,5.24391335876214,False
1.816,200.14906128654462,0.4999801694561244,5.196222922766953,False
1.8165,200.06603674699656,0.49998110529611134,5.167146879411012,False
1.817,199.97463654175357,0.49998426597188383,5.160441813918928,False
1.8175000000000001,199.8871171667698,0.49998921643401967,5.176852866196353,False
1.818,199.81513461874349,0.49999528564526724,5.214034628618437,False
1.8185,199.76819258147094,0.5000016577533875,5.266885227238409,False
1.819,199.75238867344473,0.500007481966529,5.328246022686513,False
1.8195000000000001,199.7696239371318,0.5000119863318286,5.389870913675485,False
1.82,199.81737768075348,0.5000145802095873,5.44353400834283,False
1.8205,199.88907366456417,0.5000149318571949,5.48212699339455,False
1.821,199.9749846903031,0.5000130109530359,5.500600005738682,False
1.8215000000000001,200.06355137160273,0.5000090906313944,5.496621678306131,False
1.822,200.14293658091626,0.5000037090267554,5.4708722424681735,False
1.8225,200.20260683077785,0.499997595717576,5.426932967778128,False
1.823,200.23472951781764,0.4999915731026212,5.370789216438373,False
1.8235000000000001,200.23520072932106,0.499986446025502,5.310015810875092,False
1.824,200.20416866809936,0.49998289445398697,5.2527554282432725,False
1.8245,200.1459859037341,0.4999813835270266,5.206627761593374,False
1.825,200.06860042474733,0.4999821028766888,5.1777156434486065,False
1.8255000000000001,199.98247049640497,0.499984943144267,5.169763139601141,False
1.826,199.89915151837013,0.49998951258323804,5.183691383568316,False
1.8265,199.82974596724353,0.4999951912593642,5.217494682691226,False
1.827,199.7834244605268,0.5000012153474119,5.266528115492849,False
1.8275000000000001,199.76621492740009,0.5000067800558399,5.3241454312650305,False
1.828,199.78021956896927,0.5000111473085852,5.382599600798188,False
1.8285,199.8233609958479,0.5000137437829721,5.434084003198952,False
1.829,199.88968763214646,0.5000142362966905,5.471774417748133,False
1.8295000000000001,199.97019377021238,0.5000125746503934,5.49073291679314,False
1.83,200.0540414695486,0.5000089964369369,5.488554125456151,False
1.8305,200.13001877033065,0.5000039934299269,5.465669413717603,False
1.831,200.18803829030728,0.49999824428333284,5.425270670784566,False
1.8315000000000001,200.22047608658357,0.49999252273297934,5.372866226037247,False
1.832,200.22317313069104,0.4999875937018668,5.315530456384632,False
1.8325,200.19596778782432,0.49998411125270104,5.260949150796486,False
1.833,200.1426910955849,0.49998253200302706,5.216389404340362,False
1.8335000000000001,200.07062886008754,0.49998305547120525,5.187732150536706,False
1.834,199.98952589246935,0.4999855991500788,5.178696218650064,False
1.8345,199.91026849724147,0.49998981141007265,5.190356346448164,False
1.835,199.8434234586177,0.49999512025237547,5.221017553523995,False
1.8355000000000001,199.79782970223596,0.5000008111524273,5.26646017490979,False
1.836,199.77943032393992,0.500006123394713,5.320520209146427,False
1.8365,199.79049915997103,0.5000103519087685,5.375925125666692,False
1.837,199.82936225942075,0.5000129409795675,5.425271804189324,False
1.8375000000000001,199.89064789202953,0.5000135573907037,5.46201519009602,False
1.838,199.96602807537897,0.5000121333906928,5.4813357914540255,False
1.8385,200.04534942871092,0.5000088739603946,5.480771210656249,False
1.839,200.11800002633024,0.5000042276512974,5.4605290942830615,False
1.8395000000000001,200.17432848831282,0.49999882512102145,5.423441838150348,False
1.84,200.20692571513328,0.49999339377059765,5.374571357309893,False
1.8405,200.2115991056241,0.4999886600235296,5.320518840917545,False
1.841,200.18791111810813,0.4999852523674207,5.268533466788195,False
1.8415000000000001,200.1392129650085,0.4999836181000249,5.22554036282605,False
1.842,200.0721721287492,0.4999839648132048,5.197218189511934,False
1.8425,199.99586010069683,0.49998623427308647,5.187249283563051,False
1.843,199.92052516196657,0.49999011197297866,5.196841427278167,False
1.8435000000000001,199.85621632544817,0.4999950708424856,5.22458330063098,False
1.844,199.81144329526703,0.5000004430394298,5.2666506096733,False
1.8445,199.79205113442714,0.5000055100415098,5.317332892296406,False
1.845,199.8004583181196,0.5000095988825355,5.369808403993787,False
1.8455000000000001,199.83535723900982,0.500012171648579,5.41706193651196,False
1.846,199.89191383449912,0.5000128963439494,5.452822158274391,False
1.8465,199.96243624298975,0.5000116898066574,5.472393371999081,False
1.847,200.03742015448074,0.500008727142588,5.4732715323459615,False
1.8475000000000001,200.10682899582983,0.5000044166446963,5.4554638390088135,False
1.848,200.1614367387817,0.49999934376769145,5.421471218083052,False
1.8485,200.1940538413044,0.4999941918294621,5.375938172281341,False
1.849,200.20047348414536,0.49998965016671637,5.325018805522007,False
1.8495000000000001,200.18001353800506,0.49998632208231214,5.275545419281472,False
1.85,200.1355844141918,0.49998464487654914,5.2341119448440745,False
1.8505,200.0732767356301,0.4999848325665269,5.206195194347752,False
1.851,200.00152702056374,0.4999868487994205,5.195431102470311,False
1.8515000000000001,199.929975652602,0.49999041337986544,5.2031416466931,False
1.852,199.86817181077268,0.49999504131347444,5.2281739583658915,False
1.8525,199.82429941733307,0.5000001089284043,5.2670709572095396,False
1.853,199.80409408849349,0.5000049380568163,5.314548394166087,False
1.8535000000000001,199.8100942996738,0.5000088869119309,5.364212455369582,False
1.854,199.8413243031655,0.5000114354868768,5.409420476455216,False
1.8545,199.89344804097212,0.5000122541221548,5.444168964813005,False
1.855,199.95937025262825,0.5000112462146498,5.463890337562054,False
1.8555000000000001,200.0302015897411,0.5000085595502776,5.466052781573243,False
1.856,200.09645664572332,0.5000045649595758,5.450484577220443,False
1.8565,200.14932364388955,0.4999998053570909,5.419381436329999,False
1.857,200.18183598477964,0.49999492215252417,5.376997899767135,False
1.8575,200.18978995949152,0.499990568995708,5.329065959882682,False
1.858,200.17228772183321,0.49998732444758,5.282020218866209,False
1.8585,200.13183536516493,0.49998561524363544,5.242134266445739,False
1.859,200.07398582437335,0.4999856603309914,5.214684202621896,False
1.8595,200.00657725186022,0.49998744302066533,5.203250889732118,False
1.86,199.93867130253673,0.4999907147905131,5.209253248552759,False
1.8605,199.87933520661267,0.4999950300184412,5.231773392358549,False
1.861,199.83643139667353,0.4999998067951383,5.267694945352963,False
1.8615,199.81557626506077,0.5000044055146851,5.312133882672013,False
1.862,199.81940584564802,0.5000082146272898,5.35910231635995,False
1.8625,199.84724422645573,0.5000107320605757,5.402315011993659,False
1.863,199.89521608462243,0.5000116314781384,5.436030060007112,False
1.8635,199.95678525002214,0.5000108046439609,5.455811367640499,False
1.864,200.0236445859853,0.5000083744069406,5.45911184719179,False
1.8645,200.08683619916505,0.5000046767713525,5.445600745357928,False
1.865,200.13795110443854,0.5000002146477062,5.417193138411357,False
1.8655,200.17024783071773,0.49999558963587587,5.377779568185617,False
1.866,200.1795412341877,0.49999142108210115,5.332693788055382,False
1.8665,200.1647443286529,0.49998826329341484,5.28799130838239,False
1.867,200.12799296793486,0.49998653197376175,5.249636267290018,False
1.8675,200.0743393770644,0.4999864496472787,5.222705819793138,False
1.868,200.01105826016334,0.4999880172361662,5.2107182242881755,False
1.8685,199.9466607487065,0.4999910154181088,5.21517358361651,False
1.869,199.8897498954271,0.49999503538245105,5.235367164319521,False
1.8695,199.8478716805225,0.4999995346766836,5.26849835648849,False
1.87,199.82651499335853,0.500003910512221,5.310058661837011,False
1.8705,199.8283930298628,0.5000075806216788,5.354444955342251,False
1.871,199.8531000059777,0.5000100608244057,5.395714601982513,False
1.8715,199.89718634083323,0.5000110289755103,5.428380710652174,False
1.872,199.95463937755224,0.500010366863655,5.448141198921789,False
1.8725,200.01770277716457,0.5000081746211558,5.452444912931909,False
1.873,200.07792307011948,0.5000047559095177,5.440820411125536,False
1.8735,200.12728232427372,0.5000005760488181,5.414925124144142,False
1.874,200.15926530381668,0.4999961988512463,5.378310132458016,False
1.8745,200.16971915422417,0.49999221072271194,5.335933750864508,False
1.875,200.15739217903288,0.4999891422428782,5.293490427310268,False
1.8755,200.12408179672076,0.49998739770895223,5.256645728689141,False
1.8760000000000001,200.07437440434882,0.49998720200111707,5.230280188819522,False
1.8765,200.01501453623536,0.49998857175467043,5.217842975259744,False
1.877,199.95399003994592,0.49999131453003254,5.220901001396214,False
1.8775,199.89945739405616,0.4999950559042478,5.238942404846842,False
1.8780000000000001,199.8586518099751,0.4999992906756314,5.269458898449832,False
1.8785,199.83692776329153,0.500003451177686,5.308294058045832,False
1.879,199.83705711794897,0.5000069834635706,5.350209189211473,False
1.8795,199.85887668888083,0.5000094211390687,5.389589734244163,False
1.8800000000000001,199.89932980717276,0.5000104470101888,5.421197004855534,False
1.8805,199.95289361146231,0.5000099344071666,5.4408646759077754,False
1.881,200.01233245645895,0.5000079628127803,5.446047546827824,False
1.8815,200.06967479661265,0.5000048058836835,5.436150389580041,False
1.8820000000000001,200.11728180929805,0.5000008936447267,5.4125944747618595,False
1.8825,200.14886463353795,0.4999967540669529,5.3786145951445645,False
1.883,200.16031483208292,0.49999294195623784,5.338815384936228,False
1.8835,200.15023841978712,0.49998996472382934,5.298547675630228,False
1.8840000000000001,200.12012403481805,0.4999882149681473,5.2631892940091225,False
1.8845,200.07412512628255,0.4999879188268735,5.237426964681612,False
1.885,200.0184877494108,0.49998910689540604,5.224635234331157,False
1.8855,199.96070274329443,0.49999161144800847,5.226434749741223,False
1.8860000000000001,199.90849739975621,0.4999950901571649,5.242487693875234,False
1.8865,199.86880240070323,0.4999990729633454,5.2705560819489135,False
1.887,199.84683214453506,0.5000030256772875,5.306813310855212,False
1.8875,199.84540043670603,0.500006421707928,5.346365602068362,False
1.8880000000000001,199.8645612104106,0.5000088122867687,5.383912282814697,False
1.8885,199.90161993258664,0.5000098858299274,5.4144558533132985,False
1.889,199.9515116056904,0.5000095085948297,5.433966795793503,False
1.8895,200.00749245613844,0.5000077413370891,5.439914783463602,False
1.8900000000000001,200.06205097307952,0.5000048299077248,5.431596351565126,False
1.8905,200.10791536166363,0.5000011712172815,5.410216672929072,False
1.891,200.1390224111858,0.49999725926742733,5.378716121967593,False
1.8915,200.15131875933497,0.49999361857878344,5.341366398350214,False
1.8920000000000001,200.14328867733622,0.49999073397998595,5.30319157697,False
1.8925,200.11613964860507,0.49998898615392584,5.269292491103741,False
1.893,200.0736231442231,0.49998860151063335,5.244165293393441,False
1.8935,200.02151689504282,0.4999896229886891,5.231105254454701,False
1.8940000000000001,199.96684004808753,0.4999919055477225,5.231774881722032,False
1.8945,199.91690783795173,0.499995136789349,5.245992948415139,False
1.895,199.87835312899693,0.49999887978228647,5.271771104310707,False
1.8955,199.85624571376442,0.5000026322207992,5.305591468288483,False
1.8960000000000001,199.85342625323582,0.5000058939058544,5.3428864659835575,False
1.8965,199.8701422419902,0.5000082334850823,5.378655464595436,False
1.897,199.9040324554885,0.5000093455520147,5.408134987415143,False
1.8975,199.95045954221845,0.5000090905545075,5.427432748033215,False
1.8980000000000001,200.00314403064584,0.5000075123070377,5.4340411994837465,False
1.8985,200.05501318216392,0.5000048309221566,5.427162924891189,False
1.899,200.09915006967626,0.5000014122668482,5.407805715950933,False
1.8995,200.12971563949029,0.49999771817142746,5.378636151883617,False
1.9000000000000001,200.1427209094918,0.4999942441583444,5.343612762913417,False
1.9005,200.13654720032957,0.499991453081202,5.3074491408846205,False
1.901,200.112146551196,0.4999897135586551,5.274979756491049,False
1.9015,200.07289760407733,0.49998925139284395,5.250513795114114,False
1.9020000000000001,200.02413843610123,0.49999012037613866,5.237263394448309,False
1.9025,199.9724408676987,0.49999219625799596,5.236922169396833,False
1.903,199.9247249113656,0.4999951945234006,5.249449317236076,False
1.9035,199.88733272264383,0.4999987094475467,5.273086739284428,False
1.9040000000000001,199.86518598945463,0.5000022690661432,5.304605286531973,False
1.9045,199.86113866329143,0.5000053986129609,5.339745663912041,False
1.905,199.87561004886751,0.5000076838993197,5.373793795629268,False
1.9055,199.90654525043232,0.5000088261793079,5.402212954512748,False
1.9060000000000001,199.9497059878265,0.5000086812404732,5.421247948999261,False
1.9065,199.9992507430079,0.5000072776137859,5.428420982789826,False
1.907,200.0485249262878,0.5000048116148818,5.422853788642427,False
1.9075,200.0909542939061,0.5000016200318235,5.405374222469099,False
1.9080000000000001,200.12092177530474,0.49999813424903394,5.3783945018663,False
1.9085,200.13451083175937,0.49999482204833445,5.34557880306698,False
1.909,200.1300169921317,0.49999212493303535,5.311345924129093,False
1.9095,200.10816075622822,0.4999903993701348,5.280274461000522,False
1.9100000000000001,200.0719753512157,0.4999898697705865,5.256490550994026,False
1.9105,200.02638643901972,0.4999905994105689,5.243120069075367,False
1.911,199.97754193880982,0.49999248305959343,5.2418780240610845,False
1.9115,199.93198315021237,0.49999526215552176,5.252849082159046,False
1.9120000000000001,199.89576895618507,0.49999856034769846,5.274487232704886,False
1.9125,199.8736703737097,0.5000019345230571,5.303833133945827,False
1.913,199.86854248830156,0.5000049343965752,5.336918614819638,False
1.9135,199.8809563568641,0.5000071626535211,5.369303047204767,False
1.9140000000000001,199.909138183046,0.50000832761474,5.396669110667954,False
1.9145,199.94922175711937,0.5000082814506852,5.415398072121502,False
1.915,199.995778354658,0.5000070389456247,5.423047995830894,False
1.9155,200.04255155928058,0.5000047744404279,5.418671760984289,False
1.9160000000000001,200.08329764996697,0.5000017975068076,5.402933532933351,False
1.9165,200.11261876599224,0.49999851073752377,5.378009466568434,False
1.917,200.12667773631333,0.49999535540023254,5.3472872814518535,False
1.9175,200.12369993375793,0.49999275228567186,5.31490609080379,False
1.9180000000000001,200.104196522261,0.4999910456767932,5.285198936642628,False
1.9185,200.0708810773658,0.49999045789953417,5.262113093412984,False
1.919,200.0282927039045,0.4999910604556185,5.248685704216512,False
1.9195,199.98217791811433,0.49999276548373295,5.2466444225952,False
1.92,199.9387154631688,0.49999533855425077,5.2561855656297976,False
1.9205,199.90368865011783,0.49999843094505053,5.275958203775511,False
1.921,199.88171610061133,0.5000016269559513,5.303254899290436,False
1.9215,199.8756431805526,0.5000044998419174,5.334382201065192,False
1.922,199.88617422777423,0.500006668840212,5.3651602019666695,False
1.9225,199.9117929729058,0.5000078496744343,5.391483611170336,False
1.923,199.948979781686,0.5000078918425842,5.409869073868363,False
1.9235,199.9926947187274,0.5000067978054199,5.417915833371689,False
1.924,200.03706021832198,0.500004721637787,5.4146188808276285,False
1.9245,200.07615098838346,0.5000019474595324,5.400493804130388,False
1.925,200.10478508003754,0.49999885065620353,5.377497913032098,False
1.9255,200.11921057167842,0.4999958471754203,5.348759481167629,False
1.926,200.11759689781624,0.49999333774226307,5.318152471268911,False
1.9265,200.10026648824578,0.49999165447248894,5.289774504473819,False
1.927,200.0696374597922,0.49999101699564374,5.267398399291197,False
1.9275,200.0298868892237,0.49999150388516955,5.2539706967656095,False
1.928,199.9863814763747,0.49999304311035964,5.251223839543476,False
1.9285,199.94495318886052,0.4999954226588564,5.259453044255962,False
1.929,199.91111767364185,0.4999983197753993,5.27748655174909,False
1.9295,199.88934019060227,0.5000013447860556,5.302851904066524,False
1.93,199.8824467360313,0.5000040935573485,5.332114698071211,False
1.9305,199.89125794297655,0.5000062015290366,5.361343410195499,False
1.931,199.91449306403365,0.5000073920995447,5.386637399094326,False
1.9315,199.94895498523766,0.5000075129475313,5.404647215911222,False
1.932,199.98996967684528,0.5000065555266925,5.4130178751065205,False
1.9325,200.03201975642713,0.5000046552469595,5.410696483694361,False
1.933,200.06948637193807,0.500002072446634,5.398064098045641,False
1.9335,200.09739973238808,0.49999915682027934,5.376875370617643,False
1.934,200.11209809476532,0.49999630015627106,5.350015284768222,False
1.9345,200.11170785398718,0.4999938837667307,5.321106619739614,False
1.935,200.09638180051428,0.4999922276609598,5.294021503248939,False
1.9355,200.0682652930676,0.4999915482366257,5.2723628861746805,False
1.936,200.03119663110408,0.49999193008260207,5.258985378901705,False
1.9365,199.9901833897706,0.49999331556623366,5.2556191845733675,False
1.937,199.95072614762873,0.49999551347745375,5.262646668002169,False
1.9375,199.91808095057658,0.49999822544734646,5.279060367784659,False
1.938,199.89655941044842,0.5000010864929404,5.302606818860961,False
1.9385000000000001,199.88895961445434,0.5000037141787901,5.330095706302318,False
1.939,199.89620289483258,0.500005759774373,5.3578319463997826,False
1.9395,199.91722350270342,0.5000069545669316,5.382112192143883,False
1.94,199.94912416456796,0.5000071451839975,5.399719083790836,False
1.9405000000000001,199.98757495946722,0.5000063132884357,5.4083473334655014,False
1.941,200.02740067567285,0.5000045771242987,5.406905272113345,False
1.9415,200.06327705085243,0.5000021748283534,5.395652465325513,False
1.942,200.09044230499083,0.4999994318538316,5.376156116322328,False
1.9425000000000001,200.10532893408552,0.49999671695654985,5.351073250046197,False
1.943,200.10603196655123,0.4999943926910838,5.323788870488195,False
1.9435,200.0925522317156,0.49999276705996226,5.297959318672927,False
1.944,200.0667836137351,0.49999205276322833,5.277022410817842,False
1.9445000000000001,200.0322476573703,0.49999233943992133,5.2637399864083685,False
1.945,199.9936126284945,0.499993582522879,5.259833744979755,False
1.9455,199.95606269336193,0.49999561008489535,5.26576238474522,False
1.946,199.924602468098,0.49999814664125153,5.280668851761164,False
1.9465000000000001,199.90339023834463,0.5000008506154933,5.3025035835863745,False
1.947,199.89518866602882,0.5000033603734058,5.328306085561504,False
1.9475,199.9010054854617,0.5000053426220312,5.354606166350406,False
1.948,199.91997082224518,0.5000065366987776,5.377890468015796,False
1.9485000000000001,199.94946587616823,0.5000067888696048,5.395071602387517,False
1.949,199.98548408973787,0.5000060721287661,5.403897296944919,False
1.9495,200.02317506134457,0.5000044889567415,5.403245380864035,False
1.95,200.05749743613302,0.500002256782241,5.39326602360099,False
1.9505000000000001,200.0838929629661,0.49999967820195956,5.375353255658559,False
1.951,200.0988916466393,0.4999971000311734,5.3519506826628644,False
1.9515,200.10056768444872,0.4999948667222902,5.326218392590608,False
1.952,200.08878629211813,0.49999327440513297,5.301606413078309,False
1.9525000000000001,200.06520981815666,0.4999925316803677,5.281392270003275,False
1.953,200.03306389646318,0.4999927323567935,5.268244630729707,False
1.9535,199.9966964425603,0.49999384369443123,5.26387113291456,False
1.954,199.96098976519994,0.4999957116204879,5.268796869904258,False
1.9545000000000001,199.9307052879727,0.49999808210787794,5.282302233834049,False
1.955,199.90984883375867,0.5000006357524197,5.302527331499673,False
1.9555,199.90114106451273,0.500003030842624,5.3267278916027765,False
1.956,199.90566303249443,0.5000049491151186,5.3516474646689485,False
1.9565000000000001,199.92272293454187,0.5000061380712322,5.373955448491447,False
1.957,199.9499603283279,0.5000064442321116,5.390692048474214,False
1.9575,199.98367229087552,0.5000058329574975,5.399660769273195,False
1.958,200.0193165171538,0.5000043922750069,5.399716437370164,False
1.9585000000000001,200.0521230713793,0.5000023203159357,5.390911030925896,False
1.959,200.0777324668244,0.49999989814215373,5.374478799262544,False
1.9595,200.0927747689397,0.4999974516853791,5.352663705689518,False
1.96,200.09531282433412,0.49999530794873925,5.32841324316961,False
1.9605000000000001,200.085091333677,0.4999937513536045,5.304980355374815,False
1.961,200.06355977383637,0.49999298605813225,5.285487203360683,False
1.9615,200.03366758138145,0.49999310923951673,5.2725092744726645,False
1.962,199.99946044480927,0.49999409883541873,5.26773523703838,False
1.9625000000000001,199.96553293893828,0.49999581728557524,5.271747460870228,False
1.963,199.93641155998884,0.4999980306667846,5.283951700523976,False
1.9635,199.91595101162955,0.5000004405623323,5.302664316881834,False
1.964,199.9068242461621,0.5000027243245759,5.325344315050977,False
1.9645000000000001,199.91017368142226,0.5000045782991567,5.348938233069827,False
1.965,199.9254690279188,0.5000057582221724,5.370291082451655,False
1.9655,199.9505892785454,0.5000061114194287,5.3865680606159785,False
1.966,199.98211639705764,0.5000055965677193,5.395630704708871,False
1.9665000000000001,200.01580010166285,0.5000042884658379,5.396317617533241,False
1.967,200.04713060332836,0.5000023672790826,5.388592954573999,False
1.9675,200.07194218110595,0.5000000937949495,5.3735437353998154,False
1.968,200.08696686261007,0.499997774083344,5.353227326127807,False
1.9685000000000001,200.09026464706315,0.4999957183463296,5.3303904190951865,False
1.969,200.0814736472521,0.499994199487401,5.308097851130421,False
1.9695,200.0618479245035,0.4999934169326828,5.289321397961648,False
1.97,200.0340793487938,0.49999347049995263,5.27654371008058,False
1.9705000000000001,200.00192869110526,0.4999943477385062,5.271430178304887,False
1.971,199.9697164779767,0.4999959263410241,5.274612095969894,False
1.9715,199.941742537305,0.4999979912045109,5.285609325133152,False
1.972,199.9217122205582,0.5000002637634848,5.302901846261167,False
1.9725000000000001,199.91224585417368,0.5000024395960139,5.32413962261257,False
1.973,199.91453632417588,0.5000042292265204,5.346461819342867,False
1.9735,199.92819947113458,0.5000053966581578,5.3668820279924585,False
1.974,199.9513359360758,0.5000057905087427,5.382687646659997,False
1.9745000000000001,199.98079476777204,0.5000053636464546,5.391800039749003,False
1.975,200.01260226602795,0.5000041787833532,5.393047697281416,False
1.9755,200.04249775138493,0.5000023993744499,5.386316535431557,False
1.976,200.0665040797964,0.5000002671339113,5.372558098533815,False
1.9765000000000001,200.08145655496716,0.4999980692562938,5.353655498482393,False
1.977,200.08541992803168,0.4999960997842108,5.332165907113228,False
1.9775,200.0779385533468,0.49999462031663705,5.310974772657254,False
1.978,200.060087389228,0.4999938253070711,5.292908494484728,False
1.9785000000000001,200.0343183334673,0.49999381655443864,5.280357541421448,False
1.979,200.0041237577246,0.49999459023222464,5.274960269604595,False
1.9795,199.97356338367786,0.49999603810464593,5.277389257710987,False
1.98,199.94671859346343,0.4999979626725931,5.287268002288457,False
1.9805000000000001,199.92714752465622,0.5000001041332018,5.3032282130586035,False
1.981,199.91741368825143,0.5000021754737723,5.323099100551622,False
1.9815,199.9187505235781,0.5000039009602689,5.344202487149402,False
1.982,199.9309057231858,0.5000050528606489,5.363713633802899,False
1.9825000000000002,199.95218486943256,0.5000054815148206,5.379039189044305,False
1.983,199.97968720558745,0.5000051347844668,5.388161721511773,False
1.9835,200.00970079315744,0.5000040643595753,5.38990510009796,False
1.984,200.03820327636117,0.5000024181682994,5.384085848214485,False
1.9845,200.06140074884405,0.5000004199949938,5.371531034121563,False
1.985,200.07623257497497,0.499998339110137,5.35396118546388,False
1.9855,200.08077502176036,0.4999964540302059,5.333754732384768,False
1.986,200.07449048672305,0.4999950152825402,5.3136261889918375,False
1.9865,200.0582900558415,0.4999942121519912,5.296261594762221,False
1.987,200.0344022581655,0.4999941478226977,5.283960168050122,False
1.9875,200.00606681595445,0.49999482617870894,5.278329979008317,False
1.988,199.97709544501336,0.4999961519485802,5.280077920065,False
1.9885,199.95135924082902,0.499997944085452,5.288921386417979,False
1.989,199.9322715887319,0.49999996050704887,5.303632635537131,False
1.9895,199.9223356589451,0.5000019308158227,5.322209000403085,False
1.99,199.92281644333465,0.5000035925774278,5.342145376696875,False
1.9905,199.93358024865105,0.5000047262915585,5.360771919954012,False
1.991,199.95312191867265,0.5000051843975628,5.375611448137356,False
1.9915,199.9787748772956,0.5000049104852816,5.384708733040346,False
1.992,200.0070747383681,0.500003946214191,5.386887940777808,False
1.9925,200.0342269486339,0.5000024251000619,5.381904357727109,False
1.993,200.05661538608305,0.5000005540853191,5.37047085979314,False
1.9935,200.07128378493172,0.4999985854326554,5.354156415897493,False
1.994,200.07632592110062,0.499996782755939,5.33517100542034,False
1.9945,200.07113307523,0.49999538576031405,5.316066395665972,False
1.995,200.05646666892116,0.4999945784064791,5.2993932705314295,False
1.9955,200.03434751916305,0.49999446472676073,5.287360771917579,False
1.996,200.00777770392105,0.49999505547146117,5.281543896364138,False
1.9965,199.98033328739226,0.49999626729666447,5.282677499554849,False
1.997,199.95568315024008,0.49999793451818003,5.290563833971208,False
1.9975,199.9370986665212,0.4999998317777841,5.304105197933647,False
1.998,199.92701974642628,0.5000017045219722,5.321456486886196,False
1.9985,199.92673478323624,0.5000033031717805,5.3402764663442595,False
1.999,199.936216438301,0.5000044163981915,5.358043558232761,False
1.9995,199.95413411227946,0.5000048990688637,5.3723935638061,False
2.0,199.97804023835678,0.5000046911734807,5.3814341157628975,False
