time_s,output_voltage_V,duty_cycle,inductor_current_A,bound_hit
0.0005,200.0,0.5,8.0,False
0.001,200.0,0.5,8.0,False
0.0015,200.0,0.5,8.0,False
0.002,200.0,0.5,8.0,False
0.0025,200.0,0.5,8.0,False
0.003,200.0,0.5,8.0,False
0.0035,200.0,0.5,8.0,False
0.004,200.0,0.5,8.0,False
0.0045000000000000005,200.0,0.5,8.0,False
0.005,200.0,0.5,8.0,False
0.0055,200.0,0.5,8.0,False
0.006,200.0,0.5,8.0,False
0.006500000000000001,200.0,0.5,8.0,False
0.007,200.0,0.5,8.0,False
0.0075,200.0,0.5,8.0,False
0.008,200.0,0.5,8.0,False
0.0085,200.0,0.5,8.0,False
0.009000000000000001,200.0,0.5,8.0,False
0.0095,200.0,0.5,8.0,False
0.01,200.0,0.5,8.0,False
0.0105,200.0,0.5,8.0,False
0.011,200.0,0.5,8.0,False
0.0115,200.0,0.5,8.0,False
0.012,200.0,0.5,8.0,False
0.0125,200.0,0.5,8.0,False
0.013000000000000001,200.0,0.5,8.0,False
0.0135,200.0,0.5,8.0,False
0.014,200.0,0.5,8.0,False
0.0145,200.0,0.5,8.0,False
0.015,200.0,0.5,8.0,False
0.0155,200.0,0.5,8.0,False
0.016,200.0,0.5,8.0,False
0.0165,200.0,0.5,8.0,False
0.017,200.0,0.5,8.0,False
0.0175,200.0,0.5,8.0,False
0.018000000000000002,200.0,0.5,8.0,False
0.0185,200.0,0.5,8.0,False
0.019,200.0,0.5,8.0,False
0.0195,200.0,0.5,8.0,False
0.02,200.0,0.5,8.0,False
0.0205,200.0,0.5,8.0,False
0.021,200.0,0.5,8.0,False
0.021500000000000002,200.0,0.5,8.0,False
0.022,200.0,0.5,8.0,False
0.0225,200.0,0.5,8.0,False
0.023,200.0,0.5,8.0,False
0.0235,200.0,0.5,8.0,False
0.024,200.0,0.5,8.0,False
0.0245,200.0,0.5,8.0,False
0.025,200.0,0.5,8.0,False
0.025500000000000002,200.0,0.5,8.0,False
0.026000000000000002,200.0,0.5,8.0,False
0.0265,200.0,0.5,8.0,False
0.027,200.0,0.5,8.0,False
0.0275,200.0,0.5,8.0,False
0.028,200.0,0.5,8.0,False
0.0285,200.0,0.5,8.0,False
0.029,200.0,0.5,8.0,False
0.029500000000000002,200.0,0.5,8.0,False
0.03,200.0,0.5,8.0,False
0.0305,200.0,0.5,8.0,False
0.031,200.0,0.5,8.0,False
0.0315,200.0,0.5,8.0,False
0.032,200.0,0.5,8.0,False
0.0325,200.0,0.5,8.0,False
0.033,200.0,0.5,8.0,False
0.0335,200.0,0.5,8.0,False
0.034,200.0,0.5,8.0,False
0.0345,200.0,0.5,8.0,False
0.035,200.0,0.5,8.0,False
0.035500000000000004,200.0,0.5,8.0,False
0.036000000000000004,200.0,0.5,8.0,False
0.0365,200.0,0.5,8.0,False
0.037,200.0,0.5,8.0,False
0.0375,200.0,0.5,8.0,False
0.038,200.0,0.5,8.0,False
0.0385,200.0,0.5,8.0,False
0.039,200.0,0.5,8.0,False
0.0395,200.0,0.5,8.0,False
0.04,200.0,0.5,8.0,False
0.0405,200.0,0.5,8.0,False
0.041,200.0,0.5,8.0,False
0.0415,200.0,0.5,8.0,False
0.042,200.0,0.5,8.0,False
0.0425,200.0,0.5,8.0,False
0.043000000000000003,200.0,0.5,8.0,False
0.043500000000000004,200.0,0.5,8.0,False
0.044,200.0,0.5,8.0,False
0.0445,200.0,0.5,8.0,False
0.045,200.0,0.5,8.0,False
0.0455,200.0,0.5,8.0,False
0.046,200.0,0.5,8.0,False
0.0465,200.0,0.5,8.0,False
0.047,200.0,0.5,8.0,False
0.0475,200.0,0.5,8.0,False
0.048,200.0,0.5,8.0,False
0.0485,200.0,0.5,8.0,False
0.049,200.0,0.5,8.0,False
0.0495,200.0,0.5,8.0,False
0.05,200.0,0.5,8.0,False
0.0505,200.0,0.5,8.0,False
0.051000000000000004,200.0,0.5,8.0,False
0.051500000000000004,200.0,0.5,8.0,False
0.052000000000000005,200.0,0.5,8.0,False
0.0525,200.0,0.5,8.0,False
0.053,200.0,0.5,8.0,False
0.0535,200.0,0.5,8.0,False
0.054,200.0,0.5,8.0,False
0.0545,200.0,0.5,8.0,False
0.055,200.0,0.5,8.0,False
0.0555,200.0,0.5,8.0,False
0.056,200.0,0.5,8.0,False
0.0565,200.0,0.5,8.0,False
0.057,200.0,0.5,8.0,False
0.0575,200.0,0.5,8.0,False
0.058,200.0,0.5,8.0,False
0.0585,200.0,0.5,8.0,False
0.059000000000000004,200.0,0.5,8.0,False
0.059500000000000004,200.0,0.5,8.0,False
0.06,200.0,0.5,8.0,False
0.0605,200.0,0.5,8.0,False
0.061,200.0,0.5,8.0,False
0.0615,200.0,0.5,8.0,False
0.062,200.0,0.5,8.0,False
0.0625,200.0,0.5,8.0,False
0.063,200.0,0.5,8.0,False
0.0635,200.0,0.5,8.0,False
0.064,200.0,0.5,8.0,False
0.0645,200.0,0.5,8.0,False
0.065,200.0,0.5,8.0,False
0.0655,200.0,0.5,8.0,False
0.066,200.0,0.5,8.0,False
0.0665,200.0,0.5,8.0,False
0.067,200.0,0.5,8.0,False
0.0675,200.0,0.5,8.0,False
0.068,200.0,0.5,8.0,False
0.0685,200.0,0.5,8.0,False
0.069,200.0,0.5,8.0,False
0.0695,200.0,0.5,8.0,False
0.07,200.0,0.5,8.0,False
0.07050000000000001,200.0,0.5,8.0,False
0.07100000000000001,200.0,0.5,8.0,False
0.07150000000000001,200.0,0.5,8.0,False
0.07200000000000001,200.0,0.5,8.0,False
0.0725,200.0,0.5,8.0,False
0.073,200.0,0.5,8.0,False
0.0735,200.0,0.5,8.0,False
0.074,200.0,0.5,8.0,False
0.0745,200.0,0.5,8.0,False
0.075,200.0,0.5,8.0,False
0.0755,200.0,0.5,8.0,False
0.076,200.0,0.5,8.0,False
0.0765,200.0,0.5,8.0,False
0.077,200.0,0.5,8.0,False
0.0775,200.0,0.5,8.0,False
0.078,200.0,0.5,8.0,False
0.0785,200.0,0.5,8.0,False
0.079,200.0,0.5,8.0,False
0.0795,200.0,0.5,8.0,False
0.08,200.0,0.5,8.0,False
0.0805,200.0,0.5,8.0,False
0.081,200.0,0.5,8.0,False
0.0815,200.0,0.5,8.0,False
0.082,200.0,0.5,8.0,False
0.0825,200.0,0.5,8.0,False
0.083,200.0,0.5,8.0,False
0.0835,200.0,0.5,8.0,False
0.084,200.0,0.5,8.0,False
0.0845,200.0,0.5,8.0,False
0.085,200.0,0.5,8.0,False
0.0855,200.0,0.5,8.0,False
0.08600000000000001,200.0,0.5,8.0,False
0.08650000000000001,200.0,0.5,8.0,False
0.08700000000000001,200.0,0.5,8.0,False
0.08750000000000001,200.0,0.5,8.0,False
0.088,200.0,0.5,8.0,False
0.0885,200.0,0.5,8.0,False
0.089,200.0,0.5,8.0,False
0.0895,200.0,0.5,8.0,False
0.09,200.0,0.5,8.0,False
0.0905,200.0,0.5,8.0,False
0.091,200.0,0.5,8.0,False
0.0915,200.0,0.5,8.0,False
0.092,200.0,0.5,8.0,False
0.0925,200.0,0.5,8.0,False
0.093,200.0,0.5,8.0,False
0.0935,200.0,0.5,8.0,False
0.094,200.0,0.5,8.0,False
0.0945,200.0,0.5,8.0,False
0.095,200.0,0.5,8.0,False
0.0955,200.0,0.5,8.0,False
0.096,200.0,0.5,8.0,False
0.0965,200.0,0.5,8.0,False
0.097,200.0,0.5,8.0,False
0.0975,200.0,0.5,8.0,False
0.098,200.0,0.5,8.0,False
0.0985,200.0,0.5,8.0,False
0.099,200.0,0.5,8.0,False
0.0995,200.0,0.5,8.0,False
0.1,200.0,0.5,8.0,False
0.1005,200.0,0.5,8.0,False
0.101,200.0,0.5,8.0,False
0.1015,200.0,0.5,8.0,False
0.10200000000000001,200.0,0.5,8.0,False
0.10250000000000001,200.0,0.5,8.0,False
0.10300000000000001,200.0,0.5,8.0,False
0.10350000000000001,200.0,0.5,8.0,False
0.10400000000000001,200.0,0.5,8.0,False
0.1045,200.0,0.5,8.0,False
0.105,200.0,0.5,8.0,False
0.1055,200.0,0.5,8.0,False
0.106,200.0,0.5,8.0,False
0.1065,200.0,0.5,8.0,False
0.107,200.0,0.5,8.0,False
0.1075,200.0,0.5,8.0,False
0.108,200.0,0.5,8.0,False
0.1085,200.0,0.5,8.0,False
0.109,200.0,0.5,8.0,False
0.1095,200.0,0.5,8.0,False
0.11,200.0,0.5,8.0,False
0.1105,200.0,0.5,8.0,False
0.111,200.0,0.5,8.0,False
0.1115,200.0,0.5,8.0,False
0.112,200.0,0.5,8.0,False
0.1125,200.0,0.5,8.0,False
0.113,200.0,0.5,8.0,False
0.1135,200.0,0.5,8.0,False
0.114,200.0,0.5,8.0,False
0.1145,200.0,0.5,8.0,False
0.115,200.0,0.5,8.0,False
0.1155,200.0,0.5,8.0,False
0.116,200.0,0.5,8.0,False
0.1165,200.0,0.5,8.0,False
0.117,200.0,0.5,8.0,False
0.11750000000000001,200.0,0.5,8.0,False
0.11800000000000001,200.0,0.5,8.0,False
0.11850000000000001,200.0,0.5,8.0,False
0.11900000000000001,200.0,0.5,8.0,False
0.11950000000000001,200.0,0.5,8.0,False
0.12,200.0,0.5,8.0,False
0.1205,200.0,0.5,8.0,False
0.121,200.0,0.5,8.0,False
0.1215,200.0,0.5,8.0,False
0.122,200.0,0.5,8.0,False
0.1225,200.0,0.5,8.0,False
0.123,200.0,0.5,8.0,False
0.1235,200.0,0.5,8.0,False
0.124,200.0,0.5,8.0,False
0.1245,200.0,0.5,8.0,False
0.125,200.0,0.5,8.0,False
0.1255,200.0,0.5,8.0,False
0.126,200.0,0.5,8.0,False
0.1265,200.0,0.5,8.0,False
0.127,200.0,0.5,8.0,False
0.1275,200.0,0.5,8.0,False
0.128,200.0,0.5,8.0,False
0.1285,200.0,0.5,8.0,False
0.129,200.0,0.5,8.0,False
0.1295,200.0,0.5,8.0,False
0.13,200.0,0.5,8.0,False
0.1305,200.0,0.5,8.0,False
0.131,200.0,0.5,8.0,False
0.1315,200.0,0.5,8.0,False
0.132,200.0,0.5,8.0,False
0.1325,200.0,0.5,8.0,False
0.133,200.0,0.5,8.0,False
0.1335,200.0,0.5,8.0,False
0.134,200.0,0.5,8.0,False
0.1345,200.0,0.5,8.0,False
0.135,200.0,0.5,8.0,False
0.1355,200.0,0.5,8.0,False
0.136,200.0,0.5,8.0,False
0.1365,200.0,0.5,8.0,False
0.137,200.0,0.5,8.0,False
0.1375,200.0,0.5,8.0,False
0.138,200.0,0.5,8.0,False
0.1385,200.0,0.5,8.0,False
0.139,200.0,0.5,8.0,False
0.1395,200.0,0.5,8.0,False
0.14,200.0,0.5,8.0,False
0.1405,200.0,0.5,8.0,False
0.14100000000000001,200.0,0.5,8.0,False
0.14150000000000001,200.0,0.5,8.0,False
0.14200000000000002,200.0,0.5,8.0,False
0.14250000000000002,200.0,0.5,8.0,False
0.14300000000000002,200.0,0.5,8.0,False
0.14350000000000002,200.0,0.5,8.0,False
0.14400000000000002,200.0,0.5,8.0,False
0.1445,200.0,0.5,8.0,False
0.145,200.0,0.5,8.0,False
0.1455,200.0,0.5,8.0,False
0.146,200.0,0.5,8.0,False
0.1465,200.0,0.5,8.0,False
0.147,200.0,0.5,8.0,False
0.1475,200.0,0.5,8.0,False
0.148,200.0,0.5,8.0,False
0.1485,200.0,0.5,8.0,False
0.149,200.0,0.5,8.0,False
0.1495,200.0,0.5,8.0,False
0.15,200.0,0.5,8.0,False
0.1505,200.0,0.5,8.0,False
0.151,200.0,0.5,8.0,False
0.1515,200.0,0.5,8.0,False
0.152,200.0,0.5,8.0,False
0.1525,200.0,0.5,8.0,False
0.153,200.0,0.5,8.0,False
0.1535,200.0,0.5,8.0,False
0.154,200.0,0.5,8.0,False
0.1545,200.0,0.5,8.0,False
0.155,200.0,0.5,8.0,False
0.1555,200.0,0.5,8.0,False
0.156,200.0,0.5,8.0,False
0.1565,200.0,0.5,8.0,False
0.157,200.0,0.5,8.0,False
0.1575,200.0,0.5,8.0,False
0.158,200.0,0.5,8.0,False
0.1585,200.0,0.5,8.0,False
0.159,200.0,0.5,8.0,False
0.1595,200.0,0.5,8.0,False
0.16,200.0,0.5,8.0,False
0.1605,200.0,0.5,8.0,False
0.161,200.0,0.5,8.0,False
0.1615,200.0,0.5,8.0,False
0.162,200.0,0.5,8.0,False
0.1625,200.0,0.5,8.0,False
0.163,200.0,0.5,8.0,False
0.1635,200.0,0.5,8.0,False
0.164,200.0,0.5,8.0,False
0.1645,200.0,0.5,8.0,False
0.165,200.0,0.5,8.0,False
0.1655,200.0,0.5,8.0,False
0.166,200.0,0.5,8.0,False
0.1665,200.0,0.5,8.0,False
0.167,200.0,0.5,8.0,False
0.1675,200.0,0.5,8.0,False
0.168,200.0,0.5,8.0,False
0.1685,200.0,0.5,8.0,False
0.169,200.0,0.5,8.0,False
0.1695,200.0,0.5,8.0,False
0.17,200.0,0.5,8.0,False
0.1705,200.0,0.5,8.0,False
0.171,200.0,0.5,8.0,False
0.1715,200.0,0.5,8.0,False
0.17200000000000001,200.0,0.5,8.0,False
0.17250000000000001,200.0,0.5,8.0,False
0.17300000000000001,200.0,0.5,8.0,False
0.17350000000000002,200.0,0.5,8.0,False
0.17400000000000002,200.0,0.5,8.0,False
0.17450000000000002,200.0,0.5,8.0,False
0.17500000000000002,200.0,0.5,8.0,False
0.17550000000000002,200.0,0.5,8.0,False
0.176,200.0,0.5,8.0,False
0.1765,200.0,0.5,8.0,False
0.177,200.0,0.5,8.0,False
0.1775,200.0,0.5,8.0,False
0.178,200.0,0.5,8.0,False
0.1785,200.0,0.5,8.0,False
0.179,200.0,0.5,8.0,False
0.1795,200.0,0.5,8.0,False
0.18,200.0,0.5,8.0,False
0.1805,200.0,0.5,8.0,False
0.181,200.0,0.5,8.0,False
0.1815,200.0,0.5,8.0,False
0.182,200.0,0.5,8.0,False
0.1825,200.0,0.5,8.0,False
0.183,200.0,0.5,8.0,False
0.1835,200.0,0.5,8.0,False
0.184,200.0,0.5,8.0,False
0.1845,200.0,0.5,8.0,False
0.185,200.0,0.5,8.0,False
0.1855,200.0,0.5,8.0,False
0.186,200.0,0.5,8.0,False
0.1865,200.0,0.5,8.0,False
0.187,200.0,0.5,8.0,False
0.1875,200.0,0.5,8.0,False
0.188,200.0,0.5,8.0,False
0.1885,200.0,0.5,8.0,False
0.189,200.0,0.5,8.0,False
0.1895,200.0,0.5,8.0,False
0.19,200.0,0.5,8.0,False
0.1905,200.0,0.5,8.0,False
0.191,200.0,0.5,8.0,False
0.1915,200.0,0.5,8.0,False
0.192,200.0,0.5,8.0,False
0.1925,200.0,0.5,8.0,False
0.193,200.0,0.5,8.0,False
0.1935,200.0,0.5,8.0,False
0.194,200.0,0.5,8.0,False
0.1945,200.0,0.5,8.0,False
0.195,200.0,0.5,8.0,False
0.1955,200.0,0.5,8.0,False
0.196,200.0,0.5,8.0,False
0.1965,200.0,0.5,8.0,False
0.197,200.0,0.5,8.0,False
0.1975,200.0,0.5,8.0,False
0.198,200.0,0.5,8.0,False
0.1985,200.0,0.5,8.0,False
0.199,200.0,0.5,8.0,False
0.1995,200.0,0.5,8.0,False
0.2,200.0,0.5,8.0,False
0.2005,200.0,0.5,8.0,False
0.201,200.0,0.5,8.0,False
0.2015,200.0,0.5,8.0,False
0.202,200.0,0.5,8.0,False
0.2025,200.0,0.5,8.0,False
0.203,200.0,0.5,8.0,False
0.20350000000000001,200.0,0.5,8.0,False
0.20400000000000001,200.0,0.5,8.0,False
0.20450000000000002,200.0,0.5,8.0,False
0.20500000000000002,200.0,0.5,8.0,False
0.20550000000000002,200.0,0.5,8.0,False
0.20600000000000002,200.0,0.5,8.0,False
0.20650000000000002,200.0,0.5,8.0,False
0.20700000000000002,200.0,0.5,8.0,False
0.20750000000000002,200.0,0.5,8.0,False
0.20800000000000002,200.0,0.5,8.0,False
0.2085,200.0,0.5,8.0,False
0.209,200.0,0.5,8.0,False
0.2095,200.0,0.5,8.0,False
0.21,200.0,0.5,8.0,False
0.2105,200.0,0.5,8.0,False
0.211,200.0,0.5,8.0,False
0.2115,200.0,0.5,8.0,False
0.212,200.0,0.5,8.0,False
0.2125,200.0,0.5,8.0,False
0.213,200.0,0.5,8.0,False
0.2135,200.0,0.5,8.0,False
0.214,200.0,0.5,8.0,False
0.2145,200.0,0.5,8.0,False
0.215,200.0,0.5,8.0,False
0.2155,200.0,0.5,8.0,False
0.216,200.0,0.5,8.0,False
0.2165,200.0,0.5,8.0,False
0.217,200.0,0.5,8.0,False
0.2175,200.0,0.5,8.0,False
0.218,200.0,0.5,8.0,False
0.2185,200.0,0.5,8.0,False
0.219,200.0,0.5,8.0,False
0.2195,200.0,0.5,8.0,False
0.22,200.0,0.5,8.0,False
0.2205,200.0,0.5,8.0,False
0.221,200.0,0.5,8.0,False
0.2215,200.0,0.5,8.0,False
0.222,200.0,0.5,8.0,False
0.2225,200.0,0.5,8.0,False
0.223,200.0,0.5,8.0,False
0.2235,200.0,0.5,8.0,False
0.224,200.0,0.5,8.0,False
0.2245,200.0,0.5,8.0,False
0.225,200.0,0.5,8.0,False
0.2255,200.0,0.5,8.0,False
0.226,200.0,0.5,8.0,False
0.2265,200.0,0.5,8.0,False
0.227,200.0,0.5,8.0,False
0.2275,200.0,0.5,8.0,False
0.228,200.0,0.5,8.0,False
0.2285,200.0,0.5,8.0,False
0.229,200.0,0.5,8.0,False
0.2295,200.0,0.5,8.0,False
0.23,200.0,0.5,8.0,False
0.2305,200.0,0.5,8.0,False
0.231,200.0,0.5,8.0,False
0.2315,200.0,0.5,8.0,False
0.232,200.0,0.5,8.0,False
0.2325,200.0,0.5,8.0,False
0.233,200.0,0.5,8.0,False
0.2335,200.0,0.5,8.0,False
0.234,200.0,0.5,8.0,False
0.23450000000000001,200.0,0.5,8.0,False
0.23500000000000001,200.0,0.5,8.0,False
0.23550000000000001,200.0,0.5,8.0,False
0.23600000000000002,200.0,0.5,8.0,False
0.23650000000000002,200.0,0.5,8.0,False
0.23700000000000002,200.0,0.5,8.0,False
0.23750000000000002,200.0,0.5,8.0,False
0.23800000000000002,200.0,0.5,8.0,False
0.23850000000000002,200.0,0.5,8.0,False
0.23900000000000002,200.0,0.5,8.0,False
0.23950000000000002,200.0,0.5,8.0,False
0.24,200.0,0.5,8.0,False
0.2405,200.0,0.5,8.0,False
0.241,200.0,0.5,8.0,False
0.2415,200.0,0.5,8.0,False
0.242,200.0,0.5,8.0,False
0.2425,200.0,0.5,8.0,False
0.243,200.0,0.5,8.0,False
0.2435,200.0,0.5,8.0,False
0.244,200.0,0.5,8.0,False
0.2445,200.0,0.5,8.0,False
0.245,200.0,0.5,8.0,False
0.2455,200.0,0.5,8.0,False
0.246,200.0,0.5,8.0,False
0.2465,200.0,0.5,8.0,False
0.247,200.0,0.5,8.0,False
0.2475,200.0,0.5,8.0,False
0.248,200.0,0.5,8.0,False
0.2485,200.0,0.5,8.0,False
0.249,200.0,0.5,8.0,False
0.2495,200.0,0.5,8.0,False
0.25,200.0,0.5,8.0,False
0.2505,200.0,0.5,8.0,False
0.251,200.0,0.5,8.0,False
0.2515,200.0,0.5,8.0,False
0.252,200.0,0.5,8.0,False
0.2525,200.0,0.5,8.0,False
0.253,200.0,0.5,8.0,False
0.2535,200.0,0.5,8.0,False
0.254,200.0,0.5,8.0,False
0.2545,200.0,0.5,8.0,False
0.255,200.0,0.5,8.0,False
0.2555,200.0,0.5,8.0,False
0.256,200.0,0.5,8.0,False
0.2565,200.0,0.5,8.0,False
0.257,200.0,0.5,8.0,False
0.2575,200.0,0.5,8.0,False
0.258,200.0,0.5,8.0,False
0.2585,200.0,0.5,8.0,False
0.259,200.0,0.5,8.0,False
0.2595,200.0,0.5,8.0,False
0.26,200.0,0.5,8.0,False
0.2605,200.0,0.5,8.0,False
0.261,200.0,0.5,8.0,False
0.2615,200.0,0.5,8.0,False
0.262,200.0,0.5,8.0,False
0.2625,200.0,0.5,8.0,False
0.263,200.0,0.5,8.0,False
0.2635,200.0,0.5,8.0,False
0.264,200.0,0.5,8.0,False
0.2645,200.0,0.5,8.0,False
0.265,200.0,0.5,8.0,False
0.2655,200.0,0.5,8.0,False
0.266,200.0,0.5,8.0,False
0.2665,200.0,0.5,8.0,False
0.267,200.0,0.5,8.0,False
0.2675,200.0,0.5,8.0,False
0.268,200.0,0.5,8.0,False
0.2685,200.0,0.5,8.0,False
0.269,200.0,0.5,8.0,False
0.2695,200.0,0.5,8.0,False
0.27,200.0,0.5,8.0,False
0.2705,200.0,0.5,8.0,False
0.271,200.0,0.5,8.0,False
0.2715,200.0,0.5,8.0,False
0.272,200.0,0.5,8.0,False
0.2725,200.0,0.5,8.0,False
0.273,200.0,0.5,8.0,False
0.2735,200.0,0.5,8.0,False
0.274,200.0,0.5,8.0,False
0.2745,200.0,0.5,8.0,False
0.275,200.0,0.5,8.0,False
0.2755,200.0,0.5,8.0,False
0.276,200.0,0.5,8.0,False
0.2765,200.0,0.5,8.0,False
0.277,200.0,0.5,8.0,False
0.2775,200.0,0.5,8.0,False
0.278,200.0,0.5,8.0,False
0.2785,200.0,0.5,8.0,False
0.279,200.0,0.5,8.0,False
0.2795,200.0,0.5,8.0,False
0.28,200.0,0.5,8.0,False
0.2805,200.0,0.5,8.0,False
0.281,200.0,0.5,8.0,False
0.28150000000000003,200.0,0.5,8.0,False
0.28200000000000003,200.0,0.5,8.0,False
0.28250000000000003,200.0,0.5,8.0,False
0.28300000000000003,200.0,0.5,8.0,False
0.28350000000000003,200.0,0.5,8.0,False
0.28400000000000003,200.0,0.5,8.0,False
0.28450000000000003,200.0,0.5,8.0,False
0.28500000000000003,200.0,0.5,8.0,False
0.28550000000000003,200.0,0.5,8.0,False
0.28600000000000003,200.0,0.5,8.0,False
0.28650000000000003,200.0,0.5,8.0,False
0.28700000000000003,200.0,0.5,8.0,False
0.28750000000000003,200.0,0.5,8.0,False
0.28800000000000003,200.0,0.5,8.0,False
0.2885,200.0,0.5,8.0,False
0.289,200.0,0.5,8.0,False
0.2895,200.0,0.5,8.0,False
0.29,200.0,0.5,8.0,False
0.2905,200.0,0.5,8.0,False
0.291,200.0,0.5,8.0,False
0.2915,200.0,0.5,8.0,False
0.292,200.0,0.5,8.0,False
0.2925,200.0,0.5,8.0,False
0.293,200.0,0.5,8.0,False
0.2935,200.0,0.5,8.0,False
0.294,200.0,0.5,8.0,False
0.2945,200.0,0.5,8.0,False
0.295,200.0,0.5,8.0,False
0.2955,200.0,0.5,8.0,False
0.296,200.0,0.5,8.0,False
0.2965,200.0,0.5,8.0,False
0.297,200.0,0.5,8.0,False
0.2975,200.0,0.5,8.0,False
0.298,200.0,0.5,8.0,False
0.2985,200.0,0.5,8.0,False
0.299,200.0,0.5,8.0,False
0.2995,200.0,0.5,8.0,False
0.3,200.0,0.5,8.0,False
0.3005,200.0,0.5,8.0,False
0.301,200.0,0.5,8.0,False
0.3015,200.0,0.5,8.0,False
0.302,200.0,0.5,8.0,False
0.3025,200.0,0.5,8.0,False
0.303,200.0,0.5,8.0,False
0.3035,200.0,0.5,8.0,False
0.304,200.0,0.5,8.0,False
0.3045,200.0,0.5,8.0,False
0.305,200.0,0.5,8.0,False
0.3055,200.0,0.5,8.0,False
0.306,200.0,0.5,8.0,False
0.3065,200.0,0.5,8.0,False
0.307,200.0,0.5,8.0,False
0.3075,200.0,0.5,8.0,False
0.308,200.0,0.5,8.0,False
0.3085,200.0,0.5,8.0,False
0.309,200.0,0.5,8.0,False
0.3095,200.0,0.5,8.0,False
0.31,200.0,0.5,8.0,False
0.3105,200.0,0.5,8.0,False
0.311,200.0,0.5,8.0,False
0.3115,200.0,0.5,8.0,False
0.312,200.0,0.5,8.0,False
0.3125,200.0,0.5,8.0,False
0.313,200.0,0.5,8.0,False
0.3135,200.0,0.5,8.0,False
0.314,200.0,0.5,8.0,False
0.3145,200.0,0.5,8.0,False
0.315,200.0,0.5,8.0,False
0.3155,200.0,0.5,8.0,False
0.316,200.0,0.5,8.0,False
0.3165,200.0,0.5,8.0,False
0.317,200.0,0.5,8.0,False
0.3175,200.0,0.5,8.0,False
0.318,200.0,0.5,8.0,False
0.3185,200.0,0.5,8.0,False
0.319,200.0,0.5,8.0,False
0.3195,200.0,0.5,8.0,False
0.32,200.0,0.5,8.0,False
0.3205,200.0,0.5,8.0,False
0.321,200.0,0.5,8.0,False
0.3215,200.0,0.5,8.0,False
0.322,200.0,0.5,8.0,False
0.3225,200.0,0.5,8.0,False
0.323,200.0,0.5,8.0,False
0.3235,200.0,0.5,8.0,False
0.324,200.0,0.5,8.0,False
0.3245,200.0,0.5,8.0,False
0.325,200.0,0.5,8.0,False
0.3255,200.0,0.5,8.0,False
0.326,200.0,0.5,8.0,False
0.3265,200.0,0.5,8.0,False
0.327,200.0,0.5,8.0,False
0.3275,200.0,0.5,8.0,False
0.328,200.0,0.5,8.0,False
0.3285,200.0,0.5,8.0,False
0.329,200.0,0.5,8.0,False
0.3295,200.0,0.5,8.0,False
0.33,200.0,0.5,8.0,False
0.3305,200.0,0.5,8.0,False
0.331,200.0,0.5,8.0,False
0.3315,200.0,0.5,8.0,False
0.332,200.0,0.5,8.0,False
0.3325,200.0,0.5,8.0,False
0.333,200.0,0.5,8.0,False
0.3335,200.0,0.5,8.0,False
0.334,200.0,0.5,8.0,False
0.3345,200.0,0.5,8.0,False
0.335,200.0,0.5,8.0,False
0.3355,200.0,0.5,8.0,False
0.336,200.0,0.5,8.0,False
0.3365,200.0,0.5,8.0,False
0.337,200.0,0.5,8.0,False
0.3375,200.0,0.5,8.0,False
0.338,200.0,0.5,8.0,False
0.3385,200.0,0.5,8.0,False
0.339,200.0,0.5,8.0,False
0.3395,200.0,0.5,8.0,False
0.34,200.0,0.5,8.0,False
0.3405,200.0,0.5,8.0,False
0.341,200.0,0.5,8.0,False
0.3415,200.0,0.5,8.0,False
0.342,200.0,0.5,8.0,False
0.3425,200.0,0.5,8.0,False
0.343,200.0,0.5,8.0,False
0.3435,200.0,0.5,8.0,False
0.34400000000000003,200.0,0.5,8.0,False
0.34450000000000003,200.0,0.5,8.0,False
0.34500000000000003,200.0,0.5,8.0,False
0.34550000000000003,200.0,0.5,8.0,False
0.34600000000000003,200.0,0.5,8.0,False
0.34650000000000003,200.0,0.5,8.0,False
0.34700000000000003,200.0,0.5,8.0,False
0.34750000000000003,200.0,0.5,8.0,False
0.34800000000000003,200.0,0.5,8.0,False
0.34850000000000003,200.0,0.5,8.0,False
0.34900000000000003,200.0,0.5,8.0,False
0.34950000000000003,200.0,0.5,8.0,False
0.35000000000000003,200.0,0.5,8.0,False
0.35050000000000003,200.0,0.5,8.0,False
0.35100000000000003,200.0,0.5,8.0,False
0.35150000000000003,200.0,0.5,8.0,False
0.352,200.0,0.5,8.0,False
0.3525,200.0,0.5,8.0,False
0.353,200.0,0.5,8.0,False
0.3535,200.0,0.5,8.0,False
0.354,200.0,0.5,8.0,False
0.3545,200.0,0.5,8.0,False
0.355,200.0,0.5,8.0,False
0.3555,200.0,0.5,8.0,False
0.356,200.0,0.5,8.0,False
0.3565,200.0,0.5,8.0,False
0.357,200.0,0.5,8.0,False
0.3575,200.0,0.5,8.0,False
0.358,200.0,0.5,8.0,False
0.3585,200.0,0.5,8.0,False
0.359,200.0,0.5,8.0,False
0.3595,200.0,0.5,8.0,False
0.36,200.0,0.5,8.0,False
0.3605,200.0,0.5,8.0,False
0.361,200.0,0.5,8.0,False
0.3615,200.0,0.5,8.0,False
0.362,200.0,0.5,8.0,False
0.3625,200.0,0.5,8.0,False
0.363,200.0,0.5,8.0,False
0.3635,200.0,0.5,8.0,False
0.364,200.0,0.5,8.0,False
0.3645,200.0,0.5,8.0,False
0.365,200.0,0.5,8.0,False
0.3655,200.0,0.5,8.0,False
0.366,200.0,0.5,8.0,False
0.3665,200.0,0.5,8.0,False
0.367,200.0,0.5,8.0,False
0.3675,200.0,0.5,8.0,False
0.368,200.0,0.5,8.0,False
0.3685,200.0,0.5,8.0,False
0.369,200.0,0.5,8.0,False
0.3695,200.0,0.5,8.0,False
0.37,200.0,0.5,8.0,False
0.3705,200.0,0.5,8.0,False
0.371,200.0,0.5,8.0,False
0.3715,200.0,0.5,8.0,False
0.372,200.0,0.5,8.0,False
0.3725,200.0,0.5,8.0,False
0.373,200.0,0.5,8.0,False
0.3735,200.0,0.5,8.0,False
0.374,200.0,0.5,8.0,False
0.3745,200.0,0.5,8.0,False
0.375,200.0,0.5,8.0,False
0.3755,200.0,0.5,8.0,False
0.376,200.0,0.5,8.0,False
0.3765,200.0,0.5,8.0,False
0.377,200.0,0.5,8.0,False
0.3775,200.0,0.5,8.0,False
0.378,200.0,0.5,8.0,False
0.3785,200.0,0.5,8.0,False
0.379,200.0,0.5,8.0,False
0.3795,200.0,0.5,8.0,False
0.38,200.0,0.5,8.0,False
0.3805,200.0,0.5,8.0,False
0.381,200.0,0.5,8.0,False
0.3815,200.0,0.5,8.0,False
0.382,200.0,0.5,8.0,False
0.3825,200.0,0.5,8.0,False
0.383,200.0,0.5,8.0,False
0.3835,200.0,0.5,8.0,False
0.384,200.0,0.5,8.0,False
0.3845,200.0,0.5,8.0,False
0.385,200.0,0.5,8.0,False
0.3855,200.0,0.5,8.0,False
0.386,200.0,0.5,8.0,False
0.3865,200.0,0.5,8.0,False
0.387,200.0,0.5,8.0,False
0.3875,200.0,0.5,8.0,False
0.388,200.0,0.5,8.0,False
0.3885,200.0,0.5,8.0,False
0.389,200.0,0.5,8.0,False
0.3895,200.0,0.5,8.0,False
0.39,200.0,0.5,8.0,False
0.3905,200.0,0.5,8.0,False
0.391,200.0,0.5,8.0,False
0.3915,200.0,0.5,8.0,False
0.392,200.0,0.5,8.0,False
0.3925,200.0,0.5,8.0,False
0.393,200.0,0.5,8.0,False
0.3935,200.0,0.5,8.0,False
0.394,200.0,0.5,8.0,False
0.3945,200.0,0.5,8.0,False
0.395,200.0,0.5,8.0,False
0.3955,200.0,0.5,8.0,False
0.396,200.0,0.5,8.0,False
0.3965,200.0,0.5,8.0,False
0.397,200.0,0.5,8.0,False
0.3975,200.0,0.5,8.0,False
0.398,200.0,0.5,8.0,False
0.3985,200.0,0.5,8.0,False
0.399,200.0,0.5,8.0,False
0.3995,200.0,0.5,8.0,False
0.4,200.0,0.5,8.0,False
0.4005,200.0,0.5,8.0,False
0.401,200.0,0.5,8.0,False
0.4015,200.0,0.5,8.0,False
0.402,200.0,0.5,8.0,False
0.4025,200.0,0.5,8.0,False
0.403,200.0,0.5,8.0,False
0.4035,200.0,0.5,8.0,False
0.404,200.0,0.5,8.0,False
0.4045,200.0,0.5,8.0,False
0.405,200.0,0.5,8.0,False
0.4055,200.0,0.5,8.0,False
0.406,200.0,0.5,8.0,False
0.40650000000000003,200.0,0.5,8.0,False
0.40700000000000003,200.0,0.5,8.0,False
0.40750000000000003,200.0,0.5,8.0,False
0.40800000000000003,200.0,0.5,8.0,False
0.40850000000000003,200.0,0.5,8.0,False
0.40900000000000003,200.0,0.5,8.0,False
0.40950000000000003,200.0,0.5,8.0,False
0.41000000000000003,200.0,0.5,8.0,False
0.41050000000000003,200.0,0.5,8.0,False
0.41100000000000003,200.0,0.5,8.0,False
0.41150000000000003,200.0,0.5,8.0,False
0.41200000000000003,200.0,0.5,8.0,False
0.41250000000000003,200.0,0.5,8.0,False
0.41300000000000003,200.0,0.5,8.0,False
0.41350000000000003,200.0,0.5,8.0,False
0.41400000000000003,200.0,0.5,8.0,False
0.41450000000000004,200.0,0.5,8.0,False
0.41500000000000004,200.0,0.5,8.0,False
0.41550000000000004,200.0,0.5,8.0,False
0.41600000000000004,200.0,0.5,8.0,False
0.4165,200.0,0.5,8.0,False
0.417,200.0,0.5,8.0,False
0.4175,200.0,0.5,8.0,False
0.418,200.0,0.5,8.0,False
0.4185,200.0,0.5,8.0,False
0.419,200.0,0.5,8.0,False
0.4195,200.0,0.5,8.0,False
0.42,200.0,0.5,8.0,False
0.4205,200.0,0.5,8.0,False
0.421,200.0,0.5,8.0,False
0.4215,200.0,0.5,8.0,False
0.422,200.0,0.5,8.0,False
0.4225,200.0,0.5,8.0,False
0.423,200.0,0.5,8.0,False
0.4235,200.0,0.5,8.0,False
0.424,200.0,0.5,8.0,False
0.4245,200.0,0.5,8.0,False
0.425,200.0,0.5,8.0,False
0.4255,200.0,0.5,8.0,False
0.426,200.0,0.5,8.0,False
0.4265,200.0,0.5,8.0,False
0.427,200.0,0.5,8.0,False
0.4275,200.0,0.5,8.0,False
0.428,200.0,0.5,8.0,False
0.4285,200.0,0.5,8.0,False
0.429,200.0,0.5,8.0,False
0.4295,200.0,0.5,8.0,False
0.43,200.0,0.5,8.0,False
0.4305,200.0,0.5,8.0,False
0.431,200.0,0.5,8.0,False
0.4315,200.0,0.5,8.0,False
0.432,200.0,0.5,8.0,False
0.4325,200.0,0.5,8.0,False
0.433,200.0,0.5,8.0,False
0.4335,200.0,0.5,8.0,False
0.434,200.0,0.5,8.0,False
0.4345,200.0,0.5,8.0,False
0.435,200.0,0.5,8.0,False
0.4355,200.0,0.5,8.0,False
0.436,200.0,0.5,8.0,False
0.4365,200.0,0.5,8.0,False
0.437,200.0,0.5,8.0,False
0.4375,200.0,0.5,8.0,False
0.438,200.0,0.5,8.0,False
0.4385,200.0,0.5,8.0,False
0.439,200.0,0.5,8.0,False
0.4395,200.0,0.5,8.0,False
0.44,200.0,0.5,8.0,False
0.4405,200.0,0.5,8.0,False
0.441,200.0,0.5,8.0,False
0.4415,200.0,0.5,8.0,False
0.442,200.0,0.5,8.0,False
0.4425,200.0,0.5,8.0,False
0.443,200.0,0.5,8.0,False
0.4435,200.0,0.5,8.0,False
0.444,200.0,0.5,8.0,False
0.4445,200.0,0.5,8.0,False
0.445,200.0,0.5,8.0,False
0.4455,200.0,0.5,8.0,False
0.446,200.0,0.5,8.0,False
0.4465,200.0,0.5,8.0,False
0.447,200.0,0.5,8.0,False
0.4475,200.0,0.5,8.0,False
0.448,200.0,0.5,8.0,False
0.4485,200.0,0.5,8.0,False
0.449,200.0,0.5,8.0,False
0.4495,200.0,0.5,8.0,False
0.45,200.0,0.5,8.0,False
0.4505,200.0,0.5,8.0,False
0.451,200.0,0.5,8.0,False
0.4515,200.0,0.5,8.0,False
0.452,200.0,0.5,8.0,False
0.4525,200.0,0.5,8.0,False
0.453,200.0,0.5,8.0,False
0.4535,200.0,0.5,8.0,False
0.454,200.0,0.5,8.0,False
0.4545,200.0,0.5,8.0,False
0.455,200.0,0.5,8.0,False
0.4555,200.0,0.5,8.0,False
0.456,200.0,0.5,8.0,False
0.4565,200.0,0.5,8.0,False
0.457,200.0,0.5,8.0,False
0.4575,200.0,0.5,8.0,False
0.458,200.0,0.5,8.0,False
0.4585,200.0,0.5,8.0,False
0.459,200.0,0.5,8.0,False
0.4595,200.0,0.5,8.0,False
0.46,200.0,0.5,8.0,False
0.4605,200.0,0.5,8.0,False
0.461,200.0,0.5,8.0,False
0.4615,200.0,0.5,8.0,False
0.462,200.0,0.5,8.0,False
0.4625,200.0,0.5,8.0,False
0.463,200.0,0.5,8.0,False
0.4635,200.0,0.5,8.0,False
0.464,200.0,0.5,8.0,False
0.4645,200.0,0.5,8.0,False
0.465,200.0,0.5,8.0,False
0.4655,200.0,0.5,8.0,False
0.466,200.0,0.5,8.0,False
0.4665,200.0,0.5,8.0,False
0.467,200.0,0.5,8.0,False
0.4675,200.0,0.5,8.0,False
0.468,200.0,0.5,8.0,False
0.4685,200.0,0.5,8.0,False
0.46900000000000003,200.0,0.5,8.0,False
0.46950000000000003,200.0,0.5,8.0,False
0.47000000000000003,200.0,0.5,8.0,False
0.47050000000000003,200.0,0.5,8.0,False
0.47100000000000003,200.0,0.5,8.0,False
0.47150000000000003,200.0,0.5,8.0,False
0.47200000000000003,200.0,0.5,8.0,False
0.47250000000000003,200.0,0.5,8.0,False
0.47300000000000003,200.0,0.5,8.0,False
0.47350000000000003,200.0,0.5,8.0,False
0.47400000000000003,200.0,0.5,8.0,False
0.47450000000000003,200.0,0.5,8.0,False
0.47500000000000003,200.0,0.5,8.0,False
0.47550000000000003,200.0,0.5,8.0,False
0.47600000000000003,200.0,0.5,8.0,False
0.47650000000000003,200.0,0.5,8.0,False
0.47700000000000004,200.0,0.5,8.0,False
0.47750000000000004,200.0,0.5,8.0,False
0.47800000000000004,200.0,0.5,8.0,False
0.47850000000000004,200.0,0.5,8.0,False
0.47900000000000004,200.0,0.5,8.0,False
0.47950000000000004,200.0,0.5,8.0,False
0.48,200.0,0.5,8.0,False
0.4805,200.0,0.5,8.0,False
0.481,200.0,0.5,8.0,False
0.4815,200.0,0.5,8.0,False
0.482,200.0,0.5,8.0,False
0.4825,200.0,0.5,8.0,False
0.483,200.0,0.5,8.0,False
0.4835,200.0,0.5,8.0,False
0.484,200.0,0.5,8.0,False
0.4845,200.0,0.5,8.0,False
0.485,200.0,0.5,8.0,False
0.4855,200.0,0.5,8.0,False
0.486,200.0,0.5,8.0,False
0.4865,200.0,0.5,8.0,False
0.487,200.0,0.5,8.0,False
0.4875,200.0,0.5,8.0,False
0.488,200.0,0.5,8.0,False
0.4885,200.0,0.5,8.0,False
0.489,200.0,0.5,8.0,False
0.4895,200.0,0.5,8.0,False
0.49,200.0,0.5,8.0,False
0.4905,200.0,0.5,8.0,False
0.491,200.0,0.5,8.0,False
0.4915,200.0,0.5,8.0,False
0.492,200.0,0.5,8.0,False
0.4925,200.0,0.5,8.0,False
0.493,200.0,0.5,8.0,False
0.4935,200.0,0.5,8.0,False
0.494,200.0,0.5,8.0,False
0.4945,200.0,0.5,8.0,False
0.495,200.0,0.5,8.0,False
0.4955,200.0,0.5,8.0,False
0.496,200.0,0.5,8.0,False
0.4965,200.0,0.5,8.0,False
0.497,200.0,0.5,8.0,False
0.4975,200.0,0.5,8.0,False
0.498,200.0,0.5,8.0,False
0.4985,200.0,0.5,8.0,False
0.499,200.0,0.5,8.0,False
0.4995,200.0,0.5,8.0,False
0.5,200.0,0.5,8.0,False
0.5005000000000001,200.0,0.5,8.0,False
0.501,200.0,0.5,8.0,False
0.5015000000000001,200.0,0.5,8.0,False
0.502,200.0,0.5,8.0,False
0.5025000000000001,200.0,0.5,8.0,False
0.503,200.0,0.5,8.0,False
0.5035000000000001,200.0,0.5,8.0,False
0.504,200.0,0.5,8.0,False
0.5045000000000001,200.0,0.5,8.0,False
0.505,200.0,0.5,8.0,False
0.5055000000000001,200.0,0.5,8.0,False
0.506,200.0,0.5,8.0,False
0.5065000000000001,200.0,0.5,8.0,False
0.507,200.0,0.5,8.0,False
0.5075000000000001,200.0,0.5,8.0,False
0.508,200.0,0.5,8.0,False
0.5085000000000001,200.0,0.5,8.0,False
0.509,200.0,0.5,8.0,False
0.5095000000000001,200.0,0.5,8.0,False
0.51,200.0,0.5,8.0,False
0.5105000000000001,200.0,0.5,8.0,False
0.511,200.0,0.5,8.0,False
0.5115000000000001,200.0,0.5,8.0,False
0.512,200.0,0.5,8.0,False
0.5125,200.0,0.5,8.0,False
0.513,200.0,0.5,8.0,False
0.5135,200.0,0.5,8.0,False
0.514,200.0,0.5,8.0,False
0.5145,200.0,0.5,8.0,False
0.515,200.0,0.5,8.0,False
0.5155,200.0,0.5,8.0,False
0.516,200.0,0.5,8.0,False
0.5165,200.0,0.5,8.0,False
0.517,200.0,0.5,8.0,False
0.5175,200.0,0.5,8.0,False
0.518,200.0,0.5,8.0,False
0.5185,200.0,0.5,8.0,False
0.519,200.0,0.5,8.0,False
0.5195,200.0,0.5,8.0,False
0.52,200.0,0.5,8.0,False
0.5205,200.0,0.5,8.0,False
0.521,200.0,0.5,8.0,False
0.5215,200.0,0.5,8.0,False
0.522,200.0,0.5,8.0,False
0.5225,200.0,0.5,8.0,False
0.523,200.0,0.5,8.0,False
0.5235,200.0,0.5,8.0,False
0.524,200.0,0.5,8.0,False
0.5245,200.0,0.5,8.0,False
0.525,200.0,0.5,8.0,False
0.5255,200.0,0.5,8.0,False
0.526,200.0,0.5,8.0,False
0.5265,200.0,0.5,8.0,False
0.527,200.0,0.5,8.0,False
0.5275,200.0,0.5,8.0,False
0.528,200.0,0.5,8.0,False
0.5285,200.0,0.5,8.0,False
0.529,200.0,0.5,8.0,False
0.5295,200.0,0.5,8.0,False
0.53,200.0,0.5,8.0,False
0.5305,200.0,0.5,8.0,False
0.531,200.0,0.5,8.0,False
0.5315,200.0,0.5,8.0,False
0.532,200.0,0.5,8.0,False
0.5325,200.0,0.5,8.0,False
0.533,200.0,0.5,8.0,False
0.5335,200.0,0.5,8.0,False
0.534,200.0,0.5,8.0,False
0.5345,200.0,0.5,8.0,False
0.535,200.0,0.5,8.0,False
0.5355,200.0,0.5,8.0,False
0.536,200.0,0.5,8.0,False
0.5365,200.0,0.5,8.0,False
0.537,200.0,0.5,8.0,False
0.5375,200.0,0.5,8.0,False
0.538,200.0,0.5,8.0,False
0.5385,200.0,0.5,8.0,False
0.539,200.0,0.5,8.0,False
0.5395,200.0,0.5,8.0,False
0.54,200.0,0.5,8.0,False
0.5405,200.0,0.5,8.0,False
0.541,200.0,0.5,8.0,False
0.5415,200.0,0.5,8.0,False
0.542,200.0,0.5,8.0,False
0.5425,200.0,0.5,8.0,False
0.543,200.0,0.5,8.0,False
0.5435,200.0,0.5,8.0,False
0.544,200.0,0.5,8.0,False
0.5445,200.0,0.5,8.0,False
0.545,200.0,0.5,8.0,False
0.5455,200.0,0.5,8.0,False
0.546,200.0,0.5,8.0,False
0.5465,200.0,0.5,8.0,False
0.547,200.0,0.5,8.0,False
0.5475,200.0,0.5,8.0,False
0.548,200.0,0.5,8.0,False
0.5485,200.0,0.5,8.0,False
0.549,200.0,0.5,8.0,False
0.5495,200.0,0.5,8.0,False
0.55,200.0,0.5,8.0,False
0.5505,200.0,0.5,8.0,False
0.551,200.0,0.5,8.0,False
0.5515,200.0,0.5,8.0,False
0.552,200.0,0.5,8.0,False
0.5525,200.0,0.5,8.0,False
0.553,200.0,0.5,8.0,False
0.5535,200.0,0.5,8.0,False
0.554,200.0,0.5,8.0,False
0.5545,200.0,0.5,8.0,False
0.555,200.0,0.5,8.0,False
0.5555,200.0,0.5,8.0,False
0.556,200.0,0.5,8.0,False
0.5565,200.0,0.5,8.0,False
0.557,200.0,0.5,8.0,False
0.5575,200.0,0.5,8.0,False
0.558,200.0,0.5,8.0,False
0.5585,200.0,0.5,8.0,False
0.559,200.0,0.5,8.0,False
0.5595,200.0,0.5,8.0,False
0.56,200.0,0.5,8.0,False
0.5605,200.0,0.5,8.0,False
0.561,200.0,0.5,8.0,False
0.5615,200.0,0.5,8.0,False
0.562,200.0,0.5,8.0,False
0.5625,200.0,0.5,8.0,False
0.5630000000000001,200.0,0.5,8.0,False
0.5635,200.0,0.5,8.0,False
0.5640000000000001,200.0,0.5,8.0,False
0.5645,200.0,0.5,8.0,False
0.5650000000000001,200.0,0.5,8.0,False
0.5655,200.0,0.5,8.0,False
0.5660000000000001,200.0,0.5,8.0,False
0.5665,200.0,0.5,8.0,False
0.5670000000000001,200.0,0.5,8.0,False
0.5675,200.0,0.5,8.0,False
0.5680000000000001,200.0,0.5,8.0,False
0.5685,200.0,0.5,8.0,False
0.5690000000000001,200.0,0.5,8.0,False
0.5695,200.0,0.5,8.0,False
0.5700000000000001,200.0,0.5,8.0,False
0.5705,200.0,0.5,8.0,False
0.5710000000000001,200.0,0.5,8.0,False
0.5715,200.0,0.5,8.0,False
0.5720000000000001,200.0,0.5,8.0,False
0.5725,200.0,0.5,8.0,False
0.5730000000000001,200.0,0.5,8.0,False
0.5735,200.0,0.5,8.0,False
0.5740000000000001,200.0,0.5,8.0,False
0.5745,200.0,0.5,8.0,False
0.5750000000000001,200.0,0.5,8.0,False
0.5755,200.0,0.5,8.0,False
0.5760000000000001,200.0,0.5,8.0,False
0.5765,200.0,0.5,8.0,False
0.577,200.0,0.5,8.0,False
0.5775,200.0,0.5,8.0,False
0.578,200.0,0.5,8.0,False
0.5785,200.0,0.5,8.0,False
0.579,200.0,0.5,8.0,False
0.5795,200.0,0.5,8.0,False
0.58,200.0,0.5,8.0,False
0.5805,200.0,0.5,8.0,False
0.581,200.0,0.5,8.0,False
0.5815,200.0,0.5,8.0,False
0.582,200.0,0.5,8.0,False
0.5825,200.0,0.5,8.0,False
0.583,200.0,0.5,8.0,False
0.5835,200.0,0.5,8.0,False
0.584,200.0,0.5,8.0,False
0.5845,200.0,0.5,8.0,False
0.585,200.0,0.5,8.0,False
0.5855,200.0,0.5,8.0,False
0.586,200.0,0.5,8.0,False
0.5865,200.0,0.5,8.0,False
0.587,200.0,0.5,8.0,False
0.5875,200.0,0.5,8.0,False
0.588,200.0,0.5,8.0,False
0.5885,200.0,0.5,8.0,False
0.589,200.0,0.5,8.0,False
0.5895,200.0,0.5,8.0,False
0.59,200.0,0.5,8.0,False
0.5905,200.0,0.5,8.0,False
0.591,200.0,0.5,8.0,False
0.5915,200.0,0.5,8.0,False
0.592,200.0,0.5,8.0,False
0.5925,200.0,0.5,8.0,False
0.593,200.0,0.5,8.0,False
0.5935,200.0,0.5,8.0,False
0.594,200.0,0.5,8.0,False
0.5945,200.0,0.5,8.0,False
0.595,200.0,0.5,8.0,False
0.5955,200.0,0.5,8.0,False
0.596,200.0,0.5,8.0,False
0.5965,200.0,0.5,8.0,False
0.597,200.0,0.5,8.0,False
0.5975,200.0,0.5,8.0,False
0.598,200.0,0.5,8.0,False
0.5985,200.0,0.5,8.0,False
0.599,200.0,0.5,8.0,False
0.5995,200.0,0.5,8.0,False
0.6,200.0,0.5,8.0,False
0.6005,195.92566687546042,0.5,8.51867998624289,False
0.601,192.995694259823,0.5314603504782159,13.008629111870633,False
0.6015,192.5378738749464,0.5364483630278782,18.38160043556503,False
0.602,194.6499008407955,0.5275881770559684,22.694552615662918,False
0.6025,198.63610571419528,0.5091645047130169,24.450173736455362,False
0.603,203.06145776532006,0.48725020543634734,22.935857587635315,False
0.6035,206.11542139922705,0.4704512476243658,18.71054933216058,False
0.604,206.49716212271358,0.46598756488743776,13.559853048014997,False
0.6045,204.21030206107,0.476016468450524,9.71408467216829,False
0.605,200.4883159605787,0.4955366280815417,8.666679988389705,False
0.6055,196.9376039031285,0.5145940936597353,10.460297795519013,False
0.606,194.774535973658,0.5258854194485328,14.069041862073934,False
0.6065,194.58327761074696,0.5272934097552614,18.09616739781337,False
0.607,196.32458376511414,0.5194723248890147,21.165646640541098,False
0.6075,199.36061262484375,0.5050184368287837,22.21011890180419,False
0.608,202.54624207465014,0.4888941712873724,20.83704904849749,False
0.6085,204.58766802558952,0.47740409545985785,17.604290936824704,False
0.609,204.66057412926284,0.47537920283488544,13.8836878136947,False
0.6095,202.86579010730176,0.48363268243740837,11.245764488534878,False
0.61,200.11190044613383,0.49800996261715536,10.669074202737557,False
0.6105,197.55160645188784,0.5116851878737712,12.140641539711057,False
0.611,196.07513234173695,0.5195862104322888,14.894202908196783,False
0.6115,196.09985840349475,0.5199425601617254,17.857887001138018,False
0.612,197.53989742085787,0.5133299849378155,19.985859739696846,False
0.6125,199.84040407203628,0.5021512039496996,20.530996093175894,False
0.613,202.11052656147547,0.4904539954207858,19.31174909237641,False
0.6135,203.43927276257187,0.4828158314180003,16.84522832388165,False
0.614,203.31921945631458,0.4823541079274881,14.174325031235941,False
0.6145,201.898974286737,0.48908547769545907,12.39704116534196,False
0.615,199.85939960422158,0.4996973726729075,12.145873080093162,False
0.6155,198.03276913507003,0.5094372220781411,13.362704260820358,False
0.616,197.05901871096913,0.5147723008427255,15.45808913438536,False
0.6165,197.21849731041078,0.5143967502461262,17.61493163494053,False
0.617,198.39599517766095,0.5088901022831374,19.056801306725298,False
0.6175,200.12434850832025,0.5003529502511086,19.277836211477013,False
0.618,201.72524768798183,0.49197968624178356,18.22740407645905,False
0.6185,202.56615106824037,0.4870388883288296,16.358344221161065,False
0.619,202.34491369566274,0.48746922468192255,14.453975207386591,False
0.6195,201.22382556534407,0.49288551075173775,13.277659781637,False
0.62,199.71707067498224,0.500710279844261,13.232077782693603,False
0.6205,198.42738352109973,0.5075953384934313,14.231930975322687,False
0.621,197.80804559321894,0.5110792123696293,15.817369943995313,False
0.6215,198.03615693974558,0.5102755082615906,17.37006179225182,False
0.622,198.9845801118408,0.5057705638334622,18.324752146414767,False
0.6225,200.27097326675965,0.4993303375040835,18.35010163134175,False
0.623,201.3880959448024,0.493411749533125,17.47011960084979,False
0.6235,201.9023929745379,0.49030964214131734,16.065118465233596,False
0.624,201.64194643890525,0.49118121306378204,14.717114488804677,False
0.6245,200.76310250228818,0.4954816627355655,13.954094459447438,False
0.625,199.65507886687126,0.5012339211396767,14.027134240529882,False
0.6255000000000001,198.7543340566545,0.5060603601660322,14.839176667420016,False
0.626,198.37737764469824,0.5082525376074937,16.030171927999145,False
0.6265000000000001,198.6280365550681,0.5072527216325318,17.136044832887706,False
0.627,199.38048979473103,0.5036301811116329,17.752269148530665,False
0.6275000000000001,200.3291184409684,0.4988267195265867,17.669555619362907,False
0.628,201.10022852538032,0.4946938098750654,16.949510428767095,False
0.6285000000000001,201.40034980963324,0.49281673346683524,15.901877460567194,False
0.629,201.1385214349258,0.4938506067553897,14.955136972819897,False
0.6295000000000001,200.4554048206828,0.49722421408085654,14.472402180063776,False
0.63,199.6453434439215,0.5014343448490041,14.605467806636854,False
0.6305000000000001,199.02355657950451,0.5047855775802237,15.256460654482009,False
0.631,198.80774419410042,0.5061013850844996,16.1441876476159,False
0.6315000000000001,199.05226510310538,0.5050616014574277,16.923402313518462,False
0.632,199.64099966532996,0.5021937650863927,17.30912836708447,False
0.6325000000000001,200.33435341823514,0.4986482798938559,17.174927976967066,False
0.633,200.86045693708041,0.49579721886106387,16.597044270201007,False
0.6335000000000001,201.02324219459362,0.49471861935649325,15.822019672057822,False
0.634,200.7808734475527,0.4957542788936266,15.162789370539153,False
0.6345000000000001,200.25457567071385,0.49837241671070875,14.86734616902222,False
0.635,199.66626634429718,0.5014372750950936,15.023183063955123,False
0.6355000000000001,199.24255925464308,0.5037389318777802,15.538464722251861,False
0.636,199.13072114838306,0.5044762698016666,16.194869634870553,False
0.6365000000000001,199.353319822038,0.503490716805646,16.737862738675613,False
0.637,199.80825901464485,0.5012516100506524,16.969722060259713,False
0.6375000000000001,200.31069538433997,0.49865988258161453,16.818665932992058,False
0.638,200.66499794207039,0.49671804859709406,16.36225526835134,False
0.6385000000000001,200.7420905814107,0.4961475858466915,15.793286589095885,False
0.639,200.5289588996013,0.49710079105029653,15.338646118307379,False
0.6395000000000001,200.127010725298,0.49911287151403566,15.166228477473894,False
0.64,199.7028176465302,0.5013302939994203,15.322576572875052,False
0.6405,199.4183036578149,0.5028912877728096,15.72560603412763,False
0.641,199.37120911069937,0.5032582670587354,16.20707680589284,False
0.6415,199.56480857440374,0.5023764337335065,16.58102785700115,False
0.642,199.91246698870287,0.5006495727455827,16.712386689191984,False
0.6425,200.27349017460392,0.49877235772020867,16.564346260555833,False
0.643,200.50851457356094,0.4974682462567638,16.208725327552855,False
0.6435,200.53406053850944,0.4972117921942926,15.794177544321126,False
0.644,200.35315818882174,0.4980451476648885,15.484046783599046,False
0.6445,200.04877180056675,0.49957757458700125,15.390753966331355,False
0.645,199.74526020856732,0.5011709858846553,15.535406838769763,False
0.6455,199.5574816124719,0.5022141155813341,15.847188104943978,False
0.646,199.54884731249183,0.5023527536784057,16.197508355994977,False
0.6465,199.71181294671158,0.5015944375439866,16.451735616113755,False
0.647,199.97482963076874,0.5002771965590511,16.519116655908665,False
0.6475,200.23204140704522,0.49892960121937135,16.38443078598167,False
0.648,200.38512495507777,0.49806784732759074,16.11056970125467,False
0.6485,200.38129314635054,0.49799784819121184,15.810816272660595,False
0.649,200.23172079659741,0.49870141390292194,15.601933529888356,False
0.6495,200.00309827899792,0.49985868150074375,15.558158195456542,False
0.65,199.7877124859871,0.5009952225400193,15.685375686830673,False
0.6505,199.66635676201653,0.5016800114142541,15.924130318101524,False
0.651,199.6790144047214,0.5016849781990064,16.17695868903981,False
0.6515,199.81283789192508,0.501051699093902,16.347278122121796,False
0.652,200.00999010829247,0.5000568860820962,16.375245710692063,False
0.6525,200.19163795554633,0.49909808375838743,16.258340038986397,False
0.653,200.2890875394204,0.4985396486514656,16.049620078818318,False
0.6535,200.2699527893283,0.4985739030740724,15.834545864701893,False
0.654,200.14879193089814,0.4991528594251133,15.695963802300032,False
0.6545,199.97843677595336,0.5000197753754945,15.682035391646437,False
0.655,199.82693175758368,0.5008239418583178,15.790048722378945,False
0.6555,199.75057485583332,0.5012636758666487,15.97116358383093,False
0.656,199.7736360806723,0.5011964680394597,16.152121279406675,False
0.6565,199.88139372784738,0.5006794844147839,16.264278787096025,False
0.657,200.02790356217758,0.49993505825832063,16.26904641065043,False
0.6575,200.15500089284285,0.49925909913465577,16.170852276015868,False
0.658,200.21518413558871,0.4989060387622865,16.01327030890745,False
0.6585,200.18942317840433,0.4989928195463818,15.860190504353785,False
0.659,200.09290045397495,0.4994598390153617,15.769927246769498,False
0.6595,199.96694733007024,0.500104193126665,15.773013537544012,False
0.66,199.8613927892165,0.5006682186690526,15.862347550489472,False
0.6605,199.8150521080278,0.5009426223110973,15.998525771908394,False
0.661,199.8418663824313,0.5008419629475399,16.126932459368845,False
0.6615,199.92724849157287,0.5004275778384464,16.19925203517363,False
0.662,200.0352309469898,0.49987531170004074,16.191289796826638,False
0.6625,200.12327091153685,0.4994033350784244,16.110812532925348,False
0.663,200.15888861877283,0.49918734737977577,15.99287416157712,False
0.6635,200.1316324542127,0.49929511992812886,15.88484093607673,False
0.664,200.055810351103,0.4996657952915747,15.827403265509226,False
0.6645,199.9634000144618,0.5001410712842004,15.839324357499729,False
0.665,199.89063210264655,0.5005328722470395,15.911704979860382,False
0.6655,199.8639478484879,0.5006974931995442,16.01323718894644,False
0.666,199.89066258659724,0.5005867886474014,16.103530416701,False
0.6665,199.9573989151413,0.500259669177298,16.148923998926893,False
0.667,200.03635075407436,0.4998533341172812,16.134811787974385,False
0.6675,200.09666124591132,0.4995272039573021,16.07011634737984,False
0.668,200.11640221701063,0.49940115554658276,15.98257491462782,False
0.6685,200.0904961053227,0.49951155318960844,15.907025080670493,False
0.669,200.03165558486248,0.4998017753450441,15.871586123247138,False
0.6695,199.96437453696515,0.5001496863355075,15.887284979395291,False
0.67,199.91480123078404,0.5004189430123033,15.944953138491627,False
0.6705,199.90069870887956,0.5005120564633715,16.020042437496468,False
0.671,199.9252630097251,0.5004046399426725,16.08291892020594,False
0.6715,199.97681063061353,0.500149759687802,16.11039104927899,False
0.672,200.03408094799087,0.49985319394213124,16.094116738938347,False
0.6725,200.0748777369094,0.49963043229592513,16.04292433406738,False
0.673,200.08461401653148,0.49956216706015605,15.978461261835559,False
0.6735,200.0614651366749,0.49966524234341353,15.926152288158423,False
0.674,200.01629350592344,0.49988980035086394,15.905217986575591,False
0.6745,199.96768788516135,0.5001425424607651,15.921700200413579,False
0.675,199.93437372104097,0.5003253408901576,15.967000712292851,False
0.6755,199.92808910671988,0.5003729923059715,16.022095819419942,False
0.676,199.9495769067477,0.5002757447079713,16.065415047264626,False
0.6765,199.988974713325,0.5000794133514769,16.081176118336145,False
0.677,200.0301872063071,0.49986468698139047,16.065032838824113,False
0.6775,200.0573813254965,0.49971451958802554,16.02506385504357,False
0.678,200.06102499446067,0.49968238071217663,15.977964745968151,False
0.6785,200.04116531132917,0.49977343171917843,15.942147895606729,False
0.679,200.00682522781196,0.4999453622816939,15.930586808373011,False
0.6795,199.97199020933647,0.5001275492621046,15.946193375590592,False
0.68,199.94996050485037,0.500249907585696,15.981345022705545,False
0.6805,199.94833818409248,0.5002695667135976,16.021453909808624,False
0.681,199.96649712843015,0.500185371427661,16.050943795047115,False
0.6815,199.99632130673677,0.5000356855518369,16.059225117207156,False
0.682,200.02573648129385,0.49988146515863935,16.044423089919157,False
0.6825,200.04354621344575,0.49978178254888816,16.013578507821343,False
0.683,200.0436589596277,0.49977140288768024,15.979433509105913,False
0.6835,200.02711300576945,0.4998488805308749,15.955218034213933,False
0.684,200.0012424688253,0.49997926232700896,15.949559878987492,False
0.6845,199.97648298098417,0.5001095438073324,15.96347447606731,False
0.685,199.96219915787847,0.5001900753478251,15.990455967810918,False
0.6855,199.96318980919827,0.5001932616412318,16.01942550643071,False
0.686,199.97814697669645,0.5001226362800657,16.039226723584328,False
0.6865,200.000523934061,0.5000095813935589,16.042871499730335,False
0.687,200.02134012759066,0.4998997338423138,16.029949218232467,False
0.6875,200.03275033958317,0.49983478538153275,16.006392257020153,False
0.6880000000000001,200.03097376857727,0.49983680644600953,15.98183344587425,False
0.6885,200.01749405710288,0.4999009574168822,15.965702293349016,False
0.6890000000000001,199.99816943055018,0.4999989562332336,15.963634216321674,False
0.6895,199.98072491378804,0.5000913438019767,15.975554184876218,False
0.6900000000000001,199.97169203420512,0.5001432548745728,15.996061511088351,False
0.6905,199.97399760729286,0.5001374071229038,16.01681748581969,False
0.6910000000000001,199.98607247527946,0.5000795637303824,16.029898786603546,False
0.6915,200.00272133741782,0.49999492054145817,16.030786664193467,False
0.6920000000000001,200.017319067536,0.4999173564062072,16.01988270165919,False
0.6925,200.02442293532204,0.4998760192340016,16.002061232847023,False
0.6930000000000001,200.02177980290776,0.49988448387179096,15.98454062628777,False
0.6935,200.0109934524815,0.4999364894639072,15.973984739359617,False
0.6940000000000001,199.9966755522378,0.5000095325304671,15.973992217180491,False
0.6945,199.98450015233192,0.5000744680962758,15.983912695585085,False
0.6950000000000001,199.97897569774105,0.500107046215477,15.999358238807021,False
0.6955,199.9818008499046,0.5000968414333151,16.014105566898465,False
0.6960000000000001,199.99139034575506,0.5000503563977298,16.022577500673318,False
0.6965,200.0036777979329,0.49998750952574933,16.021926781979925,False
0.6970000000000001,200.0138144803473,0.4999332468141641,16.012955954033405,False
0.6975,200.0180656344818,0.49990773865179733,15.999591808368864,False
0.6980000000000001,200.01516878779114,0.499918968488347,15.987198579050105,False
0.6985,200.0066654302198,0.49996041380780115,15.980443000542113,False
0.6990000000000001,199.99614072820356,0.5000144190387311,15.981555874809075,False
0.6995,199.9877301399282,0.500059623172036,15.989631243704617,False
0.7000000000000001,199.9845096262883,0.5000793375984376,16.0011654052763,False
0.7005,199.987389580029,0.5000676120462267,16.011551484973708,False
0.7010000000000001,199.99490068580485,0.5000308341523465,16.016901198410004,False
0.7015,200.00389801704006,0.49998454376884616,16.015481967474212,False
0.7020000000000001,200.0108608132037,0.49994696358685486,16.008246705252475,False
0.7025,200.01325792635748,0.4999318938957942,15.998308302430264,False
0.7030000000000001,200.01045374213425,0.49994371285791567,15.98962129490791,False
0.7035,200.00383528487023,0.4999762730002525,15.985421630179902,False
0.704,199.9961590692613,0.5000158894789156,15.987036047127827,False
0.7045,199.99041576691104,0.5000470265576539,15.993493506167553,False
0.705,199.9886761675951,0.5000583361317539,16.002036728969177,False
0.7055,199.99135890682018,0.5000467214578357,16.00928232201942,False
0.706,199.99717194349404,0.5000180077188697,16.012547772965746,False
0.7065,200.00370873474037,0.4999841794337804,16.010830736901063,False
0.707,200.00843301425473,0.4999584429850483,16.005089208423538,False
0.7075,200.00965388888466,0.49995011927263516,15.997757519121754,False
0.708,200.00711958907291,0.4999613222354954,15.9917281812836,False
0.7085,200.00202576142516,0.49998658833687265,15.989220499965992,False
0.709,199.99647076853395,0.5000154239645739,15.9909752574995,False
0.7095,199.99260024559942,0.5000366178163589,15.996063003984306,False
0.71,199.99178654032372,0.5000425594525758,16.002340868477603,False
0.7105,199.9941532672765,0.5000319167388168,16.007343397123048,False
0.711,199.9986044282282,0.5000097576293034,16.00924154674975,False
0.7115,200.0033162022346,0.4999852296145494,16.007500894042934,False
0.712,200.00647634199046,0.49996782729726896,16.003006745104283,False
0.7125,200.00697455906493,0.49996375200582177,15.997640411156013,False
0.713,200.00478333060758,0.4999737456162469,15.99350113567228,False
0.7135,200.00090232514313,0.4999931389146162,15.992092117509312,False
0.714,199.9969143018245,0.500013963402205,15.99378370824323,False
0.7145,199.9943459724903,0.5000281929609105,15.997741646554454,False
0.715,199.99408960609415,0.5000308070436105,16.002318870458055,False
0.7155,199.9961018622702,0.5000215188710405,16.00573289185109,False
0.716,199.99947738086794,0.5000045946479932,16.006753272479166,False
0.7165,200.00284627069703,0.4999869507542464,16.005136932225742,False
0.717,200.00492456262666,0.4999753572511055,16.001660795347412,False
0.7175,200.00499859195307,0.49997386577466735,15.997763561117452,False
0.718,200.00316244815457,0.49998242912876567,15.994956769177596,False
0.7185,200.0002327848977,0.4999971685865801,15.994243913056556,False
0.719,199.9973932240287,0.5000120874103811,15.995768859209972,False
0.7195,199.99572067600545,0.5000214874447575,15.998813630282227,False
0.72,199.9957814385849,0.5000221228789535,16.00212482308745,False
0.7205,199.9974466024528,0.5000142866815123,16.00442401220734,False
0.721,199.99998357724556,0.5000014825005191,16.00489647690627,False
0.7215,200.00237206729716,0.4999888939694527,16.003473480597254,False
0.722,200.00371053866195,0.49998130701170496,16.000813087589112,False
0.7225,200.00355274852998,0.4999813093676877,15.99800503185708,False
0.723,200.00205016892613,0.49998843729416215,15.996128881182822,False
0.7235,199.99985773551012,0.4999995382674615,15.995842996902567,False
0.724,199.997853355806,0.5000101375194933,15.997159258998002,False
0.7245,199.99678960835558,0.500016225193099,15.99947808407386,False
0.725,199.99701456958172,0.5000157563399105,16.001854359995573,False
0.7255,199.9983638644927,0.5000093099055433,16.003378763240956,False
0.726,200.00025456577347,0.4999997077698924,16.00352214536487,False
0.7265,200.0019328831731,0.4999908026624653,16.00231406372451,False
0.727,200.00277193588025,0.49998594695653775,16.00029749636829,False
0.7275,200.0025030431928,0.4999867449893276,15.998290554909891,False
0.728,200.00129633395156,0.4999925476288118,15.997057771581687,False
0.7285,199.99966908698906,0.5000008371685282,15.99702186117475,False
0.729,199.99826730193126,0.5000083015365092,15.998123443717088,False
0.7295,199.99761157573414,0.5000121456625641,15.99987315267732,False
0.73,199.9979063379084,0.5000111252589696,16.001564446854644,False
0.7305,199.99898123759775,0.5000059261806482,16.00255616990534,False
0.731,200.0003789291565,0.4999987851716551,16.00251294176432,False
0.7315,200.0015468952461,0.49999254285156086,16.001514364883025,False
0.732,200.0020538834453,0.49998952416062403,15.999999397018017,False
0.7325,200.00174693998324,0.49999068335404556,15.998577097533238,False
0.733,200.00079275413654,0.4999953236082914,15.99778403549531,False
0.7335,199.99959459007,0.500001463415954,15.997884137815927,False
0.734,199.99862409459436,0.5000066705861449,15.99878472353597,False
0.7345,199.99823732787067,0.5000090170537315,16.000093624339055,False
0.735,199.99854610470956,0.5000077829924257,16.001286965961157,False
0.7355,199.9993902833098,0.5000036573206608,16.00191689170554,False
0.736,200.0004153928659,0.49999838913674055,16.001777636574204,False
0.7365,200.00121960326965,0.49999405641257016,16.000969206255288,False
0.737,200.0015098028888,0.4999922538429499,15.999840616753792,False
0.7375,200.00120672167716,0.4999935143017121,15.998841652194903,False
0.738,200.00046210846872,0.499997170367545,15.99834523383232,False
0.7385,199.99958677311335,0.5000016820238997,15.998509934608714,False
0.739,199.99892238245152,0.5000052771083197,15.999232616448111,False
0.7395,199.99870933239498,0.5000066410994501,16.0002037325912,False
0.74,199.99900129767468,0.5000053902234847,16.001037927358496,False
0.7405,199.99965616739354,0.5000021608757916,16.0014255528281,False
0.741,200.0004021570344,0.4999983047957296,16.00124608439624,False
0.7415,200.00094932111236,0.49999533020381365,16.000602533901354,False
0.742,200.00110119704547,0.4999943173202218,15.999768550702072,False
0.7425,200.0008240053268,0.49999553261608826,15.999073689530716,False
0.743,200.00024960210877,0.4999983768251848,15.99877435780598,False
0.7435,199.99961509922477,0.5000016662468839,15.998960527314813,False
0.744,199.9991660449094,0.5000041197203628,15.999531597041145,False
0.7445,199.9990623053335,0.5000048529840486,16.000246380004718,False
0.745,199.9993223561382,0.500003691500733,16.000823625044024,False
0.7455,199.99982486754553,0.5000011936477825,16.001051671790073,False
0.746,200.0003634823568,0.4999983931567759,16.00086488965936,False
0.7465,200.00073066709894,0.4999963760807004,16.000359791472096,False
0.747,200.00079690182054,0.4999958635856442,15.999748352705671,False
0.7475,200.00055529991718,0.49999695925594434,15.99927015634939,False
0.748,200.00011675071016,0.4999991472636605,15.999099370014711,False
0.7485,199.99966045582275,0.5000015268265607,15.999282340098079,False
0.749,199.99936144372828,0.5000031791249155,15.999727726955046,False
0.7495,199.99932410303828,0.5000035186723525,16.000249730143043,False
0.75,199.99954670173025,0.5000024961435537,16.000644681208875,False
0.7505000000000001,199.9999285226031,0.5000005844447859,16.00076977181315,False
0.751,200.00031429506816,0.49999856658517877,16.00059377997583,False
0.7515000000000001,200.00055671400202,0.499997218283169,16.00020216644341,False
0.752,200.00057211077032,0.4999970126933844,15.999757378324684,False
0.7525000000000001,200.0003684685606,0.4999979584720619,15.99943222281055,False
0.753,200.0000367862508,0.49999962480918875,15.99934335523362,False
0.7535000000000001,199.99971132025894,0.5000013324895978,15.999510233923385,False
0.754,199.9995157632708,0.5000024279954707,15.999853635418807,False
0.7545000000000001,199.99951673668826,0.5000025310674633,16.000231878862124,False
0.755,199.99970187760462,0.5000016629753887,16.000498647099697,False
0.7555000000000001,199.9999893708508,0.5000002139022321,16.000559046033626,False
0.756,200.00026337440784,0.4999987717002815,16.000402641831855,False
0.7565000000000001,200.00042025595752,0.4999978857426422,16.000102286516043,False
0.757,200.0004073554229,0.49999785983812806,15.99978126470129,False
0.7575000000000001,200.00023995079547,0.4999986513861433,15.999563217270635,False
0.758,199.99999128800903,0.49999990875011635,15.999524984236418,False
0.7585000000000001,199.99976111997722,0.5000011241726292,15.999670167761375,False
0.759,199.99963606138795,0.5000018368754184,15.999932229104514,False
0.7595000000000001,199.99965737238713,0.5000018058460043,16.000204134910057,False
0.76,199.9998079978235,0.500001088296868,16.0003816302795,False
0.7605000000000001,200.00002262688488,0.4999999996555889,16.00040281187422,False
0.761,200.00021553421354,0.49999897756937706,16.000269142320636,False
0.7615000000000001,200.00031450531685,0.49999840761471726,16.000041027082656,False
0.762,200.00028754223226,0.4999984794838023,15.999811190757175,False
0.7625000000000001,200.00015260826873,0.49999912661687096,15.999667356277708,False
0.763,199.99996773118883,0.5000000672109124,15.999659107956887,False
0.7635000000000001,199.9998064367226,0.5000009247865501,15.999781316417506,False
0.764,199.99972877361836,0.5000013774889585,15.999979433258112,False
0.7645000000000001,199.999759244977,0.5000012774486753,16.000173301565297,False
0.765,199.99987963657927,0.5000006965308512,16.000289275172598,False
0.7655000000000001,200.0000385667084,0.49999988553075164,16.000287896003893,False
0.766,200.00017309705925,0.49999916765228775,16.000176850163584,False
0.7665000000000001,200.00023343101185,0.4999988108816019,16.000005161715325,False
0.767,200.00020109545207,0.49999892919361766,15.999841981685769,False
0.7675000000000001,200.00009407194577,0.4999994484971534,15.999748998070222,False
0.768,199.99995771721677,0.5000001463552148,15.999757374390573,False
0.7685,199.99984580168373,0.5000007458364097,15.999857732343362,False
0.769,199.99979949792558,0.5000010244125365,16.00000620115078,False
0.7695,199.99983245403467,0.5000008954686926,16.000143246597272,False
0.77,199.99992727039788,0.5000004330267004,16.000217321926414,False
0.7705,200.00004402700947,0.4999998337251293,16.00020403068882,False
0.771,200.0001368755571,0.49999933437772637,16.000113770515725,False
0.7715,200.000171879328,0.4999991192457184,15.999985646560033,False
0.772,200.00013922384395,0.4999992529997264,15.99987081232079,False
0.7725,200.00005548648846,0.49999966336186824,15.999812233697092,False
0.773,199.99995570638646,0.5000001770159789,15.999828809118625,False
0.7735,199.99987890023812,0.5000005918454156,15.99990963382374,False
0.774,199.9998529458505,0.5000007557412312,16.00001997568199,False
0.7745,199.99988463451098,0.5000006215361212,16.00011596958203,False
0.775,199.99995836876238,0.500000258580831,16.000161896648017,False
0.7755,200.00004347441936,0.49999981919706366,16.00014330368397,False
0.776,200.00010681391842,0.4999994755483625,16.000071215455506,False
0.7765,200.0001255692568,0.4999993527981856,15.999976377379156,False
0.777,200.00009531102927,0.4999994842625752,15.999896331537089,False
0.7775,200.00003056497303,0.4999998043131501,15.999860690170582,False
0.778,199.9999581178075,0.5000001794334905,15.999880330807416,False
0.7785,199.99990605747064,0.5000004632610925,15.99994439280935,False
0.779,199.99989298617757,0.5000005531672085,16.00002574415919,False
0.7795,199.9999215078469,0.5000004267113769,16.000092317478884,False
0.78,199.99997821165314,0.5000001453025832,16.00011963569624,False
0.7805,200.00003976157936,0.4999998256730492,16.000099679913514,False
0.781,200.00008239805936,0.49999959200287586,16.00004294214644,False
0.7815,200.00009102139364,0.4999995281261832,15.999973296154943,False
0.782,200.00006441965454,0.4999996480335211,15.999918079824806,False
0.7825,200.00001488328508,0.4999998947998439,15.999897462071333,False
0.783,199.9999626958296,0.5000001666126921,15.999917191532479,False
0.7835,199.99992791375098,0.500000358324192,15.99996728504583,False
0.784,199.99992273446315,0.5000004017387051,16.00002679337572,False
0.7845,199.99994732607158,0.5000002893549685,16.000072456526233,False
0.785,199.9999904973004,0.500000073521976,16.00008771178211,False
0.7855,200.0000346568833,0.49999984283090687,16.000068599013613,False
0.786,200.00006291013938,0.4999996861315879,16.00002450138688,False
0.7865,200.00006545702237,0.49999965864569235,15.999973754190753,False
0.787,200.00004289518697,0.4999997629669876,15.999936108863382,False
0.7875,200.00000535769638,0.4999999512836808,15.999925116971207,False
0.788,199.99996806826397,0.5000001466809061,15.999943342428951,False
0.7885,199.99994522708516,0.5000002742379919,15.999982054572975,False
0.789,199.99994465996292,0.5000002894677429,16.000025245636017,False
0.7895,199.99996522396285,0.5000001934184658,16.000056177197326,False
0.79,199.99999779037438,0.5000000294957285,16.00006380570016,False
0.7905,200.00002921198327,0.4999998643309977,16.000046644940262,False
0.791,200.00004758020077,0.49999976096357857,16.00001274947648,False
0.7915,200.00004668924927,0.49999975502815036,15.999976061951415,False
0.792,200.00002805394487,0.4999998428422766,15.999950738633524,False
0.7925,199.99999986111953,0.49999998520922956,15.999945739760749,False
0.793,199.9999734415325,0.5000001245275691,15.99996173080447,False
0.7935,199.99995875855566,0.5000002078728959,15.999991334932496,False
0.794,199.99996069342092,0.500000206888081,16.000022435918947,False
0.7945,199.9999774945303,0.5000001270942906,16.000043086230775,False
0.795,200.0000018499158,0.5000000037189891,16.00004605131658,False
0.7955,200.00002401395568,0.4999998864540942,16.00003127995697,False
0.796,200.00003567106083,0.49999981963007745,16.000005485485325,False
0.7965,200.00003301846465,0.49999982564357753,15.999979173797634,False
0.797,200.0000179405413,0.4999998977577202,15.999962406908091,False
0.7975,199.99999694342551,0.5000000044479952,15.999960994219427,False
0.798,199.999978392745,0.5000001029324914,15.999974537373076,False
0.7985,199.99996921104085,0.5000001561680241,15.999996960908168,False
0.799,199.99997232684348,0.5000001466214072,16.000019174740014,False
0.7995,199.9999858019829,0.5000000817628585,16.000032723392042,False
0.8,200.00000386740672,0.49999998969254555,16.00003297063249,False
0.8005,200.00001935618653,0.499999907169582,16.00002063383852,False
0.801,200.00002652096492,0.49999986507052535,16.00000118385712,False
0.8015,200.0000231383274,0.4999998769776461,15.999982469380514,False
0.802,200.0000111413817,0.4999999350563755,15.999971579798428,False
0.8025,199.99999562919712,0.5000000143487944,15.999972188933226,False
0.803,199.9999827297684,0.5000000833328822,15.999983362933207,False
0.8035,199.99997720113998,0.5000001163397855,16.000000197431227,False
0.804,199.999980701158,0.5000001029820321,16.000015929446814,False
0.8045,199.99999134464397,0.5000000511809256,16.000024628951685,False
0.805,200.00000463824395,0.49999998302963994,16.000023408665186,False
0.8055,200.00001535251297,0.49999992550621847,16.000013339070172,False
0.806,200.00001956038096,0.4999998998910465,15.999998798833634,False
0.8065,200.0000160547503,0.49999991400206656,15.999985603726808,False
0.807,200.0000066426933,0.4999999600358865,15.999978701864652,False
0.8075,199.9999952726444,0.5000000184957588,15.999980340344417,False
0.808,199.99998639852672,0.5000000663375919,15.999989373428832,False
0.8085,199.99998325099966,0.5000000859712007,16.00000190634878,False
0.809,199.99998668052288,0.5000000716331702,16.00001294779572,False
0.8095,199.99999497838425,0.5000000308622938,16.00001837959754,False
0.81,200.00000468424452,0.4999999808139843,16.00001647335441,False
0.8105,200.00001201215605,0.49999994113357127,16.000008403513693,False
0.811,200.00001431369665,0.49999992631525086,15.999997622525274,False
0.8115,200.00001101818322,0.49999994049096785,15.999988405710617,False
0.812,200.00000372344493,0.49999997648752703,15.999984171227752,False
0.8125,199.99999545438385,0.5000000192509634,15.99998622931543,False
0.8130000000000001,199.9999894227534,0.5000000520662445,15.999993411431822,False
0.8135,199.9999877913844,0.5000000630306748,16.00000266697497,False
0.8140000000000001,199.99999091368323,0.5000000492977474,16.000010341062993,False
0.8145,199.99999730931668,0.5000000176096779,16.000013604706307,False
0.8150000000000001,200.00000434043037,0.4999999811420703,16.00001148286934,False
0.8155,200.00000928787196,0.49999995408861503,16.000005113045177,False
0.8160000000000001,200.00001039273772,0.4999999461880987,15.99999718272177,False
0.8165,200.00000746830332,0.4999999592836455,15.999990810288779,False
0.8170000000000001,200.00000187527402,0.4999999871018649,15.999988329962223,False
0.8175,199.99999590863882,0.5000000181396336,15.999990449791923,False
0.8180000000000001,199.99999186577375,0.500000040368391,15.99999608096824,False
0.8185,199.99999117049907,0.5000000458516869,16.000002862536782,False
0.8190000000000001,199.99999388359944,0.5000000335209868,16.000008139057375,False
0.8195,199.99999876282243,0.5000000091639403,16.000009990869923,False
0.8200000000000001,200.0000038159545,0.4999999827996815,16.000007921003796,False
0.8205,200.00000710604692,0.4999999646011759,16.000002957821113,False
0.8210000000000001,200.0000074864404,0.4999999610077315,15.999997169914872,False
0.8215,200.00000498966855,0.4999999724980492,15.999992814053796,False
0.8220000000000001,200.00000074310276,0.49999999377143967,15.999991463382317,False
0.8225,199.9999964723738,0.5000000161211849,15.999993449425764,False
0.8230000000000001,199.9999938070279,0.5000000309615178,15.99999781146978,False
0.8235,199.99999366518026,0.5000000330932757,16.00000274165136,False
0.8240000000000001,199.99999594692505,0.5000000224792578,16.000006325837568,False
0.8245,199.9999996345396,0.5000000039434315,16.000007279808667,False
0.8250000000000001,200.00000323646063,0.4999999850353344,16.00000540038719,False
0.8255,200.00000538480543,0.49999997298575827,16.00000157692898,False
0.8260000000000001,200.00000534928475,0.4999999719697041,15.999997385621658,False
0.8265,200.0000032766962,0.49999998170125864,15.999994446706237,False
0.8270000000000001,200.00000008144386,0.49999999781478777,15.999993804126307,False
0.8275,199.99999705011382,0.500000013778129,15.999995562724436,False
0.8280000000000001,199.9999953282964,0.5000000235149595,15.999998905577456,False
0.8285,199.9999954924719,0.5000000236933742,16.00000246166596,False
0.8290000000000001,199.99999736497332,0.5000000148285998,16.00000486233941,False
0.8295,200.00000012773273,0.5000000008518357,16.000005262923462,False
0.8300000000000001,200.00000267321855,0.4999999874031807,16.00000363275156,False
0.8305,200.00000404430747,0.49999997957725845,16.000000717185927,False
0.8310000000000001,200.0000037899779,0.4999999800143479,15.999997706121048,False
0.8315,200.00000210636537,0.4999999880436263,15.999995753251648,False
0.8320000000000001,199.99999972250353,0.5000000001409346,15.999995538473902,False
0.8325,199.99999758988793,0.5000000114463549,15.999997037608585,False
0.833,199.99999650617593,0.5000000176983954,15.999999574580322,False
0.8335,199.9999968204936,0.5000000168220258,16.000002118926414,False
0.834,199.999998327712,0.5000000095862993,16.000003700250478,False
0.8345,200.00000038046565,0.4999999991376326,16.000003774488146,False
0.835,200.00000216292338,0.4999999896552775,16.000002405299078,False
0.8355,200.00000301207606,0.4999999846951003,16.000000202716485,False
0.836,200.00000266116172,0.4999999858720658,15.999998057253613,False
0.8365,200.00000131718107,0.4999999923630152,15.9999967833108,False
0.837,199.99999955307726,0.5000000013692402,15.999996813357052,False
0.8375,199.999998066991,0.5000000093039403,15.999998056370533,False
0.838,199.99999740847846,0.5000000132076606,15.99999996448044,False
0.8385,199.999997778078,0.5000000118382045,16.000001769700702,False
0.839,199.99999897215818,0.5000000060393929,16.000002790129933,False
0.8395,200.0000004852074,0.4999999982921015,16.000002684650664,False
0.84,200.00000172096338,0.4999999916686178,16.000001562174663,False
0.8405,200.0000022252557,0.49999998862535006,15.999999912664022,False
0.841,200.00000185047284,0.49999999010398155,15.999998397098176,False
0.8415,200.00000079312807,0.49999999526491334,15.999997585062557,False
0.842,199.99999949794756,0.5000000019160252,15.99999774319005,False
0.8425,199.99999847318787,0.5000000074308751,15.999998752001833,False
0.843,199.99999809300343,0.5000000097764444,16.000000175014645,False
0.8435,199.99999846299565,0.5000000082519498,16.000001444478748,False
0.844,199.9999993963428,0.5000000036746993,16.000002085822953,False
0.8445,200.0000005028624,0.49999999797588995,16.00000189288325,False
0.845,200.00000135016433,0.49999999339643836,16.000000990118288,False
0.8455,200.00000163106026,0.4999999916138046,15.999999764989449,False
0.846,200.00000127302934,0.4999999931369,15.999998704206156,False
0.8465,200.00000045154528,0.49999999718338484,15.999998202128298,False
0.847,199.99999950805054,0.5000000020566987,15.999998416064766,False
0.8475,199.99999880966584,0.5000000058486026,15.99999922076928,False
0.848,199.9999986076705,0.5000000071795455,16.000000273427307,False
0.8485,199.99999894877948,0.5000000056923162,16.000001157618634,False
0.849,199.99999966981702,0.5000000021258313,16.00000154655463,False
0.8495,200.000000472729,0.49999999796656613,16.000001322186236,False
0.85,200.00000104643632,0.4999999948362722,16.000000607469403,False
0.8505,200.00000118621813,0.49999999386548244,15.999999704786312,False
0.851,200.0000008652648,0.4999999952925075,15.999998969723993,False
0.8515,200.00000023404246,0.499999998427031,15.999998672272303,False
0.852,199.99999955211558,0.5000000019699319,15.99999889912232,False
0.8525,199.99999908253986,0.5000000045456795,15.99999953180292,False
0.853,199.99999899136787,0.5000000052313707,16.000000304362636,False
0.8535,199.99999929026623,0.5000000038809376,16.00000091375378,False
0.854,199.99999984148837,0.5000000011334288,16.000001137622757,False
0.8545,200.00000041950298,0.49999999812148765,16.000000914151077,False
0.855,200.00000080232647,0.49999999600945044,16.00000035582589,False
0.8555,200.00000085593052,0.4999999955475503,15.999999695922272,False
0.856,200.000000579969,0.49999999681118185,15.99999919220454,False
0.8565,200.00000009975255,0.49999999921333765,15.999999027167851,False
0.857,199.99999961081096,0.500000001768806,15.999999243061064,False
0.8575,199.9999993000692,0.5000000034940452,15.999999734338306,False
0.858,199.99999927511354,0.500000003782025,16.00000029691305,False
0.8585,199.99999952801926,0.5000000026106631,16.000000711972152,False
0.859,199.99999994541983,0.5000000005155484,16.000000830289444,False
0.8595,200.00000035815808,0.4999999983517391,16.000000624867212,False
0.86,200.0000006091758,0.4999999969483064,16.000000193769903,False
0.8605,200.000000612649,0.4999999967938655,15.99999971510933,False
0.861,200.00000038235837,0.49999999787107896,15.999999374260959,False
0.8615,200.0000000203585,0.4999999996941424,15.99999929275271,False
0.862,199.99999967268639,0.5000000015225625,15.999999485832241,False
0.8625,199.99999947100605,0.5000000026589893,15.99999986313951,False
0.863,199.9999994832932,0.5000000027124226,16.00000026959749,False
0.8635,199.99999969180774,0.500000001728575,16.000000548478912,False
0.864,200.00000000508695,0.5000000001457993,16.000000601254158,False
0.8645,200.000000297311,0.49999999860402156,16.000000421601158,False
0.865,200.0000004583641,0.4999999976884912,16.000000092189087,False
0.8655,200.00000043485403,0.49999999771001025,15.999999747733305,False
0.866,200.00000024700503,0.49999999860319794,15.99999952046397,False
0.8665,199.99999997645597,0.4999999999743682,15.999999489869303,False
0.867,199.99999973139083,0.5000000012716428,15.999999655611656,False
0.8675,199.99999960367745,0.5000000020049882,15.999999942527099,False
0.868,199.99999963484163,0.5000000019292516,16.00000023384496,False
0.8685,199.99999980330858,0.5000000011226741,16.000000418241466,False
0.869,200.0000000364779,0.49999999993733074,16.000000431945807,False
0.8695,200.00000024151356,0.4999999988482063,16.000000280149102,False
0.87,200.00000034196927,0.4999999982646213,16.00000003081739,False
0.8705,200.00000030593102,0.4999999983782009,15.999999784951473,False
0.871,200.00000015546587,0.4999999991031063,15.999999636067997,False
0.8715,199.99999995491572,0.5000000001256895,15.999999635006027,False
0.872,199.99999978378972,0.5000000010379614,15.999999773150574,False
0.8725,199.99999970552852,0.5000000014988798,15.999999989344477,False
0.873,199.99999974430006,0.5000000013602759,16.000000196408593,False
0.8735,199.99999987818282,0.50000000071157,16.00000031596378,False
0.874,200.00000005033496,0.49999999983118515,16.000000307773327,False
0.8745,200.00000019279412,0.49999999906887493,16.000000182754388,False
0.875,200.00000025306437,0.49999999870803996,15.999999995694944,False
0.8755000000000001,200.0000002131847,0.4999999988617388,15.999999821690732,False
0.876,200.00000009446893,0.4999999994399833,15.999999726278435,False
0.8765000000000001,199.9999999469839,0.5000000001964316,15.999999741035213,False
0.877,199.99999982870884,0.5000000008318396,15.999999853613174,False
0.8775000000000001,199.99999978294971,0.5000000011113648,16.00000001512683,False
0.878,199.99999982272593,0.5000000009501636,16.00000016101857,False
0.8785000000000001,199.9999999276548,0.5000000004365802,16.00000023662524,False
0.879,200.00000005376023,0.49999999978790377,16.000000217413078,False
0.8795000000000001,200.0000001516766,0.4999999992596633,16.00000011649179,False
0.88,200.0000001857966,0.4999999990458837,15.999999977319996,False
0.8805000000000001,200.00000014700598,0.49999999920887367,15.999999855286296,False
0.881,200.0000000545412,0.49999999966350817,15.999999795866135,False
0.8815000000000001,199.99999994692652,0.5000000002186779,15.999999817890886,False
0.882,199.9999998661108,0.5000000006566081,15.999999907994667,False
0.8825000000000001,199.99999984126708,0.5000000008175068,16.00000002767438,False
0.883,199.9999998784509,0.500000000656941,16.000000129501494,False
0.8835000000000001,199.99999995970225,0.5000000002557357,16.000000175747168,False
0.884,200.000000051358,0.4999999997815212,16.00000015217334,False
0.8845000000000001,200.00000011784252,0.4999999994195296,16.000000072026943,False
0.885,200.00000013534674,0.49999999930091144,15.999999969313121,False
0.8855000000000001,200.0000001001865,0.4999999994560352,15.999999884565089,False
0.886,200.00000002897892,0.4999999998090617,15.999999848993932,False
0.8865000000000001,199.9999999510691,0.5000000002133361,15.999999873159295,False
0.887,199.99999989656652,0.5000000005116149,15.999999944203871,False
0.8875000000000001,199.99999988482014,0.5000000005966568,16.000000032183767,False
0.888,199.99999991769897,0.5000000004490546,16.00000010252627,False
0.8885000000000001,199.99999997994607,0.5000000001392717,16.000000129491863,False
0.889,200.0000000460398,0.4999999997952988,16.000000105447636,False
0.8895000000000001,200.00000009054943,0.49999999955035035,16.00000004267222,False
0.89,200.00000009782423,0.499999999491762,15.99999996745994,False
0.8905000000000001,200.00000006736298,0.4999999996304973,15.999999909241831,False
0.891,200.00000001308055,0.49999999990162725,15.999999889174587,False
0.8915000000000001,199.99999995712386,0.5000000001937147,15.999999912580273,False
0.892,199.99999992092663,0.5000000003941321,15.999999967883594,False
0.8925000000000001,199.9999999170822,0.5000000004320709,16.000000032055695,False
0.893,199.99999994508195,0.500000000302982,16.000000080091926,False
0.8935000000000001,199.99999999230883,0.5000000000662683,16.000000094664703,False
0.894,200.00000003958596,0.4999999998187363,16.000000072260583,False
0.8945000000000001,200.00000006888752,0.49999999965540914,16.000000023676662,False
0.895,200.00000007014015,0.4999999996334112,15.999999969031334,False
0.8955000000000001,200.00000004457777,0.4999999997525049,15.999999929526108,False
0.896,200.0000000035814,0.4999999999586811,15.99999991929722,False
0.8965,199.99999996372122,0.5000000001680283,15.999999940457716,False
0.897,199.99999994012333,0.5000000003005466,15.99999998302557,False
0.8975,199.99999994079135,0.5000000003104051,16.000000029466925,False
0.898,199.99999996398992,0.5000000002013305,16.000000061841206,False
0.8985,199.9999999995006,0.500000000022161,16.000000068665166,False
0.899,200.00000003303484,0.49999999984547594,16.000000048896425,False
0.8995,200.00000005192942,0.4999999997384792,16.00000001169382,False
0.9,200.00000004987473,0.4999999997377073,15.999999972303403,False
0.9005,200.0000000289324,0.49999999983697285,15.999999945874938,False
0.901,199.9999999982384,0.4999999999923295,15.999999941692419,False
0.9015,199.99999997008885,0.5000000001411311,15.999999959992937,False
0.902,199.99999995505956,0.5000000002270515,15.999999992428142,False
0.9025,199.99999995807937,0.5000000002211733,16.00000002577071,False
0.903,199.99999997689577,0.5000000001313389,16.000000047254552,False
0.9035,200.0000000033717,0.4999999999969175,16.00000004941328,False
0.904,200.00000002694674,0.49999999987187355,16.000000032603154,False
0.9045,200.00000003881075,0.49999999980330356,16.000000004389936,False
0.905,200.00000003515555,0.49999999981390125,15.999999976224732,False
0.9055,200.00000001832154,0.4999999998947962,15.999999958841643,False
0.906,199.99999999553026,0.5000000000108603,15.999999958209473,False
0.9065,199.99999997583353,0.5000000001157022,15.999999973547098,False
0.907,199.9999999665514,0.5000000001700399,15.999999998033168,False
0.9075,199.99999997058677,0.5000000001562391,16.000000021774888,False
0.908,199.99999998558872,0.50000000008372,16.00000003576699,False
0.9085,200.0000000051691,0.4999999999837104,16.000000035270354,False
0.909,200.00000002158419,0.4999999998960128,16.00000002135834,False
0.9095,200.00000002876936,0.49999999985330823,16.00000000015307,False
0.91,200.00000002454874,0.49999999986913096,15.999999980183375,False
0.9105,200.00000001122729,0.4999999999338776,15.999999968986636,False
0.911,199.9999999944386,0.5000000000198802,15.999999970295907,False
0.9115,199.99999998079448,0.500000000093057,15.999999982849033,False
0.912,199.99999997530443,0.5000000001262932,16.0000000011744,False
0.9125,199.99999997956368,0.5000000001093559,16.000000017933807,False
0.913,199.99999999135366,0.5000000000517646,16.00000002683394,False
0.9135,200.00000000572035,0.49999999997795397,16.000000024961498,False
0.914,200.00000001702978,0.49999999991705135,16.000000013687597,False
0.9145,200.00000002115704,0.4999999998914858,15.99999999788363,False
0.915,200.0000000169671,0.4999999999088483,15.99999998385082,False
0.9155,200.00000000656465,0.4999999999598992,15.999999976830566,False
0.916,199.99999999429437,0.5000000000231227,15.999999979071267,False
0.9165,199.99999998494792,0.5000000000736736,15.999999989153638,False
0.917,199.99999998190984,0.500000000093054,16.000000002755588,False
0.9175,199.99999998595342,0.5000000000757786,16.000000014477127,False
0.918,199.9999999951051,0.5000000000306689,16.0000000199645,False
0.9185,200.00000000556435,0.4999999999766201,16.0000000175062,False
0.919,200.00000001326416,0.49999999993478234,16.00000000852427,False
0.9195,200.00000001543762,0.4999999999203595,15.999999996840806,False
0.92,200.00000001159336,0.499999999937177,15.999999987074588,False
0.9205,200.00000000356414,0.4999999999769177,15.999999982831696,False
0.921,199.9999999946661,0.5000000000230322,15.999999985392504,False
0.9215,199.99999998834437,0.5000000000575533,15.99999999336571,False
0.922,199.99999998685172,0.5000000000680276,16.00000000338152,False
0.9225,199.9999999904625,0.5000000000519291,16.000000011497065,False
0.923,199.9999999974888,0.5000000000170169,16.000000014734542,False
0.9235,200.00000000504363,0.49999999997774797,16.00000001215744,False
0.924,200.00000001021485,0.49999999994935823,16.000000005103008,False
0.9245,200.00000001117644,0.49999999994200545,15.999999996533619,False
0.925,200.0000000078187,0.4999999999572103,15.999999989808549,False
0.9255,200.0000000016852,0.4999999999877996,15.999999987378995,False
0.926,199.99999999528356,0.5000000000211734,15.999999989909039,False
0.9265,199.99999999107052,0.5000000000444389,15.999999996131525,False
0.927,199.9999999905186,0.5000000000493441,16.00000000344905,False
0.9275,199.99999999361484,0.5000000000351392,16.000000009005248,False
0.928,199.9999999989563,0.5000000000084054,16.000000010789456,False
0.9285,200.0000000043697,0.4999999999800983,16.000000008351645,False
0.929,200.00000000778692,0.4999999999611056,16.000000002878792,False
0.9295,200.00000000802714,0.4999999999580993,15.999999996642492,False
0.93,200.00000000519267,0.4999999999712494,15.999999992066668,False
0.9305,200.0000000005516,0.4999999999945569,15.999999990794322,False
0.931,199.99999999598347,0.5000000000185176,15.999999993108975,False
0.9315,199.99999999322523,0.5000000000339568,15.999999997909338,False
0.932,199.9999999932179,0.5000000000355092,16.00000000321378,False
0.9325,199.9999999957965,0.5000000000234306,16.000000006969454,False
0.933,199.9999999998202,0.5000000000031563,16.00000000783907,False
0.9335,200.0000000036669,0.4999999999829159,16.00000000566722,False
0.934,200.00000000588108,0.4999999999704236,16.000000001467473,False
0.9345,200.00000000571814,0.49999999996996797,15.999999996964508,False
0.935,200.00000000338528,0.4999999999809894,15.999999993893493,False
0.9355,199.99999999990425,0.4999999999985853,15.99999999333777,False
0.936,199.99999999667213,0.5000000000156469,15.9999999953557,False
0.9365,199.99999999490586,0.5000000000257024,15.999999999020973,False
0.937,199.9999999951893,0.5000000000253464,16.00000000283583,False
0.9375,199.99999999728936,0.5000000000153497,16.000000005336872,False
0.9380000000000001,200.00000000029465,0.5000000000001115,16.00000000565083,False
0.9385,200.00000000300423,0.4999999999857602,16.00000000379143,False
0.9390000000000001,200.0000000044032,0.49999999997771327,16.000000000600142,False
0.9395,200.00000000403827,0.49999999997865346,15.999999997374815,False
0.9400000000000001,200.00000000215613,0.4999999999876737,15.99999999534704,False
0.9405,199.99999999956685,0.5000000000008428,15.999999995216804,False
0.9410000000000001,199.9999999973007,0.5000000000128871,15.999999996917984,False
0.9415,199.99999999620186,0.5000000000192836,15.999999999690282,False
0.9420000000000001,199.999999996618,0.5000000000179384,16.00000000241149,False
0.9425,199.99999999829802,0.500000000009837,16.000000004047365,False
0.9430000000000001,200.00000000052438,0.4999999999984797,16.000000004040473,False
0.9435,200.0000000024149,0.4999999999883949,16.00000000249369,False
0.9440000000000001,200.0000000032695,0.49999999998335026,16.000000000090704,False
0.9445,200.0000000028256,0.4999999999849601,15.999999997799769,False
0.9450000000000001,200.0000000013316,0.4999999999922048,15.999999996487347,False
0.9455,199.99999999942116,0.5000000000019795,15.999999996594088,False
0.9460000000000001,199.9999999978479,0.5000000000104029,15.999999997992683,False
0.9465,199.9999999971911,0.500000000014347,16.000000000071175,False
0.9470000000000001,199.99999999764512,0.5000000000125805,16.000000001995666,False
0.9475,199.99999999896914,0.5000000000061268,16.000000003042,False
0.9480000000000001,200.00000000060538,0.4999999999977307,16.000000002864837,False
0.9485,200.00000000191096,0.499999999990712,16.000000001606345,False
0.9490000000000001,200.0000000024084,0.49999999998766265,15.999999999812319,False
0.9495,200.00000000195737,0.49999999998950234,15.999999998199321,False
0.9500000000000001,200.00000000078765,0.4999999999952316,15.999999997371198,False
0.9505,199.99999999938908,0.5000000000024294,15.999999997595788,False
0.9510000000000001,199.99999999830874,0.5000000000082614,15.999999998723188,False
0.9515,199.99999999793909,0.5000000000105883,16.000000000268532,False
0.9520000000000001,199.99999999837763,0.5000000000087367,16.000000001617195,False
0.9525,199.99999999940792,0.5000000000036675,16.000000002267047,False
0.9530000000000001,200.00000000060103,0.4999999999975094,16.000000002012975,False
0.9535,200.00000000149217,0.49999999999267675,16.000000001007024,False
0.9540000000000001,200.0000000017601,0.49999999999093103,15.999999999678606,False
0.9545,200.0000000013407,0.49999999999274874,15.999999998553758,False
0.9550000000000001,200.00000000043576,0.4999999999972199,15.999999998048883,False
0.9555,199.99999999941997,0.5000000000024785,15.999999998318668,False
0.9560000000000001,199.99999999868726,0.5000000000064706,15.99999999921291,False
0.9565,199.99999999849973,0.5000000000077529,16.00000000035265,False
0.9570000000000001,199.99999999889553,0.5000000000060011,16.000000001288385,False
0.9575,199.9999999996882,0.5000000000020689,16.0000000016759,False
0.9580000000000001,200.00000000055144,0.4999999999975878,16.0000000014009,False
0.9585,200.00000000115176,0.4999999999942994,16.000000000608612,False
0.9590000000000001,200.00000000127636,0.499999999993385,15.999999999632658,False
0.9595,200.0000000009068,0.4999999999950483,15.999999998856302,False
0.96,200.00000000021413,0.49999999999849765,15.999999998563313,False
0.9605,199.99999999948207,0.5000000000023089,15.999999998835856,False
0.961,199.99999999899214,0.5000000000050079,15.999999999535582,False
0.9615,199.9999999989163,0.5000000000056329,16.00000000036965,False
0.962,199.99999999925825,0.5000000000040723,16.000000001011887,False
0.9625,199.99999999986207,0.5000000000010545,16.000000001229175,False
0.963,200.00000000048163,0.4999999999978191,16.000000000964622,False
0.9635,200.00000000087977,0.4999999999956123,16.00000000034847,False
0.964,200.00000000091825,0.499999999995213,15.999999999637083,False
0.9645,200.0000000006043,0.4999999999966627,15.999999999107425,False
0.965,200.00000000007918,0.4999999999992965,15.999999998950369,False
0.9655,199.99999999955588,0.5000000000020374,15.99999999920299,False
0.966,199.9999999992338,0.5000000000038347,15.999999999744048,False
0.9665,199.99999999922343,0.5000000000040605,16.00000000034968,False
0.967,199.99999999950975,0.5000000000027247,16.000000000785082,False
0.9675,199.9999999999655,0.5000000000004315,16.00000000089464,False
0.968,200.00000000040657,0.49999999999811373,16.000000000656474,False
0.9685,200.00000000066575,0.4999999999966566,16.000000000182617,False
0.969,200.00000000065535,0.4999999999965628,15.999999999668052,False
0.9695,200.00000000039572,0.4999999999977848,15.999999999311424,False
0.97,200.0000000000011,0.4999999999997771,15.999999999239078,False
0.9705,199.99999999963012,0.5000000000017324,15.99999999946121,False
0.971,199.9999999994228,0.5000000000029083,15.999999999875206,False
0.9715,199.9999999994482,0.5000000000029035,16.000000000311502,False
0.972,199.9999999996824,0.5000000000017921,16.000000000602412,False
0.9725,200.0000000000234,0.5000000000000653,16.0000000006459,False
0.973,200.00000000033467,0.4999999999984189,16.000000000440465,False
0.9735,200.0000000004993,0.4999999999974758,16.00000000007964,False
0.974,200.00000000046361,0.4999999999975529,15.999999999710488,False
0.9745,200.00000000025332,0.4999999999985576,15.999999999474195,False
0.975,199.9999999999593,0.5000000000000513,15.999999999452768,False
0.9755,199.99999999969873,0.5000000000014341,15.999999999641249,False
0.976,199.99999999956893,0.5000000000021859,15.999999999954985,False
0.9765,199.9999999996114,0.5000000000020582,16.00000000026669,False
0.977,199.9999999997994,0.5000000000011539,16.00000000045768,False
0.9775,200.00000000005235,0.4999999999998649,16.000000000462528,False
0.978,200.00000000026992,0.49999999999870637,16.00000000029078,False
0.9785,200.00000000037127,0.49999999999811146,16.000000000018673,False
0.979,200.00000000032497,0.49999999999827316,15.999999999756085,False
0.9795,200.0000000001576,0.49999999999908257,15.999999999602451,False
0.98,199.99999999994034,0.5000000000001927,15.999999999609757,False
0.9805,199.99999999975907,0.5000000000011617,15.999999999765391,False
0.981,199.99999999968074,0.5000000000016288,16.00000000000098,False
0.9815,199.99999999972889,0.5000000000014462,16.000000000221796,False
0.982,199.9999999998774,0.5000000000007234,16.00000000034458,False
0.9825,200.00000000006358,0.4999999999997695,16.000000000328562,False
0.983,200.00000000021424,0.4999999999989614,16.000000000188283,False
0.9835,200.00000000027399,0.49999999999859795,15.999999999984746,False
0.984,200.00000000022567,0.49999999999879186,15.999999999799464,False
0.9845,200.00000000009425,0.499999999999434,15.999999999701904,False
0.985,199.9999999999349,0.5000000000002531,15.999999999723965,False
0.9855,199.9999999998101,0.5000000000009258,15.999999999849933,False
0.986,199.99999999976532,0.5000000000012043,16.00000000002542,False
0.9865,199.99999999981273,0.5000000000010065,16.000000000180503,False
0.987,199.99999999992866,0.5000000000004374,16.000000000257323,False
0.9875,200.00000000006474,0.499999999999736,16.00000000023133,False
0.988,200.0000000001678,0.4999999999991779,16.00000000011871,False
0.9885,200.0000000002006,0.4999999999989676,15.99999999996771,False
0.989,200.00000000015493,0.4999999999991636,15.999999999838225,False
0.9895,200.00000000005292,0.49999999999966643,15.999999999778316,False
0.99,199.99999999993702,0.5000000000002662,15.999999999806613,False
0.9905,199.99999999985218,0.5000000000007273,15.999999999906883,False
0.991,199.99999999982887,0.5000000000008833,16.00000000003654,False
0.9915,199.99999999987224,0.500000000000693,16.00000000014436,False
0.992,199.99999999996166,0.5000000000002499,16.00000000019054,False
0.9925,200.00000000006028,0.4999999999997389,16.000000000161272,False
0.993,200.0000000001299,0.4999999999993581,16.000000000072262,False
0.9935,200.00000000014572,0.4999999999992456,15.999999999961123,False
0.994,200.00000000010505,0.4999999999994276,15.99999999987158,False
0.9945,200.00000000002677,0.4999999999998166,15.999999999836445,False
0.995,199.99999999994307,0.500000000000252,15.99999999986582,False
0.9955,199.99999999988623,0.5000000000005647,15.999999999944547,False
0.996,199.99999999987625,0.5000000000006426,16.000000000039563,False
0.9965,199.999999999914,0.5000000000004708,16.00000000011365,False
0.997,199.9999999999822,0.5000000000001306,16.000000000139906,False
0.9975,200.000000000053,0.4999999999997612,16.00000000011124,False
0.998,200.0000000000993,0.4999999999995056,16.000000000041954,False
0.9985,200.0000000001049,0.4999999999994537,15.999999999960894,False
0.999,200.0000000000702,0.4999999999996135,15.999999999899696,False
0.9995,200.00000000001083,0.49999999999991046,15.999999999880462,False
1.0,199.99999999995094,0.5000000000002238,15.999999999907976,False
1.0005,199.99999999991346,0.5000000000004327,15.999999999968901,False
1.0010000000000001,199.99999999991127,0.5000000000004635,16.000000000037925,False
1.0015,199.99999999994301,0.5000000000003157,16.000000000088246,False
1.002,199.99999999999454,0.500000000000057,16.000000000101856,False
1.0025,200.00000000004505,0.49999999999979206,16.00000000007578,False
1.0030000000000001,200.00000000007526,0.49999999999962236,16.00000000002235,False
1.0035,200.0000000000749,0.4999999999996074,15.999999999963672,False
1.004,200.000000000046,0.49999999999974326,15.999999999922462,False
1.0045,200.00000000000136,0.4999999999999685,15.999999999913328,False
1.0050000000000001,199.9999999999589,0.5000000000001916,15.999999999937765,False
1.0055,199.9999999999347,0.5000000000003286,15.999999999984468,False
1.006,199.99999999993688,0.5000000000003318,16.00000000003425,False
1.0065,199.99999999996297,0.5000000000002082,16.00000000006794,False
1.0070000000000001,200.0000000000016,0.500000000000013,16.00000000007369,False
1.0075,200.00000000003726,0.49999999999982453,16.000000000051006,False
1.008,200.00000000005656,0.4999999999997145,16.00000000001025,False
1.0085,200.0000000000531,0.49999999999971995,15.999999999968079,False
1.0090000000000001,200.0000000000296,0.4999999999998321,15.99999999994067,False
1.0095,199.99999999999622,0.5000000000000013,15.999999999937573,False
1.01,199.99999999996638,0.5000000000001599,15.999999999958495,False
1.0105,199.99999999995123,0.5000000000002474,15.999999999993937,False
1.0110000000000001,199.99999999995555,0.5000000000002349,16.000000000029477,False
1.0115,199.9999999999765,0.5000000000001343,16.000000000051628,False
1.012,200.00000000000517,0.49999999999998895,16.000000000052793,False
1.0125,200.0000000000301,0.499999999999856,16.00000000003375,False
1.0130000000000001,200.00000000004204,0.49999999999978645,16.00000000000302,False
1.0135,200.00000000003723,0.49999999999980244,15.99999999997302,False
1.014,200.00000000001853,0.4999999999998927,15.999999999955147,False
1.0145,199.9999999999939,0.5000000000000183,15.999999999955453,False
1.0150000000000001,199.99999999997308,0.5000000000001296,15.999999999972742,False
1.0155,199.99999999996382,0.5000000000001844,15.999999999999376,False
1.016,199.99999999996894,0.5000000000001655,16.000000000024617,False
1.0165,199.9999999999856,0.5000000000000847,16.000000000038913,False
1.0170000000000001,200.00000000000668,0.4999999999999764,16.000000000037492,False
1.0175,200.00000000002396,0.4999999999998842,16.00000000002189,False
1.018,200.00000000003104,0.4999999999998413,15.999999999998877,False
1.0185,200.0000000000259,0.4999999999998618,15.999999999977714,False
1.0190000000000001,200.00000000001117,0.49999999999993333,15.999999999966303,False
1.0195,199.9999999999931,0.5000000000000262,15.999999999968432,False
1.02,199.9999999999788,0.5000000000001034,15.999999999982457,False
1.0205,199.99999999997343,0.5000000000001361,16.000000000002267,False
1.0210000000000001,199.99999999997848,0.5000000000001152,16.000000000019995,False
1.0215,199.99999999999145,0.500000000000052,16.00000000002904,False
1.022,200.0000000000069,0.49999999999997247,16.00000000002645,False
1.0225,200.00000000001876,0.49999999999990813,16.000000000013898,False
1.0230000000000001,200.00000000002274,0.49999999999988315,15.99999999999684,False
1.0235,200.0000000000178,0.499999999999904,15.99999999998202,False
1.024,200.00000000000637,0.49999999999996037,15.999999999974966,False
1.0245,199.9999999999932,0.5000000000000283,15.999999999977891,False
1.025,199.99999999998346,0.5000000000000813,15.999999999989072,False
1.0255,199.9999999999806,0.5000000000000999,16.00000000000372,False
1.026,199.99999999998528,0.5000000000000796,16.000000000016076,False
1.0265,199.9999999999953,0.5000000000000302,16.000000000021576,False
1.027,200.00000000000654,0.4999999999999721,16.000000000018503,False
1.0275,200.0000000000145,0.49999999999992806,16.000000000008555,False
1.028,200.00000000001648,0.499999999999915,15.999999999996032,False
1.0285,200.00000000001208,0.4999999999999344,15.999999999985793,False
1.029,200.00000000000338,0.4999999999999777,15.99999999998159,False
1.0295,199.9999999999939,0.5000000000000266,15.999999999984636,False
1.03,199.9999999999873,0.5000000000000628,15.999999999993374,False
1.0305,199.99999999998587,0.5000000000000728,16.000000000004132,False
1.031,199.99999999998997,0.500000000000055,16.000000000012733,False
1.0315,199.99999999999767,0.5000000000000167,16.000000000015973,False
1.032,200.0000000000058,0.49999999999997413,16.000000000012907,False
1.0325,200.0000000000112,0.4999999999999442,16.000000000005127,False
1.033,200.00000000001205,0.4999999999999376,15.999999999995882,False
1.0335,200.00000000000824,0.4999999999999547,15.999999999988736,False
1.034,200.0000000000015,0.4999999999999883,15.999999999986315,False
1.0345,199.9999999999946,0.5000000000000244,15.999999999989287,False
1.035,199.99999999999017,0.5000000000000491,15.999999999996179,False
1.0355,199.99999999998974,0.5000000000000535,16.000000000004125,False
1.036,199.9999999999933,0.5000000000000373,16.000000000010033,False
1.0365,199.99999999999918,0.5000000000000075,16.00000000001173,False
1.037,200.00000000000503,0.4999999999999769,16.00000000000886,False
1.0375,200.0000000000086,0.4999999999999569,16.000000000002778,False
1.038,200.0000000000087,0.49999999999995454,15.999999999995987,False
1.0385,200.00000000000549,0.49999999999996964,15.999999999991122,False
1.039,200.0000000000003,0.49999999999999517,15.999999999989896,False
1.0395,199.99999999999534,0.5000000000000216,15.999999999992644,False
1.04,199.9999999999924,0.5000000000000379,15.99999999999803,False
1.0405,199.99999999999255,0.500000000000039,16.00000000000386,False
1.041,199.99999999999557,0.5000000000000251,16.00000000000789,False
1.0415,200.00000000000009,0.500000000000002,16.000000000008637,False
1.042,200.0000000000043,0.4999999999999798,16.00000000000604,False
1.0425,200.00000000000662,0.49999999999996664,16.00000000000129,False
1.043,200.00000000000622,0.4999999999999669,15.999999999996316,False
1.0435,200.0000000000035,0.4999999999999803,15.999999999993094,False
1.044,199.99999999999955,0.49999999999999994,15.999999999992712,False
1.0445,199.99999999999605,0.500000000000019,15.99999999999519,False
1.045,199.9999999999943,0.500000000000029,15.999999999999345,False
1.0455,199.99999999999483,0.5000000000000274,16.000000000003496,False
1.046,199.99999999999733,0.5000000000000154,16.00000000000604,False
1.0465,200.0000000000007,0.4999999999999982,16.000000000006104,False
1.047,200.00000000000355,0.4999999999999827,16.00000000000381,False
1.0475,200.0000000000049,0.49999999999997524,16.000000000000245,False
1.048,200.0000000000043,0.49999999999997724,15.999999999996787,False
1.0485,200.00000000000207,0.4999999999999878,15.999999999994746,False
1.049,199.99999999999923,0.5000000000000026,15.999999999994834,False
1.0495,199.99999999999682,0.5000000000000152,15.99999999999687,False
1.05,199.99999999999577,0.5000000000000216,15.999999999999996,False
1.0505,199.99999999999642,0.5000000000000193,16.000000000002938,False
1.051,199.9999999999984,0.5000000000000094,16.000000000004547,False
1.0515,200.00000000000088,0.4999999999999967,16.000000000004295,False
1.052,200.00000000000284,0.49999999999998607,16.00000000000241,False
1.0525,200.00000000000355,0.49999999999998157,15.999999999999737,False
1.053,200.0000000000029,0.4999999999999846,15.999999999997371,False
1.0535,200.00000000000117,0.4999999999999929,15.999999999996136,False
1.054,199.99999999999912,0.5000000000000037,15.999999999996477,False
1.0545,199.99999999999756,0.5000000000000121,15.99999999999812,False
1.055,199.99999999999702,0.5000000000000153,16.00000000000036,False
1.0555,199.99999999999764,0.5000000000000128,16.000000000002323,False
1.056,199.99999999999915,0.5000000000000054,16.00000000000329,False
1.0565,200.00000000000085,0.49999999999999634,16.00000000000292,False
1.057,200.00000000000216,0.49999999999998956,16.000000000001485,False
1.0575,200.00000000000256,0.4999999999999868,15.999999999999552,False
1.058,200.00000000000196,0.4999999999999894,15.999999999997906,False
1.0585,200.00000000000065,0.4999999999999959,15.999999999997156,False
1.059,199.99999999999918,0.5000000000000034,15.999999999997527,False
1.0595,199.9999999999981,0.5000000000000093,15.999999999998812,False
1.06,199.99999999999778,0.5000000000000113,16.00000000000047,False
1.0605,199.99999999999835,0.500000000000009,16.00000000000187,False
1.061,199.9999999999995,0.5000000000000032,16.00000000000246,False
1.0615,200.00000000000077,0.4999999999999968,16.000000000002096,False
1.062,200.00000000000168,0.49999999999999173,16.000000000000952,False
1.0625,200.0000000000019,0.4999999999999902,15.999999999999506,False
1.063,200.00000000000136,0.49999999999999245,15.99999999999833,False
1.0635000000000001,200.00000000000034,0.49999999999999767,15.999999999997875,False
1.064,199.99999999999926,0.5000000000000033,15.999999999998266,False
1.0645,199.99999999999852,0.5000000000000072,15.999999999999275,False
1.065,199.99999999999838,0.5000000000000084,16.00000000000052,False
1.0655000000000001,199.99999999999886,0.5000000000000062,16.000000000001492,False
1.066,199.99999999999972,0.5000000000000018,16.000000000001844,False
1.0665,200.00000000000065,0.4999999999999972,16.00000000000151,False
1.067,200.0000000000013,0.4999999999999936,16.000000000000608,False
1.0675000000000001,200.0000000000014,0.4999999999999926,15.99999999999953,False
1.068,200.00000000000097,0.49999999999999484,15.999999999998716,False
1.0685,200.00000000000014,0.4999999999999985,15.999999999998414,False
1.069,199.99999999999935,0.5000000000000031,15.999999999998796,False
1.0695000000000001,199.9999999999989,0.5000000000000057,15.999999999999595,False
1.07,199.99999999999883,0.5000000000000058,16.000000000000473,False
1.0705,199.99999999999923,0.5000000000000042,16.00000000000114,False
1.071,199.9999999999998,0.5000000000000009,16.000000000001346,False
1.0715000000000001,200.00000000000048,0.49999999999999817,16.000000000001126,False
1.072,200.00000000000094,0.49999999999999534,16.00000000000047,False
1.0725,200.00000000000105,0.4999999999999948,15.999999999999694,False
1.073,200.00000000000074,0.49999999999999584,15.999999999999048,False
1.0735000000000001,200.00000000000017,0.4999999999999988,15.999999999998813,False
1.074,199.9999999999996,0.5000000000000019,15.999999999999034,False
1.0745,199.99999999999918,0.5000000000000038,15.999999999999574,False
1.075,199.9999999999991,0.5000000000000047,16.00000000000027,False
1.0755000000000001,199.99999999999935,0.5000000000000034,16.00000000000081,False
1.076,199.99999999999991,0.5000000000000011,16.000000000001016,False
1.0765,200.00000000000045,0.4999999999999978,16.000000000000746,False
1.077,200.00000000000077,0.49999999999999606,16.000000000000192,False
1.0775000000000001,200.00000000000074,0.499999999999996,15.9999999999996,False
1.078,200.00000000000045,0.49999999999999756,15.99999999999921,False
1.0785,199.9999999999999,0.4999999999999997,15.999999999999146,False
1.079,199.9999999999995,0.5000000000000029,15.999999999999526,False
1.0795000000000001,199.99999999999935,0.5000000000000036,16.000000000000032,False
1.08,199.99999999999946,0.5000000000000029,16.000000000000487,False
1.0805,199.99999999999974,0.5000000000000013,16.00000000000072,False
1.081,200.00000000000003,0.49999999999999967,16.00000000000071,False
1.0815000000000001,200.0000000000003,0.4999999999999986,16.00000000000053,False
1.082,200.00000000000057,0.49999999999999767,16.000000000000185,False
1.0825,200.00000000000057,0.4999999999999969,15.999999999999723,False
1.083,200.00000000000028,0.499999999999998,15.999999999999414,False
1.0835000000000001,200.0,0.5000000000000003,15.999999999999417,False
1.084,199.99999999999972,0.5000000000000012,15.999999999999574,False
1.0845,199.99999999999955,0.5000000000000022,15.999999999999893,False
1.085,199.99999999999955,0.5000000000000023,16.00000000000025,False
1.0855000000000001,199.9999999999998,0.5000000000000016,16.000000000000494,False
1.086,200.00000000000009,0.49999999999999956,16.00000000000047,False
1.0865,200.00000000000037,0.49999999999999845,16.00000000000026,False
1.087,200.0000000000004,0.4999999999999975,15.999999999999913,False
1.0875000000000001,200.00000000000034,0.4999999999999985,15.999999999999664,False
1.088,200.00000000000006,0.49999999999999906,15.999999999999519,False
1.0885,199.99999999999977,0.5000000000000011,15.99999999999965,False
1.089,199.99999999999966,0.5000000000000021,15.999999999999943,False
1.0895,199.99999999999966,0.5000000000000017,16.000000000000192,False
1.09,199.99999999999983,0.5000000000000012,16.00000000000039,False
1.0905,200.0000000000001,0.49999999999999983,16.00000000000038,False
1.091,200.0000000000003,0.49999999999999833,16.000000000000156,False
1.0915,200.0000000000003,0.49999999999999806,15.999999999999872,False
1.092,200.00000000000026,0.49999999999999895,15.999999999999678,False
1.0925,199.99999999999997,0.49999999999999933,15.999999999999583,False
1.093,199.9999999999997,0.5000000000000013,15.999999999999757,False
1.0935,199.99999999999966,0.5000000000000023,16.000000000000078,False
1.094,199.99999999999966,0.5000000000000013,16.00000000000029,False
1.0945,199.99999999999994,0.5000000000000012,16.000000000000465,False
1.095,200.00000000000023,0.499999999999999,16.000000000000348,False
1.0955,200.00000000000034,0.49999999999999795,16.00000000000007,False
1.096,200.00000000000034,0.4999999999999983,15.999999999999808,False
1.0965,200.00000000000017,0.4999999999999988,15.99999999999961,False
1.097,199.9999999999999,0.5000000000000001,15.999999999999613,False
1.0975,199.9999999999997,0.5000000000000017,15.999999999999837,False
1.098,199.9999999999997,0.500000000000002,16.00000000000012,False
1.0985,199.99999999999972,0.5000000000000011,16.0000000000003,False
1.099,200.0,0.5000000000000009,16.000000000000423,False
1.0995,200.00000000000028,0.4999999999999987,16.000000000000256,False
1.1,200.0000000000003,0.4999999999999978,15.999999999999968,False
1.1005,200.0000000000003,0.4999999999999988,15.999999999999773,False
1.101,200.0000000000001,0.49999999999999895,15.999999999999595,False
1.1015,199.99999999999983,0.5000000000000004,15.999999999999641,False
1.102,199.9999999999997,0.5000000000000019,15.999999999999899,False
1.1025,199.9999999999997,0.5000000000000018,16.00000000000015,False
1.103,199.99999999999977,0.5000000000000011,16.000000000000327,False
1.1035,200.00000000000006,0.5000000000000004,16.000000000000394,False
1.104,200.00000000000028,0.49999999999999856,16.000000000000206,False
1.1045,200.00000000000028,0.49999999999999806,15.999999999999927,False
1.105,200.00000000000028,0.49999999999999906,15.999999999999767,False
1.1055,200.00000000000009,0.49999999999999906,15.99999999999962,False
1.106,199.9999999999998,0.5000000000000006,15.999999999999687,False
1.1065,199.99999999999972,0.5000000000000019,15.999999999999948,False
1.107,199.99999999999972,0.5000000000000013,16.00000000000016,False
1.1075,199.9999999999998,0.500000000000001,16.000000000000334,False
1.108,200.00000000000009,0.5000000000000003,16.000000000000387,False
1.1085,200.00000000000028,0.49999999999999845,16.000000000000185,False
1.109,200.00000000000028,0.49999999999999817,15.999999999999936,False
1.1095,200.00000000000028,0.49999999999999906,15.999999999999776,False
1.11,200.00000000000009,0.49999999999999906,15.999999999999629,False
1.1105,199.9999999999998,0.5000000000000006,15.999999999999696,False
1.111,199.99999999999972,0.5000000000000019,15.999999999999957,False
1.1115,199.99999999999972,0.5000000000000013,16.00000000000017,False
1.112,199.99999999999983,0.500000000000001,16.00000000000034,False
1.1125,200.0000000000001,0.5000000000000001,16.000000000000366,False
1.113,200.00000000000028,0.49999999999999833,16.000000000000142,False
1.1135,200.00000000000028,0.4999999999999983,15.999999999999893,False
1.114,200.00000000000028,0.49999999999999906,15.999999999999734,False
1.1145,200.0,0.49999999999999906,15.999999999999604,False
1.115,199.99999999999972,0.5000000000000012,15.999999999999757,False
1.1155,199.9999999999997,0.5000000000000022,16.000000000000053,False
1.116,199.9999999999997,0.5000000000000012,16.000000000000266,False
1.1165,199.99999999999994,0.5000000000000011,16.00000000000043,False
1.117,200.00000000000023,0.4999999999999991,16.000000000000323,False
1.1175,200.00000000000034,0.49999999999999795,16.000000000000046,False
1.118,200.00000000000034,0.4999999999999983,15.999999999999782,False
1.1185,200.00000000000014,0.4999999999999988,15.999999999999588,False
1.119,199.99999999999986,0.5000000000000004,15.999999999999627,False
1.1195,199.9999999999997,0.5000000000000018,15.999999999999865,False
1.12,199.9999999999997,0.5000000000000019,16.00000000000014,False
1.1205,199.99999999999974,0.5000000000000011,16.000000000000316,False
1.121,200.00000000000003,0.5000000000000007,16.000000000000412,False
1.1215,200.0000000000003,0.4999999999999986,16.000000000000238,False
1.122,200.00000000000034,0.49999999999999767,15.999999999999918,False
1.1225,200.0000000000003,0.49999999999999867,15.999999999999705,False
1.123,200.00000000000003,0.49999999999999906,15.999999999999567,False
1.1235,199.99999999999974,0.5000000000000011,15.999999999999705,False
1.124,199.9999999999997,0.5000000000000021,15.99999999999999,False
1.1245,199.9999999999997,0.5000000000000013,16.000000000000203,False
1.125,199.99999999999986,0.5000000000000011,16.000000000000377,False
1.1255,200.00000000000014,0.4999999999999998,16.00000000000036,False
1.1260000000000001,200.0000000000003,0.4999999999999983,16.00000000000012,False
1.1265,200.0000000000003,0.49999999999999817,15.999999999999872,False
1.127,200.00000000000026,0.49999999999999895,15.999999999999678,False
1.1275,199.99999999999997,0.49999999999999933,15.999999999999583,False
1.1280000000000001,199.9999999999997,0.5000000000000013,15.999999999999757,False
1.1285,199.99999999999966,0.5000000000000023,16.000000000000078,False
1.129,199.99999999999966,0.5000000000000013,16.00000000000029,False
1.1295,199.99999999999994,0.5000000000000012,16.000000000000465,False
1.1300000000000001,200.00000000000023,0.499999999999999,16.000000000000348,False
1.1305,200.00000000000034,0.49999999999999795,16.00000000000007,False
1.131,200.00000000000034,0.4999999999999983,15.999999999999808,False
1.1315,200.00000000000017,0.4999999999999988,15.99999999999961,False
1.1320000000000001,199.9999999999999,0.5000000000000001,15.999999999999613,False
1.1325,199.9999999999997,0.5000000000000017,15.999999999999837,False
1.133,199.9999999999997,0.500000000000002,16.00000000000012,False
1.1335,199.99999999999972,0.5000000000000011,16.0000000000003,False
1.1340000000000001,200.0,0.5000000000000009,16.000000000000423,False
1.1345,200.00000000000028,0.4999999999999987,16.000000000000256,False
1.135,200.0000000000003,0.4999999999999978,15.999999999999968,False
1.1355,200.0000000000003,0.4999999999999988,15.999999999999773,False
1.1360000000000001,200.0000000000001,0.49999999999999895,15.999999999999595,False
1.1365,199.99999999999983,0.5000000000000004,15.999999999999641,False
1.137,199.9999999999997,0.5000000000000019,15.999999999999899,False
1.1375,199.9999999999997,0.5000000000000018,16.00000000000015,False
1.1380000000000001,199.99999999999977,0.5000000000000011,16.000000000000327,False
1.1385,200.00000000000006,0.5000000000000004,16.000000000000394,False
1.139,200.00000000000028,0.49999999999999856,16.000000000000206,False
1.1395,200.00000000000028,0.49999999999999806,15.999999999999927,False
1.1400000000000001,200.00000000000028,0.49999999999999906,15.999999999999767,False
1.1405,200.00000000000009,0.49999999999999906,15.99999999999962,False
1.141,199.9999999999998,0.5000000000000006,15.999999999999687,False
1.1415,199.99999999999972,0.5000000000000019,15.999999999999948,False
1.1420000000000001,199.99999999999972,0.5000000000000013,16.00000000000016,False
1.1425,199.9999999999998,0.500000000000001,16.000000000000334,False
1.143,200.00000000000009,0.5000000000000003,16.000000000000387,False
1.1435,200.00000000000028,0.49999999999999845,16.000000000000185,False
1.1440000000000001,200.00000000000028,0.49999999999999817,15.999999999999936,False
1.1445,200.00000000000028,0.49999999999999906,15.999999999999776,False
1.145,200.00000000000009,0.49999999999999906,15.999999999999629,False
1.1455,199.9999999999998,0.5000000000000006,15.999999999999696,False
1.1460000000000001,199.99999999999972,0.5000000000000019,15.999999999999957,False
1.1465,199.99999999999972,0.5000000000000013,16.00000000000017,False
1.147,199.99999999999983,0.500000000000001,16.00000000000034,False
1.1475,200.0000000000001,0.5000000000000001,16.000000000000366,False
1.1480000000000001,200.00000000000028,0.49999999999999833,16.000000000000142,False
1.1485,200.00000000000028,0.4999999999999983,15.999999999999893,False
1.149,200.00000000000028,0.49999999999999906,15.999999999999734,False
1.1495,200.0,0.49999999999999906,15.999999999999604,False
1.1500000000000001,199.99999999999972,0.5000000000000012,15.999999999999757,False
1.1505,199.9999999999997,0.5000000000000022,16.000000000000053,False
1.151,199.9999999999997,0.5000000000000012,16.000000000000266,False
1.1515,199.99999999999994,0.5000000000000011,16.00000000000043,False
1.1520000000000001,200.00000000000023,0.4999999999999991,16.000000000000323,False
1.1525,200.00000000000034,0.49999999999999795,16.000000000000046,False
1.153,200.00000000000034,0.4999999999999983,15.999999999999782,False
1.1535,200.00000000000014,0.4999999999999988,15.999999999999588,False
1.154,199.99999999999986,0.5000000000000004,15.999999999999627,False
1.1545,199.9999999999997,0.5000000000000018,15.999999999999865,False
1.155,199.9999999999997,0.5000000000000019,16.00000000000014,False
1.1555,199.99999999999974,0.5000000000000011,16.000000000000316,False
1.156,200.00000000000003,0.5000000000000007,16.000000000000412,False
1.1565,200.0000000000003,0.4999999999999986,16.000000000000238,False
1.157,200.00000000000034,0.49999999999999767,15.999999999999918,False
1.1575,200.0000000000003,0.49999999999999867,15.999999999999705,False
1.158,200.00000000000003,0.49999999999999906,15.999999999999567,False
1.1585,199.99999999999974,0.5000000000000011,15.999999999999705,False
1.159,199.9999999999997,0.5000000000000021,15.99999999999999,False
1.1595,199.9999999999997,0.5000000000000013,16.000000000000203,False
1.16,199.99999999999986,0.5000000000000011,16.000000000000377,False
1.1605,200.00000000000014,0.4999999999999998,16.00000000000036,False
1.161,200.0000000000003,0.4999999999999983,16.00000000000012,False
1.1615,200.0000000000003,0.49999999999999817,15.999999999999872,False
1.162,200.00000000000026,0.49999999999999895,15.999999999999678,False
1.1625,199.99999999999997,0.49999999999999933,15.999999999999583,False
1.163,199.9999999999997,0.5000000000000013,15.999999999999757,False
1.1635,199.99999999999966,0.5000000000000023,16.000000000000078,False
1.164,199.99999999999966,0.5000000000000013,16.00000000000029,False
1.1645,199.99999999999994,0.5000000000000012,16.000000000000465,False
1.165,200.00000000000023,0.499999999999999,16.000000000000348,False
1.1655,200.00000000000034,0.49999999999999795,16.00000000000007,False
1.166,200.00000000000034,0.4999999999999983,15.999999999999808,False
1.1665,200.00000000000017,0.4999999999999988,15.99999999999961,False
1.167,199.9999999999999,0.5000000000000001,15.999999999999613,False
1.1675,199.9999999999997,0.5000000000000017,15.999999999999837,False
1.168,199.9999999999997,0.500000000000002,16.00000000000012,False
1.1685,199.99999999999972,0.5000000000000011,16.0000000000003,False
1.169,200.0,0.5000000000000009,16.000000000000423,False
1.1695,200.00000000000028,0.4999999999999987,16.000000000000256,False
1.17,200.0000000000003,0.4999999999999978,15.999999999999968,False
1.1705,200.0000000000003,0.4999999999999988,15.999999999999773,False
1.171,200.0000000000001,0.49999999999999895,15.999999999999595,False
1.1715,199.99999999999983,0.5000000000000004,15.999999999999641,False
1.172,199.9999999999997,0.5000000000000019,15.999999999999899,False
1.1725,199.9999999999997,0.5000000000000018,16.00000000000015,False
1.173,199.99999999999977,0.5000000000000011,16.000000000000327,False
1.1735,200.00000000000006,0.5000000000000004,16.000000000000394,False
1.174,200.00000000000028,0.49999999999999856,16.000000000000206,False
1.1745,200.00000000000028,0.49999999999999806,15.999999999999927,False
1.175,200.00000000000028,0.49999999999999906,15.999999999999767,False
1.1755,200.00000000000009,0.49999999999999906,15.99999999999962,False
1.176,199.9999999999998,0.5000000000000006,15.999999999999687,False
1.1765,199.99999999999972,0.5000000000000019,15.999999999999948,False
1.177,199.99999999999972,0.5000000000000013,16.00000000000016,False
1.1775,199.9999999999998,0.500000000000001,16.000000000000334,False
1.178,200.00000000000009,0.5000000000000003,16.000000000000387,False
1.1785,200.00000000000028,0.49999999999999845,16.000000000000185,False
1.179,200.00000000000028,0.49999999999999817,15.999999999999936,False
1.1795,200.00000000000028,0.49999999999999906,15.999999999999776,False
1.18,200.00000000000009,0.49999999999999906,15.999999999999629,False
1.1805,199.9999999999998,0.5000000000000006,15.999999999999696,False
1.181,199.99999999999972,0.5000000000000019,15.999999999999957,False
1.1815,199.99999999999972,0.5000000000000013,16.00000000000017,False
1.182,199.99999999999983,0.500000000000001,16.00000000000034,False
1.1825,200.0000000000001,0.5000000000000001,16.000000000000366,False
1.183,200.00000000000028,0.49999999999999833,16.000000000000142,False
1.1835,200.00000000000028,0.4999999999999983,15.999999999999893,False
1.184,200.00000000000028,0.49999999999999906,15.999999999999734,False
1.1845,200.0,0.49999999999999906,15.999999999999604,False
1.185,199.99999999999972,0.5000000000000012,15.999999999999757,False
1.1855,199.9999999999997,0.5000000000000022,16.000000000000053,False
1.186,199.9999999999997,0.5000000000000012,16.000000000000266,False
1.1865,199.99999999999994,0.5000000000000011,16.00000000000043,False
1.187,200.00000000000023,0.4999999999999991,16.000000000000323,False
1.1875,200.00000000000034,0.49999999999999795,16.000000000000046,False
1.188,200.00000000000034,0.4999999999999983,15.999999999999782,False
1.1885000000000001,200.00000000000014,0.4999999999999988,15.999999999999588,False
1.189,199.99999999999986,0.5000000000000004,15.999999999999627,False
1.1895,199.9999999999997,0.5000000000000018,15.999999999999865,False
1.19,199.9999999999997,0.5000000000000019,16.00000000000014,False
1.1905000000000001,199.99999999999974,0.5000000000000011,16.000000000000316,False
1.191,200.00000000000003,0.5000000000000007,16.000000000000412,False
1.1915,200.0000000000003,0.4999999999999986,16.000000000000238,False
1.192,200.00000000000034,0.49999999999999767,15.999999999999918,False
1.1925000000000001,200.0000000000003,0.49999999999999867,15.999999999999705,False
1.193,200.00000000000003,0.49999999999999906,15.999999999999567,False
1.1935,199.99999999999974,0.5000000000000011,15.999999999999705,False
1.194,199.9999999999997,0.5000000000000021,15.99999999999999,False
1.1945000000000001,199.9999999999997,0.5000000000000013,16.000000000000203,False
1.195,199.99999999999986,0.5000000000000011,16.000000000000377,False
1.1955,200.00000000000014,0.4999999999999998,16.00000000000036,False
1.196,200.0000000000003,0.4999999999999983,16.00000000000012,False
1.1965000000000001,200.0000000000003,0.49999999999999817,15.999999999999872,False
1.197,200.00000000000026,0.49999999999999895,15.999999999999678,False
1.1975,199.99999999999997,0.49999999999999933,15.999999999999583,False
1.198,199.9999999999997,0.5000000000000013,15.999999999999757,False
1.1985000000000001,199.99999999999966,0.5000000000000023,16.000000000000078,False
1.199,199.99999999999966,0.5000000000000013,16.00000000000029,False
1.1995,199.99999999999994,0.5000000000000012,16.000000000000465,False
1.2,200.00000000000023,0.499999999999999,16.000000000000348,False
1.2005000000000001,200.00000000000034,0.49999999999999795,16.00000000000007,False
1.201,200.00000000000034,0.4999999999999983,15.999999999999808,False
1.2015,200.00000000000017,0.4999999999999988,15.99999999999961,False
1.202,199.9999999999999,0.5000000000000001,15.999999999999613,False
1.2025000000000001,199.9999999999997,0.5000000000000017,15.999999999999837,False
1.203,199.9999999999997,0.500000000000002,16.00000000000012,False
1.2035,199.99999999999972,0.5000000000000011,16.0000000000003,False
1.204,200.0,0.5000000000000009,16.000000000000423,False
1.2045000000000001,200.00000000000028,0.4999999999999987,16.000000000000256,False
1.205,200.0000000000003,0.4999999999999978,15.999999999999968,False
1.2055,200.0000000000003,0.4999999999999988,15.999999999999773,False
1.206,200.0000000000001,0.49999999999999895,15.999999999999595,False
1.2065000000000001,199.99999999999983,0.5000000000000004,15.999999999999641,False
1.207,199.9999999999997,0.5000000000000019,15.999999999999899,False
1.2075,199.9999999999997,0.5000000000000018,16.00000000000015,False
1.208,199.99999999999977,0.5000000000000011,16.000000000000327,False
1.2085000000000001,200.00000000000006,0.5000000000000004,16.000000000000394,False
1.209,200.00000000000028,0.49999999999999856,16.000000000000206,False
1.2095,200.00000000000028,0.49999999999999806,15.999999999999927,False
1.21,200.00000000000028,0.49999999999999906,15.999999999999767,False
1.2105000000000001,200.00000000000009,0.49999999999999906,15.99999999999962,False
1.211,199.9999999999998,0.5000000000000006,15.999999999999687,False
1.2115,199.99999999999972,0.5000000000000019,15.999999999999948,False
1.212,199.99999999999972,0.5000000000000013,16.00000000000016,False
1.2125000000000001,199.9999999999998,0.500000000000001,16.000000000000334,False
1.213,200.00000000000009,0.5000000000000003,16.000000000000387,False
1.2135,200.00000000000028,0.49999999999999845,16.000000000000185,False
1.214,200.00000000000028,0.49999999999999817,15.999999999999936,False
1.2145000000000001,200.00000000000028,0.49999999999999906,15.999999999999776,False
1.215,200.00000000000009,0.49999999999999906,15.999999999999629,False
1.2155,199.9999999999998,0.5000000000000006,15.999999999999696,False
1.216,199.99999999999972,0.5000000000000019,15.999999999999957,False
1.2165,199.99999999999972,0.5000000000000013,16.00000000000017,False
1.217,199.99999999999983,0.500000000000001,16.00000000000034,False
1.2175,200.0000000000001,0.5000000000000001,16.000000000000366,False
1.218,200.00000000000028,0.49999999999999833,16.000000000000142,False
1.2185,200.00000000000028,0.4999999999999983,15.999999999999893,False
1.219,200.00000000000028,0.49999999999999906,15.999999999999734,False
1.2195,200.0,0.49999999999999906,15.999999999999604,False
1.22,199.99999999999972,0.5000000000000012,15.999999999999757,False
1.2205,199.9999999999997,0.5000000000000022,16.000000000000053,False
1.221,199.9999999999997,0.5000000000000012,16.000000000000266,False
1.2215,199.99999999999994,0.5000000000000011,16.00000000000043,False
1.222,200.00000000000023,0.4999999999999991,16.000000000000323,False
1.2225,200.00000000000034,0.49999999999999795,16.000000000000046,False
1.223,200.00000000000034,0.4999999999999983,15.999999999999782,False
1.2235,200.00000000000014,0.4999999999999988,15.999999999999588,False
1.224,199.99999999999986,0.5000000000000004,15.999999999999627,False
1.2245,199.9999999999997,0.5000000000000018,15.999999999999865,False
1.225,199.9999999999997,0.5000000000000019,16.00000000000014,False
1.2255,199.99999999999974,0.5000000000000011,16.000000000000316,False
1.226,200.00000000000003,0.5000000000000007,16.000000000000412,False
1.2265,200.0000000000003,0.4999999999999986,16.000000000000238,False
1.227,200.00000000000034,0.49999999999999767,15.999999999999918,False
1.2275,200.0000000000003,0.49999999999999867,15.999999999999705,False
1.228,200.00000000000003,0.49999999999999906,15.999999999999567,False
1.2285,199.99999999999974,0.5000000000000011,15.999999999999705,False
1.229,199.9999999999997,0.5000000000000021,15.99999999999999,False
1.2295,199.9999999999997,0.5000000000000013,16.000000000000203,False
1.23,199.99999999999986,0.5000000000000011,16.000000000000377,False
1.2305,200.00000000000014,0.4999999999999998,16.00000000000036,False
1.231,200.0000000000003,0.4999999999999983,16.00000000000012,False
1.2315,200.0000000000003,0.49999999999999817,15.999999999999872,False
1.232,200.00000000000026,0.49999999999999895,15.999999999999678,False
1.2325,199.99999999999997,0.49999999999999933,15.999999999999583,False
1.233,199.9999999999997,0.5000000000000013,15.999999999999757,False
1.2335,199.99999999999966,0.5000000000000023,16.000000000000078,False
1.234,199.99999999999966,0.5000000000000013,16.00000000000029,False
1.2345,199.99999999999994,0.5000000000000012,16.000000000000465,False
1.235,200.00000000000023,0.499999999999999,16.000000000000348,False
1.2355,200.00000000000034,0.49999999999999795,16.00000000000007,False
1.236,200.00000000000034,0.4999999999999983,15.999999999999808,False
1.2365,200.00000000000017,0.4999999999999988,15.99999999999961,False
1.237,199.9999999999999,0.5000000000000001,15.999999999999613,False
1.2375,199.9999999999997,0.5000000000000017,15.999999999999837,False
1.238,199.9999999999997,0.500000000000002,16.00000000000012,False
1.2385,199.99999999999972,0.5000000000000011,16.0000000000003,False
1.239,200.0,0.5000000000000009,16.000000000000423,False
1.2395,200.00000000000028,0.4999999999999987,16.000000000000256,False
1.24,200.0000000000003,0.4999999999999978,15.999999999999968,False
1.2405,200.0000000000003,0.4999999999999988,15.999999999999773,False
1.241,200.0000000000001,0.49999999999999895,15.999999999999595,False
1.2415,199.99999999999983,0.5000000000000004,15.999999999999641,False
1.242,199.9999999999997,0.5000000000000019,15.999999999999899,False
1.2425,199.9999999999997,0.5000000000000018,16.00000000000015,False
1.243,199.99999999999977,0.5000000000000011,16.000000000000327,False
1.2435,200.00000000000006,0.5000000000000004,16.000000000000394,False
1.244,200.00000000000028,0.49999999999999856,16.000000000000206,False
1.2445,200.00000000000028,0.49999999999999806,15.999999999999927,False
1.245,200.00000000000028,0.49999999999999906,15.999999999999767,False
1.2455,200.00000000000009,0.49999999999999906,15.99999999999962,False
1.246,199.9999999999998,0.5000000000000006,15.999999999999687,False
1.2465,199.99999999999972,0.5000000000000019,15.999999999999948,False
1.247,199.99999999999972,0.5000000000000013,16.00000000000016,False
1.2475,199.9999999999998,0.500000000000001,16.000000000000334,False
1.248,200.00000000000009,0.5000000000000003,16.000000000000387,False
1.2485,200.00000000000028,0.49999999999999845,16.000000000000185,False
1.249,200.00000000000028,0.49999999999999817,15.999999999999936,False
1.2495,200.00000000000028,0.49999999999999906,15.999999999999776,False
1.25,200.00000000000009,0.49999999999999906,15.999999999999629,False
1.2505,199.9999999999998,0.5000000000000006,15.999999999999696,False
1.2510000000000001,199.99999999999972,0.5000000000000019,15.999999999999957,False
1.2515,199.99999999999972,0.5000000000000013,16.00000000000017,False
1.252,199.99999999999983,0.500000000000001,16.00000000000034,False
1.2525,200.0000000000001,0.5000000000000001,16.000000000000366,False
1.2530000000000001,200.00000000000028,0.49999999999999833,16.000000000000142,False
1.2535,200.00000000000028,0.4999999999999983,15.999999999999893,False
1.254,200.00000000000028,0.49999999999999906,15.999999999999734,False
1.2545,200.0,0.49999999999999906,15.999999999999604,False
1.2550000000000001,199.99999999999972,0.5000000000000012,15.999999999999757,False
1.2555,199.9999999999997,0.5000000000000022,16.000000000000053,False
1.256,199.9999999999997,0.5000000000000012,16.000000000000266,False
1.2565,199.99999999999994,0.5000000000000011,16.00000000000043,False
1.2570000000000001,200.00000000000023,0.4999999999999991,16.000000000000323,False
1.2575,200.00000000000034,0.49999999999999795,16.000000000000046,False
1.258,200.00000000000034,0.4999999999999983,15.999999999999782,False
1.2585,200.00000000000014,0.4999999999999988,15.999999999999588,False
1.2590000000000001,199.99999999999986,0.5000000000000004,15.999999999999627,False
1.2595,199.9999999999997,0.5000000000000018,15.999999999999865,False
1.26,199.9999999999997,0.5000000000000019,16.00000000000014,False
1.2605,199.99999999999974,0.5000000000000011,16.000000000000316,False
1.2610000000000001,200.00000000000003,0.5000000000000007,16.000000000000412,False
1.2615,200.0000000000003,0.4999999999999986,16.000000000000238,False
1.262,200.00000000000034,0.49999999999999767,15.999999999999918,False
1.2625,200.0000000000003,0.49999999999999867,15.999999999999705,False
1.2630000000000001,200.00000000000003,0.49999999999999906,15.999999999999567,False
1.2635,199.99999999999974,0.5000000000000011,15.999999999999705,False
1.264,199.9999999999997,0.5000000000000021,15.99999999999999,False
1.2645,199.9999999999997,0.5000000000000013,16.000000000000203,False
1.2650000000000001,199.99999999999986,0.5000000000000011,16.000000000000377,False
1.2655,200.00000000000014,0.4999999999999998,16.00000000000036,False
1.266,200.0000000000003,0.4999999999999983,16.00000000000012,False
1.2665,200.0000000000003,0.49999999999999817,15.999999999999872,False
1.2670000000000001,200.00000000000026,0.49999999999999895,15.999999999999678,False
1.2675,199.99999999999997,0.49999999999999933,15.999999999999583,False
1.268,199.9999999999997,0.5000000000000013,15.999999999999757,False
1.2685,199.99999999999966,0.5000000000000023,16.000000000000078,False
1.2690000000000001,199.99999999999966,0.5000000000000013,16.00000000000029,False
1.2695,199.99999999999994,0.5000000000000012,16.000000000000465,False
1.27,200.00000000000023,0.499999999999999,16.000000000000348,False
1.2705,200.00000000000034,0.49999999999999795,16.00000000000007,False
1.2710000000000001,200.00000000000034,0.4999999999999983,15.999999999999808,False
1.2715,200.00000000000017,0.4999999999999988,15.99999999999961,False
1.272,199.9999999999999,0.5000000000000001,15.999999999999613,False
1.2725,199.9999999999997,0.5000000000000017,15.999999999999837,False
1.2730000000000001,199.9999999999997,0.500000000000002,16.00000000000012,False
1.2735,199.99999999999972,0.5000000000000011,16.0000000000003,False
1.274,200.0,0.5000000000000009,16.000000000000423,False
1.2745,200.00000000000028,0.4999999999999987,16.000000000000256,False
1.2750000000000001,200.0000000000003,0.4999999999999978,15.999999999999968,False
1.2755,200.0000000000003,0.4999999999999988,15.999999999999773,False
1.276,200.0000000000001,0.49999999999999895,15.999999999999595,False
1.2765,199.99999999999983,0.5000000000000004,15.999999999999641,False
1.2770000000000001,199.9999999999997,0.5000000000000019,15.999999999999899,False
1.2775,199.9999999999997,0.5000000000000018,16.00000000000015,False
1.278,199.99999999999977,0.5000000000000011,16.000000000000327,False
1.2785,200.00000000000006,0.5000000000000004,16.000000000000394,False
1.2790000000000001,200.00000000000028,0.49999999999999856,16.000000000000206,False
1.2795,200.00000000000028,0.49999999999999806,15.999999999999927,False
1.28,200.00000000000028,0.49999999999999906,15.999999999999767,False
1.2805,200.00000000000009,0.49999999999999906,15.99999999999962,False
1.281,199.9999999999998,0.5000000000000006,15.999999999999687,False
1.2815,199.99999999999972,0.5000000000000019,15.999999999999948,False
1.282,199.99999999999972,0.5000000000000013,16.00000000000016,False
1.2825,199.9999999999998,0.500000000000001,16.000000000000334,False
1.283,200.00000000000009,0.5000000000000003,16.000000000000387,False
1.2835,200.00000000000028,0.49999999999999845,16.000000000000185,False
1.284,200.00000000000028,0.49999999999999817,15.999999999999936,False
1.2845,200.00000000000028,0.49999999999999906,15.999999999999776,False
1.285,200.00000000000009,0.49999999999999906,15.999999999999629,False
1.2855,199.9999999999998,0.5000000000000006,15.999999999999696,False
1.286,199.99999999999972,0.5000000000000019,15.999999999999957,False
1.2865,199.99999999999972,0.5000000000000013,16.00000000000017,False
1.287,199.99999999999983,0.500000000000001,16.00000000000034,False
1.2875,200.0000000000001,0.5000000000000001,16.000000000000366,False
1.288,200.00000000000028,0.49999999999999833,16.000000000000142,False
1.2885,200.00000000000028,0.4999999999999983,15.999999999999893,False
1.289,200.00000000000028,0.49999999999999906,15.999999999999734,False
1.2895,200.0,0.49999999999999906,15.999999999999604,False
1.29,199.99999999999972,0.5000000000000012,15.999999999999757,False
1.2905,199.9999999999997,0.5000000000000022,16.000000000000053,False
1.291,199.9999999999997,0.5000000000000012,16.000000000000266,False
1.2915,199.99999999999994,0.5000000000000011,16.00000000000043,False
1.292,200.00000000000023,0.4999999999999991,16.000000000000323,False
1.2925,200.00000000000034,0.49999999999999795,16.000000000000046,False
1.293,200.00000000000034,0.4999999999999983,15.999999999999782,False
1.2935,200.00000000000014,0.4999999999999988,15.999999999999588,False
1.294,199.99999999999986,0.5000000000000004,15.999999999999627,False
1.2945,199.9999999999997,0.5000000000000018,15.999999999999865,False
1.295,199.9999999999997,0.5000000000000019,16.00000000000014,False
1.2955,199.99999999999974,0.5000000000000011,16.000000000000316,False
1.296,200.00000000000003,0.5000000000000007,16.000000000000412,False
1.2965,200.0000000000003,0.4999999999999986,16.000000000000238,False
1.297,200.00000000000034,0.49999999999999767,15.999999999999918,False
1.2975,200.0000000000003,0.49999999999999867,15.999999999999705,False
1.298,200.00000000000003,0.49999999999999906,15.999999999999567,False
1.2985,199.99999999999974,0.5000000000000011,15.999999999999705,False
1.299,199.9999999999997,0.5000000000000021,15.99999999999999,False
1.2995,199.9999999999997,0.5000000000000013,16.000000000000203,False
1.3,199.99999999999986,0.5000000000000011,16.000000000000377,False
1.3005,205.50967635844003,0.4999999999999998,15.301901877311257,False
1.301,209.61223423661178,0.458018245093039,8.970805883001212,False
1.3015,209.62493912576755,0.4503655516159655,1.260478552260742,False
1.302,205.80393622738413,0.4669978159765861,0.0,False
1.3025,202.50063969836978,0.4967870121767252,0.0,False
1.303,199.7023680191922,0.5058870473688312,0.3208718459185286,False
1.3035,197.46700449371372,0.5132794914823753,2.0116900121593098,False
1.304,196.36499276261026,0.5184744447499314,4.628916766989954,False
1.3045,196.62790576963957,0.5173315473128501,7.23448525327213,False
1.305,198.05911224563664,0.5104701528486542,8.949557285565371,False
1.3055,200.08738205259107,0.5003989837800277,9.223393850741601,False
1.306,201.93024767856008,0.49079496111240767,8.03175859744725,False
1.3065,202.88748654983797,0.48528373215461795,5.914980905310325,False
1.307,202.65400062788018,0.4858586811449791,3.7633733259320348,False
1.3075,201.44327289448742,0.49187410203536963,2.415201345171268,False
1.308,199.82993595667412,0.5003476360331414,2.2900146298622186,False
1.3085,198.44974192131133,0.507673928637878,3.2802122608856936,False
1.309,197.75954107470753,0.5113978180636755,4.900413819425902,False
1.3095,197.92813804695083,0.5107525711135912,6.520293477142867,False
1.31,198.82472425875028,0.5064045666723856,7.572569146391936,False
1.3105,200.0764607437272,0.5001097911716312,7.7221591537650625,False
1.311,201.19687373890977,0.4942336017168296,6.9756973672674425,False
1.3115,201.77099727095688,0.4909528628851765,5.678175680351968,False
1.312,201.62558745513604,0.4913712034150108,4.3683854313730786,False
1.3125,200.8876082102237,0.4950322238258443,3.545233325853278,False
1.313,199.8978661843723,0.5001848006150882,3.4649682704973683,False
1.3135000000000001,199.04553818864449,0.5047045825655017,4.073136479466614,False
1.314,198.62016075635495,0.5070376272994012,5.075525142456205,False
1.3145,198.7303926175751,0.506628853142006,6.0759862718794055,False
1.315,199.29016795757744,0.5038947865997866,6.717820075428368,False
1.3155000000000001,200.06126436820918,0.49998592922503954,6.798149554347336,False
1.316,200.74304350503158,0.4963970225241646,6.331122950838493,False
1.3165,201.08744080450612,0.4944394120207058,5.534560544958158,False
1.317,200.99453263491512,0.49473462413038843,4.736006495771831,False
1.3175000000000001,200.54171134450164,0.4969778134888738,4.235101136287661,False
1.318,199.93422706229904,0.5001234954005648,4.187626338831972,False
1.3185,199.4103631810367,0.5028992314041483,4.563278941820951,False
1.319,199.15064757010464,0.5043379610057905,5.182219569063379,False
1.3195000000000001,199.22291109402738,0.5040722625403548,5.7977994601730485,False
1.32,199.57137962340377,0.5023629229795497,6.188286046325705,False
1.3205,200.04587096163576,0.4999454844362992,6.2310172101555805,False
1.321,200.46120425635527,0.4977542720762069,5.939383333952628,False
1.3215000000000001,200.66809719737037,0.49658201108907135,5.449883738864879,False
1.322,200.6082037297715,0.49678510711080026,4.962364465327189,False
1.3225,200.32934823686747,0.49816526256535965,4.657943909834456,False
1.323,199.95633922081296,0.5000907092583035,4.631123314292556,False
1.3235000000000001,199.63517305193,0.5017917249248004,4.863834779952475,False
1.324,199.47739960625475,0.5026714844838389,5.245559749236992,False
1.3245,199.52463176264848,0.5024970018268297,5.623524901256776,False
1.325,199.7410944942932,0.501432182720183,5.860820755151087,False
1.3255000000000001,200.03288020484408,0.499940789521263,5.883319530624158,False
1.326,200.2861271711196,0.4986027748787739,5.701503683872599,False
1.3265,200.4105802250649,0.49789872066242963,5.400513170422126,False
1.327,200.37188275051494,0.49803598891572265,5.102596724048817,False
1.3275000000000001,200.19981613923466,0.4988872808900455,4.917691853402951,False
1.328,199.97072520564322,0.5000677265275892,4.9030552030957315,False
1.3285,199.77411211391234,0.501108964173844,5.04743077833458,False
1.329,199.67854491231463,0.5016443412045979,5.28268157345481,False
1.3295000000000001,199.7092894102954,0.5015294762345273,5.514465199142637,False
1.33,199.84355514646722,0.5008676722105223,5.658585125367541,False
1.3305,200.0229153369051,0.49994896591860044,5.6702509556736675,False
1.331,200.1774279256387,0.4991317735539074,5.55703419188919,False
1.3315000000000001,200.25235709798943,0.4987080520312084,5.371888231496149,False
1.332,200.22736402387898,0.4987996987400978,5.189723554841995,False
1.3325,200.1210744631865,0.49932556528073707,5.077447789617355,False
1.333,199.98035653865637,0.5000499669443084,5.069722862980445,False
1.3335000000000001,199.86009824670677,0.500686920803895,5.159359116190964,False
1.334,199.8023150069179,0.5010117813848096,5.304270205794266,False
1.3345,199.8222490137262,0.5009362504647878,5.446302484681025,False
1.335,199.9054480715747,0.5005255305037487,5.533802698196226,False
1.3355000000000001,200.0156721043362,0.4999601284073196,5.539709192428808,False
1.336,200.1099812552973,0.4994609493573963,5.469268484959098,False
1.3365,200.15511552672513,0.499205612214486,5.355357397574891,False
1.337,200.13899647756654,0.49926626497258997,5.243929559102412,False
1.3375000000000001,200.0733001723818,0.4995913863256097,5.175770717267947,False
1.338,199.98686111540056,0.5000361780905888,5.171851038491775,False
1.3385,199.91334617236473,0.5004256591145206,5.227519428439528,False
1.339,199.8784505224309,0.5006224177115,5.316753131439927,False
1.3395000000000001,199.89133100303985,0.5005728845024657,5.4037460383588645,False
1.34,199.94285160240574,0.500318233757666,5.4568572218774305,False
1.3405,200.01057667189664,0.49997047136284306,5.459738062953454,False
1.341,200.06815256862808,0.4996655210895897,5.415938232339635,False
1.3415000000000001,200.09534450103033,0.4995115414992792,5.345847238134634,False
1.342,200.08496742958664,0.49955141795350333,5.277674404282444,False
1.3425,200.04434929713466,0.4997525215599452,5.236306133077691,False
1.343,199.9912524561278,0.5000257146929517,5.234422453362539,False
1.3435000000000001,199.946328933473,0.5002638046813506,5.268998054123708,False
1.344,199.92527367140406,0.5003828278120773,5.323933652834854,False
1.3445,199.93357189975688,0.5003504485189165,5.37719871892441,False
1.345,199.96546090662727,0.5001926647047888,5.4094294464374935,False
1.3455,200.00706778182044,0.4999788482492386,5.410750654950235,False
1.346,200.04222178385058,0.49979254611772234,5.383528490983494,False
1.3465,200.05860351913626,0.49969965765477015,5.3403990791787495,False
1.347,200.05193575044612,0.4997257384474553,5.298686136768602,False
1.3475,200.02681962745035,0.4998501598600681,5.273583243760532,False
1.348,199.99420497317368,0.5000179832227132,5.272754057501766,False
1.3485,199.96676038958208,0.5001634972162731,5.294227993138016,False
1.349,199.95406485808954,0.5002354326229678,5.328042399297602,False
1.3495,199.95939727294316,0.5002143364717174,5.360648882202902,False
1.35,199.97912850262227,0.5001166167751192,5.380204273746956,False
1.3505,200.00468693933536,0.49998518925724983,5.380744745512129,False
1.351,200.02615157042888,0.4998713729887299,5.363831933114587,False
1.3515,200.03601899120792,0.4998153328019105,5.337293130859724,False
1.352,200.031742720686,0.4998323178797425,5.311769473916232,False
1.3525,200.01621189789392,0.49990930320758803,5.296539786125246,False
1.353,199.99617941095636,0.5000124045715906,5.2962339172013975,False
1.3535,199.97941638430092,0.500101323949933,5.309569238106657,False
1.354,199.97176592847075,0.5001447707449744,5.3303800202985085,False
1.3545,199.97518479278148,0.5001310695282253,5.350336907811482,False
1.355,199.98739027625606,0.5000705694602323,5.362199396856538,False
1.3555,200.00308896241984,0.4999897994201105,5.362366656169175,False
1.356,200.01619482642818,0.49992026887256197,5.351862092177953,False
1.3565,200.02213677775885,0.49988646206955584,5.33553255570176,False
1.357,200.01939923311411,0.49989748354242725,5.319915136154145,False
1.3575,200.00979596201566,0.499945117842985,5.310677352525545,False
1.358,199.99749240639827,0.5000084583236347,5.310615114967973,False
1.3585,199.98725527450398,0.500062786836795,5.318895072628048,False
1.359,199.9826474667604,0.5000890126725434,5.33170137281414,False
1.3595,199.9848350547016,0.5000801405882473,5.343914411965146,False
1.36,199.9923836313996,0.5000426936739698,5.351108848839326,False
1.3605,200.00202537874486,0.4999930627343229,5.351111169543363,False
1.361,200.01002718432366,0.4999505887578493,5.344588494574348,False
1.3615,200.0136040856193,0.49993019827471064,5.334541322483079,False
1.362,200.01185459785,0.49993732754153625,5.324985708961957,False
1.3625,200.00591699409102,0.49996679938377353,5.319383587109602,False
1.363,199.99836089544573,0.5000057118268635,5.319422717083065,False
1.3635,199.99210996577736,0.5000389017433727,5.324562874805847,False
1.364,199.98933611018276,0.5000547247061217,5.332442650073409,False
1.3645,199.9907333165866,0.5000489953832359,5.3399158332044765,False
1.365,199.99540096272705,0.5000258223495198,5.344278252994884,False
1.3655,200.00132221621155,0.49999532903560495,5.344218340019574,False
1.366,200.0062074102029,0.4999693848394076,5.340169136334039,False
1.3665,200.00835977582935,0.4999570895824345,5.333987737800446,False
1.367,200.00724353094998,0.4999616883652282,5.328141402656481,False
1.3675,200.0035727248294,0.4999799212957287,5.324744809489921,False
1.368,199.99893254911385,0.5000038256462533,5.324816389534475,False
1.3685,199.99511611626477,0.5000240994783807,5.328006780620082,False
1.369,199.9934471025854,0.5000336417028473,5.332854783090534,False
1.3695,199.99433802011023,0.5000299511559857,5.337427178050107,False
1.37,199.99722379273348,0.5000156137934932,5.340071811162717,False
1.3705,200.0008599126808,0.49999688051553515,5.339997496382296,False
1.371,200.00384214550033,0.49998103437364083,5.337484355518759,False
1.3715,200.0051367587714,0.49997362277389457,5.333681587813532,False
1.372,200.0044256244006,0.49997658188398114,5.330104906548912,False
1.3725,200.00215646654038,0.49998786058705746,5.3280459897220105,False
1.373,199.99930715265813,0.5000025444850166,5.328119144956619,False
1.3735,199.99697733979446,0.5000149273043348,5.330098978493569,False
1.374,199.99597359877473,0.5000206793541763,5.3330814288518615,False
1.3745,199.99654082403205,0.5000183075446495,5.335878742944962,False
1.375,199.99832469384296,0.5000094383659536,5.337481649649758,False
1.3755,200.00055739227795,0.4999979307790757,5.337413042686436,False
1.3760000000000001,200.00237777849188,0.49998825312356426,5.335853589400098,False
1.3765,200.00315611159996,0.49998378696492574,5.333514314144889,False
1.377,200.00270370374307,0.49998568674933525,5.331326323948067,False
1.3775,200.00130115434402,0.4999926628166585,5.330078548942777,False
1.3780000000000001,199.99955165087098,0.500001682234868,5.33014138933719,False
1.3785,199.9981295284765,0.5000092446197584,5.331369762633746,False
1.379,199.99752618428482,0.500012710465261,5.3332043848865,False
1.3795,199.9978868172718,0.5000111893786462,5.334915581631948,False
1.3800000000000001,199.99898938362014,0.5000057036952689,5.335886881481216,False
1.3805,200.00036023271002,0.4999986353345782,5.335830682056694,False
1.381,200.00147131273212,0.4999927254611637,5.334863206626225,False
1.3815,200.00193902682605,0.4999900352189917,5.333424307491367,False
1.3820000000000001,200.00165159507992,0.49999125241544384,5.332085934071043,False
1.3825,200.00078479209333,0.4999955666966576,5.3313299133027945,False
1.383,199.9997106598341,0.5000011064004188,5.331379491436698,False
1.3835,199.9988426861202,0.5000057244055086,5.3321414818875175,False
1.3840000000000001,199.9984802061357,0.5000078118172192,5.333269936832834,False
1.3845,199.99870919335368,0.5000068382007603,5.3343166336491805,False
1.385,199.99939057333026,0.5000034457391704,5.334905067993535,False
1.3855,200.00023219551494,0.49999910445011375,5.3348619381626055,False
1.3860000000000001,200.00091028223304,0.4999954957878629,5.334261839769652,False
1.3865,200.00119119641695,0.49999387594473976,5.3333768335626655,False
1.387,200.00100880589778,0.4999946543499538,5.332558227715915,False
1.3875,200.00047316856444,0.4999973221379371,5.3321002664608,False
1.3880000000000001,199.9998137380411,0.5000007243727194,5.3321374491479565,False
1.3885,199.9992840375771,0.5000035440980599,5.3326100420395015,False
1.389,199.99906638166084,0.500004800752399,5.333304085499184,False
1.3895,199.99921160343183,0.5000041786693009,5.33394426924406,False
1.3900000000000001,199.99963263909106,0.5000020809923679,5.334300670806492,False
1.3905,200.00014930854817,0.4999994148382353,5.334268905051562,False
1.391,200.0005631004457,0.49999721153989796,5.333896751357389,False
1.3915,200.0007317301381,0.499996236619114,5.333352463138368,False
1.3920000000000001,200.00061612782807,0.49999673356037727,5.3328518097407045,False
1.3925,200.00028517246335,0.49999838300915744,5.332574465748266,False
1.393,199.9998803648937,0.5000004723586062,5.332601429072906,False
1.3935,199.9995571372849,0.5000021938944229,5.332894481024444,False
1.3940000000000001,199.9994265155926,0.5000029500778453,5.333321310596511,False
1.3945,199.99951850999355,0.5000025532566515,5.3337128282923025,False
1.395,199.9997786425182,0.500001256365158,5.333928640136067,False
1.3955,200.00009580118163,0.4999996191002037,5.333905897987869,False
1.3960000000000001,200.00034828561073,0.49999827398780444,5.333675148023672,False
1.3965,200.00044945527256,0.49999768748315515,5.33334043078495,False
1.397,200.0003762641461,0.4999980042327977,5.333034260046138,False
1.3975,200.00017180036187,0.4999990239296524,5.33286634055813,False
1.3980000000000001,199.99992331747308,0.5000003069294022,5.332885429536371,False
1.3985,199.99972610210838,0.5000013578794285,5.333067116278919,False
1.399,199.9996477576574,0.5000018126953307,5.333329591377461,False
1.3995,199.99970597215315,0.5000015599516662,5.333569011808028,False
1.4000000000000001,199.99986667286763,0.5000007582522904,5.333699659618134,False
1.4005,200.00006134715852,0.499999752895463,5.333683711762396,False
1.401,200.00021539027128,0.4999989317854232,5.333540663607962,False
1.4015,200.00027605142404,0.499998579113868,5.3333348406901955,False
1.4020000000000001,200.0002297593848,0.49999878071351495,5.333147619966093,False
1.4025,200.00010345682378,0.49999941101509504,5.333045978037223,False
1.403,199.99995094179627,0.5000001988052265,5.3330592514210275,False
1.4035,199.99983062480243,0.5000008403169239,5.333171873751313,False
1.4040000000000001,199.99978366373387,0.5000011137392045,5.333333267895359,False
1.4045,199.99982046551355,0.5000009529888199,5.333479665510601,False
1.405,199.99991972894193,0.5000004574661476,5.333558736497401,False
1.4055,200.00003921270562,0.49999984017606547,5.333547728679606,False
1.4060000000000001,200.00013318597448,0.4999993389876054,5.333459064968454,False
1.4065,200.00016953583258,0.4999991270260051,5.333332510955252,False
1.407,200.0001402851475,0.49999925516200194,5.333218036786896,False
1.4075,200.00006227390057,0.4999996447192555,5.333156528851908,False
1.408,199.99996866932352,0.5000001284045296,5.333165630268432,False
1.4085,199.99989527427766,0.5000005199509728,5.333235429380711,False
1.409,199.999867142825,0.5000006842419438,5.333334661833753,False
1.4095,199.99989038622718,0.5000005821356456,5.3334241714367385,False
1.41,199.9999516931996,0.5000002758965466,5.333472014304142,False
1.4105,200.00002502248995,0.4999998969077828,5.333464510517833,False
1.411,200.00008234432605,0.4999995910235321,5.3334095647569715,False
1.4115,200.00010411206196,0.49999946369599635,5.333331756672122,False
1.412,200.00008564612608,0.4999995450353482,5.333261768593739,False
1.4125,200.00003746775187,0.49999978577098286,5.333224557478699,False
1.413,199.9999800230683,0.5000000827211026,5.333230728827579,False
1.4135,199.9999352559008,0.500000321677022,5.3332739802962505,False
1.414,199.99991841530627,0.5000004203426793,5.333334988208234,False
1.4145,199.99993308249068,0.5000003555658094,5.333389710955758,False
1.415,199.9999709424679,0.5000001663297957,5.333418650985794,False
1.4155,200.00001594266158,0.49999993366458595,5.333413587207248,False
1.416,200.00005090407163,0.4999997469969654,5.333379542575528,False
1.4165,200.00006393058283,0.4999996705507487,5.333331708186147,False
1.417,200.00005228305145,0.49999972212284,5.333288922025167,False
1.4175,200.00002253233004,0.4999998708726106,5.333266416239142,False
1.418,199.99998728137277,0.5000000531666355,5.333270562704509,False
1.4185,199.99995997870502,0.5000001989834759,5.333297359249915,False
1.419,199.99994990430392,0.5000002582052058,5.333334863910675,False
1.4195,199.99995915194577,0.5000002171575164,5.333368316409266,False
1.42,199.99998252962527,0.5000001002361628,5.333385817255553,False
1.4205,200.00001014300773,0.49999995741100306,5.333382428443879,False
1.421,200.0000314641399,0.4999998435077405,5.333361337757862,False
1.4215,200.00003925404278,0.4999997976357357,5.333331932665284,False
1.422,200.00003191323745,0.49999983029797984,5.333305778254226,False
1.4225,200.00001354388306,0.49999992219887424,5.3332921703214105,False
1.423,199.99999191369412,0.5000000340987628,5.333294935127261,False
1.4235,199.9999752641402,0.5000001230705866,5.333311534249781,False
1.424,199.99996924184728,0.5000001585967535,5.3333345885058225,False
1.4245,199.9999750678637,0.5000001326137158,5.333355036531024,False
1.425,199.99998950143075,0.5000000603813981,5.333365616729483,False
1.4255,200.00000644454175,0.4999999727123688,5.333363364679111,False
1.426,200.00001944574197,0.4999999032166425,5.33335030111227,False
1.4265,200.00002410062282,0.4999998757069093,5.333332226383899,False
1.427,200.0000194776734,0.4999998963713755,5.333316240058947,False
1.4275,200.0000081369203,0.4999999531430043,5.3333080145472955,False
1.428,199.99999486548066,0.5000000218269387,5.3333098462231865,False
1.4285,199.99998471348079,0.500000076108426,5.333320126887083,False
1.429,199.99998111625024,0.5000000974072908,5.3333342973458135,False
1.4295,199.9999847838891,0.5000000809767511,5.333346795217319,False
1.43,199.99999369430125,0.5000000363579717,5.333353189612768,False
1.4305,200.00000408955367,0.49999998254884714,5.333351701907406,False
1.431,200.0000120165357,0.4999999401519292,5.333343611634232,False
1.4315,200.00001479586396,0.49999992366423096,5.333332502299966,False
1.432,200.00001188663998,0.49999993672522497,5.3333227318606236,False
1.4325,200.00000488592988,0.4999999717916776,5.333317761331585,False
1.433,199.99999674368644,0.5000000139466664,5.333318968115714,False
1.4335,199.99999055424462,0.5000000470601529,5.333325334431864,False
1.434,199.99998840730476,0.5000000598214001,5.333334043741988,False
1.4345,199.99999071454013,0.500000049441334,5.333341681788933,False
1.435,199.9999962146879,0.5000000218830009,5.333345545210592,False
1.4355,200.0000025921111,0.49999998885867647,5.3333445674765425,False
1.436,200.00000742473395,0.49999996299655475,5.333339557955384,False
1.4365,200.00000908281794,0.49999995312112727,5.333332730302853,False
1.437,200.0000072533139,0.4999999613687086,5.333326759386234,False
1.4375,200.00000293220666,0.49999998302588483,5.333323756719141,False
1.438,199.99999793717262,0.5000000088967589,5.333324547993268,False
1.4385000000000001,199.99999416404384,0.5000000290949043,5.333328489729018,False
1.439,199.99999288378882,0.5000000367358154,5.333333842156196,False
1.4395,199.99999433423886,0.5000000301840507,5.333338509715774,False
1.44,199.99999772895868,0.5000000131648957,5.33334084321417,False
1.4405000000000001,200.0000016411831,0.49999999289832536,5.333340203513141,False
1.441,200.00000458701462,0.4999999771241308,5.333337102082135,False
1.4415,200.00000557531155,0.4999999712131409,5.333332906212078,False
1.442,200.00000442556453,0.49999997641666866,5.333329257588504,False
1.4425000000000001,200.0000017586977,0.49999998979068927,5.333327444277324,False
1.443,199.99999869461047,0.5000000056667071,5.333327960932047,False
1.4435,199.9999963947506,0.5000000179855777,5.333330401103208,False
1.444,199.99999563201143,0.5000000225574939,5.333333690263584,False
1.4445000000000001,199.99999654325234,0.5000000184256129,5.333336542321767,False
1.445,199.99999863826704,0.5000000079163195,5.333337951290138,False
1.4455,200.00000103804229,0.499999995479914,5.333337534400521,False
1.446,200.00000283352898,0.4999999858597431,5.333335614573584,False
1.4465000000000001,200.00000342204675,0.4999999823241836,5.333333036234857,False
1.447,200.00000269994675,0.4999999856044606,5.333330806886569,False
1.4475,200.00000105420597,0.4999999938624237,5.333329712190492,False
1.448,199.99999917475037,0.5000000036042489,5.333330048286436,False
1.4485000000000001,199.9999977730665,0.5000000111167159,5.3333315586715155,False
1.449,199.99999731908878,0.5000000138503297,5.3333335797663795,False
1.4495,199.9999978912205,0.5000000112466457,5.333335322325572,False
1.45,199.9999991839996,0.5000000047579098,5.333336172775541,False
1.4505000000000001,200.00000065592445,0.49999999712697335,5.333335902038621,False
1.451,200.00000175014557,0.49999999126059125,5.333334713817641,False
1.4515,200.00000210025013,0.49999998914742483,5.333333129561753,False
1.452,200.00000164700728,0.49999999121367705,5.333331767529879,False
1.4525000000000001,200.0000006315167,0.4999999963120934,5.333331106887946,False
1.453,199.99999947877689,0.5000000022894259,5.33333132480623,False
1.4535,199.99999862460157,0.500000006870275,5.333332259546322,False
1.454,199.99999835467514,0.500000008503496,5.333333501358189,False
1.4545000000000001,199.9999987136825,0.500000006864047,5.333334565934966,False
1.455,199.99999951133947,0.5000000028581632,5.333335079085899,False
1.4555,200.00000041409254,0.49999999817618807,5.333334903811112,False
1.456,200.00000108086226,0.4999999945992672,5.333334168504143,False
1.4565000000000001,200.00000128891534,0.49999999333723844,5.333333195133635,False
1.457,200.0000010045906,0.49999999463780853,5.333332363069616,False
1.4575,200.0000003780558,0.4999999977851914,5.333331964517552,False
1.458,199.9999996710894,0.5000000014524605,5.333332105394898,False
1.4585000000000001,199.99999915062438,0.5000000042453937,5.3333326837983615,False
1.459,199.9999989903073,0.500000005220392,5.333333446742058,False
1.4595,199.99999921545432,0.500000004188835,5.33333409706106,False
1.46,199.99999970756542,0.5000000017160356,5.3333344065786354,False
1.4605000000000001,200.00000026119665,0.4999999988436105,5.333334293423389,False
1.461,200.00000066744713,0.4999999966628942,5.333333838458849,False
1.4615,200.00000079094468,0.4999999959098053,5.333333240462315,False
1.462,200.00000061268244,0.4999999967278516,5.333332732202191,False
1.4625000000000001,200.00000022616425,0.49999999867059947,5.333332491851655,False
1.463,199.99999979261898,0.5000000009204134,5.33333258268256,False
1.4635,199.99999947552877,0.5000000026230638,5.333332940538994,False
1.464,199.99999938042328,0.5000000032046227,5.333333409240958,False
1.4645000000000001,199.9999995215455,0.5000000025560039,5.333333806464987,False
1.465,199.99999982512034,0.5000000010297302,5.333333993087322,False
1.4655,200.00000016462073,0.4999999992676056,5.333333920220206,False
1.466,200.0000004121111,0.4999999979382568,5.333333638754953,False
1.4665000000000001,200.00000048532888,0.4999999974892591,5.333333271399221,False
1.467,200.00000037362318,0.49999999800345707,5.333332960961308,False
1.4675,200.00000013519886,0.4999999992025051,5.33333281607065,False
1.468,199.99999986934785,0.5000000005826309,5.333332874493169,False
1.4685000000000001,199.99999967618658,0.5000000016204943,5.33333309586674,False
1.469,199.99999961983755,0.5000000019670658,5.333333383784691,False
1.4695,199.99999970824737,0.5000000015594962,5.3333336263918865,False
1.47,199.99999989549843,0.5000000006175435,5.333333738871646,False
1.4705000000000001,200.00000010367324,0.4999999995366257,5.333333692056032,False
1.471,200.00000025442705,0.49999999872635814,5.333333517950925,False
1.4715,200.00000029777925,0.4999999984589099,5.33333329229711,False
1.472,200.00000022781578,0.49999999878191187,5.333333102704042,False
1.4725,200.00000008075824,0.4999999995218749,5.333333015393747,False
1.473,199.9999999177497,0.5000000003684372,5.333333052888779,False
1.4735,199.9999998000967,0.5000000010010011,5.333333189813711,False
1.474,199.99999976675522,0.5000000012073396,5.333333366665213,False
1.4745,199.99999982211452,0.5000000009513971,5.333333514825256,False
1.475,199.99999993760326,0.5000000003701239,5.333333582591265,False
1.4755,200.00000006524255,0.4999999997071183,5.333333552576126,False
1.476,200.00000015705965,0.49999999921330035,5.333333444895216,False
1.4765,200.00000018269276,0.499999999054149,5.333333306294135,False
1.477,200.00000013889442,0.4999999992569243,5.33333319051531,False
1.4775,200.00000004819987,0.49999999971352693,5.333333137924051,False
1.478,199.99999994825728,0.5000000002327666,5.333333161939952,False
1.4785,199.99999987660502,0.5000000006182597,5.333333246619864,False
1.479,199.99999985690556,0.5000000007409826,5.333333355241517,False
1.4795,199.99999989155322,0.5000000005803534,5.333333445714025,False
1.48,199.99999996277484,0.5000000002216917,5.333333486524293,False
1.4805,200.0000000410292,0.49999999981505167,5.333333467317412,False
1.481,200.00000009694347,0.49999999951413,5.333333400727666,False
1.4815,200.00000011207698,0.4999999994195223,5.3333333156024345,False
1.482,200.0000000846713,0.499999999546747,5.333333244906573,False
1.4825,200.00000002874293,0.49999999982846893,5.3333332132416205,False
1.483,199.99999996747138,0.5000000001469218,5.333333228595728,False
1.4835,199.9999999238398,0.5000000003818186,5.333333280958188,False
1.484,199.9999999122187,0.5000000004547317,5.3333333476683915,False
1.4845,199.99999993389372,0.5000000003539784,5.333333402909259,False
1.485,199.99999997781163,0.5000000001326966,5.333333427475554,False
1.4855,200.00000002578503,0.4999999998833111,5.333333415206584,False
1.486,200.0000000598309,0.4999999996999587,5.333333374033074,False
1.4865,200.0000000687511,0.4999999996437815,5.333333321755219,False
1.487,200.00000005161033,0.4999999997235599,5.333333278591744,False
1.4875,200.00000001712453,0.49999999989736377,5.333333259534842,False
1.488,199.99999997956374,0.5000000000926579,5.333333269334588,False
1.4885,199.9999999529985,0.5000000002357726,5.333333301709012,False
1.489,199.99999994615456,0.5000000002790422,5.333333342676118,False
1.4895,199.9999999597082,0.5000000002158802,5.333333376401839,False
1.49,199.99999998678692,0.5000000000793707,5.333333391183154,False
1.4905,200.00000001619452,0.49999999992643873,5.333333383358718,False
1.491,200.00000003692205,0.4999999998147355,5.333333357903838,False
1.4915,200.00000004217065,0.4999999997814178,5.3333333258009255,False
1.492,200.0000000314547,0.49999999983141735,5.333333299450008,False
1.4925,200.0000000101926,0.4999999999386315,5.333333287986247,False
1.493,199.9999999871687,0.5000000000583888,5.333333294231163,False
1.4935,199.99999997099656,0.5000000001455731,5.333333314244891,False
1.494,199.9999999669734,0.5000000001712194,5.333333339401161,False
1.4945,199.999999975445,0.5000000001316436,5.3333333599893615,False
1.495,199.99999999213952,0.5000000000474397,5.333333368879042,False
1.4955,200.00000001016502,0.4999999999536628,5.333333363896574,False
1.496,200.00000002278247,0.49999999988561844,5.333333348161473,False
1.4965,200.00000002586478,0.49999999986588367,5.333333328449092,False
1.497,200.0000000191682,0.4999999998972044,5.333333312363754,False
1.4975,200.00000000606036,0.4999999999633347,5.333333305470985,False
1.498,199.99999999194836,0.5000000000367663,5.333333309444841,False
1.4985,199.99999998210458,0.5000000000898709,5.333333321815627,False
1.499,199.99999997974433,0.5000000001050517,5.333333337261938,False
1.4995,199.9999999850373,0.5000000000802672,5.333333349828955,False
1.5,199.99999999532875,0.5000000000283322,5.333333355172715,False
1.5005,200.00000000637672,0.4999999999708335,5.333333352004419,False
1.5010000000000001,200.00000001405624,0.4999999999293892,5.333333342278925,False
1.5015,200.00000001586264,0.4999999999177161,5.3333333301757095,False
1.502,200.00000001167956,0.49999999993732575,5.333333320357702,False
1.5025,200.00000000359955,0.49999999997811106,5.333333316215313,False
1.5030000000000001,199.9999999949505,0.5000000000231336,5.333333318740526,False
1.5035,199.99999998895947,0.5000000000554765,5.3333333263861125,False
1.504,199.99999998757778,0.5000000000644503,5.333333335869727,False
1.5045,199.99999999088348,0.5000000000489362,5.333333343539891,False
1.5050000000000001,199.99999999722715,0.5000000000169069,5.333333346750527,False
1.5055,200.00000000399803,0.49999999998165423,5.333333344738446,False
1.506,200.00000000867152,0.4999999999564149,5.3333333387281,False
1.5065,200.00000000972776,0.4999999999495199,5.3333333312973386,False
1.5070000000000001,200.00000000711572,0.4999999999617918,5.333333325305312,False
1.5075,200.0000000021354,0.4999999999869437,5.333333322817144,False
1.508,199.99999999683496,0.5000000000145463,5.333333324419842,False
1.5085,199.9999999931893,0.5000000000342414,5.333333329144505,False
1.5090000000000001,199.9999999923824,0.5000000000395378,5.333333334966723,False
1.5095,199.99999999444617,0.5000000000298309,5.333333339647616,False
1.51,199.99999999835606,0.5000000000100803,5.333333341575618,False
1.5105,200.00000000250537,0.49999999998846806,5.333333340299341,False
1.5110000000000001,200.00000000534902,0.49999999997309946,5.333333336585398,False
1.5115,200.00000000596503,0.4999999999690338,5.3333333320236855,False
1.512,200.00000000433462,0.49999999997671013,5.333333328367123,False
1.5125,200.0000000012652,0.49999999999221933,5.333333326873406,False
1.5130000000000001,199.9999999980171,0.5000000000091406,5.333333327889422,False
1.5135,199.99999999579907,0.5000000000211325,5.333333330808731,False
1.514,199.99999999532912,0.5000000000242525,5.33333333438279,False
1.5145,199.99999999661705,0.5000000000181822,5.33333333723908,False
1.5150000000000001,199.99999999902658,0.5000000000060043,5.3333333383961925,False
1.5155,200.0000000015691,0.49999999999275635,5.3333333375876375,False
1.516,200.00000000329916,0.4999999999833995,5.333333335293061,False
1.5165,200.00000000365748,0.4999999999810056,5.333333332492837,False
1.5170000000000001,200.0000000026402,0.49999999998580513,5.333333330261665,False
1.5175,200.00000000074868,0.49999999999536726,5.333333329365388,False
1.518,199.9999999987584,0.5000000000057397,5.333333330008715,False
1.5185,199.99999999740905,0.5000000000130408,5.333333331812294,False
1.5190000000000001,199.99999999713611,0.500000000014876,5.333333334006193,False
1.5195,199.9999999979396,0.5000000000110812,5.333333335748975,False
1.52,199.9999999994244,0.500000000003573,5.333333336443045,False
1.5205,200.00000000098225,0.4999999999954527,5.33333333593134,False
1.5210000000000001,200.00000000203465,0.4999999999897567,5.3333333345138305,False
1.5215,200.00000000224242,0.49999999998834993,5.333333332795043,False
1.522,200.00000000160793,0.4999999999913495,5.333333331433769,False
1.5225,200.0000000004424,0.4999999999972444,5.3333333308963,False
1.5230000000000001,199.9999999992231,0.500000000003602,5.333333331303197,False
1.5235,199.9999999984023,0.5000000000080453,5.33333333241717,False
1.524,199.99999999824422,0.5000000000091235,5.333333333763709,False
1.5245,199.99999999874518,0.5000000000067529,5.3333333348269845,False
1.5250000000000001,199.99999999966005,0.5000000000021249,5.333333335243169,False
1.5255,200.00000000061456,0.49999999999714745,5.333333334919706,False
1.526,200.00000000125465,0.4999999999936799,5.333333334044136,False
1.5265,200.00000000137476,0.4999999999928551,5.333333332989216,False
1.5270000000000001,200.00000000097918,0.4999999999947286,5.33333333215873,False
1.5275,200.00000000026102,0.49999999999836237,5.333333331836583,False
1.528,199.99999999951393,0.5000000000022593,5.333333332093723,False
1.5285,199.99999999901473,0.5000000000049641,5.333333332781847,False
1.5290000000000001,199.99999999892358,0.5000000000055956,5.333333333608329,False
1.5295,199.9999999992359,0.5000000000041146,5.333333334256964,False
1.53,199.99999999979963,0.5000000000012619,5.333333334506309,False
1.5305,200.00000000038446,0.49999999999821093,5.3333333343019556,False
1.5310000000000001,200.00000000077367,0.49999999999610034,5.333333333761101,False
1.5315,200.00000000084276,0.49999999999561834,5.333333333113673,False
1.532,200.00000000059617,0.49999999999678846,5.333333332607104,False
1.5325,200.00000000015376,0.49999999999902817,5.3333333324141625,False
1.5330000000000001,199.99999999969612,0.5000000000014162,5.333333332576487,False
1.5335,199.99999999939254,0.500000000003062,5.3333333330014145,False
1.534,199.99999999934016,0.5000000000034314,5.333333333508607,False
1.5345,199.99999999953477,0.5000000000025069,5.333333333904268,False
1.5350000000000001,199.999999999882,0.5000000000007488,5.333333334053612,False
1.5355,200.0000000002402,0.49999999999887934,5.333333333924736,False
1.536,200.00000000047692,0.49999999999759526,5.33333333359084,False
1.5365,200.0000000005166,0.49999999999731304,5.33333333319353,False
1.537,200.000000000363,0.4999999999980432,5.333333332884504,False
1.5375,200.00000000009052,0.49999999999942346,5.33333333276896,False
1.538,199.9999999998102,0.5000000000008866,5.333333332871251,False
1.5385,199.99999999962557,0.5000000000018883,5.333333333133577,False
1.539,199.99999999959556,0.5000000000021042,5.333333333444819,False
1.5395,199.99999999971675,0.5000000000015274,5.333333333686169,False
1.54,199.9999999999306,0.500000000000444,5.333333333775573,False
1.5405,200.00000000015004,0.4999999999992985,5.333333333694385,False
1.541,200.000000000294,0.4999999999985168,5.33333333348822,False
1.5415,200.00000000031667,0.4999999999983523,5.3333333332444,False
1.542,200.000000000221,0.4999999999988077,5.333333333055889,False
1.5425,200.00000000005312,0.49999999999965844,5.333333332986756,False
1.543,199.99999999988137,0.5000000000005554,5.333333333051259,False
1.5435,199.99999999976916,0.5000000000011651,5.333333333213283,False
1.544,199.99999999975213,0.5000000000012901,5.333333333404256,False
1.5445,199.99999999982768,0.50000000000093,5.333333333551393,False
1.545,199.99999999995939,0.5000000000002621,5.333333333604775,False
1.5455,200.0000000000937,0.4999999999995606,5.333333333553591,False
1.546,200.00000000018113,0.49999999999908573,5.333333333426369,False
1.5465,200.000000000194,0.4999999999989904,5.333333333276851,False
1.547,200.00000000013452,0.499999999999274,5.333333333161932,False
1.5475,200.0000000000312,0.49999999999979766,5.33333333312056,False
1.548,199.999999999926,0.500000000000347,5.33333333316109,False
1.5485,199.99999999985772,0.5000000000007183,5.33333333326108,False
1.549,199.99999999984806,0.5000000000007913,5.3333333333782855,False
1.5495,199.99999999989504,0.5000000000005668,5.33333333346806,False
1.55,199.99999999997615,0.5000000000001554,5.33333333350003,False
1.5505,200.0000000000584,0.49999999999972533,5.333333333467858,False
1.551,200.0000000001116,0.4999999999994366,5.3333333333893895,False
1.5515,200.00000000011892,0.49999999999938083,5.333333333297635,False
1.552,200.00000000008197,0.4999999999995576,5.333333333227514,False
1.5525,200.00000000001836,0.49999999999987976,5.333333333202696,False
1.553,199.99999999995393,0.5000000000002166,5.333333333228121,False
1.5535,199.99999999991238,0.5000000000004424,5.333333333289774,False
1.554,199.99999999990683,0.5000000000004852,5.333333333361688,False
1.5545,199.99999999993597,0.5000000000003458,5.333333333416519,False
1.555,199.9999999999859,0.5000000000000927,5.333333333435753,False
1.5555,200.00000000003638,0.49999999999982897,5.333333333415636,False
1.556,200.00000000006878,0.4999999999996524,5.333333333367184,False
1.5565,200.00000000007296,0.49999999999962014,5.333333333310847,False
1.557,200.00000000005,0.4999999999997299,5.333333333267996,False
1.5575,200.0000000000108,0.49999999999992856,5.333333333253095,False
1.558,199.99999999997132,0.5000000000001352,5.333333333269038,False
1.5585,199.99999999994606,0.5000000000002727,5.333333333307059,False
1.559,199.9999999999429,0.5000000000002972,5.333333333351152,False
1.5595,199.99999999996098,0.5000000000002108,5.333333333384614,False
1.56,199.9999999999917,0.5000000000000551,5.333333333396157,False
1.5605,200.00000000002262,0.4999999999998934,5.333333333383564,False
1.561,200.00000000004235,0.4999999999997859,5.3333333333536945,False
1.5615,200.0000000000447,0.4999999999997671,5.333333333319136,False
1.562,200.00000000003044,0.49999999999983535,5.333333333292992,False
1.5625,200.0000000000063,0.4999999999999578,5.333333333284085,False
1.563,199.99999999998215,0.5000000000000844,5.333333333294081,False
1.5635000000000001,199.99999999996675,0.5000000000001679,5.333333333317516,False
1.564,199.99999999996498,0.5000000000001824,5.333333333344594,False
1.5645,199.9999999999762,0.5000000000001286,5.333333333365022,False
1.565,199.99999999999517,0.5000000000000326,5.333333333371932,False
1.5655000000000001,200.00000000001413,0.4999999999999332,5.333333333363993,False
1.566,200.00000000002612,0.4999999999998679,5.333333333345545,False
1.5665,200.00000000002748,0.4999999999998571,5.333333333324326,False
1.567,200.00000000001856,0.4999999999998992,5.333333333308314,False
1.5675000000000001,200.00000000000367,0.49999999999997524,5.333333333303006,False
1.568,199.99999999998877,0.5000000000000528,5.333333333309313,False
1.5685,199.99999999997942,0.5000000000001042,5.3333333333238775,False
1.569,199.9999999999785,0.5000000000001121,5.333333333340534,False
1.5695000000000001,199.99999999998556,0.5000000000000782,5.333333333352979,False
1.57,199.99999999999724,0.5000000000000189,5.333333333357056,False
1.5705,200.0000000000088,0.4999999999999581,5.333333333352042,False
1.571,200.0000000000161,0.49999999999991873,5.333333333340675,False
1.5715000000000001,200.0000000000168,0.4999999999999125,5.3333333333276745,False
1.572,200.00000000001128,0.49999999999993894,5.333333333317954,False
1.5725,200.00000000000216,0.49999999999998535,5.333333333314776,False
1.573,199.99999999999307,0.5000000000000326,5.333333333318682,False
1.5735000000000001,199.99999999998735,0.500000000000064,5.3333333333276265,False
1.574,199.9999999999868,0.5000000000000687,5.333333333337842,False
1.5745,199.9999999999912,0.5000000000000479,5.33333333334546,False
1.575,199.99999999999838,0.5000000000000111,5.333333333347899,False
1.5755000000000001,200.00000000000549,0.4999999999999739,5.33333333334477,False
1.576,200.00000000000992,0.49999999999994976,5.333333333337747,False
1.5765,200.00000000001035,0.49999999999994627,5.3333333333297555,False
1.577,200.00000000000688,0.4999999999999624,5.333333333323783,False
1.5775000000000001,200.00000000000125,0.4999999999999915,5.3333333333219,False
1.578,199.9999999999957,0.5000000000000204,5.333333333324352,False
1.5785,199.99999999999218,0.5000000000000392,5.333333333329848,False
1.579,199.9999999999919,0.5000000000000425,5.333333333336156,False
1.5795000000000001,199.99999999999457,0.5000000000000292,5.333333333340817,False
1.58,199.999999999999,0.500000000000007,5.333333333342331,False
1.5805,200.0000000000034,0.4999999999999839,5.333333333340396,False
1.581,200.00000000000617,0.49999999999996886,5.333333333336038,False
1.5815000000000001,200.00000000000637,0.4999999999999666,5.33333333333108,False
1.582,200.00000000000423,0.4999999999999772,5.3333333333274275,False
1.5825,200.00000000000074,0.4999999999999948,5.333333333326276,False
1.583,199.9999999999973,0.5000000000000128,5.333333333327816,False
1.5835000000000001,199.99999999999514,0.5000000000000244,5.333333333331241,False
1.584,199.999999999995,0.5000000000000263,5.333333333335146,False
1.5845,199.9999999999967,0.5000000000000179,5.333333333338004,False
1.585,199.99999999999946,0.5000000000000039,5.333333333338881,False
1.5855000000000001,200.00000000000216,0.49999999999998973,5.333333333337638,False
1.586,200.00000000000384,0.4999999999999806,5.333333333334923,False
1.5865,200.00000000000392,0.4999999999999794,5.333333333331851,False
1.587,200.00000000000256,0.4999999999999861,5.33333333332963,False
1.5875000000000001,200.00000000000037,0.49999999999999717,5.333333333328966,False
1.588,199.99999999999827,0.5000000000000083,5.33333333332998,False
1.5885,199.999999999997,0.5000000000000153,5.333333333332133,False
1.589,199.99999999999693,0.500000000000016,5.333333333334518,False
1.5895000000000001,199.999999999998,0.5000000000000109,5.333333333336257,False
1.59,199.99999999999972,0.5000000000000021,5.333333333336754,False
1.5905,200.00000000000134,0.49999999999999345,5.333333333335962,False
1.591,200.00000000000233,0.4999999999999883,5.333333333334305,False
1.5915000000000001,200.0000000000024,0.4999999999999876,5.333333333332452,False
1.592,200.00000000000153,0.4999999999999915,5.333333333331101,False
1.5925,200.0000000000002,0.49999999999999845,5.333333333330722,False
1.593,199.99999999999892,0.5000000000000052,5.33333333333136,False
1.5935000000000001,199.9999999999982,0.5000000000000093,5.333333333332666,False
1.594,199.9999999999982,0.5000000000000093,5.3333333333340605,False
1.5945,199.99999999999886,0.5000000000000061,5.33333333333505,False
1.595,199.9999999999999,0.5000000000000011,5.333333333335328,False
1.5955000000000001,200.00000000000085,0.49999999999999584,5.3333333333348065,False
1.596,200.0000000000014,0.49999999999999284,5.333333333333803,False
1.5965,200.00000000000136,0.49999999999999284,5.3333333333327335,False
1.597,200.00000000000088,0.4999999999999954,5.333333333331977,False
1.5975000000000001,200.00000000000003,0.49999999999999906,5.333333333331769,False
1.598,199.9999999999993,0.5000000000000037,5.333333333332232,False
1.5985,199.9999999999989,0.5000000000000057,5.333333333333037,False
1.599,199.99999999999895,0.5000000000000056,5.33333333333387,False
1.5995000000000001,199.99999999999937,0.5000000000000034,5.33333333333443,False
1.6,199.99999999999994,0.5000000000000002,5.3333333333345365,False
1.6005,200.0000000000005,0.4999999999999977,5.333333333334259,False
1.601,200.00000000000088,0.4999999999999957,5.333333333333658,False
1.6015,200.00000000000088,0.49999999999999534,5.333333333332965,False
1.602,200.00000000000057,0.49999999999999695,5.333333333332469,False
1.6025,200.0,0.4999999999999994,5.333333333332334,False
1.603,199.99999999999952,0.5000000000000026,5.333333333332658,False
1.6035,199.9999999999993,0.5000000000000038,5.333333333333188,False
1.604,199.99999999999935,0.5000000000000034,5.3333333333337025,False
1.6045,199.99999999999963,0.500000000000002,5.333333333334029,False
1.605,199.99999999999991,0.5,5.333333333334084,False
1.6055,200.0000000000002,0.49999999999999906,5.333333333333978,False
1.606,200.00000000000048,0.4999999999999981,5.333333333333701,False
1.6065,200.00000000000057,0.49999999999999706,5.33333333333327,False
1.607,200.00000000000045,0.49999999999999767,5.3333333333329005,False
1.6075,200.00000000000017,0.49999999999999895,5.333333333332709,False
1.608,199.9999999999999,0.5000000000000007,5.333333333332767,False
1.6085,199.9999999999996,0.5000000000000017,5.333333333332994,False
1.609,199.99999999999955,0.5000000000000026,5.333333333333364,False
1.6095,199.9999999999996,0.5000000000000018,5.333333333333656,False
1.61,199.9999999999999,0.5000000000000011,5.333333333333836,False
1.6105,200.00000000000017,0.4999999999999991,5.333333333333742,False
1.611,200.00000000000034,0.49999999999999817,5.333333333333491,False
1.6115,200.00000000000034,0.49999999999999806,5.333333333333207,False
1.612,200.00000000000026,0.4999999999999988,5.333333333333005,False
1.6125,199.99999999999997,0.4999999999999995,5.3333333333329325,False
1.613,199.99999999999974,0.5000000000000013,5.3333333333331066,False
1.6135,199.99999999999974,0.5000000000000019,5.333333333333364,False
1.614,199.99999999999974,0.5000000000000009,5.333333333333515,False
1.6145,199.99999999999986,0.5000000000000009,5.333333333333661,False
1.615,200.00000000000014,0.5,5.3333333333336626,False
1.6155,200.00000000000023,0.4999999999999983,5.333333333333434,False
1.616,200.00000000000023,0.49999999999999883,5.3333333333332655,False
1.6165,200.00000000000023,0.4999999999999992,5.333333333333132,False
1.617,200.00000000000009,0.4999999999999992,5.333333333333006,False
1.6175,199.9999999999998,0.5000000000000003,5.333333333333054,False
1.618,199.99999999999977,0.5000000000000019,5.333333333333302,False
1.6185,199.99999999999977,0.500000000000001,5.333333333333462,False
1.619,199.99999999999977,0.5000000000000009,5.333333333333604,False
1.6195,200.00000000000006,0.5000000000000009,5.333333333333713,False
1.62,200.00000000000026,0.49999999999999856,5.333333333333526,False
1.6205,200.00000000000026,0.4999999999999982,5.333333333333286,False
1.621,200.00000000000026,0.4999999999999991,5.333333333333126,False
1.6215,200.00000000000009,0.4999999999999991,5.33333333333298,False
1.622,199.9999999999998,0.5000000000000004,5.3333333333330355,False
1.6225,199.99999999999974,0.5000000000000019,5.33333333333329,False
1.623,199.99999999999974,0.5000000000000011,5.333333333333468,False
1.6235,199.99999999999977,0.5000000000000009,5.333333333333619,False
1.624,200.00000000000006,0.5000000000000007,5.333333333333706,False
1.6245,200.00000000000023,0.49999999999999856,5.333333333333522,False
1.625,200.00000000000023,0.49999999999999845,5.333333333333309,False
1.6255,200.00000000000023,0.4999999999999992,5.333333333333176,False
1.6260000000000001,200.00000000000017,0.4999999999999992,5.3333333333330435,False
1.6265,199.9999999999999,0.49999999999999967,5.333333333332999,False
1.627,199.99999999999977,0.5000000000000017,5.333333333333214,False
1.6275,199.99999999999977,0.5000000000000013,5.333333333333409,False
1.6280000000000001,199.99999999999977,0.5000000000000009,5.3333333333335515,False
1.6285,199.99999999999994,0.5000000000000009,5.333333333333682,False
1.629,200.00000000000023,0.4999999999999995,5.33333333333362,False
1.6295,200.00000000000026,0.49999999999999795,5.333333333333354,False
1.6300000000000001,200.00000000000026,0.499999999999999,5.3333333333331945,False
1.6305,200.0000000000002,0.4999999999999991,5.333333333333036,False
1.631,199.99999999999991,0.4999999999999996,5.333333333332978,False
1.6315,199.99999999999977,0.5000000000000016,5.333333333333181,False
1.6320000000000001,199.99999999999977,0.5000000000000014,5.333333333333377,False
1.6325,199.99999999999977,0.5000000000000009,5.333333333333519,False
1.633,199.9999999999999,0.5000000000000009,5.3333333333336554,False
1.6335,200.00000000000017,0.49999999999999983,5.333333333333629,False
1.6340000000000001,200.00000000000023,0.49999999999999817,5.333333333333399,False
1.6345,200.00000000000023,0.49999999999999895,5.33333333333323,False
1.635,200.00000000000023,0.4999999999999992,5.333333333333097,False
1.6355,200.0,0.4999999999999992,5.333333333332984,False
1.6360000000000001,199.9999999999998,0.500000000000001,5.3333333333331145,False
1.6365,199.9999999999998,0.5000000000000016,5.333333333333319,False
1.637,199.9999999999998,0.5000000000000007,5.333333333333434,False
1.6375,199.9999999999998,0.5000000000000007,5.33333333333355,False
1.6380000000000001,199.99999999999994,0.5000000000000007,5.333333333333656,False
1.6385,200.0000000000002,0.4999999999999996,5.333333333333595,False
1.639,200.0000000000002,0.4999999999999982,5.333333333333364,False
1.6395,200.0000000000002,0.49999999999999933,5.333333333333249,False
1.6400000000000001,200.0000000000002,0.49999999999999933,5.333333333333133,False
1.6405,200.00000000000009,0.49999999999999933,5.333333333333023,False
1.641,199.9999999999998,0.5000000000000002,5.333333333333057,False
1.6415,199.99999999999977,0.5000000000000019,5.333333333333305,False
1.6420000000000001,199.99999999999977,0.500000000000001,5.3333333333334645,False
1.6425,199.99999999999977,0.5000000000000009,5.333333333333607,False
1.643,200.00000000000006,0.5000000000000009,5.333333333333716,False
1.6435,200.00000000000026,0.49999999999999856,5.333333333333528,False
1.6440000000000001,200.00000000000026,0.4999999999999982,5.333333333333289,False
1.6445,200.00000000000026,0.4999999999999991,5.333333333333129,False
1.645,200.00000000000009,0.4999999999999991,5.333333333332983,False
1.6455,199.9999999999998,0.5000000000000004,5.333333333333038,False
1.6460000000000001,199.99999999999974,0.5000000000000019,5.333333333333293,False
1.6465,199.99999999999974,0.5000000000000011,5.333333333333471,False
1.647,199.99999999999977,0.5000000000000009,5.333333333333622,False
1.6475,200.00000000000006,0.5000000000000007,5.333333333333709,False
1.6480000000000001,200.00000000000026,0.49999999999999856,5.333333333333521,False
1.6485,200.00000000000026,0.4999999999999982,5.3333333333332815,False
1.649,200.00000000000026,0.4999999999999991,5.333333333333122,False
1.6495,200.00000000000009,0.4999999999999991,5.333333333332976,False
1.6500000000000001,199.9999999999998,0.5000000000000004,5.333333333333031,False
1.6505,199.99999999999974,0.5000000000000019,5.333333333333286,False
1.651,199.99999999999974,0.5000000000000011,5.333333333333464,False
1.6515,199.99999999999977,0.5000000000000009,5.333333333333615,False
1.6520000000000001,200.00000000000006,0.5000000000000007,5.333333333333702,False
1.6525,200.00000000000023,0.49999999999999856,5.333333333333518,False
1.653,200.00000000000023,0.49999999999999845,5.333333333333305,False
1.6535,200.00000000000023,0.4999999999999992,5.333333333333171,False
1.6540000000000001,200.00000000000017,0.4999999999999992,5.333333333333039,False
1.6545,199.9999999999999,0.49999999999999967,5.333333333332995,False
1.655,199.99999999999977,0.5000000000000017,5.33333333333321,False
1.6555,199.99999999999977,0.5000000000000013,5.333333333333405,False
1.6560000000000001,199.99999999999977,0.5000000000000009,5.333333333333547,False
1.6565,199.99999999999994,0.5000000000000009,5.333333333333678,False
1.657,200.00000000000023,0.4999999999999995,5.3333333333336155,False
1.6575,200.00000000000026,0.49999999999999795,5.33333333333335,False
1.6580000000000001,200.00000000000026,0.499999999999999,5.33333333333319,False
1.6585,200.0000000000002,0.4999999999999991,5.333333333333032,False
1.659,199.99999999999991,0.4999999999999996,5.333333333332973,False
1.6595,199.99999999999977,0.5000000000000016,5.333333333333177,False
1.6600000000000001,199.99999999999977,0.5000000000000014,5.333333333333372,False
1.6605,199.99999999999977,0.5000000000000009,5.333333333333514,False
1.661,199.9999999999999,0.5000000000000009,5.333333333333651,False
1.6615,200.00000000000017,0.49999999999999983,5.333333333333624,False
1.6620000000000001,200.00000000000023,0.49999999999999817,5.333333333333394,False
1.6625,200.00000000000023,0.49999999999999895,5.333333333333226,False
1.663,200.00000000000023,0.4999999999999992,5.333333333333092,False
1.6635,200.0,0.4999999999999992,5.3333333333329795,False
1.6640000000000001,199.9999999999998,0.500000000000001,5.33333333333311,False
1.6645,199.9999999999998,0.5000000000000016,5.333333333333314,False
1.665,199.9999999999998,0.5000000000000007,5.33333333333343,False
1.6655,199.9999999999998,0.5000000000000007,5.333333333333545,False
1.666,199.99999999999994,0.5000000000000007,5.333333333333652,False
1.6665,200.0000000000002,0.4999999999999996,5.333333333333591,False
1.667,200.0000000000002,0.4999999999999982,5.33333333333336,False
1.6675,200.0000000000002,0.49999999999999933,5.333333333333244,False
1.668,200.0000000000002,0.49999999999999933,5.333333333333129,False
1.6685,200.00000000000009,0.49999999999999933,5.333333333333019,False
1.669,199.9999999999998,0.5000000000000002,5.333333333333052,False
1.6695,199.99999999999977,0.5000000000000019,5.3333333333333,False
1.67,199.99999999999977,0.500000000000001,5.33333333333346,False
1.6705,199.99999999999977,0.5000000000000009,5.333333333333602,False
1.671,200.00000000000006,0.5000000000000009,5.333333333333711,False
1.6715,200.00000000000026,0.49999999999999856,5.333333333333524,False
1.672,200.00000000000026,0.4999999999999982,5.333333333333284,False
1.6725,200.00000000000026,0.4999999999999991,5.333333333333124,False
1.673,200.00000000000009,0.4999999999999991,5.333333333332979,False
1.6735,199.9999999999998,0.5000000000000004,5.333333333333034,False
1.674,199.99999999999974,0.5000000000000019,5.333333333333289,False
1.6745,199.99999999999974,0.5000000000000011,5.333333333333466,False
1.675,199.99999999999977,0.5000000000000009,5.333333333333617,False
1.6755,200.00000000000006,0.5000000000000007,5.333333333333704,False
1.676,200.00000000000023,0.49999999999999856,5.33333333333352,False
1.6765,200.00000000000023,0.49999999999999845,5.333333333333307,False
1.677,200.00000000000023,0.4999999999999992,5.333333333333174,False
1.6775,200.00000000000017,0.4999999999999992,5.333333333333042,False
1.678,199.9999999999999,0.49999999999999967,5.333333333332997,False
1.6785,199.99999999999977,0.5000000000000017,5.333333333333212,False
1.679,199.99999999999977,0.5000000000000013,5.333333333333408,False
1.6795,199.99999999999977,0.5000000000000009,5.33333333333355,False
1.68,199.99999999999994,0.5000000000000009,5.33333333333368,False
1.6805,200.00000000000023,0.4999999999999995,5.333333333333618,False
1.681,200.00000000000026,0.49999999999999795,5.333333333333353,False
1.6815,200.00000000000026,0.499999999999999,5.333333333333193,False
1.682,200.0000000000002,0.4999999999999991,5.333333333333035,False
1.6825,199.99999999999991,0.4999999999999996,5.333333333332976,False
1.683,199.99999999999977,0.5000000000000016,5.333333333333179,False
1.6835,199.99999999999977,0.5000000000000014,5.333333333333375,False
1.684,199.99999999999977,0.5000000000000009,5.333333333333517,False
1.6845,199.9999999999999,0.5000000000000009,5.333333333333654,False
1.685,200.00000000000017,0.49999999999999983,5.333333333333627,False
1.6855,200.00000000000023,0.49999999999999817,5.333333333333397,False
1.686,200.00000000000023,0.49999999999999895,5.333333333333228,False
1.6865,200.00000000000023,0.4999999999999992,5.333333333333095,False
1.687,200.0,0.4999999999999992,5.333333333332982,False
1.6875,199.9999999999998,0.500000000000001,5.333333333333113,False
1.688,199.9999999999998,0.5000000000000016,5.333333333333317,False
1.6885000000000001,199.9999999999998,0.5000000000000007,5.3333333333334325,False
1.689,199.9999999999998,0.5000000000000007,5.333333333333548,False
1.6895,199.99999999999994,0.5000000000000007,5.333333333333655,False
1.69,200.0000000000002,0.4999999999999996,5.333333333333593,False
1.6905000000000001,200.0000000000002,0.4999999999999982,5.333333333333362,False
1.691,200.0000000000002,0.49999999999999933,5.333333333333247,False
1.6915,200.0000000000002,0.49999999999999933,5.333333333333131,False
1.692,200.00000000000009,0.49999999999999933,5.333333333333021,False
1.6925000000000001,199.9999999999998,0.5000000000000002,5.333333333333055,False
1.693,199.99999999999977,0.5000000000000019,5.333333333333303,False
1.6935,199.99999999999977,0.500000000000001,5.333333333333463,False
1.694,199.99999999999977,0.5000000000000009,5.333333333333605,False
1.6945000000000001,200.00000000000006,0.5000000000000009,5.333333333333714,False
1.695,200.00000000000026,0.49999999999999856,5.333333333333527,False
1.6955,200.00000000000026,0.4999999999999982,5.333333333333287,False
1.696,200.00000000000026,0.4999999999999991,5.333333333333127,False
1.6965000000000001,200.00000000000009,0.4999999999999991,5.333333333332981,False
1.697,199.9999999999998,0.5000000000000004,5.333333333333036,False
1.6975,199.99999999999974,0.5000000000000019,5.333333333333291,False
1.698,199.99999999999974,0.5000000000000011,5.333333333333469,False
1.6985000000000001,199.99999999999977,0.5000000000000009,5.33333333333362,False
1.699,200.00000000000006,0.5000000000000007,5.333333333333707,False
1.6995,200.00000000000026,0.49999999999999856,5.3333333333335196,False
1.7,200.00000000000026,0.4999999999999982,5.33333333333328,False
1.7005000000000001,200.00000000000026,0.4999999999999991,5.33333333333312,False
1.701,200.00000000000009,0.4999999999999991,5.333333333332974,False
1.7015,199.9999999999998,0.5000000000000004,5.333333333333029,False
1.702,199.99999999999974,0.5000000000000019,5.333333333333284,False
1.7025000000000001,199.99999999999974,0.5000000000000011,5.333333333333462,False
1.703,199.99999999999977,0.5000000000000009,5.333333333333613,False
1.7035,200.00000000000006,0.5000000000000007,5.3333333333337,False
1.704,200.00000000000023,0.49999999999999856,5.333333333333516,False
1.7045000000000001,200.00000000000023,0.49999999999999845,5.333333333333303,False
1.705,200.00000000000023,0.4999999999999992,5.33333333333317,False
1.7055,200.00000000000017,0.4999999999999992,5.333333333333037,False
1.706,199.9999999999999,0.49999999999999967,5.333333333332993,False
1.7065000000000001,199.99999999999977,0.5000000000000017,5.333333333333208,False
1.707,199.99999999999977,0.5000000000000013,5.333333333333403,False
1.7075,199.99999999999977,0.5000000000000009,5.333333333333545,False
1.708,199.99999999999994,0.5000000000000009,5.333333333333676,False
1.7085000000000001,200.00000000000023,0.4999999999999995,5.333333333333614,False
1.709,200.00000000000026,0.49999999999999795,5.333333333333348,False
1.7095,200.00000000000026,0.499999999999999,5.333333333333188,False
1.71,200.0000000000002,0.4999999999999991,5.33333333333303,False
1.7105000000000001,199.99999999999991,0.4999999999999996,5.3333333333329715,False
1.711,199.99999999999977,0.5000000000000016,5.333333333333175,False
1.7115,199.99999999999977,0.5000000000000014,5.33333333333337,False
1.712,199.99999999999977,0.5000000000000009,5.3333333333335124,False
1.7125000000000001,199.9999999999999,0.5000000000000009,5.333333333333649,False
1.713,200.00000000000017,0.49999999999999983,5.333333333333623,False
1.7135,200.00000000000023,0.49999999999999817,5.3333333333333925,False
1.714,200.00000000000023,0.49999999999999895,5.333333333333224,False
1.7145000000000001,200.00000000000023,0.4999999999999992,5.333333333333091,False
1.715,200.0,0.4999999999999992,5.333333333332978,False
1.7155,199.99999999999977,0.500000000000001,5.33333333333311,False
1.716,199.99999999999977,0.5000000000000019,5.333333333333359,False
1.7165000000000001,199.99999999999977,0.5000000000000009,5.333333333333501,False
1.717,199.99999999999986,0.5000000000000009,5.33333333333364,False
1.7175,200.00000000000014,0.5000000000000001,5.333333333333656,False
1.718,200.00000000000023,0.4999999999999983,5.333333333333428,False
1.7185000000000001,200.00000000000023,0.49999999999999883,5.333333333333259,False
1.719,200.00000000000023,0.4999999999999992,5.333333333333126,False
1.7195,200.00000000000009,0.4999999999999992,5.333333333333,False
1.72,199.9999999999998,0.5000000000000003,5.333333333333048,False
1.7205000000000001,199.99999999999977,0.5000000000000019,5.333333333333296,False
1.721,199.99999999999977,0.500000000000001,5.333333333333456,False
1.7215,199.99999999999977,0.5000000000000009,5.333333333333598,False
1.722,200.00000000000006,0.5000000000000009,5.333333333333707,False
1.7225000000000001,200.00000000000026,0.49999999999999856,5.3333333333335196,False
1.723,200.00000000000026,0.4999999999999982,5.33333333333328,False
1.7235,200.00000000000026,0.4999999999999991,5.33333333333312,False
1.724,200.00000000000009,0.4999999999999991,5.333333333332974,False
1.7245000000000001,199.9999999999998,0.5000000000000004,5.333333333333029,False
1.725,199.99999999999974,0.5000000000000019,5.333333333333284,False
1.7255,199.99999999999974,0.5000000000000011,5.333333333333462,False
1.726,199.99999999999977,0.5000000000000009,5.333333333333613,False
1.7265000000000001,200.00000000000006,0.5000000000000007,5.3333333333337,False
1.727,200.00000000000023,0.49999999999999856,5.333333333333516,False
1.7275,200.00000000000023,0.49999999999999845,5.333333333333303,False
1.728,200.00000000000023,0.4999999999999992,5.33333333333317,False
1.7285,200.00000000000017,0.4999999999999992,5.333333333333037,False
1.729,199.9999999999999,0.49999999999999967,5.333333333332993,False
1.7295,199.99999999999977,0.5000000000000017,5.333333333333208,False
1.73,199.99999999999977,0.5000000000000013,5.333333333333403,False
1.7305,199.99999999999977,0.5000000000000009,5.333333333333545,False
1.731,199.99999999999994,0.5000000000000009,5.333333333333676,False
1.7315,200.00000000000023,0.4999999999999995,5.333333333333614,False
1.732,200.00000000000026,0.49999999999999795,5.333333333333348,False
1.7325,200.00000000000026,0.499999999999999,5.333333333333188,False
1.733,200.0000000000002,0.4999999999999991,5.33333333333303,False
1.7335,199.99999999999991,0.4999999999999996,5.3333333333329715,False
1.734,199.99999999999977,0.5000000000000016,5.333333333333175,False
1.7345,199.99999999999977,0.5000000000000014,5.33333333333337,False
1.735,199.99999999999977,0.5000000000000009,5.3333333333335124,False
1.7355,199.9999999999999,0.5000000000000009,5.333333333333649,False
1.736,200.00000000000017,0.49999999999999983,5.333333333333623,False
1.7365,200.00000000000023,0.49999999999999817,5.3333333333333925,False
1.737,200.00000000000023,0.49999999999999895,5.333333333333224,False
1.7375,200.00000000000023,0.4999999999999992,5.333333333333091,False
1.738,200.0,0.4999999999999992,5.333333333332978,False
1.7385,199.99999999999977,0.500000000000001,5.33333333333311,False
1.739,199.99999999999977,0.5000000000000019,5.333333333333359,False
1.7395,199.99999999999977,0.5000000000000009,5.333333333333501,False
1.74,199.99999999999986,0.5000000000000009,5.33333333333364,False
1.7405,200.00000000000014,0.5000000000000001,5.333333333333656,False
1.741,200.00000000000023,0.4999999999999983,5.333333333333428,False
1.7415,200.00000000000023,0.49999999999999883,5.333333333333259,False
1.742,200.00000000000023,0.4999999999999992,5.333333333333126,False
1.7425,200.00000000000009,0.4999999999999992,5.333333333333,False
1.743,199.9999999999998,0.5000000000000003,5.333333333333048,False
1.7435,199.99999999999977,0.5000000000000019,5.333333333333296,False
1.744,199.99999999999977,0.500000000000001,5.333333333333456,False
1.7445,199.99999999999977,0.5000000000000009,5.333333333333598,False
1.745,200.00000000000006,0.5000000000000009,5.333333333333707,False
1.7455,200.00000000000026,0.49999999999999856,5.3333333333335196,False
1.746,200.00000000000026,0.4999999999999982,5.33333333333328,False
1.7465,200.00000000000026,0.4999999999999991,5.33333333333312,False
1.747,200.00000000000009,0.4999999999999991,5.333333333332974,False
1.7475,199.9999999999998,0.5000000000000004,5.333333333333029,False
1.748,199.99999999999974,0.5000000000000019,5.333333333333284,False
1.7485,199.99999999999974,0.5000000000000011,5.333333333333462,False
1.749,199.99999999999977,0.5000000000000009,5.333333333333613,False
1.7495,200.00000000000006,0.5000000000000007,5.3333333333337,False
1.75,200.00000000000023,0.49999999999999856,5.333333333333516,False
1.7505,200.00000000000023,0.49999999999999845,5.333333333333303,False
1.7510000000000001,200.00000000000023,0.4999999999999992,5.33333333333317,False
1.7515,200.00000000000017,0.4999999999999992,5.333333333333037,False
1.752,199.9999999999999,0.49999999999999967,5.333333333332993,False
1.7525,199.99999999999977,0.5000000000000017,5.333333333333208,False
1.7530000000000001,199.99999999999977,0.5000000000000013,5.333333333333403,False
1.7535,199.99999999999977,0.5000000000000009,5.333333333333545,False
1.754,199.99999999999994,0.5000000000000009,5.333333333333676,False
1.7545,200.00000000000023,0.4999999999999995,5.333333333333614,False
1.7550000000000001,200.00000000000026,0.49999999999999795,5.333333333333348,False
1.7555,200.00000000000026,0.499999999999999,5.333333333333188,False
1.756,200.0000000000002,0.4999999999999991,5.33333333333303,False
1.7565,199.99999999999991,0.4999999999999996,5.3333333333329715,False
1.7570000000000001,199.99999999999977,0.5000000000000016,5.333333333333175,False
1.7575,199.99999999999977,0.5000000000000014,5.33333333333337,False
1.758,199.99999999999977,0.5000000000000009,5.3333333333335124,False
1.7585,199.9999999999999,0.5000000000000009,5.333333333333649,False
1.7590000000000001,200.00000000000017,0.49999999999999983,5.333333333333623,False
1.7595,200.00000000000023,0.49999999999999817,5.3333333333333925,False
1.76,200.00000000000023,0.49999999999999895,5.333333333333224,False
1.7605,200.00000000000023,0.4999999999999992,5.333333333333091,False
1.7610000000000001,200.0,0.4999999999999992,5.333333333332978,False
1.7615,199.99999999999977,0.500000000000001,5.33333333333311,False
1.762,199.99999999999977,0.5000000000000019,5.333333333333359,False
1.7625,199.99999999999977,0.5000000000000009,5.333333333333501,False
1.7630000000000001,199.99999999999986,0.5000000000000009,5.33333333333364,False
1.7635,200.00000000000014,0.5000000000000001,5.333333333333656,False
1.764,200.00000000000023,0.4999999999999983,5.333333333333428,False
1.7645,200.00000000000023,0.49999999999999883,5.333333333333259,False
1.7650000000000001,200.00000000000023,0.4999999999999992,5.333333333333126,False
1.7655,200.00000000000009,0.4999999999999992,5.333333333333,False
1.766,199.9999999999998,0.5000000000000003,5.333333333333048,False
1.7665,199.99999999999977,0.5000000000000019,5.333333333333296,False
1.7670000000000001,199.99999999999977,0.500000000000001,5.333333333333456,False
1.7675,199.99999999999977,0.5000000000000009,5.333333333333598,False
1.768,200.00000000000006,0.5000000000000009,5.333333333333707,False
1.7685,200.00000000000026,0.49999999999999856,5.3333333333335196,False
1.7690000000000001,200.00000000000026,0.4999999999999982,5.33333333333328,False
1.7695,200.00000000000026,0.4999999999999991,5.33333333333312,False
1.77,200.00000000000009,0.4999999999999991,5.333333333332974,False
1.7705,199.9999999999998,0.5000000000000004,5.333333333333029,False
1.7710000000000001,199.99999999999974,0.5000000000000019,5.333333333333284,False
1.7715,199.99999999999974,0.5000000000000011,5.333333333333462,False
1.772,199.99999999999977,0.5000000000000009,5.333333333333613,False
1.7725,200.00000000000006,0.5000000000000007,5.3333333333337,False
1.7730000000000001,200.00000000000023,0.49999999999999856,5.333333333333516,False
1.7735,200.00000000000023,0.49999999999999845,5.333333333333303,False
1.774,200.00000000000023,0.4999999999999992,5.33333333333317,False
1.7745,200.00000000000017,0.4999999999999992,5.333333333333037,False
1.7750000000000001,199.9999999999999,0.49999999999999967,5.333333333332993,False
1.7755,199.99999999999977,0.5000000000000017,5.333333333333208,False
1.776,199.99999999999977,0.5000000000000013,5.333333333333403,False
1.7765,199.99999999999977,0.5000000000000009,5.333333333333545,False
1.7770000000000001,199.99999999999994,0.5000000000000009,5.333333333333676,False
1.7775,200.00000000000023,0.4999999999999995,5.333333333333614,False
1.778,200.00000000000026,0.49999999999999795,5.333333333333348,False
1.7785,200.00000000000026,0.499999999999999,5.333333333333188,False
1.7790000000000001,200.0000000000002,0.4999999999999991,5.33333333333303,False
1.7795,199.99999999999991,0.4999999999999996,5.3333333333329715,False
1.78,199.99999999999977,0.5000000000000016,5.333333333333175,False
1.7805,199.99999999999977,0.5000000000000014,5.33333333333337,False
1.7810000000000001,199.99999999999977,0.5000000000000009,5.3333333333335124,False
1.7815,199.9999999999999,0.5000000000000009,5.333333333333649,False
1.782,200.00000000000017,0.49999999999999983,5.333333333333623,False
1.7825,200.00000000000023,0.49999999999999817,5.3333333333333925,False
1.7830000000000001,200.00000000000023,0.49999999999999895,5.333333333333224,False
1.7835,200.00000000000023,0.4999999999999992,5.333333333333091,False
1.784,200.0,0.4999999999999992,5.333333333332978,False
1.7845,199.99999999999977,0.500000000000001,5.33333333333311,False
1.7850000000000001,199.99999999999977,0.5000000000000019,5.333333333333359,False
1.7855,199.99999999999977,0.5000000000000009,5.333333333333501,False
1.786,199.99999999999986,0.5000000000000009,5.33333333333364,False
1.7865,200.00000000000014,0.5000000000000001,5.333333333333656,False
1.7870000000000001,200.00000000000023,0.4999999999999983,5.333333333333428,False
1.7875,200.00000000000023,0.49999999999999883,5.333333333333259,False
1.788,200.00000000000023,0.4999999999999992,5.333333333333126,False
1.7885,200.00000000000009,0.4999999999999992,5.333333333333,False
1.7890000000000001,199.9999999999998,0.5000000000000003,5.333333333333048,False
1.7895,199.99999999999977,0.5000000000000019,5.333333333333296,False
1.79,199.99999999999977,0.500000000000001,5.333333333333456,False
1.7905,199.99999999999977,0.5000000000000009,5.333333333333598,False
1.7910000000000001,200.00000000000006,0.5000000000000009,5.333333333333707,False
1.7915,200.00000000000026,0.49999999999999856,5.3333333333335196,False
1.792,200.00000000000026,0.4999999999999982,5.33333333333328,False
1.7925,200.00000000000026,0.4999999999999991,5.33333333333312,False
1.793,200.00000000000009,0.4999999999999991,5.333333333332974,False
1.7935,199.9999999999998,0.5000000000000004,5.333333333333029,False
1.794,199.99999999999974,0.5000000000000019,5.333333333333284,False
1.7945,199.99999999999974,0.5000000000000011,5.333333333333462,False
1.795,199.99999999999977,0.5000000000000009,5.333333333333613,False
1.7955,200.00000000000006,0.5000000000000007,5.3333333333337,False
1.796,200.00000000000023,0.49999999999999856,5.333333333333516,False
1.7965,200.00000000000023,0.49999999999999845,5.333333333333303,False
1.797,200.00000000000023,0.4999999999999992,5.33333333333317,False
1.7975,200.00000000000017,0.4999999999999992,5.333333333333037,False
1.798,199.9999999999999,0.49999999999999967,5.333333333332993,False
1.7985,199.99999999999977,0.5000000000000017,5.333333333333208,False
1.799,199.99999999999977,0.5000000000000013,5.333333333333403,False
1.7995,199.99999999999977,0.5000000000000009,5.333333333333545,False
1.8,199.99999999999994,0.5000000000000009,5.333333333333676,False
1.8005,200.00000000000023,0.4999999999999995,5.333333333333614,False
1.801,200.00000000000026,0.49999999999999795,5.333333333333348,False
1.8015,200.00000000000026,0.499999999999999,5.333333333333188,False
1.802,200.0000000000002,0.4999999999999991,5.33333333333303,False
1.8025,199.99999999999991,0.4999999999999996,5.3333333333329715,False
1.803,199.99999999999977,0.5000000000000016,5.333333333333175,False
1.8035,199.99999999999977,0.5000000000000014,5.33333333333337,False
1.804,199.99999999999977,0.5000000000000009,5.3333333333335124,False
1.8045,199.9999999999999,0.5000000000000009,5.333333333333649,False
1.805,200.00000000000017,0.49999999999999983,5.333333333333623,False
1.8055,200.00000000000023,0.49999999999999817,5.3333333333333925,False
1.806,200.00000000000023,0.49999999999999895,5.333333333333224,False
1.8065,200.00000000000023,0.4999999999999992,5.333333333333091,False
1.807,200.0,0.4999999999999992,5.333333333332978,False
1.8075,199.99999999999977,0.500000000000001,5.33333333333311,False
1.808,199.99999999999977,0.5000000000000019,5.333333333333359,False
1.8085,199.99999999999977,0.5000000000000009,5.333333333333501,False
1.809,199.99999999999986,0.5000000000000009,5.33333333333364,False
1.8095,200.00000000000014,0.5000000000000001,5.333333333333656,False
1.81,200.00000000000023,0.4999999999999983,5.333333333333428,False
1.8105,200.00000000000023,0.49999999999999883,5.333333333333259,False
1.811,200.00000000000023,0.4999999999999992,5.333333333333126,False
1.8115,200.00000000000009,0.4999999999999992,5.333333333333,False
1.812,199.9999999999998,0.5000000000000003,5.333333333333048,False
1.8125,199.99999999999977,0.5000000000000019,5.333333333333296,False
1.813,199.99999999999977,0.500000000000001,5.333333333333456,False
1.8135000000000001,199.99999999999977,0.5000000000000009,5.333333333333598,False
1.814,200.00000000000006,0.5000000000000009,5.333333333333707,False
1.8145,200.00000000000026,0.49999999999999856,5.3333333333335196,False
1.815,200.00000000000026,0.4999999999999982,5.33333333333328,False
1.8155000000000001,200.00000000000026,0.4999999999999991,5.33333333333312,False
1.816,200.00000000000009,0.4999999999999991,5.333333333332974,False
1.8165,199.9999999999998,0.5000000000000004,5.333333333333029,False
1.817,199.99999999999974,0.5000000000000019,5.333333333333284,False
1.8175000000000001,199.99999999999974,0.5000000000000011,5.333333333333462,False
1.818,199.99999999999977,0.5000000000000009,5.333333333333613,False
1.8185,200.00000000000006,0.5000000000000007,5.3333333333337,False
1.819,200.00000000000023,0.49999999999999856,5.333333333333516,False
1.8195000000000001,200.00000000000023,0.49999999999999845,5.333333333333303,False
1.82,200.00000000000023,0.4999999999999992,5.33333333333317,False
1.8205,200.00000000000017,0.4999999999999992,5.333333333333037,False
1.821,199.9999999999999,0.49999999999999967,5.333333333332993,False
1.8215000000000001,199.99999999999977,0.5000000000000017,5.333333333333208,False
1.822,199.99999999999977,0.5000000000000013,5.333333333333403,False
1.8225,199.99999999999977,0.5000000000000009,5.333333333333545,False
1.823,199.99999999999994,0.5000000000000009,5.333333333333676,False
1.8235000000000001,200.00000000000023,0.4999999999999995,5.333333333333614,False
1.824,200.00000000000026,0.49999999999999795,5.333333333333348,False
1.8245,200.00000000000026,0.499999999999999,5.333333333333188,False
1.825,200.0000000000002,0.4999999999999991,5.33333333333303,False
1.8255000000000001,199.99999999999991,0.4999999999999996,5.3333333333329715,False
1.826,199.99999999999977,0.5000000000000016,5.333333333333175,False
1.8265,199.99999999999977,0.5000000000000014,5.33333333333337,False
1.827,199.99999999999977,0.5000000000000009,5.3333333333335124,False
1.8275000000000001,199.9999999999999,0.5000000000000009,5.333333333333649,False
1.828,200.00000000000017,0.49999999999999983,5.333333333333623,False
1.8285,200.00000000000023,0.49999999999999817,5.3333333333333925,False
1.829,200.00000000000023,0.49999999999999895,5.333333333333224,False
1.8295000000000001,200.00000000000023,0.4999999999999992,5.333333333333091,False
1.83,200.0,0.4999999999999992,5.333333333332978,False
1.8305,199.99999999999977,0.500000000000001,5.33333333333311,False
1.831,199.99999999999977,0.5000000000000019,5.333333333333359,False
1.8315000000000001,199.99999999999977,0.5000000000000009,5.333333333333501,False
1.832,199.99999999999986,0.5000000000000009,5.33333333333364,False
1.8325,200.00000000000014,0.5000000000000001,5.333333333333656,False
1.833,200.00000000000023,0.4999999999999983,5.333333333333428,False
1.8335000000000001,200.00000000000023,0.49999999999999883,5.333333333333259,False
1.834,200.00000000000023,0.4999999999999992,5.333333333333126,False
1.8345,200.00000000000009,0.4999999999999992,5.333333333333,False
1.835,199.9999999999998,0.5000000000000003,5.333333333333048,False
1.8355000000000001,199.99999999999977,0.5000000000000019,5.333333333333296,False
1.836,199.99999999999977,0.500000000000001,5.333333333333456,False
1.8365,199.99999999999977,0.5000000000000009,5.333333333333598,False
1.837,200.00000000000006,0.5000000000000009,5.333333333333707,False
1.8375000000000001,200.00000000000026,0.49999999999999856,5.3333333333335196,False
1.838,200.00000000000026,0.4999999999999982,5.33333333333328,False
1.8385,200.00000000000026,0.4999999999999991,5.33333333333312,False
1.839,200.00000000000009,0.4999999999999991,5.333333333332974,False
1.8395000000000001,199.9999999999998,0.5000000000000004,5.333333333333029,False
1.84,199.99999999999974,0.5000000000000019,5.333333333333284,False
1.8405,199.99999999999974,0.5000000000000011,5.333333333333462,False
1.841,199.99999999999977,0.5000000000000009,5.333333333333613,False
1.8415000000000001,200.00000000000006,0.5000000000000007,5.3333333333337,False
1.842,200.00000000000023,0.49999999999999856,5.333333333333516,False
1.8425,200.00000000000023,0.49999999999999845,5.333333333333303,False
1.843,200.00000000000023,0.4999999999999992,5.33333333333317,False
1.8435000000000001,200.00000000000017,0.4999999999999992,5.333333333333037,False
1.844,199.9999999999999,0.49999999999999967,5.333333333332993,False
1.8445,199.99999999999977,0.5000000000000017,5.333333333333208,False
1.845,199.99999999999977,0.5000000000000013,5.333333333333403,False
1.8455000000000001,199.99999999999977,0.5000000000000009,5.333333333333545,False
1.846,199.99999999999994,0.5000000000000009,5.333333333333676,False
1.8465,200.00000000000023,0.4999999999999995,5.333333333333614,False
1.847,200.00000000000026,0.49999999999999795,5.333333333333348,False
1.8475000000000001,200.00000000000026,0.499999999999999,5.333333333333188,False
1.848,200.0000000000002,0.4999999999999991,5.33333333333303,False
1.8485,199.99999999999991,0.4999999999999996,5.3333333333329715,False
1.849,199.99999999999977,0.5000000000000016,5.333333333333175,False
1.8495000000000001,199.99999999999977,0.5000000000000014,5.33333333333337,False
1.85,199.99999999999977,0.5000000000000009,5.3333333333335124,False
1.8505,199.9999999999999,0.5000000000000009,5.333333333333649,False
1.851,200.00000000000017,0.49999999999999983,5.333333333333623,False
1.8515000000000001,200.00000000000023,0.49999999999999817,5.3333333333333925,False
1.852,200.00000000000023,0.49999999999999895,5.333333333333224,False
1.8525,200.00000000000023,0.4999999999999992,5.333333333333091,False
1.853,200.0,0.4999999999999992,5.333333333332978,False
1.8535000000000001,199.99999999999977,0.500000000000001,5.33333333333311,False
1.854,199.99999999999977,0.5000000000000019,5.333333333333359,False
1.8545,199.99999999999977,0.5000000000000009,5.333333333333501,False
1.855,199.99999999999986,0.5000000000000009,5.33333333333364,False
1.8555000000000001,200.00000000000014,0.5000000000000001,5.333333333333656,False
1.856,200.00000000000023,0.4999999999999983,5.333333333333428,False
1.8565,200.00000000000023,0.49999999999999883,5.333333333333259,False
1.857,200.00000000000023,0.4999999999999992,5.333333333333126,False
1.8575,200.00000000000009,0.4999999999999992,5.333333333333,False
1.858,199.9999999999998,0.5000000000000003,5.333333333333048,False
1.8585,199.99999999999977,0.5000000000000019,5.333333333333296,False
1.859,199.99999999999977,0.500000000000001,5.333333333333456,False
1.8595,199.99999999999977,0.5000000000000009,5.333333333333598,False
1.86,200.00000000000006,0.5000000000000009,5.333333333333707,False
1.8605,200.00000000000026,0.49999999999999856,5.3333333333335196,False
1.861,200.00000000000026,0.4999999999999982,5.33333333333328,False
1.8615,200.00000000000026,0.4999999999999991,5.33333333333312,False
1.862,200.00000000000009,0.4999999999999991,5.333333333332974,False
1.8625,199.9999999999998,0.5000000000000004,5.333333333333029,False
1.863,199.99999999999974,0.5000000000000019,5.333333333333284,False
1.8635,199.99999999999974,0.5000000000000011,5.333333333333462,False
1.864,199.99999999999977,0.5000000000000009,5.333333333333613,False
1.8645,200.00000000000006,0.5000000000000007,5.3333333333337,False
1.865,200.00000000000023,0.49999999999999856,5.333333333333516,False
1.8655,200.00000000000023,0.49999999999999845,5.333333333333303,False
1.866,200.00000000000023,0.4999999999999992,5.33333333333317,False
1.8665,200.00000000000017,0.4999999999999992,5.333333333333037,False
1.867,199.9999999999999,0.49999999999999967,5.333333333332993,False
1.8675,199.99999999999977,0.5000000000000017,5.333333333333208,False
1.868,199.99999999999977,0.5000000000000013,5.333333333333403,False
1.8685,199.99999999999977,0.5000000000000009,5.333333333333545,False
1.869,199.99999999999994,0.5000000000000009,5.333333333333676,False
1.8695,200.00000000000023,0.4999999999999995,5.333333333333614,False
1.87,200.00000000000026,0.49999999999999795,5.333333333333348,False
1.8705,200.00000000000026,0.499999999999999,5.333333333333188,False
1.871,200.0000000000002,0.4999999999999991,5.33333333333303,False
1.8715,199.99999999999991,0.4999999999999996,5.3333333333329715,False
1.872,199.99999999999977,0.5000000000000016,5.333333333333175,False
1.8725,199.99999999999977,0.5000000000000014,5.33333333333337,False
1.873,199.99999999999977,0.5000000000000009,5.3333333333335124,False
1.8735,199.9999999999999,0.5000000000000009,5.333333333333649,False
1.874,200.00000000000017,0.49999999999999983,5.333333333333623,False
1.8745,200.00000000000023,0.49999999999999817,5.3333333333333925,False
1.875,200.00000000000023,0.49999999999999895,5.333333333333224,False
1.8755,200.00000000000023,0.4999999999999992,5.333333333333091,False
1.8760000000000001,200.0,0.4999999999999992,5.333333333332978,False
1.8765,199.99999999999977,0.500000000000001,5.33333333333311,False
1.877,199.99999999999977,0.5000000000000019,5.333333333333359,False
1.8775,199.99999999999977,0.5000000000000009,5.333333333333501,False
1.8780000000000001,199.99999999999986,0.5000000000000009,5.33333333333364,False
1.8785,200.00000000000014,0.5000000000000001,5.333333333333656,False
1.879,200.00000000000023,0.4999999999999983,5.333333333333428,False
1.8795,200.00000000000023,0.49999999999999883,5.333333333333259,False
1.8800000000000001,200.00000000000023,0.4999999999999992,5.333333333333126,False
1.8805,200.00000000000009,0.4999999999999992,5.333333333333,False
1.881,199.9999999999998,0.5000000000000003,5.333333333333048,False
1.8815,199.99999999999977,0.5000000000000019,5.333333333333296,False
1.8820000000000001,199.99999999999977,0.500000000000001,5.333333333333456,False
1.8825,199.99999999999977,0.5000000000000009,5.333333333333598,False
1.883,200.00000000000006,0.5000000000000009,5.333333333333707,False
1.8835,200.00000000000026,0.49999999999999856,5.3333333333335196,False
1.8840000000000001,200.00000000000026,0.4999999999999982,5.33333333333328,False
1.8845,200.00000000000026,0.4999999999999991,5.33333333333312,False
1.885,200.00000000000009,0.4999999999999991,5.333333333332974,False
1.8855,199.9999999999998,0.5000000000000004,5.333333333333029,False
1.8860000000000001,199.99999999999974,0.5000000000000019,5.333333333333284,False
1.8865,199.99999999999974,0.5000000000000011,5.333333333333462,False
1.887,199.99999999999977,0.5000000000000009,5.333333333333613,False
1.8875,200.00000000000006,0.5000000000000007,5.3333333333337,False
1.8880000000000001,200.00000000000023,0.49999999999999856,5.333333333333516,False
1.8885,200.00000000000023,0.49999999999999845,5.333333333333303,False
1.889,200.00000000000023,0.4999999999999992,5.33333333333317,False
1.8895,200.00000000000017,0.4999999999999992,5.333333333333037,False
1.8900000000000001,199.9999999999999,0.49999999999999967,5.333333333332993,False
1.8905,199.99999999999977,0.5000000000000017,5.333333333333208,False
1.891,199.99999999999977,0.5000000000000013,5.333333333333403,False
1.8915,199.99999999999977,0.5000000000000009,5.333333333333545,False
1.8920000000000001,199.99999999999994,0.5000000000000009,5.333333333333676,False
1.8925,200.00000000000023,0.4999999999999995,5.333333333333614,False
1.893,200.00000000000026,0.49999999999999795,5.333333333333348,False
1.8935,200.00000000000026,0.499999999999999,5.333333333333188,False
1.8940000000000001,200.0000000000002,0.4999999999999991,5.33333333333303,False
1.8945,199.99999999999991,0.4999999999999996,5.3333333333329715,False
1.895,199.99999999999977,0.5000000000000016,5.333333333333175,False
1.8955,199.99999999999977,0.5000000000000014,5.33333333333337,False
1.8960000000000001,199.99999999999977,0.5000000000000009,5.3333333333335124,False
1.8965,199.9999999999999,0.5000000000000009,5.333333333333649,False
1.897,200.00000000000017,0.49999999999999983,5.333333333333623,False
1.8975,200.00000000000023,0.49999999999999817,5.3333333333333925,False
1.8980000000000001,200.00000000000023,0.49999999999999895,5.333333333333224,False
1.8985,200.00000000000023,0.4999999999999992,5.333333333333091,False
1.899,200.0,0.4999999999999992,5.333333333332978,False
1.8995,199.99999999999977,0.500000000000001,5.33333333333311,False
1.9000000000000001,199.99999999999977,0.5000000000000019,5.333333333333359,False
1.9005,199.99999999999977,0.5000000000000009,5.333333333333501,False
1.901,199.99999999999986,0.5000000000000009,5.33333333333364,False
1.9015,200.00000000000014,0.5000000000000001,5.333333333333656,False
1.9020000000000001,200.00000000000023,0.4999999999999983,5.333333333333428,False
1.9025,200.00000000000023,0.49999999999999883,5.333333333333259,False
1.903,200.00000000000023,0.4999999999999992,5.333333333333126,False
1.9035,200.00000000000009,0.4999999999999992,5.333333333333,False
1.9040000000000001,199.9999999999998,0.5000000000000003,5.333333333333048,False
1.9045,199.99999999999977,0.5000000000000019,5.333333333333296,False
1.905,199.99999999999977,0.500000000000001,5.333333333333456,False
1.9055,199.99999999999977,0.5000000000000009,5.333333333333598,False
1.9060000000000001,200.00000000000006,0.5000000000000009,5.333333333333707,False
1.9065,200.00000000000026,0.49999999999999856,5.3333333333335196,False
1.907,200.00000000000026,0.4999999999999982,5.33333333333328,False
1.9075,200.00000000000026,0.4999999999999991,5.33333333333312,False
1.9080000000000001,200.00000000000009,0.4999999999999991,5.333333333332974,False
1.9085,199.9999999999998,0.5000000000000004,5.333333333333029,False
1.909,199.99999999999974,0.5000000000000019,5.333333333333284,False
1.9095,199.99999999999974,0.5000000000000011,5.333333333333462,False
1.9100000000000001,199.99999999999977,0.5000000000000009,5.333333333333613,False
1.9105,200.00000000000006,0.5000000000000007,5.3333333333337,False
1.911,200.00000000000023,0.49999999999999856,5.333333333333516,False
1.9115,200.00000000000023,0.49999999999999845,5.333333333333303,False
1.9120000000000001,200.00000000000023,0.4999999999999992,5.33333333333317,False
1.9125,200.00000000000017,0.4999999999999992,5.333333333333037,False
1.913,199.9999999999999,0.49999999999999967,5.333333333332993,False
1.9135,199.99999999999977,0.5000000000000017,5.333333333333208,False
1.9140000000000001,199.99999999999977,0.5000000000000013,5.333333333333403,False
1.9145,199.99999999999977,0.5000000000000009,5.333333333333545,False
1.915,199.99999999999994,0.5000000000000009,5.333333333333676,False
1.9155,200.00000000000023,0.4999999999999995,5.333333333333614,False
1.9160000000000001,200.00000000000026,0.49999999999999795,5.333333333333348,False
1.9165,200.00000000000026,0.499999999999999,5.333333333333188,False
1.917,200.0000000000002,0.4999999999999991,5.33333333333303,False
1.9175,199.99999999999991,0.4999999999999996,5.3333333333329715,False
1.9180000000000001,199.99999999999977,0.5000000000000016,5.333333333333175,False
1.9185,199.99999999999977,0.5000000000000014,5.33333333333337,False
1.919,199.99999999999977,0.5000000000000009,5.3333333333335124,False
1.9195,199.9999999999999,0.5000000000000009,5.333333333333649,False
1.92,200.00000000000017,0.49999999999999983,5.333333333333623,False
1.9205,200.00000000000023,0.49999999999999817,5.3333333333333925,False
1.921,200.00000000000023,0.49999999999999895,5.333333333333224,False
1.9215,200.00000000000023,0.4999999999999992,5.333333333333091,False
1.922,200.0,0.4999999999999992,5.333333333332978,False
1.9225,199.99999999999977,0.500000000000001,5.33333333333311,False
1.923,199.99999999999977,0.5000000000000019,5.333333333333359,False
1.9235,199.99999999999977,0.5000000000000009,5.333333333333501,False
1.924,199.99999999999986,0.5000000000000009,5.33333333333364,False
1.9245,200.00000000000014,0.5000000000000001,5.333333333333656,False
1.925,200.00000000000023,0.4999999999999983,5.333333333333428,False
1.9255,200.00000000000023,0.49999999999999883,5.333333333333259,False
1.926,200.00000000000023,0.4999999999999992,5.333333333333126,False
1.9265,200.00000000000009,0.4999999999999992,5.333333333333,False
1.927,199.9999999999998,0.5000000000000003,5.333333333333048,False
1.9275,199.99999999999977,0.5000000000000019,5.333333333333296,False
1.928,199.99999999999977,0.500000000000001,5.333333333333456,False
1.9285,199.99999999999977,0.5000000000000009,5.333333333333598,False
1.929,200.00000000000006,0.5000000000000009,5.333333333333707,False
1.9295,200.00000000000026,0.49999999999999856,5.3333333333335196,False
1.93,200.00000000000026,0.4999999999999982,5.33333333333328,False
1.9305,200.00000000000026,0.4999999999999991,5.33333333333312,False
1.931,200.00000000000009,0.4999999999999991,5.333333333332974,False
1.9315,199.9999999999998,0.5000000000000004,5.333333333333029,False
1.932,199.99999999999974,0.5000000000000019,5.333333333333284,False
1.9325,199.99999999999974,0.5000000000000011,5.333333333333462,False
1.933,199.99999999999977,0.5000000000000009,5.333333333333613,False
1.9335,200.00000000000006,0.5000000000000007,5.3333333333337,False
1.934,200.00000000000023,0.49999999999999856,5.333333333333516,False
1.9345,200.00000000000023,0.49999999999999845,5.333333333333303,False
1.935,200.00000000000023,0.4999999999999992,5.33333333333317,False
1.9355,200.00000000000017,0.4999999999999992,5.333333333333037,False
1.936,199.9999999999999,0.49999999999999967,5.333333333332993,False
1.9365,199.99999999999977,0.5000000000000017,5.333333333333208,False
1.937,199.99999999999977,0.5000000000000013,5.333333333333403,False
1.9375,199.99999999999977,0.5000000000000009,5.333333333333545,False
1.938,199.99999999999994,0.5000000000000009,5.333333333333676,False
1.9385000000000001,200.00000000000023,0.4999999999999995,5.333333333333614,False
1.939,200.00000000000026,0.49999999999999795,5.333333333333348,False
1.9395,200.00000000000026,0.499999999999999,5.333333333333188,False
1.94,200.0000000000002,0.4999999999999991,5.33333333333303,False
1.9405000000000001,199.99999999999991,0.4999999999999996,5.3333333333329715,False
1.941,199.99999999999977,0.5000000000000016,5.333333333333175,False
1.9415,199.99999999999977,0.5000000000000014,5.33333333333337,False
1.942,199.99999999999977,0.5000000000000009,5.3333333333335124,False
1.9425000000000001,199.9999999999999,0.5000000000000009,5.333333333333649,False
1.943,200.00000000000017,0.49999999999999983,5.333333333333623,False
1.9435,200.00000000000023,0.49999999999999817,5.3333333333333925,False
1.944,200.00000000000023,0.49999999999999895,5.333333333333224,False
1.9445000000000001,200.00000000000023,0.4999999999999992,5.333333333333091,False
1.945,200.0,0.4999999999999992,5.333333333332978,False
1.9455,199.99999999999977,0.500000000000001,5.33333333333311,False
1.946,199.99999999999977,0.5000000000000019,5.333333333333359,False
1.9465000000000001,199.99999999999977,0.5000000000000009,5.333333333333501,False
1.947,199.99999999999986,0.5000000000000009,5.33333333333364,False
1.9475,200.00000000000014,0.5000000000000001,5.333333333333656,False
1.948,200.00000000000023,0.4999999999999983,5.333333333333428,False
1.9485000000000001,200.00000000000023,0.49999999999999883,5.333333333333259,False
1.949,200.00000000000023,0.4999999999999992,5.333333333333126,False
1.9495,200.00000000000009,0.4999999999999992,5.333333333333,False
1.95,199.9999999999998,0.5000000000000003,5.333333333333048,False
1.9505000000000001,199.99999999999977,0.5000000000000019,5.333333333333296,False
1.951,199.99999999999977,0.500000000000001,5.333333333333456,False
1.9515,199.99999999999977,0.5000000000000009,5.333333333333598,False
1.952,200.00000000000006,0.5000000000000009,5.333333333333707,False
1.9525000000000001,200.00000000000026,0.49999999999999856,5.3333333333335196,False
1.953,200.00000000000026,0.4999999999999982,5.33333333333328,False
1.9535,200.00000000000026,0.4999999999999991,5.33333333333312,False
1.954,200.00000000000009,0.4999999999999991,5.333333333332974,False
1.9545000000000001,199.9999999999998,0.5000000000000004,5.333333333333029,False
1.955,199.99999999999974,0.5000000000000019,5.333333333333284,False
1.9555,199.99999999999974,0.5000000000000011,5.333333333333462,False
1.956,199.99999999999977,0.5000000000000009,5.333333333333613,False
1.9565000000000001,200.00000000000006,0.5000000000000007,5.3333333333337,False
1.957,200.00000000000023,0.49999999999999856,5.333333333333516,False
1.9575,200.00000000000023,0.49999999999999845,5.333333333333303,False
1.958,200.00000000000023,0.4999999999999992,5.33333333333317,False
1.9585000000000001,200.00000000000017,0.4999999999999992,5.333333333333037,False
1.959,199.9999999999999,0.49999999999999967,5.333333333332993,False
1.9595,199.99999999999977,0.5000000000000017,5.333333333333208,False
1.96,199.99999999999977,0.5000000000000013,5.333333333333403,False
1.9605000000000001,199.99999999999977,0.5000000000000009,5.333333333333545,False
1.961,199.99999999999994,0.5000000000000009,5.333333333333676,False
1.9615,200.00000000000023,0.4999999999999995,5.333333333333614,False
1.962,200.00000000000026,0.49999999999999795,5.333333333333348,False
1.9625000000000001,200.00000000000026,0.499999999999999,5.333333333333188,False
1.963,200.0000000000002,0.4999999999999991,5.33333333333303,False
1.9635,199.99999999999991,0.4999999999999996,5.3333333333329715,False
1.964,199.99999999999977,0.5000000000000016,5.333333333333175,False
1.9645000000000001,199.99999999999977,0.5000000000000014,5.33333333333337,False
1.965,199.99999999999977,0.5000000000000009,5.3333333333335124,False
1.9655,199.9999999999999,0.5000000000000009,5.333333333333649,False
1.966,200.00000000000017,0.49999999999999983,5.333333333333623,False
1.9665000000000001,200.00000000000023,0.49999999999999817,5.3333333333333925,False
1.967,200.00000000000023,0.49999999999999895,5.333333333333224,False
1.9675,200.00000000000023,0.4999999999999992,5.333333333333091,False
1.968,200.0,0.4999999999999992,5.333333333332978,False
1.9685000000000001,199.99999999999977,0.500000000000001,5.33333333333311,False
1.969,199.99999999999977,0.5000000000000019,5.333333333333359,False
1.9695,199.99999999999977,0.5000000000000009,5.333333333333501,False
1.97,199.99999999999986,0.5000000000000009,5.33333333333364,False
1.9705000000000001,200.00000000000014,0.5000000000000001,5.333333333333656,False
1.971,200.00000000000023,0.4999999999999983,5.333333333333428,False
1.9715,200.00000000000023,0.49999999999999883,5.333333333333259,False
1.972,200.00000000000023,0.4999999999999992,5.333333333333126,False
1.9725000000000001,200.00000000000009,0.4999999999999992,5.333333333333,False
1.973,199.9999999999998,0.5000000000000003,5.333333333333048,False
1.9735,199.99999999999977,0.5000000000000019,5.333333333333296,False
1.974,199.99999999999977,0.500000000000001,5.333333333333456,False
1.9745000000000001,199.99999999999977,0.5000000000000009,5.333333333333598,False
1.975,200.00000000000006,0.5000000000000009,5.333333333333707,False
1.9755,200.00000000000026,0.49999999999999856,5.3333333333335196,False
1.976,200.00000000000026,0.4999999999999982,5.33333333333328,False
1.9765000000000001,200.00000000000026,0.4999999999999991,5.33333333333312,False
1.977,200.00000000000009,0.4999999999999991,5.333333333332974,False
1.9775,199.9999999999998,0.5000000000000004,5.333333333333029,False
1.978,199.99999999999974,0.5000000000000019,5.333333333333284,False
1.9785000000000001,199.99999999999974,0.5000000000000011,5.333333333333462,False
1.979,199.99999999999977,0.5000000000000009,5.333333333333613,False
1.9795,200.00000000000006,0.5000000000000007,5.3333333333337,False
1.98,200.00000000000023,0.49999999999999856,5.333333333333516,False
1.9805000000000001,200.00000000000023,0.49999999999999845,5.333333333333303,False
1.981,200.00000000000023,0.4999999999999992,5.33333333333317,False
1.9815,200.00000000000017,0.4999999999999992,5.333333333333037,False
1.982,199.9999999999999,0.49999999999999967,5.333333333332993,False
1.9825000000000002,199.99999999999977,0.5000000000000017,5.333333333333208,False
1.983,199.99999999999977,0.5000000000000013,5.333333333333403,False
1.9835,199.99999999999977,0.5000000000000009,5.333333333333545,False
1.984,199.99999999999994,0.5000000000000009,5.333333333333676,False
1.9845,200.00000000000023,0.4999999999999995,5.333333333333614,False
1.985,200.00000000000026,0.49999999999999795,5.333333333333348,False
1.9855,200.00000000000026,0.499999999999999,5.333333333333188,False
1.986,200.0000000000002,0.4999999999999991,5.33333333333303,False
1.9865,199.99999999999991,0.4999999999999996,5.3333333333329715,False
1.987,199.99999999999977,0.5000000000000016,5.333333333333175,False
1.9875,199.99999999999977,0.5000000000000014,5.33333333333337,False
1.988,199.99999999999977,0.5000000000000009,5.3333333333335124,False
1.9885,199.9999999999999,0.5000000000000009,5.333333333333649,False
1.989,200.00000000000017,0.49999999999999983,5.333333333333623,False
1.9895,200.00000000000023,0.49999999999999817,5.3333333333333925,False
1.99,200.00000000000023,0.49999999999999895,5.333333333333224,False
1.9905,200.00000000000023,0.4999999999999992,5.333333333333091,False
1.991,200.0,0.4999999999999992,5.333333333332978,False
1.9915,199.99999999999977,0.500000000000001,5.33333333333311,False
1.992,199.99999999999977,0.5000000000000019,5.333333333333359,False
1.9925,199.99999999999977,0.5000000000000009,5.333333333333501,False
1.993,199.99999999999986,0.5000000000000009,5.33333333333364,False
1.9935,200.00000000000014,0.5000000000000001,5.333333333333656,False
1.994,200.00000000000023,0.4999999999999983,5.333333333333428,False
1.9945,200.00000000000023,0.49999999999999883,5.333333333333259,False
1.995,200.00000000000023,0.4999999999999992,5.333333333333126,False
1.9955,200.00000000000009,0.4999999999999992,5.333333333333,False
1.996,199.9999999999998,0.5000000000000003,5.333333333333048,False
1.9965,199.99999999999977,0.5000000000000019,5.333333333333296,False
1.997,199.99999999999977,0.500000000000001,5.333333333333456,False
1.9975,199.99999999999977,0.5000000000000009,5.333333333333598,False
1.998,200.00000000000006,0.5000000000000009,5.333333333333707,False
1.9985,200.00000000000026,0.49999999999999856,5.3333333333335196,False
1.999,200.00000000000026,0.4999999999999982,5.33333333333328,False
1.9995,200.00000000000026,0.4999999999999991,5.33333333333312,False
2.0,200.00000000000009,0.4999999999999991,5.333333333332974,False
