time_s,output_voltage_V,duty_cycle,inductor_current_A,bound_hit
0.0005,200.2512135969379,0.5146728157997131,9.45188315321905,False
0.001,201.05197144785436,0.5046094655990601,9.754377866077723,False
0.0015,201.74280620491058,0.49275144934654236,8.662315419206882,False
0.002,201.7536419913778,0.49008628726005554,7.208422268433454,False
0.0025,201.25979728050618,0.5033904910087585,7.173177966938327,False
0.003,200.93733200672125,0.5114706158638,8.061456152184633,False
0.0035,201.02669836635704,0.5078301429748535,8.608660193700192,False
0.004,201.26255042707282,0.5006133913993835,8.381573558077239,False
0.0045000000000000005,201.32765142458558,0.4987221956253052,7.924054066949455,False
0.005,201.21296828217564,0.5021129250526428,7.817994029529339,False
0.0055,201.1218299282265,0.5059074759483337,8.12369535620507,False
0.006,201.15607468934064,0.5037485957145691,8.216956718309037,False
0.006500000000000001,201.20485302426098,0.5020378828048706,8.125806155879914,False
0.007,201.20219579867327,0.5020077228546143,8.025804986614862,False
0.0075,201.16551761952596,0.5029585957527161,8.02748634668932,False
0.008,201.1429240552199,0.5035256147384644,8.094268511748174,False
0.0085,201.15164761197445,0.5032579898834229,8.13556376476786,False
0.009000000000000001,201.17129893261426,0.5027248859405518,8.119076667938376,False
0.0095,201.17791422216246,0.5025607347488403,8.082598514507971,False
0.01,201.16949952208705,0.5027973651885986,8.070419940137285,False
0.0105,201.16004471637626,0.503048837184906,8.086062018470928,False
0.011,201.1595036322614,0.5030547380447388,8.103555838086761,False
0.0115,201.1651835575169,0.5028984546661377,8.104507842549735,False
0.012,201.16906759468628,0.5027972459793091,8.09396592520916,False
0.0125,201.16787192449382,0.5028336644172668,8.086792212445882,False
0.013000000000000001,201.16465435665478,0.5029206871986389,8.089024215660173,False
0.0135,201.16340866798046,0.5029519200325012,8.094992457945466,False
0.014,201.1646813431383,0.5029157996177673,8.097282806397994,False
0.0145,201.1662675143514,0.5028735995292664,8.094922086169476,False
0.015,201.16644660249472,0.5028700232505798,8.091976464225601,False
0.0155,201.1655469140115,0.5028949975967407,8.09166175674662,False
0.016,201.16487445007752,0.5029125213623047,8.093326645773683,False
0.0165,201.16502765335923,0.5029078125953674,8.094577535271938,False
0.017,201.16555153957438,0.5028933882713318,8.094276241526607,False
0.0175,201.16577588425986,0.5028877258300781,8.093305195811011,False
0.018000000000000002,201.16558268146107,0.5028932690620422,8.092894166582644,False
0.0185,201.16532170284967,0.5029003620147705,8.09326158545429,False
0.019,201.165283731313,0.5029010772705078,8.093739209685022,False
0.0195,201.16542455776562,0.5028972029685974,8.093809816909117,False
0.02,201.16553758717419,0.5028942823410034,8.093551512944027,False
0.0205,201.1655193790442,0.5028948783874512,8.093341970306797,False
0.021,201.16543681180306,0.5028972029685974,8.093381527393555,False
0.021500000000000002,201.16539636448832,0.5028980374336243,8.093521387377313,False
0.022,201.16542034767542,0.5028974413871765,8.093602669937876,False
0.0225,201.16546375093193,0.5028963088989258,8.093560303301498,False
0.023,201.1654764721503,0.5028960108757019,8.093480589352003,False
0.0235,201.1654547291375,0.5028964281082153,8.093444456651753,False
0.024,201.16542906459821,0.5028971433639526,8.093487023596781,False
0.0245,201.16542737342496,0.5028971433639526,8.09353301719726,False
0.025,201.1654419472799,0.5028967261314392,8.09353495256532,False
0.025500000000000002,201.16545309042525,0.5028965473175049,8.093515472772918,False
0.026000000000000002,201.16545225374188,0.5028964877128601,8.093488641540423,False
0.0265,201.16544305534885,0.502896785736084,8.093493383712085,False
0.027,201.1654402479598,0.5028969645500183,8.093517816832385,False
0.0275,201.16544594521915,0.5028967261314392,8.093517636059017,False
0.028,201.16545000470614,0.5028966665267944,8.093510168292386,False
0.0285,201.16544883594392,0.5028966069221497,8.09349627789057,False
0.029,201.16544489745607,0.5028968453407288,8.093507277442145,False
0.029500000000000002,201.16544586434244,0.502896785736084,8.09351258645524,False
0.03,201.16544840620193,0.5028967261314392,8.09351139213109,False
0.0305,201.1654490601456,0.5028966665267944,8.093503735342221,False
0.031,201.16544679938679,0.5028967261314392,8.093502343502845,False
0.0315,201.1654450788586,0.502896785736084,8.093507513431339,False
0.032,201.1654450909194,0.5028967261314392,8.09350683552199,False
0.0325,201.16544581513327,0.502896785736084,8.09351212651741,False
0.033,201.1654481257589,0.5028967261314392,8.093510973719264,False
0.0335,201.16544858941154,0.5028966665267944,8.093503411404878,False
0.034,201.16544726309533,0.502896785736084,8.093508081770393,False
0.0345,201.1654473800987,0.5028967261314392,8.093506841706102,False
0.035,201.16544791257596,0.502896785736084,8.093511581585542,False
0.035500000000000004,201.1654497656956,0.5028967261314392,8.093509959370989,False
0.036000000000000004,201.16544957051929,0.5028966665267944,8.093502068003556,False
0.0365,201.16544747303843,0.502896785736084,8.093506589052485,False
0.037,201.16544786827967,0.502896785736084,8.09351132288105,False
0.0375,201.16544959275043,0.5028967261314392,8.093509728021594,False
0.038,201.16545035405483,0.5028967261314392,8.093507821242627,False
0.0385,201.16544901436393,0.5028966665267944,8.093499926340831,False
0.039,201.16544586800433,0.502896785736084,8.093504719423837,False
0.0395,201.16544544291202,0.502896785736084,8.093509960060405,False
0.04,201.16544773648135,0.502896785736084,8.093514964696432,False
0.0405,201.16545133627108,0.5028967261314392,8.0935131664764,False
0.041,201.16545264896246,0.5028966665267944,8.093504690260694,False
0.0415,201.16544951125897,0.5028966665267944,8.09349644535902,False
0.042,201.16544560099476,0.5028968453407288,8.093507271637865,False
0.0425,201.16544650501052,0.502896785736084,8.093512411772554,False
0.043000000000000003,201.16544890291019,0.5028967261314392,8.093511074595582,False
0.043500000000000004,201.16544935203027,0.5028966665267944,8.093503318807574,False
0.044,201.16544791338748,0.502896785736084,8.093507811683784,False
0.0445,201.16544783677818,0.5028967261314392,8.093506432609399,False
0.045,201.16544812097354,0.502896785736084,8.09351108902958,False
0.0455,201.16544970423067,0.5028967261314392,8.093509448472958,False
0.046,201.16544925277947,0.5028966665267944,8.093501604869267,False
0.0465,201.16544694529156,0.502896785736084,8.09350623225197,False
0.047,201.16544720283375,0.502896785736084,8.09351111607301,False
0.0475,201.16544887810429,0.5028967261314392,8.093509694651317,False
0.048,201.16544968317322,0.5028967261314392,8.093507961951532,False
0.0485,201.1654484726248,0.5028966665267944,8.093500219364056,False
0.049,201.16544552237582,0.502896785736084,8.09350512386164,False
0.0495,201.1654453337258,0.502896785736084,8.093510421542213,False
0.05,201.16544681263107,0.5028967261314392,8.09350949460898,False
0.0505,201.16544769116197,0.5028967261314392,8.09350827172033,False
0.051000000000000004,201.16544786894715,0.5028967261314392,8.093506916413691,False
0.051500000000000004,201.16544839804334,0.502896785736084,8.093511533866812,False
0.052000000000000005,201.16545018540472,0.5028967261314392,8.09350979794156,False
0.0525,201.16544987186498,0.5028966665267944,8.093501816022805,False
0.053,201.1654454993992,0.5028966665267944,8.09349442474162,False
0.0535,201.165440896435,0.5028968453407288,8.093506346593639,False
0.054,201.165441727507,0.502896785736084,8.093512678231379,False
0.0545,201.16544466855544,0.5028967261314392,8.093512473198171,False
0.055,201.1654472542532,0.5028967261314392,8.093511573859606,False
0.0555,201.1654491594682,0.5028967261314392,8.093510110519045,False
0.056,201.16545015344747,0.5028967261314392,8.093508283287468,False
0.0565,201.16544800716352,0.5028966069221497,8.093494478773591,False
0.057,201.16544321834368,0.5028968453407288,8.09350579383542,False
0.0575,201.16544462896647,0.5028968453407288,8.093517530610649,False
0.058,201.16544874654522,0.5028966665267944,8.093510386306503,False
0.0585,201.16544991684538,0.5028967261314392,8.09350864061222,False
0.059000000000000004,201.16544797360595,0.5028966069221497,8.09349486995445,False
0.059500000000000004,201.1654433878728,0.5028968453407288,8.09350616783985,False
0.06,201.16544391532557,0.502896785736084,8.093511911640647,False
0.0605,201.16544733788908,0.502896785736084,8.093517157805739,False
0.061,201.16545103400483,0.5028966665267944,8.093509385868735,False
0.0615,201.16545043729136,0.5028966665267944,8.093501226396908,False
0.062,201.16544571487924,0.5028966665267944,8.093493737147378,False
0.0625,201.1654418017917,0.5028969049453735,8.09351157959182,False
0.063,201.16544629451388,0.5028968453407288,8.09352328370011,False
0.0635,201.1654532150605,0.5028966665267944,8.093515367364558,False
0.064,201.16545231381136,0.5028964877128601,8.093488512951836,False
0.0645,201.16544198430924,0.5028967261314392,8.09348732092308,False
0.065,201.16543722498847,0.5028970241546631,8.093518331090367,False
0.0655,201.16544344285313,0.5028967261314392,8.093518844371363,False
0.066,201.1654483338792,0.5028966665267944,8.09351190061604,False
0.0665,201.16545031442763,0.5028967261314392,8.093510156454489,False
0.067,201.165450173411,0.5028966665267944,8.093502120355291,False
0.0675,201.1654459310469,0.5028966665267944,8.093494636886268,False
0.068,201.16544139992016,0.5028968453407288,8.093506441201859,False
0.0685,201.16544223655129,0.502896785736084,8.09351264560754,False
0.069,201.1654451175606,0.5028967261314392,8.09351232021731,False
0.0695,201.1654475867251,0.5028967261314392,8.093511322734233,False
0.07,201.16544933509238,0.5028967261314392,8.093509795618958,False
0.07050000000000001,201.16545015293428,0.5028967261314392,8.093507946462605,False
0.07100000000000001,201.165448894462,0.5028966665267944,8.093500091862605,False
0.07150000000000001,201.16544584303477,0.502896785736084,8.093504903106977,False
0.07200000000000001,201.16544551408833,0.502896785736084,8.093510137894397,False
0.0725,201.1654468324496,0.5028967261314392,8.093509185879228,False
0.073,201.16544755126694,0.5028967261314392,8.093507978150297,False
0.0735,201.16544759069623,0.5028967261314392,8.09350667544779,False
0.074,201.16544802014226,0.502896785736084,8.093511375394407,False
0.0745,201.1654497585628,0.5028967261314392,8.093509740611207,False
0.075,201.1654494520195,0.5028966665267944,8.093501865080002,False
0.0755,201.1654472607595,0.502896785736084,8.093506427734965,False
0.076,201.16544759150236,0.502896785736084,8.093511223044846,False
0.0765,201.16544928843595,0.5028967261314392,8.09350970121492,False
0.077,201.16545006192862,0.5028967261314392,8.09350786937637,False
0.0775,201.16544877174724,0.5028966665267944,8.093500041645648,False
0.078,201.165445705064,0.502896785736084,8.093504885653331,False
0.0785,201.16544537893068,0.502896785736084,8.09351015475949,False
0.079,201.1654467174319,0.5028967261314392,8.093509234171139,False
0.0795,201.16544747076057,0.5028967261314392,8.093508050995379,False
0.08,201.16544755433077,0.5028967261314392,8.093506762958667,False
0.0805,201.16544803166622,0.502896785736084,8.093511466005317,False
0.081,201.16544981548563,0.5028967261314392,8.093509822601101,False
0.0815,201.1654495460632,0.5028966665267944,8.093501928083553,False
0.082,201.1654473790452,0.502896785736084,8.093506464047376,False
0.0825,201.165447718304,0.502896785736084,8.093511228556947,False
0.083,201.1654494072631,0.5028967261314392,8.093509675866057,False
0.0835,201.1654501576637,0.5028967261314392,8.093507817076977,False
0.084,201.16544883256145,0.5028966665267944,8.093499969690642,False
0.0845,201.1654457238696,0.502896785736084,8.09350480371249,False
0.085,201.16544535419297,0.502896785736084,8.093510073583538,False
0.0855,201.16544665324972,0.5028967261314392,8.093509164186084,False
0.08600000000000001,201.16544737622033,0.5028967261314392,8.093508000968207,False
0.08650000000000001,201.1654474422328,0.5028967261314392,8.09350673890452,False
0.08700000000000001,201.1654479168,0.502896785736084,8.093511470471642,False
0.08750000000000001,201.16544971268536,0.5028967261314392,8.093509854412954,False
0.088,201.16544946829862,0.5028966665267944,8.09350198257312,False
0.0885,201.16544733579255,0.502896785736084,8.093506533727933,False
0.089,201.16544771440056,0.502896785736084,8.0935113041453,False
0.0895,201.16544944238257,0.5028967261314392,8.09350974751449,False
0.09,201.16545022646702,0.5028967261314392,8.093507875651902,False
0.0905,201.16544892548896,0.5028966665267944,8.093500007932457,False
0.091,201.16544582845964,0.502896785736084,8.093504817129983,False
0.0915,201.16544545674603,0.502896785736084,8.093510060973342,False
0.092,201.1654467406167,0.5028967261314392,8.093509127718246,False
0.0925,201.16544743748247,0.5028967261314392,8.093507945836029,False
0.093,201.16544747005915,0.5028967261314392,8.093506672592879,False
0.0935,201.16544790831495,0.502896785736084,8.093511401745916,False
0.094,201.16544966974476,0.5028967261314392,8.093509792164543,False
0.0945,201.16544939715155,0.5028966665267944,8.093501934673041,False
0.095,201.16544724618487,0.502896785736084,8.093506506035787,False
0.0955,201.1654476182476,0.502896785736084,8.093511299797871,False
0.096,201.16544935219085,0.5028967261314392,8.093509766579569,False
0.0965,201.16545015371292,0.5028967261314392,8.093507915184171,False
0.097,201.16544887916416,0.5028966665267944,8.093500062415774,False
0.0975,201.16544581396676,0.502896785736084,8.093504879241115,False
0.098,201.16544547527926,0.502896785736084,8.093510122562007,False
0.0985,201.16544678909673,0.5028967261314392,8.093509180872944,False
0.099,201.16544750904265,0.5028967261314392,8.093507983896723,False
0.0995,201.1654475550083,0.5028967261314392,8.093506690981362,False
0.1,201.1654479954438,0.502896785736084,8.093511398510927,False
0.1005,201.16544974779956,0.5028967261314392,8.093509768177434,False
0.101,201.16544945628266,0.5028966665267944,8.093501893456274,False
0.1015,201.16544727918432,0.502896785736084,8.093506453254031,False
0.10200000000000001,201.1654476214206,0.502896785736084,8.093511242484205,False
0.10250000000000001,201.16544932575715,0.5028967261314392,8.093509712201978,False
0.10300000000000001,201.16545010169614,0.5028967261314392,8.093507870675737,False
0.10350000000000001,201.165448808794,0.5028966665267944,8.09350003329412,False
0.10400000000000001,201.16544573468173,0.502896785736084,8.0935048689284,False
0.1045,201.16544539746593,0.502896785736084,8.093510131988856,False
0.105,201.16544672273372,0.5028967261314392,8.093509208411172,False
0.1055,201.16544746242553,0.5028967261314392,8.09350802562265,False
0.106,201.1654475337181,0.5028967261314392,8.093506741228866,False
0.1065,201.16544800168586,0.502896785736084,8.093511450636987,False
0.107,201.1654497801914,0.5028967261314392,8.093509815437242,False
0.1075,201.16544951010704,0.5028966665267944,8.09350192987297,False
0.108,201.1654473470663,0.502896785736084,8.093506474371402,False
0.1085,201.16544769433224,0.502896785736084,8.093511245907878,False
0.109,201.16544939421348,0.5028967261314392,8.093509697864025,False
0.1095,201.16545015698503,0.5028967261314392,8.093507840794445,False
0.11,201.16544884408057,0.5028966665267944,8.093499992040497,False
0.1105,201.16544574584796,0.502896785736084,8.093504821848535,False
0.111,201.16544538358318,0.502896785736084,8.09351008526154,False
0.1115,201.16544668611516,0.5028967261314392,8.09350916803979,False
0.112,201.1654474082602,0.5028967261314392,8.09350799666659,False
0.1125,201.16544746934295,0.5028967261314392,8.0935067271726,False
0.113,201.16544793559686,0.502896785736084,8.093511452974985,False
0.1135,201.16544972092595,0.5028967261314392,8.09350983352362,False
0.114,201.1654494651452,0.5028966665267944,8.093501961049652,False
0.1145,201.16544732189067,0.502896785736084,8.093506514352368,False
0.115,201.16544769176468,0.502896785736084,8.093511289364802,False
0.1155,201.16544941410837,0.5028967261314392,8.093509739133628,False
0.116,201.16545019631027,0.5028967261314392,8.093507874614039,False
0.1165,201.16544889736852,0.5028966665267944,8.093500014216511,False
0.117,201.16544580594996,0.502896785736084,8.093504829773464,False
0.11750000000000001,201.1654454426245,0.502896785736084,8.09351007821597,False
0.11800000000000001,201.16544673652334,0.5028967261314392,8.093509147245182,False
0.11850000000000001,201.16544744373263,0.5028967261314392,8.093507965087325,False
0.11900000000000001,201.16544748563112,0.5028967261314392,8.093506689097932,False
0.11950000000000001,201.16544793100937,0.502896785736084,8.093511413439405,False
0.12,201.1654496964924,0.5028967261314392,8.093509797643566,False
0.1205,201.16544942442638,0.5028966665267944,8.093501933363624,False
0.121,201.1654472704673,0.502896785736084,8.093506498249274,False
0.1215,201.165447636477,0.502896785736084,8.093511286672234,False
0.122,201.16544936214976,0.5028967261314392,8.093509749915626,False
0.1225,201.16545015429432,0.5028967261314392,8.093507897199974,False
0.123,201.16544887049065,0.5028966665267944,8.09350004545254,False
0.1235,201.1654457973489,0.502896785736084,8.093504865459424,False
0.124,201.16544545302196,0.502896785736084,8.093510113667698,False
0.1245,201.16544676418184,0.5028967261314392,8.093509177907254,False
0.125,201.16544748473092,0.5028967261314392,8.093507987116347,False
0.1255,201.16544753441457,0.5028967261314392,8.09350669984193,False
0.126,201.16544798113878,0.502896785736084,8.093511411753889,False
0.1265,201.16544974149107,0.5028967261314392,8.093509784007006,False
0.127,201.16544945861386,0.5028966665267944,8.09350190978175,False
0.1275,201.1654472896734,0.502896785736084,8.093506467964923,False
0.128,201.16544763854654,0.502896785736084,8.093511253722163,False
0.1285,201.16544934717723,0.5028967261314392,8.093509718594515,False
0.129,201.16545012456456,0.5028967261314392,8.093507871502542,False
0.1295,201.16544883013864,0.5028966665267944,8.093500028566002,False
0.13,201.16544575178898,0.502896785736084,8.093504859370494,False
0.1305,201.16544540822434,0.502896785736084,8.093510118932318,False
0.131,201.16544672589302,0.5028967261314392,8.093509193609206,False
0.1315,201.1654474577393,0.5028967261314392,8.093508011016063,False
0.132,201.16544752195426,0.5028967261314392,8.09350672869248,False
0.1325,201.16544798450676,0.502896785736084,8.093511441739851,False
0.133,201.16544975992085,0.5028967261314392,8.09350981124723,False
0.1335,201.16544948941765,0.5028966665267944,8.093501930829971,False
0.134,201.1654473286283,0.502896785736084,8.093506480243954,False
0.1345,201.16544768047,0.502896785736084,8.093511255837083,False
0.135,201.16544938661386,0.5028967261314392,8.093509710487227,False
0.1355,201.1654501564938,0.5028967261314392,8.093507854431124,False
0.136,201.16544885061123,0.5028966665267944,8.093500004915148,False
0.1365,201.16544575841263,0.502896785736084,8.093504832321056,False
0.137,201.16544540043856,0.502896785736084,8.093510092035364,False
0.1375,201.1654467050027,0.5028967261314392,8.093509170321422,False
0.138,201.1654474267075,0.5028967261314392,8.093507994257104,False
0.1385,201.1654474849863,0.5028967261314392,8.093506720480706,False
0.139,201.165447946483,0.502896785736084,8.093511442951652,False
0.1395,201.16544972575474,0.5028967261314392,8.093509821528334,False
0.14,201.165449463423,0.5028966665267944,8.093501948666939,False
0.1405,201.16544731397687,0.502896785736084,8.093506503183239,False
0.14100000000000001,201.16544767880768,0.502896785736084,8.093511280820458,False
0.14150000000000001,201.16544939788105,0.5028967261314392,8.093509734257914,False
0.14200000000000002,201.16545017896888,0.5028967261314392,8.093507873956902,False
0.14250000000000002,201.16544888116724,0.5028966665267944,8.09350001777368,False
0.14300000000000002,201.16544579294884,0.502896785736084,8.09350483699863,False
0.14350000000000002,201.16544543442856,0.502896785736084,8.093510088102505,False
0.14400000000000002,201.1654467340857,0.5028967261314392,8.09350915846531,False
0.1445,201.1654474472457,0.5028967261314392,8.093507976169658,False
0.145,201.16544749451768,0.5028967261314392,8.093506698619782,False
0.1455,201.16544794401315,0.502896785736084,8.093511420208777,False
0.146,201.165449711854,0.5028967261314392,8.09350980084762,False
0.1465,201.1654494401201,0.5028966665267944,8.093501932665262,False
0.147,201.16544728446738,0.502896785736084,8.093506493820492,False
0.1475,201.16544764701823,0.502896785736084,8.093511279161259,False
0.148,201.16544936794887,0.5028967261314392,8.093509740353523,False
0.1485,201.16545015470527,0.5028967261314392,8.093507886859957,False
0.149,201.16544886557398,0.5028966665267944,8.093500035681071,False
0.1495,201.16544578784925,0.502896785736084,8.093504857501486,False
0.15,201.16544544025777,0.502896785736084,8.093510108508795,False
0.1505,201.16544674986378,0.5028967261314392,8.093509176152075,False
0.151,201.16544747073357,0.5028967261314392,8.093507988918995,False
0.1515,201.16544752253165,0.5028967261314392,8.09350670489562,False
0.152,201.1654479728544,0.502896785736084,8.0935114193401,False
0.1525,201.16544973779506,0.5028967261314392,8.093509793096562,False
0.153,201.16544945988505,0.5028966665267944,8.093501919173772,False
0.1535,201.16544729564376,0.502896785736084,8.093506476444906,False
0.154,201.16544764834916,0.502896785736084,8.093511260218474,False
0.1545,201.1654493594705,0.5028967261314392,8.093509722313241,False
0.155,201.16545013771466,0.5028967261314392,8.0935078720238,False
0.1555,201.16544884243592,0.5028966665267944,8.093500025890044,False
0.156,201.1654457616695,0.502896785736084,8.093504853908863,False
0.1565,201.16544541446802,0.502896785736084,8.093510111446232,False
0.157,201.16544672777331,0.5028967261314392,8.093509185104255,False
0.1575,201.16544745510615,0.5028967261314392,8.093508002607733,False
0.158,201.16544751524145,0.5028967261314392,8.093506721460345,False
0.1585,201.1654479746637,0.502896785736084,8.093511436589448,False
0.159,201.16544974827957,0.5028967261314392,8.09350980879725,False
0.1595,201.16544947751348,0.5028966665267944,8.093501931338725,False
0.16,201.16544731799806,0.502896785736084,8.093506483583704,False
0.1605,201.16544767245426,0.502896785736084,8.09351126151862,False
0.161,201.1654493821887,0.5028967261314392,8.093509717730416,False
0.1615,201.16545015615287,0.5028967261314392,8.093507862271366,False
0.162,201.16544885431242,0.5028966665267944,8.093500012331345,False
0.1625,201.1654457655947,0.502896785736084,8.093504838368155,False
0.163,201.1654454101044,0.502896785736084,8.093510095964323,False
0.1635,201.16544671585672,0.5028967261314392,8.09350917167142,False
0.164,201.16544743732842,0.5028967261314392,8.093507992908766,False
0.1645,201.16544749401282,0.5028967261314392,8.093506716664276,False
0.165,201.16544795278756,0.502896785736084,8.093511437210006,False
0.1655,201.16544972858364,0.5028967261314392,8.09350981464058,False
0.166,201.16544946248547,0.5028966665267944,8.09350194154321,False
0.1665,201.1654473094728,0.502896785736084,8.093506496744872,False
0.167,201.16544767139155,0.502896785736084,8.093511275881228,False
0.1675,201.16544938856813,0.5028967261314392,8.09350973142162,False
0.168,201.1654501689971,0.5028967261314392,8.093507873544123,False
0.1685,201.16544887183315,0.5028966665267944,8.093500019786498,False
0.169,201.16544578543977,0.502896785736084,8.093504841127064,False
0.1695,201.165445429672,0.502896785736084,8.09351009377095,False
0.17,201.1654467326355,0.5028967261314392,8.093509164912183,False
0.1705,201.16544744921887,0.5028967261314392,8.093507982549278,False
0.171,201.1654474995883,0.5028967261314392,8.093506704112926,False
0.1715,201.1654479514638,0.502896785736084,8.093511424127495,False
0.17200000000000001,201.16544972067612,0.5028967261314392,8.093509802720972,False
0.17250000000000001,201.16544944915003,0.5028966665267944,8.09350193229532,False
0.17300000000000001,201.1654472925391,0.502896785736084,8.09350649130206,False
0.17350000000000002,201.16544765311366,0.502896785736084,8.09351127486353,False
0.17400000000000002,201.1654493713255,0.5028967261314392,8.093509734866805,False
0.17450000000000002,201.16545015498593,0.5028967261314392,8.093507880915068,False
0.17500000000000002,201.1654488627878,0.5028966665267944,8.093500030052384,False
0.17550000000000002,201.1654457824192,0.502896785736084,8.093504852906399,False
0.176,201.165445432938,0.502896785736084,8.093510105516634,False
0.1765,201.16544674163563,0.5028967261314392,8.093509175114,False
0.177,201.16544746267462,0.5028967261314392,8.093507989927403,False
0.1775,201.16544751567503,0.5028967261314392,8.093506707777708,False
0.178,201.16544796805672,0.502896785736084,8.093511423685683,False
0.1785,201.16544973563018,0.5028967261314392,8.093509798315846,False
0.179,201.16544946057604,0.5028966665267944,8.093501924576984,False
0.1795,201.16544729904163,0.502896785736084,8.093506481333119,False
0.18,201.16544765395983,0.502896785736084,8.09351126397373,False
0.1805,201.1654493665256,0.5028967261314392,8.093509724476332,False
0.181,201.16545014527625,0.5028967261314392,8.093507872349997,False
0.1815,201.16544884952071,0.5028966665267944,8.093500024376063,False
0.182,201.16544576737616,0.502896785736084,8.093504850788188,False
0.1825,201.16544541809148,0.502896785736084,8.093510107154108,False
0.183,201.16544672889128,0.5028967261314392,8.09350918021746,False
0.1835,201.1654474536276,0.5028967261314392,8.09350799776741,False
0.184,201.16544751141126,0.5028967261314392,8.09350671728815,False
0.1845,201.16544796902403,0.502896785736084,8.093511433608006,False
0.185,201.16544974159393,0.5028967261314392,8.093509807365017,False
0.1855,201.165449470664,0.5028966665267944,8.093501931607328,False
0.186,201.16544731186923,0.502896785736084,8.093506485482779,False
0.1865,201.16544766781934,0.502896785736084,8.093511264769552,False
0.187,201.16544937961245,0.5028967261314392,8.093509721886546,False
0.1875,201.1654501559233,0.5028967261314392,8.093507866779014,False
0.188,201.16544885640968,0.5028966665267944,8.093500016603269,False
0.1885,201.16544576970003,0.502896785736084,8.093504841859792,False
0.189,201.1654454156474,0.502896785736084,8.093510098242952,False
0.1895,201.16544672209403,0.5028967261314392,8.093509172469476,False
0.19,201.16544744344313,0.5028967261314392,8.093507992154786,False
0.1905,201.165447499221,0.5028967261314392,8.093506714487921,False
0.191,201.1654479564383,0.502896785736084,8.093511433921185,False
0.1915,201.16544973024008,0.5028967261314392,8.093509810685775,False
0.192,201.1654494619765,0.5028966665267944,8.093501937445188,False
0.1925,201.16544730690953,0.502896785736084,8.093506493033813,False
0.193,201.16544766714694,0.502896785736084,8.093511273026365,False
0.1935,201.16544938322363,0.5028967261314392,8.09350972977217,False
0.194,201.16545016326336,0.5028967261314392,8.093507873286896,False
0.1945,201.16544886645593,0.5028966665267944,8.093500020925257,False
0.195,201.16544578110324,0.502896785736084,8.093504843485942,False
0.1955,201.16544542691213,0.502896785736084,8.093510097020822,False
0.196,201.16544673177413,0.5028967261314392,8.093509168616231,False
0.1965,201.1654474503268,0.5028967261314392,8.09350798622147,False
0.197,201.16544750248153,0.5028967261314392,8.093506707281552,False
0.1975,201.1654479557326,0.502896785736084,8.093511426395565,False
0.198,201.16544972574238,0.5028967261314392,8.093509803815687,False
0.1985,201.16544945434526,0.5028966665267944,8.093501932100569,False
0.199,201.16544729719232,0.502896785736084,8.093506489870048,False
0.1995,201.1654476566377,0.502896785736084,8.093511272404516,False
0.2,201.16544937329084,0.5028967261314392,8.093509731718715,False
0.2005,201.16545015517264,0.5028967261314392,8.093507877497359,False
0.201,201.16544886120926,0.5028966665267944,8.093500026810364,False
0.2015,201.1654457793156,0.502896785736084,8.093504850253392,False
0.202,201.16544542874067,0.502896785736084,8.093510103781513,False
0.2025,201.16544673690757,0.5028967261314392,8.093509174500632,False
0.203,201.16544745803515,0.5028967261314392,8.093507990491078,False
0.20350000000000001,201.16544751171904,0.5028967261314392,8.093506709421145,False
0.20400000000000001,201.1654479652788,0.502896785736084,8.093511426174745,False
0.20450000000000002,201.1654497343628,0.5028967261314392,8.093509801312551,False
0.20500000000000002,201.16544946095047,0.5028966665267944,8.093501927685153,False
0.20550000000000002,201.16544730097507,0.502896785736084,8.093506484150593,False
0.20600000000000002,201.16544765717083,0.502896785736084,8.093511266144201,False
0.20650000000000002,201.1654493705742,0.5028967261314392,8.093509725734224,False
0.20700000000000002,201.16545014962406,0.5028967261314392,8.093507872552701,False
0.20750000000000002,201.16544885360207,0.5028966665267944,8.093500023519715,False
0.20800000000000002,201.1654457706717,0.502896785736084,8.093504849005242,False
0.2085,201.16544542019383,0.502896785736084,8.093510104693426,False
0.209,201.16544672955516,0.5028967261314392,8.093509177409837,False
0.2095,201.16544745279785,0.5028967261314392,8.093507994981302,False
0.21,201.165447509226,0.5028967261314392,8.093506714881496,False
0.2105,201.16544796579294,0.502896785736084,8.09351143188241,False
0.211,201.1654497377547,0.5028967261314392,8.093509806528111,False
0.2115,201.16544946672323,0.5028966665267944,8.093501931748062,False
0.212,201.165447308336,0.502896785736084,8.093506486562479,False
0.2125,201.1654476651396,0.502896785736084,8.093511266629562,False
0.213,201.16544937811295,0.5028967261314392,8.09350972427118,False
0.2135,201.16545015577205,0.5028967261314392,8.093507869370471,False
0.214,201.1654488575978,0.5028966665267944,8.093500019063843,False
0.2145,201.16544577204647,0.502896785736084,8.093504843875715,False
0.215,201.1654454188259,0.502896785736084,8.09351009956427,False
0.2155,201.16544672567824,0.5028967261314392,8.093509172940847,False
0.216,201.1654474469635,0.5028967261314392,8.093507991733455,False
0.2165,201.16544750222593,0.5028967261314392,8.093506713246883,False
0.217,201.1654479585521,0.502896785736084,8.093511432037342,False
0.2175,201.1654497312097,0.5028967261314392,8.093509808414996,False
0.218,201.16544946170126,0.5028966665267944,8.093501935087714,False
0.2185,201.16544730545107,0.502896785736084,8.093506490894715,False
0.219,201.1654476647177,0.502896785736084,8.093511271376212,False
0.2195,201.16544938015656,0.5028967261314392,8.093509728812949,False
0.22,201.1654501599664,0.5028967261314392,8.093507873127448,False
0.2205,201.1654488633581,0.5028966665267944,8.093500021569257,False
0.221,201.16544577859878,0.502896785736084,8.09350484483363,False
0.2215,201.16544542531068,0.502896785736084,8.09351009888403,False
0.222,201.16544673126276,0.5028967261314392,8.09350917074444,False
0.2225,201.1654474509483,0.5028967261314392,8.093507988335329,False
0.223,201.16544750413217,0.5028967261314392,8.093506709109448,False
0.2235,201.1654479581783,0.502896785736084,8.093511427708371,False
0.224,201.16544972865185,0.5028967261314392,8.093509804455376,False
0.2245,201.16544945733443,0.5028966665267944,8.093501931999022,False
0.225,201.16544729987504,0.502896785736084,8.09350648905593,False
0.2255,201.16544765867525,0.502896785736084,8.093511270997563,False
0.226,201.16544937443476,0.5028967261314392,8.093509729912395,False
0.2265,201.16545015529454,0.5028967261314392,8.093507875532438,False
0.227,201.16544886031502,0.5028966665267944,8.093500024942946,False
0.2275,201.1654457775416,0.502896785736084,8.093504848721647,False
0.228,201.16544542633366,0.502896785736084,8.09351010277541,False
0.2285,201.16544673419048,0.5028967261314392,8.093509174138541,False
0.229,201.16544745536407,0.5028967261314392,8.093507990806017,False
0.2295,201.1654475094366,0.5028967261314392,8.093506710358348,False
0.23,201.16544796367032,0.502896785736084,8.09351142760056,False
0.2305,201.1654497336211,0.5028967261314392,8.093509803033285,False
0.231,201.16544946115266,0.5028966665267944,8.09350192947326,False
0.2315,201.16544730207536,0.502896785736084,8.09350648577464,False
0.232,201.16544765900872,0.502896785736084,8.09351126739872,False
0.2325,201.16544937289774,0.5028967261314392,8.093509726465614,False
0.233,201.16545015212412,0.5028967261314392,8.093507872677899,False
0.2335,201.16544885595337,0.5028966665267944,8.093500023035382,False
0.234,201.16544577257494,0.502896785736084,8.093504847986507,False
0.23450000000000001,201.16544542141358,0.502896785736084,8.093510103282572,False
0.23500000000000001,201.16544672994888,0.5028967261314392,8.093509175796612,False
0.23550000000000001,201.1654474523323,0.5028967261314392,8.093507993377484,False
0.23600000000000002,201.16544750797917,0.5028967261314392,8.0935067134932,False
0.23650000000000002,201.16544796394157,0.502896785736084,8.093511430883689,False
0.23700000000000002,201.1654497355497,0.5028967261314392,8.09350980603925,False
0.23750000000000002,201.16544946445572,0.5028966665267944,8.09350193182122,False
0.23800000000000002,201.16544730629903,0.502896785736084,8.09350648717641,False
0.23850000000000002,201.16544766359027,0.502896785736084,8.093511267693913,False
0.23900000000000002,201.16544937724032,0.5028967261314392,8.093509725639557,False
0.23950000000000002,201.16545015567414,0.5028967261314392,8.093507870860453,False
0.24,201.16544885827088,0.5028966665267944,8.093500020481205,False
0.2405,201.16544577338775,0.502896785736084,8.09350484503966,False
0.241,201.16544542064878,0.502896785736084,8.093510100330404,False
0.2415,201.16544672773807,0.5028967261314392,8.093509173218989,False
0.242,201.1654474489903,0.5028967261314392,8.0935079914981,False
0.2425,201.16544750395977,0.5028967261314392,8.09350671253912,False
0.243,201.16544795977612,0.502896785736084,8.093511430958145,False
0.2435,201.16544973177707,0.5028967261314392,8.093509807110996,False
0.244,201.1654494615529,0.5028966665267944,8.093501933731385,False
0.2445,201.16544730462107,0.502896785736084,8.093506489661634,False
0.245,201.16544766332726,0.502896785736084,8.093511270422391,False
0.2455,201.16544937839623,0.5028967261314392,8.093509728255201,False
0.246,201.1654501580705,0.5028967261314392,8.093507873029182,False
0.2465,201.16544886157328,0.5028966665267944,8.093500021933446,False
0.247,201.16544577715234,0.502896785736084,8.093504845603691,False
0.2475,201.16544542438155,0.502896785736084,8.093510099952363,False
0.248,201.16544673095956,0.5028967261314392,8.093509171967339,False
0.2485,201.16544745129687,0.5028967261314392,8.093507989552236,False
0.249,201.16544750507393,0.5028967261314392,8.093506710163954,False
0.2495,201.16544795957964,0.502896785736084,8.09351142846825,False
0.25,201.1654497303229,0.5028967261314392,8.093509804829075,False
0.2505,201.16544945905449,0.5028966665267944,8.093501931946593,False
0.251,201.16544730142178,0.502896785736084,8.093506488593091,False
0.2515,201.16544765985344,0.502896785736084,8.093511270192483,False
0.252,201.1654493751006,0.5028967261314392,8.093509728875834,False
0.2525,201.1654501553731,0.5028967261314392,8.093507874402604,False
0.253,201.16544885980852,0.5028966665267944,8.093500023867145,False
0.2535,201.1654457765276,0.502896785736084,8.093504847837137,False
0.254,201.16544542495322,0.502896785736084,8.093510102191946,False
0.2545,201.16544673262888,0.5028967261314392,8.093509173924838,False
0.255,201.16544745382598,0.5028967261314392,8.093507990981797,False
0.2555,201.16544750811943,0.5028967261314392,8.0935067108928,False
0.256,201.1654479627389,0.502896785736084,8.093511428417388,False
0.2565,201.1654497331871,0.5028967261314392,8.093509804021467,False
0.257,201.1654494612615,0.5028966665267944,8.093501930502052,False
0.2575,201.1654473027015,0.502896785736084,8.093506486710845,False
0.258,201.16544766006078,0.502896785736084,8.09351126812387,False
0.2585,201.1654493742314,0.5028967261314392,8.093509726890865,False
0.259,201.1654501535619,0.5028967261314392,8.093507872754863,False
0.2595,201.16544885730812,0.5028966665267944,8.093500022761488,False
0.26,201.16544577367418,0.502896785736084,8.093504847404374,False
0.2605,201.16544542212125,0.502896785736084,8.093510102473568,False
0.261,201.1654467301822,0.5028967261314392,8.093509174869585,False
0.2615,201.16544745207125,0.5028967261314392,8.09350799245416,False
0.262,201.16544750726774,0.5028967261314392,8.093506712692275,False
0.2625,201.16544796288085,0.502896785736084,8.093511430305599,False
0.263,201.1654497342835,0.5028967261314392,8.093509805753648,False
0.2635,201.16544946315116,0.5028966665267944,8.093501931858667,False
0.264,201.1654473051247,0.502896785736084,8.09350648752528,False
0.2645,201.16544766269453,0.502896785736084,8.093511268302766,False
0.265,201.16544937673248,0.5028967261314392,8.093509726424603,False
0.2655,201.16545015561135,0.5028967261314392,8.093507871717001,False
0.266,201.16544885865184,0.5028966665267944,8.09350002129757,False
0.2665,201.16544577415416,0.502896785736084,8.093504845711681,False
0.267,201.16544542169396,0.502896785736084,8.093510100774662,False
0.2675,201.16544672892167,0.5028967261314392,8.093509173383131,False
0.268,201.1654474501572,0.5028967261314392,8.093507991366904,False
0.2685,201.1654475049601,0.5028967261314392,8.093506712135666,False
0.269,201.16544796048478,0.502896785736084,8.093511430340074,False
0.2695,201.165449732109,0.5028967261314392,8.093509806362334,False
0.27,201.16544946147332,0.5028966665267944,8.093501932951199,False
0.2705,201.16544730414887,0.502896785736084,8.093506488950954,False
0.271,201.16544766253148,0.502896785736084,8.093511269871186,False
0.2715,201.1654493773861,0.5028967261314392,8.093509727931021,False
0.272,201.1654501569804,0.5028967261314392,8.093507872968948,False
0.2725,201.16544886054515,0.5028966665267944,8.093500022139345,False
0.273,201.16544577631714,0.502896785736084,8.09350484604364,False
0.2735,201.16544542384264,0.502896785736084,8.093510100564846,False
0.274,201.16544673078002,0.5028967261314392,8.093509172669936,False
0.2745,201.16544745149218,0.5028967261314392,8.093507990252679,False
0.275,201.16544750561113,0.5028967261314392,8.093506710772203,False
0.2755,201.16544796038244,0.502896785736084,8.093511428908004,False
0.276,201.1654497312824,0.5028967261314392,8.093509805047315,False
0.2765,201.16544946004404,0.5028966665267944,8.093501931919912,False
0.277,201.16544730231342,0.502896785736084,8.093506488330073,False
0.2775,201.16544766053454,0.502896785736084,8.093511269731941,False
0.278,201.16544937548792,0.5028967261314392,8.09350972828117,False
0.2785,201.16545015542306,0.5028967261314392,8.093507873753143,False
0.279,201.16544885952183,0.5028966665267944,8.093500023247584,False
0.2795,201.16544577594814,0.502896785736084,8.093504847326537,False
0.28,201.16544542416173,0.502896785736084,8.093510101853703,False
0.2805,201.1654467317317,0.5028967261314392,8.09350917379884,False
0.281,201.16544745294075,0.5028967261314392,8.093507991079761,False
0.28150000000000003,201.16544750735974,0.5028967261314392,8.093506711197403,False
0.28200000000000003,201.16544796219983,0.502896785736084,8.093511428885085,False
0.28250000000000003,201.16544973293333,0.5028967261314392,8.093509804588658,False
0.28300000000000003,201.16544946131964,0.5028966665267944,8.093501931093689,False
0.28350000000000003,201.1654473030576,0.502896785736084,8.093506487250295,False
0.28400000000000003,201.16544766066266,0.502896785736084,8.093511268542827,False
0.28450000000000003,201.16544937499648,0.5028967261314392,8.093509727137983,False
0.28500000000000003,201.16545015438834,0.5028967261314392,8.093507872801968,False
0.28550000000000003,201.16544885808833,0.5028966665267944,8.093500022606733,False
0.28600000000000003,201.1654457743087,0.502896785736084,8.093504847071916,False
0.28650000000000003,201.16544542253158,0.502896785736084,8.093510102009926,False
0.28700000000000003,201.16544673032024,0.5028967261314392,8.093509174337155,False
0.28750000000000003,201.165447451925,0.5028967261314392,8.093507991922891,False
0.28800000000000003,201.16544750686202,0.5028967261314392,8.093506712230484,False
0.2885,201.16544796227328,0.502896785736084,8.093511429971226,False
0.289,201.16544973355644,0.5028967261314392,8.09350980558703,False
0.2895,201.1654494624007,0.5028966665267944,8.093501931877714,False
0.29,201.16544730444784,0.502896785736084,8.093506487723653,False
0.2905,201.16544766217686,0.502896785736084,8.093511268651177,False
0.291,201.1654493764372,0.5028967261314392,8.09350972687506,False
0.2915,201.16545015557185,0.5028967261314392,8.093507872209415,False
0.292,201.16544885886776,0.5028966665267944,8.093500021767705,False
0.2925,201.1654457745923,0.502896785736084,8.093504846099531,False
0.293,201.16544542229332,0.502896785736084,8.09351010103207,False
0.2935,201.16544672960174,0.5028967261314392,8.093509173479735,False
0.294,201.1654474508288,0.5028967261314392,8.09350799129367,False
0.2945,201.16544750553703,0.5028967261314392,8.093506711905595,False
0.295,201.16544796089477,0.502896785736084,8.09351142998607,False
0.2955,201.16544973230287,0.5028967261314392,8.093509805932548,False
0.296,201.1654494614307,0.5028966665267944,8.093501932502509,False
0.2965,201.16544730388023,0.502896785736084,8.093506488541472,False
0.297,201.16544766207613,0.502896785736084,8.093511269552762,False
0.2975,201.1654493768066,0.5028967261314392,8.093509727742681,False
0.298,201.16545015635387,0.5028967261314392,8.093507872932168,False
0.2985,201.1654488599532,0.5028966665267944,8.09350002225567,False
0.299,201.16544577583508,0.502896785736084,8.093504846294877,False
0.2995,201.1654454235303,0.502896785736084,8.093510100915827,False
0.3,201.1654467306739,0.5028967261314392,8.093509173073407,False
0.3005,201.16544745160166,0.5028967261314392,8.09350799065564,False
0.301,201.16544750591757,0.5028967261314392,8.093506711122807,False
0.3015,201.16544796084224,0.502896785736084,8.093511429162254,False
0.302,201.16544973183318,0.5028967261314392,8.093509805174541,False
0.3025,201.16544946061302,0.5028966665267944,8.093501931906427,False
0.303,201.16544730282706,0.502896785736084,8.09350648818058,False
0.3035,201.1654476609279,0.502896785736084,8.093511269468532,False
0.304,201.16544937571297,0.5028967261314392,8.093509727940132,False
0.3045,201.16545015545438,0.5028967261314392,8.093507873379977,False
0.305,201.16544885935943,0.5028966665267944,8.093500022890971,False
0.3055,201.1654457756171,0.502896785736084,8.093504847032008,False
0.306,201.16544542370815,0.502896785736084,8.093510101657827,False
0.3065,201.1654467312164,0.5028967261314392,8.09350917372473,False
0.307,201.16544745243138,0.5028967261314392,8.093507991134405,False
0.3075,201.16544750692165,0.5028967261314392,8.093506711371067,False
0.308,201.1654479618879,0.502896785736084,8.093511429152935,False
0.3085,201.16544973278508,0.5028967261314392,8.093509804914262,False
0.309,201.16544946135065,0.5028966665267944,8.093501931433943,False
0.3095,201.16544730326007,0.502896785736084,8.093506487561132,False
0.31,201.165447661007,0.502896785736084,8.09351126878489,False
0.3105,201.16544937543543,0.5028967261314392,8.093509727281578,False
0.311,201.1654501548634,0.5028967261314392,8.093507872830697,False
0.3115,201.16544885853767,0.5028966665267944,8.093500022519313,False
0.312,201.16544577467502,0.502896785736084,8.093504846882038,False
0.3125,201.16544542276947,0.502896785736084,8.093510101744174,False
0.313,201.16544673040184,0.5028967261314392,8.093509174031324,False
0.3135,201.1654474518431,0.5028967261314392,8.09350799161717,False
0.314,201.16544750663064,0.5028967261314392,8.09350671196419,False
0.3145,201.16544796192528,0.502896785736084,8.093511429777786,False
0.315,201.1654497331391,0.5028967261314392,8.093509805489786,False
0.3155,201.16544946196913,0.5028966665267944,8.093501931887145,False
0.316,201.16544730405786,0.502896785736084,8.093506487836294,False
0.3165,201.1654476618777,0.502896785736084,8.093511268850365,False
0.317,201.16544937626546,0.5028967261314392,8.093509727133364,False
0.3175,201.16545015554692,0.5028967261314392,8.093507872492365,False
0.318,201.16544885898983,0.5028966665267944,8.093500022038382,False
0.3185,201.16544577484254,0.502896785736084,8.093504846323373,False
0.319,201.1654454226368,0.502896785736084,8.093510101181272,False
0.3195,201.1654467299924,0.5028967261314392,8.093509173536663,False
0.32,201.1654474512153,0.5028967261314392,8.093507991252936,False
0.3205,201.16544750586976,0.5028967261314392,8.09350671177451,False
0.321,201.16544796113212,0.502896785736084,8.093511429783389,False
0.3215,201.16544973241633,0.5028967261314392,8.093509805685843,False
0.322,201.16544946140823,0.5028966665267944,8.09350193224443,False
0.3225,201.16544730372757,0.502896785736084,8.093506488305456,False
0.323,201.16544766181565,0.502896785736084,8.093511269368705,False
0.3235,201.1654493764741,0.5028967261314392,8.093509727633164,False
0.324,201.1654501559936,0.5028967261314392,8.093507872909715,False
0.3245,201.16544885961204,0.5028966665267944,8.093500022321342,False
0.325,201.1654457755566,0.502896785736084,8.093504846438377,False
0.3255,201.16544542334896,0.502896785736084,8.093510101117062,False
0.326,201.16544673061102,0.5028967261314392,8.093509173305277,False
0.3265,201.16544745166283,0.5028967261314392,8.093507990887668,False
0.327,201.16544750609225,0.5028967261314392,8.093506711325148,False
0.3275,201.16544796110557,0.502896785736084,8.093511429309519,False
0.328,201.16544973214945,0.5028967261314392,8.09350980524895,False
0.3285,201.16544946094044,0.5028966665267944,8.093501931899945,False
0.329,201.16544730312333,0.502896785736084,8.093506488095738,False
0.3295,201.16544766115553,0.502896785736084,8.093511269317888,False
0.33,201.1654493758441,0.5028967261314392,8.093509727744445,False
0.3305,201.1654501554742,0.5028967261314392,8.093507873165375,False
0.331,201.1654488592677,0.5028966665267944,8.093500022685456,False
0.3315,201.165445775428,0.502896785736084,8.093504846861817,False
0.332,201.16544542344803,0.502896785736084,8.09351010154411,False
0.3325,201.16544673092028,0.5028967261314392,8.093509173680928,False
0.333,201.16544745213807,0.5028967261314392,8.09350799116467,False
0.3335,201.16544750666884,0.5028967261314392,8.093506711469937,False
0.334,201.1654479617073,0.502896785736084,8.093511429306236,False
0.3345,201.1654497326983,0.5028967261314392,8.093509805101117,False
0.335,201.16544946136696,0.5028966665267944,8.093501931629607,False
0.3355,201.16544730337515,0.502896785736084,8.093506487740243,False
0.336,201.16544766120393,0.502896785736084,8.093511268924761,False
0.3365,201.16544937568716,0.5028967261314392,8.09350972736505,False
0.337,201.16545015513643,0.5028967261314392,8.093507872848221,False
0.3375,201.1654488587964,0.5028966665267944,8.093500022470026,False
0.338,201.16544577488645,0.502896785736084,8.093504846773698,False
0.3385,201.16544542290748,0.502896785736084,8.093510101591962,False
0.339,201.16544673045027,0.5028967261314392,8.093509173855727,False
0.3395,201.16544745179755,0.5028967261314392,8.093507991441257,False
0.34,201.16544750649882,0.5028967261314392,8.093506711810601,False
0.3405,201.16544796172607,0.502896785736084,8.093511429665817,False
0.341,201.16544973289953,0.5028967261314392,8.093509805432971,False
0.3415,201.16544946172087,0.5028966665267944,8.093501931891634,False
0.342,201.16544730383302,0.502896785736084,8.093506487900223,False
0.3425,201.1654476617047,0.502896785736084,8.093511268964262,False
0.343,201.1654493761655,0.5028967261314392,8.093509727281528,False
0.3435,201.16545015553126,0.5028967261314392,8.093507872655017,False
0.34400000000000003,201.1654488590587,0.5028966665267944,8.093500022194311,False
0.34450000000000003,201.16544577498536,0.502896785736084,8.093504846452666,False
0.34500000000000003,201.16544542283364,0.502896785736084,8.093510101267858,False
0.34550000000000003,201.16544673021676,0.5028967261314392,8.093509173570313,False
0.34600000000000003,201.1654474514378,0.5028967261314392,8.093507991230439,False
0.34650000000000003,201.16544750606184,0.5028967261314392,8.093506711699927,False
0.34700000000000003,201.16544796126965,0.502896785736084,8.093511429667414,False
0.34750000000000003,201.16544973248276,0.5028967261314392,8.093509805544272,False
0.34800000000000003,201.16544946139658,0.5028966665267944,8.093501932096014,False
0.34850000000000003,201.16544730364103,0.502896785736084,8.093506488169416,False
0.34900000000000003,201.1654476616668,0.502896785736084,8.093511269262269,False
0.34950000000000003,201.16544937628342,0.5028967261314392,8.09350972756941,False
0.35000000000000003,201.16545015578654,0.5028967261314392,8.093507872895943,False
0.35050000000000003,201.1654488594156,0.5028966665267944,8.093500022358267,False
0.35100000000000003,201.16544577539582,0.502896785736084,8.093504846520176,False
0.35150000000000003,201.16544542324368,0.502896785736084,8.093510101232265,False
0.352,201.16544673057368,0.5028967261314392,8.093509173438376,False
0.3525,201.1654474516968,0.5028967261314392,8.093507991021156,False
0.353,201.16544750619167,0.5028967261314392,8.09350671144185,False
0.3535,201.1654479612563,0.502896785736084,8.093511429394768,False
0.354,201.16544973233098,0.5028967261314392,8.093509805292442,False
0.3545,201.16544946112876,0.5028966665267944,8.093501931896963,False
0.355,201.1654473032941,0.502896785736084,8.09350648804765,False
0.3555,201.16544766128717,0.502896785736084,8.093511269231815,False
0.356,201.16544937592047,0.5028967261314392,8.093509727632261,False
0.3565,201.16545015548664,0.5028967261314392,8.09350787304206,False
0.357,201.165448859216,0.5028966665267944,8.093500022567104,False
0.3575,201.16544577532014,0.502896785736084,8.093504846763548,False
0.358,201.16544542329902,0.502896785736084,8.093510101478133,False
0.3585,201.16544673075018,0.5028967261314392,8.093509173655054,False
0.359,201.16544745196921,0.5028967261314392,8.093507991181385,False
0.3595,201.16544750652292,0.5028967261314392,8.093506711526194,False
0.36,201.16544796160255,0.502896785736084,8.093511429393969,False
0.3605,201.16544973264735,0.5028967261314392,8.093509805208393,False
0.361,201.16544946137518,0.5028966665267944,8.09350193174223,False
0.3615,201.1654473034403,0.502896785736084,8.093506487843623,False
0.362,201.16544766131645,0.502896785736084,8.093511269005793,False
0.3625,201.16544937583154,0.5028967261314392,8.093509727413783,False
0.363,201.16545015529348,0.5028967261314392,8.093507872859075,False
0.3635,201.16544885894567,0.5028966665267944,8.093500022442395,False
0.364,201.16544577500895,0.502896785736084,8.093504846711927,False
0.3645,201.16544542298791,0.502896785736084,8.093510101504709,False
0.365,201.16544673047915,0.5028967261314392,8.093509173754757,False
0.3655,201.16544745177225,0.5028967261314392,8.09350799133986,False
0.366,201.16544750642385,0.5028967261314392,8.093506711721831,False
0.3665,201.16544796161205,0.502896785736084,8.093511429600817,False
0.367,201.1654497327619,0.5028967261314392,8.0935098053996,False
0.3675,201.16544946157785,0.5028966665267944,8.093501931893531,False
0.368,201.16544730370316,0.502896785736084,8.0935064879364,False
0.3685,201.16544766160445,0.502896785736084,8.093511269029342,False
0.369,201.16544937610712,0.5028967261314392,8.093509727366527,False
0.3695,201.16545015552134,0.5028967261314392,8.093507872748575,False
0.37,201.16544885909752,0.5028966665267944,8.093500022284212,False
0.3705,201.1654457750669,0.502896785736084,8.093504846527424,False
0.371,201.1654454229465,0.502896785736084,8.093510101318177,False
0.3715,201.16544673034582,0.5028967261314392,8.093509173590231,False
0.372,201.1654474515661,0.5028967261314392,8.09350799121802,False
0.3725,201.16544750617285,0.5028967261314392,8.093506711657449,False
0.373,201.16544796134946,0.502896785736084,8.093511429600973,False
0.3735,201.16544973252178,0.5028967261314392,8.09350980546292,False
0.374,201.1654494613906,0.5028966665267944,8.093501932010527,False
0.3745,201.16544730359175,0.502896785736084,8.09350648809089,False
0.375,201.16544766158157,0.502896785736084,8.093511269200663,False
0.3755,201.16544937617388,0.5028967261314392,8.093509727532295,False
0.376,201.1654501556673,0.5028967261314392,8.093507872887583,False
0.3765,201.16544885930213,0.5028966665267944,8.093500022379144,False
0.377,201.16544577530263,0.502896785736084,8.093504846567013,False
0.3775,201.16544542318243,0.502896785736084,8.093510101298497,False
0.378,201.1654467305515,0.5028967261314392,8.09350917351507,False
0.3785,201.16544745171578,0.5028967261314392,8.093507991098232,False
0.379,201.16544750624848,0.5028967261314392,8.093506711509379,False
0.3795,201.16544796134284,0.502896785736084,8.09351142944427,False
0.38,201.16544973243552,0.5028967261314392,8.09350980531792,False
0.3805,201.16544946123747,0.5028966665267944,8.093501931895641,False
0.381,201.16544730339285,0.502896785736084,8.093506488020264,False
0.3815,201.16544766136346,0.502896785736084,8.093511269182446,False
0.382,201.16544937596498,0.5028967261314392,8.093509727567726,False
0.3825,201.16545015549437,0.5028967261314392,8.09350787297098,False
0.383,201.16544885918668,0.5028966665267944,8.09350002249875,False
0.3835,201.1654457752583,0.502896785736084,8.09350484670666,False
0.384,201.16544542321336,0.502896785736084,8.093510101439797,False
0.3845,201.16544673065218,0.5028967261314392,8.093509173639806,False
0.385,201.16544745187167,0.5028967261314392,8.0935079911907,False
0.3855,201.16544750643845,0.5028967261314392,8.093506711558378,False
0.386,201.16544796154176,0.502896785736084,8.093511429444394,False
0.3865,201.16544973261756,0.5028967261314392,8.093509805270182,False
0.387,201.1654494613796,0.5028966665267944,8.093501931807191,False
0.3875,201.16544730347758,0.502896785736084,8.093506487903324,False
0.388,201.1654476613811,0.502896785736084,8.093511269052675,False
0.3885,201.16544937591476,0.5028967261314392,8.093509727442076,False
0.389,201.1654501553841,0.5028967261314392,8.09350787286552,False
0.3895,201.1654488590318,0.5028966665267944,8.093500022426632,False
0.39,201.1654457750797,0.502896785736084,8.093504846676456,False
0.3905,201.16544542303453,0.502896785736084,8.09351010145451,False
0.391,201.16544673049611,0.5028967261314392,8.09350917369659,False
0.3915,201.165447451758,0.5028967261314392,8.093507991281367,False
0.392,201.16544750638087,0.5028967261314392,8.093506711670534,False
0.3925,201.16544796154645,0.502896785736084,8.093511429563172,False
0.393,201.16544973268267,0.5028967261314392,8.093509805380165,False
0.3935,201.1654494614954,0.5028966665267944,8.093501931894416,False
0.394,201.16544730362816,0.502896785736084,8.09350648795707,False
0.3945,201.16544766154638,0.502896785736084,8.093511269066724,False
0.395,201.16544937607316,0.5028967261314392,8.093509727415462,False
0.3955,201.16545015551537,0.5028967261314392,8.093507872802517,False
0.396,201.1654488591197,0.5028966665267944,8.09350002233611,False
0.3965,201.16544577511368,0.502896785736084,8.093504846570642,False
0.397,201.16544542301145,0.502896785736084,8.093510101347345,False
0.3975,201.16544673042011,0.5028967261314392,8.093509173601893,False
0.398,201.16544745164,0.5028967261314392,8.093507991211062,False
0.3985,201.16544750623692,0.5028967261314392,8.093506711633161,False
0.399,201.16544796139567,0.502896785736084,8.093511429562843,False
0.3995,201.16544973254454,0.5028967261314392,8.09350980541613,False
0.4,201.1654494613875,0.5028966665267944,8.093501931961283,False
0.4005,201.1654473035637,0.502896785736084,8.093506488045572,False
0.401,201.1654476615327,0.502896785736084,8.09351126916502,False
0.4015,201.16544937611093,0.5028967261314392,8.093509727510703,False
0.402,201.16545015559868,0.5028967261314392,8.093507872882528,False
0.4025,201.16544885923688,0.5028966665267944,8.093500022390915,False
0.403,201.16544577524897,0.502896785736084,8.093504846593715,False
0.4035,201.165445423147,0.502896785736084,8.093510101336388,False
0.404,201.16544673053852,0.5028967261314392,8.093509173559038,False
0.4045,201.1654474517264,0.5028967261314392,8.093507991142484,False
0.405,201.16544750628086,0.5028967261314392,8.09350671154822,False
0.4055,201.16544796139232,0.502896785736084,8.093511429472818,False
0.406,201.1654497324954,0.5028967261314392,8.09350980533272,False
0.40650000000000003,201.1654494612998,0.5028966665267944,8.093501931895087,False
0.40700000000000003,201.16544730344964,0.502896785736084,8.09350648800474,False
0.40750000000000003,201.16544766140748,0.502896785736084,8.093511269154263,False
0.40800000000000003,201.16544937599085,0.5028967261314392,8.093509727530769,False
0.40850000000000003,201.16545015549906,0.5028967261314392,8.093507872930191,False
0.40900000000000003,201.16544885917014,0.5028966665267944,8.093500022459464,False
0.40950000000000003,201.165445775223,0.502896785736084,8.093504846673898,False
0.41000000000000003,201.16544542316427,0.502896785736084,8.093510101417644,False
0.41050000000000003,201.16544673059593,0.5028967261314392,8.093509173630885,False
0.41100000000000003,201.16544745181568,0.5028967261314392,8.09350799119589,False
0.41150000000000003,201.16544750638988,0.5028967261314392,8.093506711576708,False
0.41200000000000003,201.1654479615067,0.502896785736084,8.093511429473228,False
0.41250000000000003,201.16544973260028,0.5028967261314392,8.093509805305589,False
0.41300000000000003,201.16544946138185,0.5028966665267944,8.093501931844472,False
0.41350000000000003,201.16544730349875,0.502896785736084,8.093506487937654,False
0.41400000000000003,201.16544766141806,0.502896785736084,8.09351126907969,False
0.41450000000000004,201.16544937596237,0.5028967261314392,8.093509727458464,False
0.41500000000000004,201.1654501554361,0.5028967261314392,8.09350787286939,False
0.41550000000000004,201.16544885908138,0.5028966665267944,8.093500022417734,False
0.41600000000000004,201.16544577512047,0.502896785736084,8.09350484665621,False
0.4165,201.16544542306147,0.502896785736084,8.093510101425752,False
0.417,201.16544673050603,0.5028967261314392,8.093509173663204,False
0.4175,201.16544745175003,0.5028967261314392,8.093507991247739,False
0.418,201.16544750635634,0.5028967261314392,8.093506711641002,False
0.4185,201.1654479615089,0.502896785736084,8.093511429541445,False
0.419,201.1654497326372,0.5028967261314392,8.093509805368871,False
0.4195,201.16544946144802,0.5028966665267944,8.093501931894789,False
0.42,201.16544730358507,0.502896785736084,8.093506487968806,False
0.4205,201.165447661513,0.502896785736084,8.09351126908806,False
0.421,201.16544937605352,0.5028967261314392,8.09350972744345,False
0.4215,201.16545015551173,0.5028967261314392,8.093507872833424,False
0.422,201.16544885913217,0.5028966665267944,8.093500022365896,False
0.4225,201.1654457751404,0.502896785736084,8.093504846595504,False
0.423,201.16544542304857,0.502896785736084,8.09351010136418,False
0.4235,201.1654467304627,0.5028967261314392,8.093509173608714,False
0.424,201.16544745168247,0.5028967261314392,8.0935079912072,False
0.4245,201.16544750627384,0.5028967261314392,8.093506711619328,False
0.425,201.16544796142236,0.502896785736084,8.093511429541017,False
0.4255,201.1654497325578,0.5028967261314392,8.093509805389292,False
0.426,201.16544946138586,0.5028966665267944,8.093501931932993,False
0.4265,201.16544730354772,0.502896785736084,8.0935064880195,False
0.427,201.16544766150474,0.502896785736084,8.093511269144477,False
0.4275,201.1654493760748,0.5028967261314392,8.093509727498219,False
0.428,201.16545015555923,0.5028967261314392,8.093507872879542,False
0.4285,201.16544885919924,0.5028966665267944,8.09350002239761,False
0.429,201.16544577521802,0.502896785736084,8.093504846609033,False
0.4295,201.16544542312653,0.502896785736084,8.093510101358161,False
0.43,201.16544673053096,0.5028967261314392,8.093509173584325,False
0.4305,201.1654474517324,0.5028967261314392,8.093507991167966,False
0.431,201.16544750629942,0.5028967261314392,8.093506711570617,False
0.4315,201.1654479614208,0.502896785736084,8.093511429489302,False
0.432,201.16544973252988,0.5028967261314392,8.093509805341293,False
0.4325,201.16544946133578,0.5028966665267944,8.093501931894801,False
0.433,201.16544730348238,0.502896785736084,8.09350648799582,False
0.4335,201.1654476614329,0.502896785736084,8.093511269138036,False
0.434,201.1654493760058,0.5028967261314392,8.09350972750947,False
0.4345,201.1654501555019,0.5028967261314392,8.093507872906665,False
0.435,201.16544885916065,0.5028966665267944,8.093500022436777,False
0.4355,201.16544577520278,0.502896785736084,8.093504846654946,False
0.436,201.16544542313605,0.502896785736084,8.093510101404775,False
0.4365,201.16544673056353,0.5028967261314392,8.093509173625634,False
0.437,201.16544745178336,0.5028967261314392,8.093507991198766,False
0.4375,201.16544750636174,0.5028967261314392,8.093506711587171,False
0.438,201.1654479614863,0.502896785736084,8.093511429489789,False
0.4385,201.16544973259005,0.5028967261314392,8.093509805325994,False
0.439,201.16544946138296,0.5028966665267944,8.093501931866024,False
0.4395,201.1654473035108,0.502896785736084,8.093506487957555,False
0.44,201.1654476614393,0.502896785736084,8.093511269095405,False
0.4405,201.16544937598988,0.5028967261314392,8.09350972746805,False
0.441,201.16545015546606,0.5028967261314392,8.093507872871749,False
0.4415,201.16544885911006,0.5028966665267944,8.093500022412728,False
0.442,201.16544577514412,0.502896785736084,8.093504846644635,False
0.4425,201.1654454230772,0.502896785736084,8.093510101409239,False
0.443,201.16544673051195,0.5028967261314392,8.093509173643977,False
0.4435,201.16544745174554,0.5028967261314392,8.093507991228336,False
0.444,201.1654475063423,0.5028967261314392,8.093506711623927,False
0.4445,201.16544796148733,0.502896785736084,8.093511429528848,False
0.445,201.165449732611,0.5028967261314392,8.093509805362284,False
0.4455,201.1654494614207,0.5028966665267944,8.093501931894927,False
0.446,201.16544730356014,0.502896785736084,8.093506487975507,False
0.4465,201.1654476614936,0.502896785736084,8.093511269100333,False
0.447,201.16544937604206,0.5028967261314392,8.093509727459594,False
0.4475,201.16545015550952,0.5028967261314392,8.093507872851283,False
0.448,201.1654488591393,0.5028966665267944,8.093500022383136,False
0.4485,201.16544577515572,0.502896785736084,8.09350484660991,False
0.449,201.16544542306994,0.502896785736084,8.09351010137397,False
0.4495,201.16544673048728,0.5028967261314392,8.093509173612729,False
0.45,201.165447451707,0.5028967261314392,8.09350799120504,False
0.4505,201.16544750629515,0.5028967261314392,8.093506711611408,False
0.451,201.1654479614378,0.502896785736084,8.093511429528483,False
0.4515,201.16544973256546,0.5028967261314392,8.093509805373861,False
0.452,201.16544946138495,0.5028966665267944,8.093501931916713,False
0.4525,201.16544730353857,0.502896785736084,8.09350648800449,False
0.453,201.16544766148868,0.502896785736084,8.093511269132637,False
0.4535,201.16544937605406,0.5028967261314392,8.093509727491005,False
0.454,201.16545015553658,0.5028967261314392,8.09350787287778,False
0.4545,201.1654488591776,0.5028966665267944,8.093500022401411,False
0.455,201.16544577520017,0.502896785736084,8.093504846617789,False
0.4555,201.16544542311468,0.502896785736084,8.093510101370645,False
0.456,201.1654467305265,0.5028967261314392,8.093509173598855,False
0.4565,201.16544745173582,0.5028967261314392,8.093507991182621,False
0.457,201.16544750631,0.5028967261314392,8.093506711583505,False
0.4575,201.16544796143702,0.502896785736084,8.093511429498813,False
0.458,201.1654497325496,0.5028967261314392,8.093509805346285,False
0.4585,201.16544946135636,0.5028966665267944,8.093501931894728,False
0.459,201.16544730350114,0.502896785736084,8.093506487990803,False
0.4595,201.1654476614475,0.502896785736084,8.093511269128825,False
0.46,201.1654493760144,0.5028967261314392,8.093509727497349,False
0.4605,201.16545015550358,0.5028967261314392,8.09350787289325,False
0.461,201.16544885915533,0.5028966665267944,8.09350002242382,False
0.4615,201.16544577519124,0.502896785736084,8.093504846644109,False
0.462,201.16544542312,0.502896785736084,8.093510101397412,False
0.4625,201.16544673054506,0.5028967261314392,8.093509173622618,False
0.463,201.16544745176492,0.5028967261314392,8.093507991200392,False
0.4635,201.16544750634574,0.5028967261314392,8.093506711593125,False
0.464,201.1654479614747,0.502896785736084,8.093511429499213,False
0.4645,201.1654497325843,0.5028967261314392,8.093509805337591,False
0.465,201.16544946138364,0.5028966665267944,8.093501931878254,False
0.4655,201.16544730351768,0.502896785736084,8.093506487968828,False
0.466,201.16544766145134,0.502896785736084,8.093511269104297,False
0.4665,201.1654493760054,0.5028967261314392,8.09350972747348,False
0.467,201.16545015548306,0.5028967261314392,8.093507872873095,False
0.4675,201.1654488591263,0.5028966665267944,8.093500022409904,False
0.468,201.16544577515754,0.502896785736084,8.093504846638083,False
0.4685,201.16544542308608,0.502896785736084,8.093510101399882,False
0.46900000000000003,201.1654467305153,0.5028967261314392,8.09350917363308,False
0.46950000000000003,201.16544745174312,0.5028967261314392,8.093507991217331,False
0.47000000000000003,201.16544750633446,0.5028967261314392,8.093506711614221,False
0.47050000000000003,201.16544796147517,0.502896785736084,8.093511429521659,False
0.47100000000000003,201.16544973259624,0.5028967261314392,8.093509805358476,False
0.47150000000000003,201.16544946140527,0.5028966665267944,8.093501931894915,False
0.47200000000000003,201.165447303546,0.502896785736084,8.093506487979216,False
0.47250000000000003,201.16544766148255,0.502896785736084,8.093511269107205,False
0.47300000000000003,201.16544937603544,0.5028967261314392,8.093509727468689,False
0.47350000000000003,201.1654501555081,0.5028967261314392,8.093507872861386,False
0.47400000000000003,201.16544885914314,0.5028966665267944,8.093500022392929,False
0.47450000000000003,201.16544577516427,0.502896785736084,8.093504846618144,False
0.47500000000000003,201.16544542308202,0.502896785736084,8.093510101379612,False
0.47550000000000003,201.16544673050123,0.5028967261314392,8.093509173615098,False
0.47600000000000003,201.165447451721,0.5028967261314392,8.0935079912039,False
0.47650000000000003,201.16544750630737,0.5028967261314392,8.093506711606972,False
0.47700000000000004,201.1654479614467,0.502896785736084,8.093511429521392,False
0.47750000000000004,201.16544973257004,0.5028967261314392,8.093509805365077,False
0.47800000000000004,201.16544946138467,0.5028966665267944,8.093501931907392,False
0.47850000000000004,201.16544730353354,0.502896785736084,8.09350648799584,False
0.47900000000000004,201.16544766147967,0.502896785736084,8.093511269125754,False
0.47950000000000004,201.16544937604232,0.5028967261314392,8.093509727486735,False
0.48,201.16545015552364,0.5028967261314392,8.09350787287661,False
0.4805,201.1654488591652,0.5028966665267944,8.093500022403427,False
0.481,201.16544577518982,0.502896785736084,8.09350484662266,False
0.4815,201.16544542310768,0.502896785736084,8.09351010137769,False
0.482,201.1654467305237,0.5028967261314392,8.093509173607128,False
0.4825,201.16544745173746,0.5028967261314392,8.093507991191036,False
0.483,201.16544750631587,0.5028967261314392,8.093506711590974,False
0.4835,201.1654479614463,0.502896785736084,8.093511429504378,False
0.484,201.1654497325609,0.5028967261314392,8.093509805349267,False
0.4845,201.16544946136818,0.5028966665267944,8.093501931894812,False
0.485,201.165447303512,0.502896785736084,8.093506487988037,False
0.4855,201.16544766145594,0.502896785736084,8.09351126912364,False
0.486,201.16544937601952,0.5028967261314392,8.093509727490462,False
0.4865,201.16545015550471,0.5028967261314392,8.09350787288558,False
0.487,201.16544885915243,0.5028966665267944,8.093500022416372,False
0.4875,201.16544577518476,0.502896785736084,8.093504846637838,False
0.488,201.16544542311084,0.502896785736084,8.093510101393106,False
0.4885,201.16544673053448,0.5028967261314392,8.093509173620788,False
0.489,201.16544745175432,0.5028967261314392,8.093507991201225,False
0.4895,201.1654475063365,0.5028967261314392,8.093506711596456,False
0.49,201.16544796146795,0.502896785736084,8.093511429504549,False
0.4905,201.16544973258078,0.5028967261314392,8.093509805344215,False
0.491,201.1654494613838,0.5028966665267944,8.093501931885298,False
0.4915,201.1654473035214,0.502896785736084,8.093506487975382,False
0.492,201.1654476614581,0.502896785736084,8.09351126910954,False
0.4925,201.1654493760143,0.5028967261314392,8.09350972747675,False
0.493,201.1654501554929,0.5028967261314392,8.093507872874007,False
0.4935,201.1654488591357,0.5028966665267944,8.093500022408394,False
0.494,201.16544577516544,0.502896785736084,8.093504846634401,False
0.4945,201.1654454230914,0.502896785736084,8.09351010139454,False
0.495,201.16544673051746,0.5028967261314392,8.093509173626808,False
0.4955,201.16544745174187,0.5028967261314392,8.093507991210945,False
0.496,201.16544750633005,0.5028967261314392,8.09350671160854,False
0.4965,201.16544796146826,0.502896785736084,8.093511429517399,False
0.497,201.16544973258766,0.5028967261314392,8.09350980535616,False
0.4975,201.16544946139624,0.5028966665267944,8.093501931894814,False
0.498,201.1654473035377,0.502896785736084,8.093506487981287,False
0.4985,201.16544766147604,0.502896785736084,8.093511269111143,False
0.499,201.16544937603143,0.5028967261314392,8.09350972747395,False
0.4995,201.16545015550713,0.5028967261314392,8.09350787286727,False
0.5,201.16544885914527,0.5028966665267944,8.093500022398667,False
0.5005000000000001,201.16544577516916,0.502896785736084,8.093504846623,False
0.501,201.16544542308904,0.502896785736084,8.093510101382975,False
0.5015000000000001,201.16544673050936,0.5028967261314392,8.093509173616559,False
0.502,201.16544745172914,0.5028967261314392,8.093507991203316,False
0.5025000000000001,201.16544750631454,0.5028967261314392,8.093506711604464,False
0.503,201.16544796145197,0.502896785736084,8.093511429517319,False
0.5035000000000001,201.16544973257274,0.5028967261314392,8.093509805360002,False
0.504,201.16544946138455,0.5028966665267944,8.093501931901995,False
0.5045000000000001,201.16544730353064,0.502896785736084,8.093506487990823,False
0.505,201.16544766147445,0.502896785736084,8.093511269121757,False
0.5055000000000001,201.16544937603547,0.5028967261314392,8.093509727484252,False
0.506,201.16545015551614,0.5028967261314392,8.093507872875934,False
0.5065000000000001,201.16544885915795,0.5028966665267944,8.093500022404603,False
0.507,201.1654457751838,0.502896785736084,8.093504846625505,False
0.5075000000000001,201.16544542310365,0.502896785736084,8.093510101381803,False
0.508,201.16544673052215,0.5028967261314392,8.093509173611942,False
0.5085000000000001,201.16544745173852,0.5028967261314392,8.093507991195914,False
0.509,201.16544750631934,0.5028967261314392,8.093506711595282,False
0.5095000000000001,201.16544796145166,0.502896785736084,8.093511429507581,False
0.51,201.16544973256748,0.5028967261314392,8.093509805350969,False
0.5105000000000001,201.1654494613751,0.5028966665267944,8.093501931894814,False
0.511,201.16544730351833,0.502896785736084,8.093506487986376,False
0.5115000000000001,201.16544766146095,0.502896785736084,8.093511269120555,False
0.512,201.1654493760225,0.5028967261314392,8.093509727486376,False
0.5125,201.16545015550537,0.5028967261314392,8.093507872881034,False
0.513,201.1654488591507,0.5028966665267944,8.093500022411966,False
0.5135,201.1654457751809,0.502896785736084,8.093504846634143,False
0.514,201.16544542310544,0.502896785736084,8.093510101390578,False
0.5145,201.16544673052823,0.5028967261314392,8.093509173619726,False
0.515,201.16544745174804,0.5028967261314392,8.093507991201733,False
0.5155,201.165447506331,0.5028967261314392,8.093506711598444,False
0.516,201.16544796146397,0.502896785736084,8.093511429507728,False
0.5165,201.16544973257882,0.5028967261314392,8.093509805348146,False
0.517,201.1654494613841,0.5028966665267944,8.093501931889437,False
0.5175,201.16544730352382,0.502896785736084,8.093506487979178,False
0.518,201.16544766146222,0.502896785736084,8.09351126911251,False
0.5185,201.16544937601955,0.5028967261314392,8.093509727478544,False
0.519,201.1654501554986,0.5028967261314392,8.09350787287443,False
0.5195,201.16544885914112,0.5028966665267944,8.093500022407417,False
0.52,201.16544577516984,0.502896785736084,8.093504846632184,False
0.5205,201.16544542309435,0.502896785736084,8.093510101391404,False
0.521,201.16544673051854,0.5028967261314392,8.093509173623158,False
0.5215,201.16544745174096,0.5028967261314392,8.093507991207273,False
0.522,201.16544750632735,0.5028967261314392,8.093506711605327,False
0.5225,201.16544796146408,0.502896785736084,8.093511429515052,False
0.523,201.16544973258266,0.5028967261314392,8.093509805354971,False
0.5235,201.16544946139106,0.5028966665267944,8.093501931894899,False
0.524,201.16544730353303,0.502896785736084,8.093506487982603,False
0.5245,201.16544766147246,0.502896785736084,8.09351126911349,False
0.525,201.16544937602944,0.5028967261314392,8.093509727476993,False
0.5255,201.16545015550685,0.5028967261314392,8.093507872870601,False
0.526,201.16544885914666,0.5028966665267944,8.093500022401859,False
0.5265,201.16544577517203,0.502896785736084,8.093504846625656,False
0.527,201.16544542309296,0.502896785736084,8.09351010138477,False
0.5275,201.16544673051388,0.5028967261314392,8.093509173617287,False
0.528,201.16544745173366,0.5028967261314392,8.093507991202907,False
0.5285,201.1654475063184,0.5028967261314392,8.093506711603002,False
0.529,201.1654479614547,0.502896785736084,8.093511429515027,False
0.5295,201.16544973257402,0.5028967261314392,8.093509805357208,False
0.53,201.1654494613843,0.5028966665267944,8.093501931899072,False
0.5305,201.16544730352894,0.502896785736084,8.093506487988147,False
0.531,201.16544766147155,0.502896785736084,8.09351126911966,False
0.5315,201.16544937603177,0.5028967261314392,8.093509727482981,False
0.532,201.16545015551202,0.5028967261314392,8.093507872875639,False
0.5325,201.16544885915405,0.5028966665267944,8.09350002240532,False
0.533,201.16544577518056,0.502896785736084,8.09350484662712,False
0.5335,201.16544542310154,0.502896785736084,8.093510101384085,False
0.534,201.16544673052135,0.5028967261314392,8.093509173614592,False
0.5345,201.16544745173917,0.5028967261314392,8.093507991198583,False
0.535,201.16544750632124,0.5028967261314392,8.093506711597632,False
0.5355,201.16544796145462,0.502896785736084,8.09351142950932,False
0.536,201.16544973257106,0.5028967261314392,8.093509805351884,False
0.5365,201.16544946137887,0.5028966665267944,8.093501931894806,False
0.537,201.16544730352177,0.502896785736084,8.093506487985461,False
0.5375,201.1654476614636,0.502896785736084,8.093511269118876,False
0.538,201.1654493760241,0.5028967261314392,8.093509727484161,False
0.5385,201.16545015550565,0.5028967261314392,8.09350787287859,False
0.539,201.1654488591497,0.5028966665267944,8.093500022409616,False
0.5395,201.16544577517885,0.502896785736084,8.093504846632177,False
0.54,201.1654454231026,0.502896785736084,8.093510101389228,False
0.5405,201.16544673052496,0.5028967261314392,8.093509173619145,False
0.541,201.16544745174474,0.5028967261314392,8.093507991201978,False
0.5415,201.1654475063281,0.5028967261314392,8.093506711599463,False
0.542,201.16544796146175,0.502896785736084,8.093511429509391,False
0.5425,201.16544973257763,0.5028967261314392,8.093509805350234,False
0.543,201.16544946138404,0.5028966665267944,8.093501931891677,False
0.5435,201.16544730352493,0.502896785736084,8.09350648798129,False
0.544,201.16544766146438,0.502896785736084,8.093511269114208,False
0.5445,201.16544937602242,0.5028967261314392,8.093509727479608,False
0.545,201.16545015550173,0.5028967261314392,8.093507872874733,False
0.5455,201.16544885914416,0.5028966665267944,8.093500022406944,False
0.546,201.16544577517234,0.502896785736084,8.093504846631019,False
0.5465,201.165445423096,0.502896785736084,8.09351010138971,False
0.547,201.16544673051914,0.5028967261314392,8.093509173621182,False
0.5475,201.16544745174045,0.5028967261314392,8.093507991205286,False
0.548,201.16544750632582,0.5028967261314392,8.093506711603595,False
0.5485,201.16544796146187,0.502896785736084,8.093511429513791,False
0.549,201.16544973257993,0.5028967261314392,8.093509805354328,False
0.5495,201.1654494613882,0.5028966665267944,8.093501931894961,False
0.55,201.16544730353039,0.502896785736084,8.093506487983364,False
0.5505,201.16544766147044,0.502896785736084,8.093511269114835,False
0.551,201.1654493760283,0.5028967261314392,8.093509727478736,False
0.5515,201.16545015550673,0.5028967261314392,8.093507872872497,False
0.552,201.1654488591476,0.5028966665267944,8.093500022403653,False
0.5525,201.16544577517385,0.502896785736084,8.093504846627106,False
0.553,201.16544542309538,0.502896785736084,8.093510101385691,False
0.5535,201.16544673051658,0.5028967261314392,8.093509173617571,False
0.554,201.1654474517363,0.5028967261314392,8.09350799120252,False
0.5545,201.16544750632062,0.5028967261314392,8.093506711602004,False
0.555,201.1654479614563,0.502896785736084,8.093511429513558,False
0.5555,201.16544973257473,0.5028967261314392,8.093509805355453,False
0.556,201.16544946138401,0.5028966665267944,8.093501931897261,False
0.5565,201.16544730352777,0.502896785736084,8.093506487986517,False
0.557,201.1654476614696,0.502896785736084,8.093511269118421,False
0.5575,201.1654493760294,0.5028967261314392,8.093509727482285,False
0.558,201.1654501555095,0.5028967261314392,8.093507872875563,False
0.5585,201.16544885915167,0.5028966665267944,8.093500022405857,False
0.559,201.1654457751787,0.502896785736084,8.093504846628184,False
0.5595,201.16544542310038,0.502896785736084,8.093510101385531,False
0.56,201.16544673052104,0.5028967261314392,8.09350917361622,False
0.5605,201.16544745173974,0.5028967261314392,8.093507991200177,False
0.561,201.1654475063226,0.5028967261314392,8.093506711598987,False
0.5615,201.16544796145655,0.502896785736084,8.093511429510256,False
0.562,201.16544973257325,0.5028967261314392,8.093509805352303,False
0.5625,201.1654494613811,0.5028966665267944,8.093501931894668,False
0.5630000000000001,201.16544730352376,0.502896785736084,8.0935064879848,False
0.5635,201.1654476614651,0.502896785736084,8.09351126911778,False
0.5640000000000001,201.16544937602487,0.5028967261314392,8.093509727482783,False
0.5645,201.16545015550565,0.5028967261314392,8.093507872877108,False
0.5650000000000001,201.16544885914897,0.5028966665267944,8.093500022408222,False
0.5655,201.16544577517743,0.502896785736084,8.09350484663105,False
0.5660000000000001,201.16544542310066,0.502896785736084,8.09351010138852,False
0.5665,201.16544673052286,0.5028967261314392,8.09350917361894,False
0.5670000000000001,201.16544745174278,0.5028967261314392,8.093507991202285,False
0.5675,201.16544750632647,0.5028967261314392,8.093506711600222,False
0.5680000000000001,201.16544796146067,0.502896785736084,8.09351142951049,False
0.5685,201.16544973257717,0.5028967261314392,8.093509805351527,False
0.5690000000000001,201.1654494613842,0.5028966665267944,8.093501931893007,False
0.5695,201.16544730352578,0.502896785736084,8.09350648798249,False
0.5700000000000001,201.16544766146578,0.502896785736084,8.093511269115126,False
0.5705,201.16544937602416,0.5028967261314392,8.09350972748014,False
0.5710000000000001,201.16545015550366,0.5028967261314392,8.093507872874806,False
0.5715,201.16544885914595,0.5028966665267944,8.093500022406547,False
0.5720000000000001,201.16544577517382,0.502896785736084,8.09350484663021,False
0.5725,201.1654454230969,0.502896785736084,8.093510101388604,False
0.5730000000000001,201.16544673051945,0.5028967261314392,8.093509173619928,False
0.5735,201.16544745174014,0.5028967261314392,8.09350799120403,False
0.5740000000000001,201.16544750632488,0.5028967261314392,8.093506711602497,False
0.5745,201.16544796146047,0.502896785736084,8.093511429512986,False
0.5750000000000001,201.1654497325783,0.5028967261314392,8.093509805353904,False
0.5755,201.16544946138654,0.5028966665267944,8.093501931894947,False
0.5760000000000001,201.1654473035289,0.502896785736084,8.093506487983742,False
0.5765,201.16544766146927,0.502896785736084,8.093511269115542,False
0.577,201.1654493760276,0.5028967261314392,8.09350972747968,False
0.5775,201.16545015550653,0.5028967261314392,8.093507872873554,False
0.578,201.16544885914797,0.5028966665267944,8.09350002240469,False
0.5785,201.16544577517473,0.502896785736084,8.093504846627983,False
0.579,201.16544542309668,0.502896785736084,8.093510101386292,False
0.5795,201.16544673051803,0.5028967261314392,8.093509173617825,False
0.58,201.16544745173772,0.5028967261314392,8.093507991202413,False
0.5805,201.1654475063219,0.5028967261314392,8.093506711601558,False
0.581,201.16544796145715,0.502896785736084,8.093511429512835,False
0.5815,201.16544973257524,0.5028967261314392,8.09350980535456,False
0.582,201.16544946138401,0.5028966665267944,8.093501931896313,False
0.5825,201.1654473035273,0.502896785736084,8.093506487985632,False
0.583,201.16544766146868,0.502896785736084,8.093511269117716,False
0.5835,201.16544937602816,0.5028967261314392,8.093509727481855,False
0.584,201.1654501555082,0.5028967261314392,8.093507872875447,False
0.5845,201.16544885915047,0.5028966665267944,8.093500022406053,False
0.585,201.16544577517772,0.502896785736084,8.09350484662866,False
0.5855,201.16544542309973,0.502896785736084,8.093510101386213,False
0.586,201.16544673052078,0.5028967261314392,8.093509173617008,False
0.5865,201.1654474517398,0.5028967261314392,8.09350799120099,False
0.587,201.16544750632306,0.5028967261314392,8.09350671159973,False
0.5875,201.16544796145735,0.502896785736084,8.093511429510839,False
0.588,201.16544973257433,0.5028967261314392,8.093509805352651,False
0.5885,201.16544946138222,0.5028966665267944,8.09350193189474,False
0.589,201.16544730352481,0.502896785736084,8.093506487984593,False
0.5895,201.16544766146595,0.502896785736084,8.093511269117327,False
0.59,201.1654493760254,0.5028967261314392,8.093509727482154,False
0.5905,201.16545015550577,0.5028967261314392,8.093507872876396,False
0.591,201.16544885914868,0.5028966665267944,8.093500022407532,False
0.5915,201.16544577517683,0.502896785736084,8.093504846630475,False
0.592,201.16544542309984,0.502896785736084,8.093510101388125,False
0.5925,201.16544673052186,0.5028967261314392,8.09350917361878,False
0.593,201.16544745174173,0.5028967261314392,8.093507991202388,False
0.5935,201.16544750632556,0.5028967261314392,8.093506711600572,False
0.594,201.16544796146005,0.502896785736084,8.093511429511029,False
0.5945,201.1654497325769,0.5028967261314392,8.093509805352184,False
0.595,201.16544946138436,0.5028966665267944,8.093501931893686,False
0.5955,201.1654473035262,0.502896785736084,8.093506487983094,False
0.596,201.1654476614665,0.502896785736084,8.093511269115588,False
0.5965,201.16544937602504,0.5028967261314392,8.093509727480392,False
0.597,201.1654501555046,0.5028967261314392,8.093507872874834,False
0.5975,201.1654488591469,0.5028966665267944,8.093500022406344,False
0.598,201.16544577517456,0.502896785736084,8.093504846629793,False
0.5985,201.16544542309737,0.502896785736084,8.09351010138804,False
0.599,201.16544673051956,0.5028967261314392,8.093509173619294,False
0.5995,201.16544745173994,0.5028967261314392,8.09350799120341,False
0.6,201.1654475063244,0.5028967261314392,8.09350671160196,False
0.6005,198.18547877233294,0.5901982188224792,17.25026092094168,False
0.601,199.14704515170152,0.5191220641136169,19.505489982155748,False
0.6015,200.86242749035154,0.4777117669582367,17.24645299291859,False
0.602,201.19042962895958,0.47798028588294983,14.745992987787405,False
0.6025,200.48725340931767,0.5056301951408386,15.106193118777307,False
0.603,200.09390045878988,0.5112841129302979,16.17528408491588,False
0.6035,200.18853598986465,0.5016245245933533,16.30388160133002,False
0.604,200.3054277801436,0.4981062412261963,16.049576147515197,False
0.6045,200.28999504701383,0.4991314113140106,15.886354869278327,False
0.605,200.2165579049001,0.5015460848808289,15.978926948505178,False
0.6055,200.1957401763964,0.5013251900672913,16.06097010037326,False
0.606,200.21087617560562,0.5004947781562805,16.059642994505044,False
0.6065,200.22132144834984,0.5002425909042358,16.02956053098094,False
0.607,200.21751816120565,0.5004677176475525,16.021442047568097,False
0.6075,200.21158936728196,0.5006346106529236,16.031448875082567,False
0.608,200.21099545761078,0.500594973564148,16.038261998425252,False
0.6085,200.2131408601864,0.5005127191543579,16.036550361329237,False
0.609,200.21407469888882,0.5005007982254028,16.03324425202956,False
0.6095,200.21350841452247,0.5005300045013428,16.032849598280247,False
0.61,200.21293956180375,0.5005444288253784,16.034058428189073,False
0.6105,200.21297874201903,0.5005374550819397,16.03462764961671,False
0.611,200.21322384739864,0.5005291700363159,16.034322108867546,False
0.6115,200.213288800356,0.5005292892456055,16.03398964738723,False
0.612,200.21321037837242,0.5005326867103577,16.0340029357115,False
0.6125,200.21315671552404,0.5005336999893188,16.03413545222794,False
0.613,200.21316811957908,0.500532865524292,16.0341887745018,False
0.6135,200.21319629321607,0.5005319118499756,16.034140545427604,False
0.614,200.21319867534393,0.5005320906639099,16.034106582441645,False
0.6145,200.21318753298334,0.5005325078964233,16.03411597353326,False
0.615,200.21318291576145,0.5005325675010681,16.03413338234203,False
0.6155,200.2131859256135,0.5005323886871338,16.034132886194858,False
0.616,200.21318779336053,0.500532329082489,16.034125741514845,False
0.6165,200.213186401449,0.5005323886871338,16.034124573368995,False
0.617,200.21318456198424,0.5005323886871338,16.03412381363932,False
0.6175,200.21318310225752,0.5005324482917786,16.034129503828538,False
0.618,200.21318411915954,0.5005323886871338,16.034129214019877,False
0.6185,200.21318488138851,0.5005323886871338,16.03412869979616,False
0.619,200.21318530162173,0.5005323886871338,16.034128036575044,False
0.6195,200.21318534011462,0.5005323886871338,16.034127315775677,False
0.62,200.213185007825,0.5005323886871338,16.034126632406405,False
0.6205,200.213184362893,0.5005323886871338,16.034126072708407,False
0.621,200.21318350120558,0.5005323886871338,16.034125703440495,False
0.6215,200.21318254250397,0.5005323886871338,16.03412556411345,False
0.622,200.21318218631384,0.5005324482917786,16.03413162395488,False
0.6225,200.21318437846065,0.5005323886871338,16.034131416000896,False
0.623,200.21318623365772,0.5005323886871338,16.034130697307237,False
0.6235,200.21318752758341,0.5005323886871338,16.034129581490635,False
0.624,200.21318811737464,0.5005323886871338,16.03412822845758,False
0.6245,200.21318795658865,0.5005323886871338,16.034126821930773,False
0.625,200.21318709715283,0.5005323886871338,16.034125544851907,False
0.6255000000000001,200.21318567859524,0.5005323886871338,16.034124555909536,False
0.626,200.21318447877627,0.5005324482917786,16.03412993106699,False
0.6265000000000001,200.21318556790055,0.5005323886871338,16.03412928445854,False
0.627,200.21318621320614,0.5005323886871338,16.034128419249406,False
0.6275000000000001,200.21318635027274,0.5005323886871338,16.034127455710237,False
0.628,200.2131859826632,0.5005323886871338,16.03412652173479,False
0.6285000000000001,200.21318517863384,0.5005323886871338,16.034125736090274,False
0.629,200.2131840596692,0.5005323886871338,16.034125193538184,False
0.6295000000000001,200.21318335496449,0.5005324482917786,16.034130914565356,False
0.63,200.21318506296572,0.5005323886871338,16.0341304730559,False
0.6305000000000001,200.2131863662405,0.5005323886871338,16.034129651688083,False
0.631,200.2131871142028,0.5005323886871338,16.034128571817828,False
0.6315000000000001,200.21318723388762,0.5005323886871338,16.034127382958165,False
0.632,200.21318673609207,0.5005323886871338,16.03412624239651,False
0.6325000000000001,200.21318571049832,0.5005323886871338,16.03412529466217,False
0.633,200.21318488317317,0.5005324482917786,16.034130614394645,False
0.6335000000000001,200.21318627731532,0.5005323886871338,16.034129826875066,False
0.634,200.21318712378468,0.5005323886871338,16.034128756934585,False
0.6345000000000001,200.2131873366417,0.5005323886871338,16.034127553806886,False
0.635,200.2131869149347,0.5005323886871338,16.034126377620648,False
0.6355000000000001,200.21318593928157,0.5005323886871338,16.034125378372018,False
0.636,200.213185130422,0.5005324482917786,16.034130637981125,False
0.6365000000000001,200.21318651049353,0.5005323886871338,16.034129789812503,False
0.637,200.2131873135193,0.5005323886871338,16.0341286665115,False
0.6375000000000001,200.2131874603651,0.5005323886871338,16.03412742386402,False
0.638,200.21318695950077,0.5005323886871338,16.0341262264997,False
0.6385000000000001,200.2131859022621,0.5005323886871338,16.03412522637157,False
0.639,200.21318501997217,0.5005324482917786,16.03413050466711,False
0.6395000000000001,200.2131863438633,0.5005323886871338,16.034129691534876,False
0.64,200.2131871144581,0.5005323886871338,16.034128614437506,False
0.6405,200.2131872557998,0.5005323886871338,16.034127422759365,False
0.641,200.21318677594357,0.5005323886871338,16.03412627438291,False
0.6415,200.21318576242163,0.5005323886871338,16.034125315049653,False
0.642,200.21318493999408,0.5005324482917786,16.034130621046994,False
0.6425,200.21318633152936,0.5005323886871338,16.034129819509797,False
0.643,200.21318716853497,0.5005323886871338,16.03412873708198,False
0.6435,200.21318736657284,0.5005323886871338,16.03412752453787,False
0.644,200.21318692681845,0.5005323886871338,16.034126343088055,False
0.6445,200.213185932343,0.5005323886871338,16.034125343231942,False
0.645,200.21318510633674,0.5005324482917786,16.034130606773733,False
0.6455,200.21318647307038,0.5005323886871338,16.034129766383536,False
0.646,200.2131872681222,0.5005323886871338,16.034128653547103,False
0.6465,200.21318741315883,0.5005323886871338,16.034127422593926,False
0.647,200.2131869166259,0.5005323886871338,16.034126236599924,False
0.6475,200.21318586904687,0.5005323886871338,16.034125246070715,False
0.648,200.21318500028167,0.5005324482917786,16.0341305310343,False
0.6485,200.21318633966393,0.5005323886871338,16.03412972090461,False
0.649,200.2131871256441,0.5005323886871338,16.034128642911227,False
0.6495,200.213187280293,0.5005323886871338,16.034127446716035,False
0.65,200.21318681004263,0.5005323886871338,16.034126290932715,False
0.6505,200.2131858013452,0.5005323886871338,16.034125322374827,False
0.651,200.21318497854023,0.5005324482917786,16.03413061859071,False
0.6515,200.21318636476136,0.5005323886871338,16.034129807995143,False
0.652,200.2131871924045,0.5005323886871338,16.034128718365753,False
0.6525,200.21318737840315,0.5005323886871338,16.03412750132479,False
0.653,200.21318692559115,0.5005323886871338,16.034126318547916,False
0.6535,200.21318591875973,0.5005323886871338,16.034125320572997,False
0.654,200.21318508265745,0.5005324482917786,16.034130588828862,False
0.6545,200.21318644275803,0.5005323886871338,16.034129755261958,False
0.655,200.21318723534765,0.5005323886871338,16.034128650393484,False
0.6555,200.21318738223573,0.5005323886871338,16.0341274274815,False
0.656,200.21318689145005,0.5005323886871338,16.034126248565727,False
0.6565,200.2131858526135,0.5005323886871338,16.034125263282494,False
0.657,200.21318499433798,0.5005324482917786,16.034130551062102,False
0.6575,200.2131863445366,0.5005323886871338,16.034129741057903,False
0.658,200.21318714025642,0.5005323886871338,16.03412866059547,False
0.6585,200.2131873023618,0.5005323886871338,16.03412745976199,False
0.659,200.21318683642184,0.5005323886871338,16.034126297857448,False
0.6595,200.213185828466,0.5005323886871338,16.034125322543648,False
0.66,200.21318500288726,0.5005324482917786,16.034130612263368,False
0.6605,200.21318638332198,0.5005323886871338,16.034129796255215,False
0.661,200.21318720303506,0.5005323886871338,16.034128702947093,False
0.6615,200.21318738006826,0.5005323886871338,16.034127484361672,False
0.662,200.2131869184503,0.5005323886871338,16.03412630228412,False
0.6625,200.21318590409723,0.5005323886871338,16.03412530706899,False
0.663,200.21318506267053,0.5005324482917786,16.034130579704705,False
0.6635,200.2131864202365,0.5005323886871338,16.034129751507454,False
0.664,200.21318721329067,0.5005323886871338,16.034128652267317,False
0.6645,200.21318736345788,0.5005323886871338,16.03412743450844,False
0.665,200.2131868782274,0.5005323886871338,16.03412625962826,False
0.6655,200.21318584641344,0.5005323886871338,16.034125276791148,False
0.666,200.21318499566453,0.5005324482917786,16.034130565179346,False
0.6665,200.2131863529058,0.5005323886871338,16.034129753944573,False
0.667,200.21318715429953,0.5005323886871338,16.034128670647124,False
0.6675,200.21318732003817,0.5005323886871338,16.03412746580528,False
0.668,200.21318685530898,0.5005323886871338,16.03412629928292,False
0.6685,200.2131858460869,0.5005323886871338,16.034125319360545,False
0.669,200.2131850170306,0.5005324482917786,16.03413060507265,False
0.6695,200.21318639231558,0.5005323886871338,16.034129786147723,False
0.67,200.21318720593788,0.5005323886871338,16.03412869134297,False
0.6705,200.21318737676106,0.5005323886871338,16.03412747281419,False
0.671,200.21318690961675,0.5005323886871338,16.03412629227457,False
0.6715,200.21318589110257,0.5005323886871338,16.03412529981935,False
0.672,200.21318504735757,0.5005324482917786,16.034130576031444,False
0.6725,200.2131864046694,0.5005323886871338,16.034129751733538,False
0.673,200.21318719948007,0.5005323886871338,16.034128656201233,False
0.6735,200.21318735310498,0.5005323886871338,16.034127441490288,False
0.674,200.21318687251832,0.5005323886871338,16.034126268634008,False
0.6745,200.21318584588823,0.5005323886871338,16.034125286579407,False
0.675,200.21318500017475,0.5005324482917786,16.034130574459912,False
0.6755,200.2131863616621,0.5005323886871338,16.034129761546215,False
0.676,200.21318716600004,0.5005323886871338,16.0341286756631,False
0.6765,200.2131873330569,0.5005323886871338,16.03412746769886,False
0.677,200.2131868679184,0.5005323886871338,16.034126297940887,False
0.6775,200.2131858566839,0.5005323886871338,16.034125315090122,False
0.678,200.21318502433752,0.5005324482917786,16.034130598544532,False
0.6785,200.21318639553064,0.5005323886871338,16.034129778294705,False
0.679,200.2131872048186,0.5005323886871338,16.03412868322922,False
0.6795,200.21318737163173,0.5005323886871338,16.034127465493032,False
0.68,200.21318690130346,0.5005323886871338,16.03412628665363,False
0.6805,200.2131858808061,0.5005323886871338,16.034125296549977,False
0.681,200.21318503648345,0.5005324482917786,16.034130575435714,False
0.6815,200.2131863946388,0.5005323886871338,16.034129753776615,False
0.682,200.21318719154664,0.5005323886871338,16.034128660510675,False
0.6825,200.21318734820065,0.5005323886871338,16.034127447417983,False
0.683,200.21318687114697,0.5005323886871338,16.034126275350932,False
0.6835,200.21318584807892,0.5005323886871338,16.034125293189668,False
0.684,200.21318500549756,0.5005324482917786,16.034130580118646,False
0.6845,200.21318636930266,0.5005323886871338,16.03412976556603,False
0.685,200.21318717488015,0.5005323886871338,16.034128677595803,False
0.6855,200.21318734198402,0.5005323886871338,16.034127467383072,False
0.686,200.2131868757435,0.5005323886871338,16.034126295510855,False
0.6865,200.21318586244755,0.5005323886871338,16.034125310946145,False
0.687,200.21318502738512,0.5005324482917786,16.034130593290435,False
0.6875,200.2131863955838,0.5005323886871338,16.034129772651784,False
0.6880000000000001,200.21318720199514,0.5005323886871338,16.034128677938686,False
0.6885,200.21318736641433,0.5005323886871338,16.03412746121994,False
0.6890000000000001,200.21318689446218,0.5005323886871338,16.034126283904605,False
0.6895,200.21318587328753,0.5005323886871338,16.034125295614718,False
0.6900000000000001,200.21318502928187,0.5005324482917786,16.034130576358834,False
0.6905,200.21318638866623,0.5005323886871338,16.034129756362073,False
0.6910000000000001,200.2131871875192,0.5005323886871338,16.034128664357052,False
0.6915,200.21318734655472,0.5005323886871338,16.034127451978573,False
0.6920000000000001,200.2131868719949,0.5005323886871338,16.03412628001004,False
0.6925,200.21318585120778,0.5005323886871338,16.03412529734459,False
0.6930000000000001,200.21318501041034,0.5005324482917786,16.03413058325658,False
0.6935,200.2131863752939,0.5005323886871338,16.034129767326185,False
0.6940000000000001,200.21318718113517,0.5005323886871338,16.034128677809438,False
0.6945,200.21318734768815,0.5005323886871338,16.034127466087167,False
0.6950000000000001,200.2131868801869,0.5005323886871338,16.034126292934793,False
0.6955,200.2131858651118,0.5005323886871338,16.034125307474227,False
0.6960000000000001,200.21318502800202,0.5005324482917786,16.03413058940606,False
0.6965,200.21318639415938,0.5005323886871338,16.034129768871203,False
0.6970000000000001,200.21318719879744,0.5005323886871338,16.034128674743307,False
0.6975,200.21318736192808,0.5005323886871338,16.034127458995947,False
0.6980000000000001,200.2131868893175,0.5005323886871338,16.034126282897258,False
0.6985,200.21318586817281,0.5005323886871338,16.034125295902754,False
0.6990000000000001,200.213185024853,0.5005324482917786,16.034130577851283,False
0.6995,200.2131863854636,0.5005323886871338,16.034129758817024,False
0.7000000000000001,200.21318718590328,0.5005323886871338,16.034128667419,False
0.7005,200.21318734666707,0.5005323886871338,16.03412745522881,False
0.7010000000000001,200.213186873749,0.5005323886871338,16.03412628302312,False
0.7015,200.21318585430996,0.5005323886871338,16.034125299743273,False
0.7020000000000001,200.21318501440584,0.5005324482917786,16.034130584758266,False
0.7025,200.21318637963216,0.5005323886871338,16.03412976777529,False
0.7030000000000001,200.21318718524452,0.5005323886871338,16.034128677192097,False
0.7035,200.21318735105007,0.5005323886871338,16.03412746452713,False
0.704,200.21318688240058,0.5005323886871338,16.034126290671786,False
0.7045,200.2131858659407,0.5005323886871338,16.034125304828283,False
0.705,200.21318502739732,0.5005324482917786,16.0341305867331,False
0.7055,200.21318639225854,0.5005323886871338,16.034129766515775,False
0.706,200.21318719589866,0.5005323886871338,16.034128672994814,False
0.7065,200.2131873584453,0.5005323886871338,16.03412745805375,False
0.707,200.21318688572256,0.5005323886871338,16.03412628284884,False
0.7075,200.21318586493229,0.5005323886871338,16.034125296717107,False
0.708,200.21318502236852,0.5005324482917786,16.034130579387828,False
0.7085,200.2131863840229,0.5005323886871338,16.03412976084824,False
0.709,200.2131871856479,0.5005323886871338,16.0341286696633,False
0.7095,200.21318734758046,0.5005323886871338,16.034127457388976,False
0.71,200.21318687566512,0.5005323886871338,16.034126284825124,False
0.7105,200.2131858569408,0.5005323886871338,16.03412530097051,False
0.711,200.21318501738367,0.5005324482917786,16.034130585277,False
0.7115,200.2131863825599,0.5005323886871338,16.03412976754839,False
0.712,200.21318718774808,0.5005323886871338,16.034128676279792,False
0.7125,200.2131873528255,0.5005323886871338,16.03412746307519,False
0.713,200.2131868832501,0.5005323886871338,16.034126288889237,False
0.7135,200.21318586579378,0.5005323886871338,16.034125302957925,False
0.714,200.21318502631428,0.5005324482917786,16.034130585018882,False
0.7145,200.21318639041752,0.5005323886871338,16.034129765171453,False
0.715,200.21318719356782,0.5005323886871338,16.034128672177687,False
0.7155,200.21318735594457,0.5005323886871338,16.034127457846843,False
0.716,200.21318688338027,0.5005323886871338,16.03412628325331,False
0.7165,200.21318586304275,0.5005323886871338,16.03412529765551,False
0.717,200.21318502115565,0.5005324482917786,16.03413058071735,False
0.7175,200.2131863836143,0.5005323886871338,16.034129762381774,False
0.718,200.21318718606264,0.5005323886871338,16.03412867119531,False
0.7185,200.2131873487309,0.5005323886871338,16.0341274587227,False
0.719,200.2131868773728,0.5005323886871338,16.03412628579746,False
0.7195,200.21318585896313,0.5005323886871338,16.034125301471587,False
0.72,200.2131850194477,0.5005324482917786,16.034130585262066,False
0.7205,200.21318638439865,0.5005323886871338,16.034129767040863,False
0.721,200.21318718913471,0.5005323886871338,16.03412867536541,False
0.7215,200.21318735360077,0.5005323886871338,16.034127461888385,False
0.722,200.2131868833398,0.5005323886871338,16.034126287593825,False
0.7225,200.2131858652149,0.5005323886871338,16.034125301724874,False
0.723,200.2131850251691,0.5005324482917786,16.034130584004025,False
0.7235,200.21318638887678,0.5005323886871338,16.03412976449609,False
0.724,200.2131871918459,0.5005323886871338,16.03412867191446,False
0.7245,200.2131873542703,0.5005323886871338,16.034127458012396,False
0.725,200.21318688196675,0.5005323886871338,16.034126283808504,False
0.7255,200.21318586206078,0.5005323886871338,16.034125298512787,False
0.726,200.21318502071335,0.5005324482917786,16.034130581753978,False
0.7265,200.21318638374606,0.5005323886871338,16.034129763457095,False
0.727,200.2131871867276,0.5005323886871338,16.034128672169555,False
0.7275,200.21318734982148,0.5005323886871338,16.034127459474895,False
0.728,200.2131868787311,0.5005323886871338,16.034126286240202,False
0.7285,200.21318586040346,0.5005323886871338,16.034125301560884,False
0.729,200.21318502078157,0.5005324482917786,16.034130585001176,False
0.7295,200.21318638545918,0.5005323886871338,16.034129766477893,False
0.73,200.21318718979703,0.5005323886871338,16.03412867458526,False
0.7305,200.2131873537963,0.5005323886871338,16.034127461000335,False
0.731,200.21318688306292,0.5005323886871338,16.03412628671648,False
0.7315,200.21318586452082,0.5005323886871338,16.034125300970505,False
0.732,200.2131850241644,0.5005324482917786,16.034130583464435,False
0.7325,200.21318638770347,0.5005323886871338,16.03412976423167,False
0.733,200.2131871906618,0.5005323886871338,16.03412867194771,False
0.7335,200.21318735322794,0.5005323886871338,16.034127458326637,False
0.734,200.2131868811942,0.5005323886871338,16.034126284351668,False
0.7345,200.21318586164602,0.5005323886871338,16.03412529920555,False
0.735,200.2131850206948,0.5005324482917786,16.034130582501103,False
0.7355,200.21318638410958,0.5005323886871338,16.034129764160326,False
0.736,200.21318718741057,0.5005323886871338,16.034128672740362,False
0.7365,200.21318735072285,0.5005323886871338,16.034127459845454,False
0.737,200.21318687972595,0.5005323886871338,16.034126286371254,False
0.7375,200.2131858613601,0.5005323886871338,16.034125301445567,False
0.738,200.21318502157865,0.5005324482917786,16.034130584664567,False
0.7385,200.21318638600096,0.5005323886871338,16.034129765972462,False
0.739,200.21318719002448,0.5005323886871338,16.034128673982995,False
0.7395,200.21318735369334,0.5005323886871338,16.034127460382642,False
0.74,200.21318688265652,0.5005323886871338,16.034126286163364,False
0.7405,200.21318586387588,0.5005323886871338,16.03412530055035,False
0.741,200.21318502337377,0.5005324482917786,16.03413058322568,False
0.7415,200.21318638687475,0.5005323886871338,16.03412976419741,False
0.742,200.21318718990304,0.5005323886871338,16.034128672113837,False
0.7425,200.21318735263375,0.5005323886871338,16.03412745866346,False
0.743,200.213186880834,0.5005323886871338,16.034126284808785,False
0.7435,200.21318586155635,0.5005323886871338,16.03412529971922,False
0.744,200.21318502087593,0.5005324482917786,16.03413058300298,False
0.7445,200.21318638452695,0.5005323886871338,16.034129764586417,False
0.745,200.21318718800075,0.5005323886871338,16.034128673039085,False
0.7455,200.21318735140272,0.5005323886871338,16.034127459983736,False
0.746,200.2131868804045,0.5005323886871338,16.03412628633801,False
0.7465,200.21318586195017,0.5005323886871338,16.03412530125222,False
0.747,200.21318502200816,0.5005324482917786,16.034130584342623,False
0.7475,200.2131863862214,0.5005323886871338,16.03412976556864,False
0.748,200.21318719001624,0.5005323886871338,16.03412867355258,False
0.7485,200.21318735346694,0.5005323886871338,16.034127459982056,False
0.749,200.21318688225014,0.5005323886871338,16.034126285842838,False
0.7495,200.21318586334928,0.5005323886871338,16.034125300347743,False
0.75,200.2131850227996,0.5005324482917786,16.034130583162106,False
0.7505000000000001,200.21318638632874,0.5005323886871338,16.034129764275256,False
0.751,200.21318718945426,0.5005323886871338,16.03412867231721,False
0.7515000000000001,200.21318735233578,0.5005323886871338,16.034127458960988,False
0.752,200.2131868807188,0.5005323886871338,16.034126285158315,False
0.7525000000000001,200.2131858616312,0.5005323886871338,16.03412530007368,False
0.753,200.2131850211232,0.5005324482917786,16.03413058331661,False
0.7535000000000001,200.2131863849077,0.5005323886871338,16.034129764820626,False
0.754,200.21318718846047,0.5005323886871338,16.0341286731671,False
0.7545000000000001,200.21318735187913,0.5005323886871338,16.034127459993535,False
0.755,200.2131868808356,0.5005323886871338,16.03412628623326,False
0.7555000000000001,200.2131858622826,0.5005323886871338,16.034125301051144,False
0.756,200.21318502220328,0.5005324482917786,16.034130584075065,False
0.7565000000000001,200.2131863862598,0.5005323886871338,16.034129765271736,False
0.757,200.21318718989951,0.5005323886871338,16.034128673265702,False
0.7575000000000001,200.21318735321663,0.5005323886871338,16.034127459741637,False
0.758,200.21318688190394,0.5005323886871338,16.03412628567783,False
0.7585000000000001,200.21318586295564,0.5005323886871338,16.034125300276198,False
0.759,200.2131850224111,0.5005324482917786,16.034130583189317,False
0.7595000000000001,200.21318638599507,0.5005323886871338,16.0341297643936,False
0.76,200.21318718921594,0.5005323886871338,16.034128672507688,False
0.7605000000000001,200.21318735221948,0.5005323886871338,16.034127459196128,False
0.761,200.2131868807344,0.5005323886871338,16.034126285406057,False
0.7615000000000001,200.2131858617712,0.5005323886871338,16.034125300301664,False
0.762,200.21318502136447,0.5005324482917786,16.034130583496363,False
0.7625000000000001,200.21318638521498,0.5005323886871338,16.034129764931063,False
0.763,200.21318718879155,0.5005323886871338,16.034128673196907,False
0.7635000000000001,200.2131873521905,0.5005323886871338,16.03412745994224,False
0.764,200.21318688108806,0.5005323886871338,16.034126286110826,False
0.7645000000000001,200.21318586244607,0.5005323886871338,16.03412530087627,False
0.765,200.2131850222605,0.5005324482917786,16.034130583872418,False
0.7655000000000001,200.2131863862079,0.5005323886871338,16.034129765068514,False
0.766,200.21318718974968,0.5005323886871338,16.034128673088038,False
0.7665000000000001,200.21318735299218,0.5005323886871338,16.034127459611305,False
0.767,200.21318688163683,0.5005323886871338,16.034126285609602,False
0.7675000000000001,200.21318586268197,0.5005323886871338,16.034125300276262,False
0.768,200.21318502216627,0.5005324482917786,16.034130583254814,False
0.7685,200.21318638580937,0.5005323886871338,16.03412976451341,False
0.769,200.21318718911076,0.5005323886871338,16.03412867266415,False
0.7695,200.2131873522049,0.5005323886871338,16.03412745936763,False
0.77,200.21318688080865,0.5005323886871338,16.034126285569947,False
0.7705,200.21318586192098,0.5005323886871338,16.0341253004372,False
0.771,200.21318502156743,0.5005324482917786,16.034130583587313,False
0.7715,200.2131863854428,0.5005323886871338,16.034129764967595,False
0.772,200.21318718901395,0.5005323886871338,16.034128673176596,False
0.7725,200.2131873523791,0.5005323886871338,16.034127459870064,False
0.773,200.2131868812201,0.5005323886871338,16.03412628599822,False
0.7735,200.21318586250695,0.5005323886871338,16.03412530073937,False
0.774,200.21318502224534,0.5005324482917786,16.034130583729812,False
0.7745,200.21318638612178,0.5005323886871338,16.03412976493876,False
0.775,200.21318718960666,0.5005323886871338,16.03412867298727,False
0.7755,200.21318735281295,0.5005323886871338,16.034127459551257,False
0.776,200.213186881446,0.5005323886871338,16.034126285596297,False
0.7765,200.2131858625045,0.5005323886871338,16.03412530030944,False
0.777,200.2131850220244,0.5005324482917786,16.03413058332829,False
0.7775,200.2131863857198,0.5005323886871338,16.034129764616054,False
0.778,200.2131871890829,0.5005323886871338,16.034128672781563,False
0.7785,200.21318735223977,0.5005323886871338,16.034127459484104,False
0.779,200.2131868808991,0.5005323886871338,16.03412628567055,False
0.7795,200.21318586205305,0.5005323886871338,16.03412530050967,False
0.78,200.21318502172244,0.5005324482917786,16.034130583623515,False
0.7805,200.21318638559995,0.5005323886871338,16.034129764964376,False
0.781,200.21318718915285,0.5005323886871338,16.034128673136017,False
0.7815,200.2131873524827,0.5005323886871338,16.034127459798903,False
0.782,200.21318688127656,0.5005323886871338,16.03412628590689,False
0.7825,200.21318586251098,0.5005323886871338,16.034125300640458,False
0.783,200.21318502219862,0.5005324482917786,16.034130583636337,False
0.7835,200.2131863860324,0.5005323886871338,16.034129764862517,False
0.784,200.21318718948788,0.5005323886871338,16.034128672937335,False
0.7845,200.21318735268127,0.5005323886871338,16.034127459532954,False
0.785,200.2131868813189,0.5005323886871338,16.034126285610657,False
0.7855,200.21318586239815,0.5005323886871338,16.034125300353264,False
0.786,200.21318502195155,0.5005324482917786,16.03413058339471,False
0.7865,200.21318638568846,0.5005323886871338,16.034129764695596,False
0.787,200.2131871890953,0.5005323886871338,16.03412867286346,False
0.7875,200.2131873522925,0.5005323886871338,16.034127459557737,False
0.788,200.2131868809837,0.5005323886871338,16.034126285726806,False
0.7885,200.21318586215736,0.5005323886871338,16.034125300542055,False
0.789,200.21318502183217,0.5005324482917786,16.034130583628865,False
0.7895,200.21318638570082,0.5005323886871338,16.034129764943142,False
0.79,200.21318718923231,0.5005323886871338,16.034128673092027,False
0.7905,200.2131873525314,0.5005323886871338,16.034127459738748,False
0.791,200.2131868812895,0.5005323886871338,16.03412628583898,False
0.7915,200.213185862488,0.5005323886871338,16.034125300573844,False
0.792,200.21318502214416,0.5005324482917786,16.034130583579536,False
0.7925,200.21318638595486,0.5005323886871338,16.0341297648224,False
0.793,200.21318718939816,0.5005323886871338,16.03412867291836,False
0.7935,200.2131873525914,0.5005323886871338,16.034127459536663,False
0.794,200.21318688124035,0.5005323886871338,16.03412628563563,False
0.7945,200.2131858623405,0.5005323886871338,16.03412530039541,False
0.795,200.21318502192145,0.5005324482917786,16.034130583447904,False
0.7955,200.2131863856886,0.5005323886871338,16.03412976475255,False
0.796,200.21318718912445,0.5005323886871338,16.034128672916687,False
0.7965,200.2131873523457,0.5005323886871338,16.034127459600544,False
0.797,200.21318688105313,0.5005323886871338,16.03412628575411,False
0.7975,200.2131858622334,0.5005323886871338,16.03412530055098,False
0.798,200.2131850219048,0.5005324482917786,16.034130583619028,False
0.7985,200.21318638576076,0.5005323886871338,16.034129764916578,False
0.799,200.21318718927245,0.5005323886871338,16.034128673052848,False
0.7995,200.21318735254738,0.5005323886871338,16.034127459692506,False
0.8,200.2131868812803,0.5005323886871338,16.0341262857919,False
0.8005,200.21318586245582,0.5005323886871338,16.03412530053201,False
0.801,200.21318502209405,0.5005324482917786,16.034130583548105,False
0.8015,200.21318638589398,0.5005323886871338,16.03412976480499,False
0.802,200.2131871893348,0.5005323886871338,16.034128672916637,False
0.8025,200.21318735253385,0.5005323886871338,16.034127459550202,False
0.803,200.21318688119575,0.5005323886871338,16.034126285662047,False
0.8035,200.21318586231413,0.5005323886871338,16.03412530043078,False
0.804,200.21318502191588,0.5005324482917786,16.034130583487304,False
0.8045,200.21318638570364,0.5005323886871338,16.034129764790727,False
0.805,200.21318718915725,0.5005323886871338,16.034128672948803,False
0.8055,200.21318735239134,0.5005323886871338,16.03412745962274,False
0.806,200.2131868811052,0.5005323886871338,16.034126285763968,False
0.8065,200.21318586228497,0.5005323886871338,16.034125300547753,False
0.807,200.21318502194924,0.5005324482917786,16.034130583603684,False
0.8075,200.21318638579274,0.5005323886871338,16.034129764891595,False
0.808,200.2131871892883,0.5005323886871338,16.034128673021844,False
0.8085,200.2131873525458,0.5005323886871338,16.034127459659718,False
0.809,200.21318688126217,0.5005323886871338,16.03412628576162,False
0.8095,200.21318586242418,0.5005323886871338,16.034125300508023,False
0.81,200.21318502205358,0.5005324482917786,16.03413058353323,False
0.8105,200.2131863858502,0.5005323886871338,16.034129764800753,False
0.811,200.2131871892935,0.5005323886871338,16.034128672923128,False
0.8115,200.21318735250023,0.5005323886871338,16.034127459566143,False
0.812,200.2131868811738,0.5005323886871338,16.034126285684998,False
0.8125,200.21318586230618,0.5005323886871338,16.03412530045749,False
0.8130000000000001,200.2131850219223,0.5005324482917786,16.03413058351418,False
0.8135,200.21318638572308,0.5005323886871338,16.03412976481433,False
0.8140000000000001,200.21318718918667,0.5005323886871338,16.034128672966236,False
0.8145,200.21318735242656,0.5005323886871338,16.034127459632003,False
0.8150000000000001,200.2131868811414,0.5005323886871338,16.03412628576421,False
0.8155,200.21318586231746,0.5005323886871338,16.034125300539326,False
0.8160000000000001,200.21318502197403,0.5005324482917786,16.034130583588023,False
0.8165,200.21318638580692,0.5005323886871338,16.034129764871036,False
0.8170000000000001,200.21318718929052,0.5005323886871338,16.034128672999216,False
0.8175,200.21318735253624,0.5005323886871338,16.03412745963802,False
0.8180000000000001,200.2131868812426,0.5005323886871338,16.034126285743607,False
0.8185,200.2131858623975,0.5005323886871338,16.034125300495866,False
0.8190000000000001,200.21318502202357,0.5005324482917786,16.034130583528235,False
0.8195,200.21318638582076,0.5005323886871338,16.034129764803268,False
0.8200000000000001,200.21318718926844,0.5005323886871338,16.034128672932532,False
0.8205,200.21318735248258,0.5005323886871338,16.034127459580933,False
0.8210000000000001,200.2131868811656,0.5005323886871338,16.034126285703046,False
0.8215,200.213185862308,0.5005323886871338,16.034125300476333,False
0.8220000000000001,200.21318502193355,0.5005324482917786,16.03413058353137,False
0.8225,200.21318638574195,0.5005323886871338,16.034129764827714,False
0.8230000000000001,200.2131871892104,0.5005323886871338,16.034128672974234,False
0.8235,200.21318735245185,0.5005323886871338,16.03412745963382,False
0.8240000000000001,200.213186881165,0.5005323886871338,16.03412628575985,False
0.8245,200.21318586233636,0.5005323886871338,16.034125300529606,False
0.8250000000000001,200.21318502198596,0.5005324482917786,16.03413058357442,False
0.8255,200.21318638581067,0.5005323886871338,16.03412976485545,False
0.8260000000000001,200.21318718928597,0.5005323886871338,16.034128672983748,False
0.8265,200.21318735252427,0.5005323886871338,16.034127459624646,False
0.8270000000000001,200.2131868812251,0.5005323886871338,16.03412628573396,False
0.8275,200.21318586237697,0.5005323886871338,16.03412530049102,False
0.8280000000000001,200.2131850220027,0.5005324482917786,16.034130583528615,False
0.8285,200.2131863858023,0.5005323886871338,16.034129764808615,False
0.8290000000000001,200.21318718925465,0.5005323886871338,16.034128672941936,False
0.8295,200.213187352475,0.5005323886871338,16.034127459593027,False
0.8300000000000001,200.2131868811649,0.5005323886871338,16.03412628571617,False
0.8305,200.21318586231402,0.5005323886871338,16.03412530048878,False
0.8310000000000001,200.21318502194526,0.5005324482917786,16.03413058354156,False
0.8315,200.21318638575755,0.5005323886871338,16.034129764834454,False
0.8320000000000001,200.21318718922777,0.5005323886871338,16.034128672976802,False
0.8325,200.21318735246874,0.5005323886871338,16.03412745963206,False
0.833,200.21318688117915,0.5005323886871338,16.034126285754184,False
0.8335,200.21318586234617,0.5005323886871338,16.034125300520916,False
0.834,200.2131850219904,0.5005324482917786,16.034130583563936,False
0.8345,200.21318638580934,0.5005323886871338,16.034129764844582,False
0.835,200.21318718927924,0.5005323886871338,16.034128672973907,False
0.8355,200.21318735251324,0.5005323886871338,16.034127459617054,False
0.836,200.21318688121139,0.5005323886871338,16.0341262857295,False
0.8365,200.21318586236245,0.5005323886871338,16.03412530049013,False
0.837,200.21318502198926,0.5005324482917786,16.034130583531258,False
0.8375,200.21318638579163,0.5005323886871338,16.03412976481429,False
0.838,200.213187189248,0.5005323886871338,16.0341286729498,False
0.8385,200.21318735247308,0.5005323886871338,16.034127459601965,False
0.839,200.21318688116781,0.5005323886871338,16.034126285724987,False
0.8395,200.21318586232113,0.5005323886871338,16.034125300496328,False
0.84,200.21318502195544,0.5005324482917786,16.034130583546926,False
0.8405,200.2131863857694,0.5005323886871338,16.034129764837033,False
0.841,200.21318718923968,0.5005323886871338,16.034128672976383,False
0.8415,200.2131873524792,0.5005323886871338,16.034127459628824,False
0.842,200.2131868811869,0.5005323886871338,16.03412628574865,False
0.8425,200.21318586235023,0.5005323886871338,16.034125300513896,False
0.843,200.2131850219904,0.5005324482917786,16.034130583556404,False
0.8435,200.21318638580547,0.5005323886871338,16.034129764837537,False
0.844,200.2131871892722,0.5005323886871338,16.034128672968237,False
0.8445,200.21318735250412,0.5005323886871338,16.034127459613426,False
0.845,200.21318688120138,0.5005323886871338,16.03412628572828,False
0.8455,200.21318586235282,0.5005323886871338,16.03412530049138,False
0.846,200.21318502198127,0.5005324482917786,16.034130583534726,False
0.8465,200.21318638578632,0.5005323886871338,16.034129764819447,False
0.847,200.21318718924582,0.5005323886871338,16.034128672955895,False
0.8475,200.21318735247422,0.5005323886871338,16.0341274596082,False
0.848,200.21318688117194,0.5005323886871338,16.03412628573055,False
0.8485,200.21318586232766,0.5005323886871338,16.03412530050054,False
0.849,200.21318502196343,0.5005324482917786,16.03413058354931,False
0.8495,200.21318638577776,0.5005323886871338,16.034129764837353,False
0.85,200.21318718924732,0.5005323886871338,16.03412867297469,False
0.8505,200.2131873524851,0.5005323886871338,16.034127459625417,False
0.851,200.21318688119044,0.5005323886871338,16.034126285744048,False
0.8515,200.21318586235105,0.5005323886871338,16.034125300508745,False
0.852,200.21318502198855,0.5005324482917786,16.03413058355138,False
0.8525,200.21318638580127,0.5005323886871338,16.03412976483328,False
0.853,200.21318718926628,0.5005323886871338,16.034128672965252,False
0.8535,200.21318735249724,0.5005323886871338,16.034127459612062,False
0.854,200.2131868811945,0.5005323886871338,16.034126285728657,False
0.8545,200.21318586234688,0.5005323886871338,16.03412530049337,False
0.855,200.21318502197698,0.5005324482917786,16.03413058353801,False
0.8555,200.21318638578413,0.5005323886871338,16.034129764823536,False
0.856,200.21318718924596,0.5005323886871338,16.03412867296025,False
0.8565,200.21318735247652,0.5005323886871338,16.03412745961224,False
0.857,200.2131868811761,0.5005323886871338,16.034126285733766,False
0.8575,200.213185862333,0.5005323886871338,16.034125300502552,False
0.858,200.21318502196922,0.5005324482917786,16.034130583549913,False
0.8585,200.21318638578325,0.5005323886871338,16.03412976483653,False
0.859,200.21318718925178,0.5005323886871338,16.03412867297261,False
0.8595,200.21318735248806,0.5005323886871338,16.034127459622397,False
0.86,200.21318688119155,0.5005323886871338,16.03412628574052,False
0.8605,200.21318586235026,0.5005323886871338,16.034125300505185,False
0.861,200.21318502198602,0.5005324482917786,16.034130583548247,False
0.8615,200.2131863857974,0.5005323886871338,16.034129764830958,False
0.862,200.21318718926162,0.5005323886871338,16.03412867296401,False
0.8625,200.21318735249247,0.5005323886871338,16.034127459612005,False
0.863,200.21318688119024,0.5005323886871338,16.034126285729744,False
0.8635,200.2131858623436,0.5005323886871338,16.03412530049541,False
0.864,200.21318502197505,0.5005324482917786,16.03413058354071,False
0.8645,200.21318638578376,0.5005323886871338,16.034129764826528,False
0.865,200.21318718924718,0.5005323886871338,16.034128672963135,False
0.8655,200.2131873524791,0.5005323886871338,16.034127459614645,False
0.866,200.2131868811796,0.5005323886871338,16.034126285735404,False
0.8665,200.21318586233696,0.5005323886871338,16.034125300503252,False
0.867,200.21318502197312,0.5005324482917786,16.034130583549626,False
0.8675,200.2131863857866,0.5005323886871338,16.034129764835324,False
0.868,200.2131871892542,0.5005323886871338,16.034128672970677,False
0.8685,200.2131873524892,0.5005323886871338,16.03412745962002,False
0.869,200.21318688119135,0.5005323886871338,16.034126285738026,False
0.8695,200.2131858623488,0.5005323886871338,16.034125300502893,False
0.87,200.21318502198352,0.5005324482917786,16.034130583546453,False
0.8705,200.21318638579427,0.5005323886871338,16.034129764829878,False
0.871,200.2131871892583,0.5005323886871338,16.03412867296375,False
0.8715,200.21318735248937,0.5005323886871338,16.034127459612556,False
0.872,200.2131868811877,0.5005323886871338,16.034126285730995,False
0.8725,200.21318586234202,0.5005323886871338,16.03412530049718,False
0.873,200.21318502197454,0.5005324482917786,16.034130583542737,False
0.8735,200.21318638578438,0.5005323886871338,16.03412976482854,False
0.874,200.21318718924874,0.5005323886871338,16.03412867296486,False
0.8745,200.21318735248138,0.5005323886871338,16.03412745961588,False
0.875,200.21318688118222,0.5005323886871338,16.03412628573603,False
0.8755000000000001,200.2131858623396,0.5005323886871338,16.03412530050321,False
0.876,200.21318502197548,0.5005324482917786,16.03413058354895,False
0.8765000000000001,200.21318638578833,0.5005323886871338,16.034129764834137,False
0.877,200.21318718925517,0.5005323886871338,16.03412867296915,False
0.8775000000000001,200.21318735248929,0.5005323886871338,16.034127459618364,False
0.878,200.21318688119058,0.5005323886871338,16.034126285736455,False
0.8785000000000001,200.21318586234733,0.5005323886871338,16.034125300501604,False
0.879,200.2131850219816,0.5005324482917786,16.034130583545593,False
0.8795000000000001,200.2131863857921,0.5005323886871338,16.034129764829537,False
0.88,200.21318718925616,0.5005323886871338,16.03412867296395,False
0.8805000000000001,200.21318735248758,0.5005323886871338,16.034127459613252,False
0.881,200.2131868811865,0.5005323886871338,16.034126285732082,False
0.8815000000000001,200.21318586234142,0.5005323886871338,16.034125300498502,False
0.882,200.21318502197477,0.5005324482917786,16.034130583544112,False
0.8825000000000001,200.21318638578518,0.5005323886871338,16.03412976482979,False
0.883,200.21318718925008,0.5005323886871338,16.034128672965846,False
0.8835000000000001,200.21318735248306,0.5005323886871338,16.03412745961648,False
0.884,200.21318688118404,0.5005323886871338,16.034126285736182,False
0.8845000000000001,200.2131858623413,0.5005323886871338,16.03412530050292,False
0.885,200.21318502197684,0.5005324482917786,16.034130583548276,False
0.8855000000000001,200.2131863857892,0.5005323886871338,16.03412976483317,False
0.886,200.21318718925542,0.5005323886871338,16.03412867296805,False
0.8865000000000001,200.21318735248897,0.5005323886871338,16.034127459617267,False
0.887,200.21318688118976,0.5005323886871338,16.034126285735507,False
0.8875000000000001,200.21318586234608,0.5005323886871338,16.034125300500918,False
0.888,200.2131850219801,0.5005324482917786,16.03413058354526,False
0.8885000000000001,200.21318638579058,0.5005323886871338,16.03412976482958,False
0.889,200.21318718925485,0.5005323886871338,16.034128672964346,False
0.8895000000000001,200.21318735248664,0.5005323886871338,16.034127459613934,False
0.89,200.21318688118598,0.5005323886871338,16.034126285732945,False
0.8905000000000001,200.21318586234145,0.5005323886871338,16.034125300499422,False
0.891,200.21318502197516,0.5005324482917786,16.034130583544968,False
0.8915000000000001,200.21318638578606,0.5005323886871338,16.03412976483048,False
0.892,200.21318718925122,0.5005323886871338,16.034128672966283,False
0.8925000000000001,200.21318735248434,0.5005323886871338,16.034127459616613,False
0.893,200.2131868811853,0.5005323886871338,16.034126285735997,False
0.8935000000000001,200.21318586234236,0.5005323886871338,16.034125300502442,False
0.894,200.21318502197755,0.5005324482917786,16.03413058354758,False
0.8945000000000001,200.21318638578953,0.5005323886871338,16.034129764832354,False
0.895,200.21318718925528,0.5005323886871338,16.034128672967196,False
0.8955000000000001,200.21318735248846,0.5005323886871338,16.034127459616496,False
0.896,200.2131868811889,0.5005323886871338,16.034126285734903,False
0.8965,200.21318586234509,0.5005323886871338,16.03412530050055,False
0.897,200.21318502197906,0.5005324482917786,16.034130583545153,False
0.8975,200.2131863857896,0.5005323886871338,16.034129764829725,False
0.898,200.21318718925403,0.5005323886871338,16.034128672964716,False
0.8985,200.21318735248602,0.5005323886871338,16.03412745961449,False
0.899,200.21318688118572,0.5005323886871338,16.03412628573361,False
0.8995,200.2131858623415,0.5005323886871338,16.03412530050011,False
0.9,200.21318502197562,0.5005324482917786,16.034130583545593,False
0.9005,200.21318638578677,0.5005323886871338,16.034129764830954,False
0.901,200.21318718925212,0.5005323886871338,16.03412867296655,False
0.9015,200.21318735248528,0.5005323886871338,16.034127459616652,False
0.902,200.2131868811862,0.5005323886871338,16.034126285735812,False
0.9025,200.2131858623431,0.5005323886871338,16.034125300502055,False
0.903,200.21318502197803,0.5005324482917786,16.034130583547032,False
0.9035,200.21318638578964,0.5005323886871338,16.034129764831725,False
0.904,200.2131871892551,0.5005323886871338,16.03412867296658,False
0.9045,200.213187352488,0.5005323886871338,16.03412745961596,False
0.905,200.21318688118825,0.5005323886871338,16.03412628573451,False
0.9055,200.21318586234426,0.5005323886871338,16.034125300500346,False
0.906,200.21318502197818,0.5005324482917786,16.034130583545164,False
0.9065,200.21318638578882,0.5005323886871338,16.034129764829945,False
0.907,200.21318718925346,0.5005323886871338,16.03412867296511,False
0.9075,200.21318735248573,0.5005323886871338,16.03412745961499,False
0.908,200.21318688118572,0.5005323886871338,16.034126285734146,False
0.9085,200.2131858623418,0.5005323886871338,16.034125300500616,False
0.909,200.2131850219761,0.5005324482917786,16.034130583546006,False
0.9095,200.21318638578737,0.5005323886871338,16.034129764831242,False
0.91,200.21318718925275,0.5005323886871338,16.034128672966688,False
0.9105,200.21318735248587,0.5005323886871338,16.03412745961663,False
0.911,200.21318688118666,0.5005323886871338,16.03412628573565,False
0.9115,200.2131858623434,0.5005323886871338,16.034125300501795,False
0.912,200.21318502197815,0.5005324482917786,16.034130583546727,False
0.9125,200.21318638578958,0.5005323886871338,16.03412976483142,False
0.913,200.21318718925485,0.5005323886871338,16.034128672966318,False
0.9135,200.21318735248758,0.5005323886871338,16.03412745961579,False
0.914,200.21318688118777,0.5005323886871338,16.034126285734448,False
0.9145,200.21318586234378,0.5005323886871338,16.0341253005004,False
0.915,200.2131850219778,0.5005324482917786,16.034130583545323,False
0.9155,200.21318638578862,0.5005323886871338,16.034129764830176,False
0.916,200.21318718925338,0.5005323886871338,16.034128672965387,False
0.9165,200.21318735248582,0.5005323886871338,16.034127459615267,False
0.917,200.21318688118595,0.5005323886871338,16.034126285734384,False
0.9175,200.21318586234213,0.5005323886871338,16.03412530050078,False
0.918,200.21318502197647,0.5005324482917786,16.034130583546077,False
0.9185,200.2131863857878,0.5005323886871338,16.034129764831206,False
0.919,200.21318718925312,0.5005323886871338,16.034128672966553,False
0.9195,200.21318735248616,0.5005323886871338,16.034127459616418,False
0.92,200.21318688118683,0.5005323886871338,16.034126285735383,False
0.9205,200.2131858623434,0.5005323886871338,16.034125300501515,False
0.921,200.21318502197803,0.5005324482917786,16.034130583546453,False
0.9215,200.21318638578936,0.5005323886871338,16.03412976483119,False
0.922,200.21318718925457,0.5005323886871338,16.03412867296615,False
0.9225,200.21318735248727,0.5005323886871338,16.034127459615693,False
0.923,200.21318688118745,0.5005323886871338,16.03412628573444,False
0.9235,200.2131858623435,0.5005323886871338,16.03412530050047,False
0.924,200.21318502197758,0.5005324482917786,16.034130583545455,False
0.9245,200.21318638578845,0.5005323886871338,16.034129764830368,False
0.925,200.21318718925335,0.5005323886871338,16.034128672965593,False
0.9255,200.2131873524859,0.5005323886871338,16.03412745961547,False
0.926,200.2131868811861,0.5005323886871338,16.034126285734548,False
0.9265,200.21318586234236,0.5005323886871338,16.034125300500897,False
0.927,200.21318502197676,0.5005324482917786,16.03413058354613,False
0.9275,200.2131863857881,0.5005323886871338,16.034129764831185,False
0.928,200.21318718925343,0.5005323886871338,16.034128672966446,False
0.9285,200.21318735248641,0.5005323886871338,16.03412745961624,False
0.929,200.21318688118694,0.5005323886871338,16.034126285735148,False
0.9295,200.2131858623434,0.5005323886871338,16.034125300501252,False
0.93,200.21318502197786,0.5005324482917786,16.03413058354622,False
0.9305,200.21318638578907,0.5005323886871338,16.03412976483101,False
0.931,200.2131871892542,0.5005323886871338,16.034128672966048,False
0.9315,200.21318735248687,0.5005323886871338,16.034127459615686,False
0.932,200.21318688118706,0.5005323886871338,16.034126285734523,False
0.9325,200.2131858623432,0.5005323886871338,16.03412530050064,False
0.933,200.21318502197738,0.5005324482917786,16.034130583545693,False
0.9335,200.2131863857884,0.5005323886871338,16.03412976483063,False
0.934,200.2131871892534,0.5005323886871338,16.03412867296586,False
0.9345,200.2131873524861,0.5005323886871338,16.034127459615693,False
0.935,200.2131868811864,0.5005323886871338,16.034126285734718,False
0.9355,200.21318586234273,0.5005323886871338,16.034125300500982,False
0.936,200.21318502197713,0.5005324482917786,16.034130583546123,False
0.9365,200.21318638578833,0.5005323886871338,16.034129764831107,False
0.937,200.2131871892536,0.5005323886871338,16.03412867296631,False
0.9375,200.21318735248647,0.5005323886871338,16.034127459616077,False
0.9380000000000001,200.21318688118694,0.5005323886871338,16.03412628573498,False
0.9385,200.21318586234332,0.5005323886871338,16.0341253005011,False
0.9390000000000001,200.2131850219777,0.5005324482917786,16.034130583546087,False
0.9395,200.21318638578884,0.5005323886871338,16.034129764830933,False
0.9400000000000001,200.21318718925392,0.5005323886871338,16.034128672966037,False
0.9405,200.21318735248664,0.5005323886871338,16.034127459615743,False
0.9410000000000001,200.21318688118689,0.5005323886871338,16.034126285734636,False
0.9415,200.21318586234307,0.5005323886871338,16.034125300500794,False
0.9420000000000001,200.21318502197738,0.5005324482917786,16.034130583545853,False
0.9425,200.21318638578848,0.5005323886871338,16.03412976483078,False
0.9430000000000001,200.21318718925352,0.5005323886871338,16.034128672965988,False
0.9435,200.21318735248624,0.5005323886871338,16.03412745961579,False
0.9440000000000001,200.2131868811866,0.5005323886871338,16.03412628573478,False
0.9445,200.21318586234293,0.5005323886871338,16.034125300500996,False
0.9450000000000001,200.2131850219773,0.5005324482917786,16.034130583546087,False
0.9455,200.21318638578848,0.5005323886871338,16.034129764831025,False
0.9460000000000001,200.2131871892537,0.5005323886871338,16.034128672966204,False
0.9465,200.2131873524865,0.5005323886871338,16.03412745961596,False
0.9470000000000001,200.2131868811869,0.5005323886871338,16.03412628573487,False
0.9475,200.21318586234327,0.5005323886871338,16.034125300501,False
0.9480000000000001,200.21318502197764,0.5005324482917786,16.034130583546006,False
0.9485,200.2131863857888,0.5005323886871338,16.03412976483087,False
0.9490000000000001,200.21318718925383,0.5005323886871338,16.034128672966002,False
0.9495,200.21318735248653,0.5005323886871338,16.034127459615732,False
0.9500000000000001,200.21318688118677,0.5005323886871338,16.03412628573465,False
0.9505,200.21318586234298,0.5005323886871338,16.03412530050083,False
0.9510000000000001,200.21318502197732,0.5005324482917786,16.034130583545913,False
0.9515,200.21318638578848,0.5005323886871338,16.034129764830848,False
0.9520000000000001,200.21318718925352,0.5005323886871338,16.034128672966055,False
0.9525,200.21318735248624,0.5005323886871338,16.034127459615856,False
0.9530000000000001,200.21318688118663,0.5005323886871338,16.034126285734835,False
0.9535,200.21318586234298,0.5005323886871338,16.03412530050103,False
0.9540000000000001,200.21318502197735,0.5005324482917786,16.03413058354611,False
0.9545,200.21318638578853,0.5005323886871338,16.034129764831036,False
0.9550000000000001,200.21318718925374,0.5005323886871338,16.034128672966204,False
0.9555,200.21318735248656,0.5005323886871338,16.03412745961595,False
0.9560000000000001,200.21318688118694,0.5005323886871338,16.03412628573485,False
0.9565,200.21318586234324,0.5005323886871338,16.03412530050098,False
0.9570000000000001,200.2131850219776,0.5005324482917786,16.034130583545995,False
0.9575,200.21318638578876,0.5005323886871338,16.034129764830862,False
0.9580000000000001,200.2131871892538,0.5005323886871338,16.034128672966,False
0.9585,200.2131873524865,0.5005323886871338,16.034127459615732,False
0.9590000000000001,200.21318688118677,0.5005323886871338,16.034126285734654,False
0.9595,200.21318586234298,0.5005323886871338,16.034125300500833,False
0.96,200.21318502197732,0.5005324482917786,16.034130583545917,False
0.9605,200.21318638578848,0.5005323886871338,16.034129764830855,False
0.961,200.21318718925355,0.5005323886871338,16.034128672966062,False
0.9615,200.21318735248627,0.5005323886871338,16.034127459615856,False
0.962,200.21318688118666,0.5005323886871338,16.03412628573483,False
0.9625,200.21318586234298,0.5005323886871338,16.034125300501024,False
0.963,200.21318502197735,0.5005324482917786,16.0341305835461,False
0.9635,200.21318638578853,0.5005323886871338,16.03412976483103,False
0.964,200.21318718925374,0.5005323886871338,16.034128672966197,False
0.9645,200.21318735248656,0.5005323886871338,16.03412745961594,False
0.965,200.21318688118694,0.5005323886871338,16.034126285734843,False
0.9655,200.21318586234324,0.5005323886871338,16.03412530050097,False
0.966,200.2131850219776,0.5005324482917786,16.034130583545988,False
0.9665,200.21318638578876,0.5005323886871338,16.034129764830855,False
0.967,200.2131871892538,0.5005323886871338,16.03412867296599,False
0.9675,200.2131873524865,0.5005323886871338,16.034127459615725,False
0.968,200.21318688118674,0.5005323886871338,16.03412628573465,False
0.9685,200.21318586234298,0.5005323886871338,16.034125300500836,False
0.969,200.21318502197732,0.5005324482917786,16.03413058354592,False
0.9695,200.21318638578848,0.5005323886871338,16.034129764830855,False
0.97,200.21318718925355,0.5005323886871338,16.034128672966062,False
0.9705,200.21318735248627,0.5005323886871338,16.034127459615856,False
0.971,200.21318688118666,0.5005323886871338,16.03412628573483,False
0.9715,200.21318586234298,0.5005323886871338,16.034125300501024,False
0.972,200.21318502197735,0.5005324482917786,16.0341305835461,False
0.9725,200.21318638578853,0.5005323886871338,16.03412976483103,False
0.973,200.21318718925374,0.5005323886871338,16.034128672966197,False
0.9735,200.21318735248656,0.5005323886871338,16.03412745961594,False
0.974,200.21318688118694,0.5005323886871338,16.034126285734843,False
0.9745,200.21318586234324,0.5005323886871338,16.03412530050097,False
0.975,200.2131850219776,0.5005324482917786,16.034130583545988,False
0.9755,200.21318638578876,0.5005323886871338,16.034129764830855,False
0.976,200.2131871892538,0.5005323886871338,16.03412867296599,False
0.9765,200.2131873524865,0.5005323886871338,16.034127459615725,False
0.977,200.21318688118674,0.5005323886871338,16.03412628573465,False
0.9775,200.21318586234298,0.5005323886871338,16.034125300500836,False
0.978,200.21318502197732,0.5005324482917786,16.03413058354592,False
0.9785,200.21318638578848,0.5005323886871338,16.034129764830855,False
0.979,200.21318718925355,0.5005323886871338,16.034128672966062,False
0.9795,200.21318735248627,0.5005323886871338,16.034127459615856,False
0.98,200.21318688118666,0.5005323886871338,16.03412628573483,False
0.9805,200.21318586234298,0.5005323886871338,16.034125300501024,False
0.981,200.21318502197735,0.5005324482917786,16.0341305835461,False
0.9815,200.21318638578853,0.5005323886871338,16.03412976483103,False
0.982,200.21318718925374,0.5005323886871338,16.034128672966197,False
0.9825,200.21318735248656,0.5005323886871338,16.03412745961594,False
0.983,200.21318688118694,0.5005323886871338,16.034126285734843,False
0.9835,200.21318586234324,0.5005323886871338,16.03412530050097,False
0.984,200.2131850219776,0.5005324482917786,16.034130583545988,False
0.9845,200.21318638578876,0.5005323886871338,16.034129764830855,False
0.985,200.2131871892538,0.5005323886871338,16.03412867296599,False
0.9855,200.2131873524865,0.5005323886871338,16.034127459615725,False
0.986,200.21318688118674,0.5005323886871338,16.03412628573465,False
0.9865,200.21318586234298,0.5005323886871338,16.034125300500836,False
0.987,200.21318502197732,0.5005324482917786,16.03413058354592,False
0.9875,200.21318638578848,0.5005323886871338,16.034129764830855,False
0.988,200.21318718925355,0.5005323886871338,16.034128672966062,False
0.9885,200.21318735248627,0.5005323886871338,16.034127459615856,False
0.989,200.21318688118666,0.5005323886871338,16.03412628573483,False
0.9895,200.21318586234298,0.5005323886871338,16.034125300501024,False
0.99,200.21318502197735,0.5005324482917786,16.0341305835461,False
0.9905,200.21318638578853,0.5005323886871338,16.03412976483103,False
0.991,200.21318718925374,0.5005323886871338,16.034128672966197,False
0.9915,200.21318735248656,0.5005323886871338,16.03412745961594,False
0.992,200.21318688118694,0.5005323886871338,16.034126285734843,False
0.9925,200.21318586234324,0.5005323886871338,16.03412530050097,False
0.993,200.2131850219776,0.5005324482917786,16.034130583545988,False
0.9935,200.21318638578876,0.5005323886871338,16.034129764830855,False
0.994,200.2131871892538,0.5005323886871338,16.03412867296599,False
0.9945,200.2131873524865,0.5005323886871338,16.034127459615725,False
0.995,200.21318688118674,0.5005323886871338,16.03412628573465,False
0.9955,200.21318586234298,0.5005323886871338,16.034125300500836,False
0.996,200.21318502197732,0.5005324482917786,16.03413058354592,False
0.9965,200.21318638578848,0.5005323886871338,16.034129764830855,False
0.997,200.21318718925355,0.5005323886871338,16.034128672966062,False
0.9975,200.21318735248627,0.5005323886871338,16.034127459615856,False
0.998,200.21318688118666,0.5005323886871338,16.03412628573483,False
0.9985,200.21318586234298,0.5005323886871338,16.034125300501024,False
0.999,200.21318502197735,0.5005324482917786,16.0341305835461,False
0.9995,200.21318638578853,0.5005323886871338,16.03412976483103,False
1.0,200.21318718925374,0.5005323886871338,16.034128672966197,False
1.0005,200.21318735248656,0.5005323886871338,16.03412745961594,False
1.0010000000000001,200.21318688118694,0.5005323886871338,16.034126285734843,False
1.0015,200.21318586234324,0.5005323886871338,16.03412530050097,False
1.002,200.2131850219776,0.5005324482917786,16.034130583545988,False
1.0025,200.21318638578876,0.5005323886871338,16.034129764830855,False
1.0030000000000001,200.2131871892538,0.5005323886871338,16.03412867296599,False
1.0035,200.2131873524865,0.5005323886871338,16.034127459615725,False
1.004,200.21318688118674,0.5005323886871338,16.03412628573465,False
1.0045,200.21318586234298,0.5005323886871338,16.034125300500836,False
1.0050000000000001,200.21318502197732,0.5005324482917786,16.03413058354592,False
1.0055,200.21318638578848,0.5005323886871338,16.034129764830855,False
1.006,200.21318718925355,0.5005323886871338,16.034128672966062,False
1.0065,200.21318735248627,0.5005323886871338,16.034127459615856,False
1.0070000000000001,200.21318688118666,0.5005323886871338,16.03412628573483,False
1.0075,200.21318586234298,0.5005323886871338,16.034125300501024,False
1.008,200.21318502197735,0.5005324482917786,16.0341305835461,False
1.0085,200.21318638578853,0.5005323886871338,16.03412976483103,False
1.0090000000000001,200.21318718925374,0.5005323886871338,16.034128672966197,False
1.0095,200.21318735248656,0.5005323886871338,16.03412745961594,False
1.01,200.21318688118694,0.5005323886871338,16.034126285734843,False
1.0105,200.21318586234324,0.5005323886871338,16.03412530050097,False
1.0110000000000001,200.2131850219776,0.5005324482917786,16.034130583545988,False
1.0115,200.21318638578876,0.5005323886871338,16.034129764830855,False
1.012,200.2131871892538,0.5005323886871338,16.03412867296599,False
1.0125,200.2131873524865,0.5005323886871338,16.034127459615725,False
1.0130000000000001,200.21318688118674,0.5005323886871338,16.03412628573465,False
1.0135,200.21318586234298,0.5005323886871338,16.034125300500836,False
1.014,200.21318502197732,0.5005324482917786,16.03413058354592,False
1.0145,200.21318638578848,0.5005323886871338,16.034129764830855,False
1.0150000000000001,200.21318718925355,0.5005323886871338,16.034128672966062,False
1.0155,200.21318735248627,0.5005323886871338,16.034127459615856,False
1.016,200.21318688118666,0.5005323886871338,16.03412628573483,False
1.0165,200.21318586234298,0.5005323886871338,16.034125300501024,False
1.0170000000000001,200.21318502197735,0.5005324482917786,16.0341305835461,False
1.0175,200.21318638578853,0.5005323886871338,16.03412976483103,False
1.018,200.21318718925374,0.5005323886871338,16.034128672966197,False
1.0185,200.21318735248656,0.5005323886871338,16.03412745961594,False
1.0190000000000001,200.21318688118694,0.5005323886871338,16.034126285734843,False
1.0195,200.21318586234324,0.5005323886871338,16.03412530050097,False
1.02,200.2131850219776,0.5005324482917786,16.034130583545988,False
1.0205,200.21318638578876,0.5005323886871338,16.034129764830855,False
1.0210000000000001,200.2131871892538,0.5005323886871338,16.03412867296599,False
1.0215,200.2131873524865,0.5005323886871338,16.034127459615725,False
1.022,200.21318688118674,0.5005323886871338,16.03412628573465,False
1.0225,200.21318586234298,0.5005323886871338,16.034125300500836,False
1.0230000000000001,200.21318502197732,0.5005324482917786,16.03413058354592,False
1.0235,200.21318638578848,0.5005323886871338,16.034129764830855,False
1.024,200.21318718925355,0.5005323886871338,16.034128672966062,False
1.0245,200.21318735248627,0.5005323886871338,16.034127459615856,False
1.025,200.21318688118666,0.5005323886871338,16.03412628573483,False
1.0255,200.21318586234298,0.5005323886871338,16.034125300501024,False
1.026,200.21318502197735,0.5005324482917786,16.0341305835461,False
1.0265,200.21318638578853,0.5005323886871338,16.03412976483103,False
1.027,200.21318718925374,0.5005323886871338,16.034128672966197,False
1.0275,200.21318735248656,0.5005323886871338,16.03412745961594,False
1.028,200.21318688118694,0.5005323886871338,16.034126285734843,False
1.0285,200.21318586234324,0.5005323886871338,16.03412530050097,False
1.029,200.2131850219776,0.5005324482917786,16.034130583545988,False
1.0295,200.21318638578876,0.5005323886871338,16.034129764830855,False
1.03,200.2131871892538,0.5005323886871338,16.03412867296599,False
1.0305,200.2131873524865,0.5005323886871338,16.034127459615725,False
1.031,200.21318688118674,0.5005323886871338,16.03412628573465,False
1.0315,200.21318586234298,0.5005323886871338,16.034125300500836,False
1.032,200.21318502197732,0.5005324482917786,16.03413058354592,False
1.0325,200.21318638578848,0.5005323886871338,16.034129764830855,False
1.033,200.21318718925355,0.5005323886871338,16.034128672966062,False
1.0335,200.21318735248627,0.5005323886871338,16.034127459615856,False
1.034,200.21318688118666,0.5005323886871338,16.03412628573483,False
1.0345,200.21318586234298,0.5005323886871338,16.034125300501024,False
1.035,200.21318502197735,0.5005324482917786,16.0341305835461,False
1.0355,200.21318638578853,0.5005323886871338,16.03412976483103,False
1.036,200.21318718925374,0.5005323886871338,16.034128672966197,False
1.0365,200.21318735248656,0.5005323886871338,16.03412745961594,False
1.037,200.21318688118694,0.5005323886871338,16.034126285734843,False
1.0375,200.21318586234324,0.5005323886871338,16.03412530050097,False
1.038,200.2131850219776,0.5005324482917786,16.034130583545988,False
1.0385,200.21318638578876,0.5005323886871338,16.034129764830855,False
1.039,200.2131871892538,0.5005323886871338,16.03412867296599,False
1.0395,200.2131873524865,0.5005323886871338,16.034127459615725,False
1.04,200.21318688118674,0.5005323886871338,16.03412628573465,False
1.0405,200.21318586234298,0.5005323886871338,16.034125300500836,False
1.041,200.21318502197732,0.5005324482917786,16.03413058354592,False
1.0415,200.21318638578848,0.5005323886871338,16.034129764830855,False
1.042,200.21318718925355,0.5005323886871338,16.034128672966062,False
1.0425,200.21318735248627,0.5005323886871338,16.034127459615856,False
1.043,200.21318688118666,0.5005323886871338,16.03412628573483,False
1.0435,200.21318586234298,0.5005323886871338,16.034125300501024,False
1.044,200.21318502197735,0.5005324482917786,16.0341305835461,False
1.0445,200.21318638578853,0.5005323886871338,16.03412976483103,False
1.045,200.21318718925374,0.5005323886871338,16.034128672966197,False
1.0455,200.21318735248656,0.5005323886871338,16.03412745961594,False
1.046,200.21318688118694,0.5005323886871338,16.034126285734843,False
1.0465,200.21318586234324,0.5005323886871338,16.03412530050097,False
1.047,200.2131850219776,0.5005324482917786,16.034130583545988,False
1.0475,200.21318638578876,0.5005323886871338,16.034129764830855,False
1.048,200.2131871892538,0.5005323886871338,16.03412867296599,False
1.0485,200.2131873524865,0.5005323886871338,16.034127459615725,False
1.049,200.21318688118674,0.5005323886871338,16.03412628573465,False
1.0495,200.21318586234298,0.5005323886871338,16.034125300500836,False
1.05,200.21318502197732,0.5005324482917786,16.03413058354592,False
1.0505,200.21318638578848,0.5005323886871338,16.034129764830855,False
1.051,200.21318718925355,0.5005323886871338,16.034128672966062,False
1.0515,200.21318735248627,0.5005323886871338,16.034127459615856,False
1.052,200.21318688118666,0.5005323886871338,16.03412628573483,False
1.0525,200.21318586234298,0.5005323886871338,16.034125300501024,False
1.053,200.21318502197735,0.5005324482917786,16.0341305835461,False
1.0535,200.21318638578853,0.5005323886871338,16.03412976483103,False
1.054,200.21318718925374,0.5005323886871338,16.034128672966197,False
1.0545,200.21318735248656,0.5005323886871338,16.03412745961594,False
1.055,200.21318688118694,0.5005323886871338,16.034126285734843,False
1.0555,200.21318586234324,0.5005323886871338,16.03412530050097,False
1.056,200.2131850219776,0.5005324482917786,16.034130583545988,False
1.0565,200.21318638578876,0.5005323886871338,16.034129764830855,False
1.057,200.2131871892538,0.5005323886871338,16.03412867296599,False
1.0575,200.2131873524865,0.5005323886871338,16.034127459615725,False
1.058,200.21318688118674,0.5005323886871338,16.03412628573465,False
1.0585,200.21318586234298,0.5005323886871338,16.034125300500836,False
1.059,200.21318502197732,0.5005324482917786,16.03413058354592,False
1.0595,200.21318638578848,0.5005323886871338,16.034129764830855,False
1.06,200.21318718925355,0.5005323886871338,16.034128672966062,False
1.0605,200.21318735248627,0.5005323886871338,16.034127459615856,False
1.061,200.21318688118666,0.5005323886871338,16.03412628573483,False
1.0615,200.21318586234298,0.5005323886871338,16.034125300501024,False
1.062,200.21318502197735,0.5005324482917786,16.0341305835461,False
1.0625,200.21318638578853,0.5005323886871338,16.03412976483103,False
1.063,200.21318718925374,0.5005323886871338,16.034128672966197,False
1.0635000000000001,200.21318735248656,0.5005323886871338,16.03412745961594,False
1.064,200.21318688118694,0.5005323886871338,16.034126285734843,False
1.0645,200.21318586234324,0.5005323886871338,16.03412530050097,False
1.065,200.2131850219776,0.5005324482917786,16.034130583545988,False
1.0655000000000001,200.21318638578876,0.5005323886871338,16.034129764830855,False
1.066,200.2131871892538,0.5005323886871338,16.03412867296599,False
1.0665,200.2131873524865,0.5005323886871338,16.034127459615725,False
1.067,200.21318688118674,0.5005323886871338,16.03412628573465,False
1.0675000000000001,200.21318586234298,0.5005323886871338,16.034125300500836,False
1.068,200.21318502197732,0.5005324482917786,16.03413058354592,False
1.0685,200.21318638578848,0.5005323886871338,16.034129764830855,False
1.069,200.21318718925355,0.5005323886871338,16.034128672966062,False
1.0695000000000001,200.21318735248627,0.5005323886871338,16.034127459615856,False
1.07,200.21318688118666,0.5005323886871338,16.03412628573483,False
1.0705,200.21318586234298,0.5005323886871338,16.034125300501024,False
1.071,200.21318502197735,0.5005324482917786,16.0341305835461,False
1.0715000000000001,200.21318638578853,0.5005323886871338,16.03412976483103,False
1.072,200.21318718925374,0.5005323886871338,16.034128672966197,False
1.0725,200.21318735248656,0.5005323886871338,16.03412745961594,False
1.073,200.21318688118694,0.5005323886871338,16.034126285734843,False
1.0735000000000001,200.21318586234324,0.5005323886871338,16.03412530050097,False
1.074,200.2131850219776,0.5005324482917786,16.034130583545988,False
1.0745,200.21318638578876,0.5005323886871338,16.034129764830855,False
1.075,200.2131871892538,0.5005323886871338,16.03412867296599,False
1.0755000000000001,200.2131873524865,0.5005323886871338,16.034127459615725,False
1.076,200.21318688118674,0.5005323886871338,16.03412628573465,False
1.0765,200.21318586234298,0.5005323886871338,16.034125300500836,False
1.077,200.21318502197732,0.5005324482917786,16.03413058354592,False
1.0775000000000001,200.21318638578848,0.5005323886871338,16.034129764830855,False
1.078,200.21318718925355,0.5005323886871338,16.034128672966062,False
1.0785,200.21318735248627,0.5005323886871338,16.034127459615856,False
1.079,200.21318688118666,0.5005323886871338,16.03412628573483,False
1.0795000000000001,200.21318586234298,0.5005323886871338,16.034125300501024,False
1.08,200.21318502197735,0.5005324482917786,16.0341305835461,False
1.0805,200.21318638578853,0.5005323886871338,16.03412976483103,False
1.081,200.21318718925374,0.5005323886871338,16.034128672966197,False
1.0815000000000001,200.21318735248656,0.5005323886871338,16.03412745961594,False
1.082,200.21318688118694,0.5005323886871338,16.034126285734843,False
1.0825,200.21318586234324,0.5005323886871338,16.03412530050097,False
1.083,200.2131850219776,0.5005324482917786,16.034130583545988,False
1.0835000000000001,200.21318638578876,0.5005323886871338,16.034129764830855,False
1.084,200.2131871892538,0.5005323886871338,16.03412867296599,False
1.0845,200.2131873524865,0.5005323886871338,16.034127459615725,False
1.085,200.21318688118674,0.5005323886871338,16.03412628573465,False
1.0855000000000001,200.21318586234298,0.5005323886871338,16.034125300500836,False
1.086,200.21318502197732,0.5005324482917786,16.03413058354592,False
1.0865,200.21318638578848,0.5005323886871338,16.034129764830855,False
1.087,200.21318718925355,0.5005323886871338,16.034128672966062,False
1.0875000000000001,200.21318735248627,0.5005323886871338,16.034127459615856,False
1.088,200.21318688118666,0.5005323886871338,16.03412628573483,False
1.0885,200.21318586234298,0.5005323886871338,16.034125300501024,False
1.089,200.21318502197735,0.5005324482917786,16.0341305835461,False
1.0895,200.21318638578853,0.5005323886871338,16.03412976483103,False
1.09,200.21318718925374,0.5005323886871338,16.034128672966197,False
1.0905,200.21318735248656,0.5005323886871338,16.03412745961594,False
1.091,200.21318688118694,0.5005323886871338,16.034126285734843,False
1.0915,200.21318586234324,0.5005323886871338,16.03412530050097,False
1.092,200.2131850219776,0.5005324482917786,16.034130583545988,False
1.0925,200.21318638578876,0.5005323886871338,16.034129764830855,False
1.093,200.2131871892538,0.5005323886871338,16.03412867296599,False
1.0935,200.2131873524865,0.5005323886871338,16.034127459615725,False
1.094,200.21318688118674,0.5005323886871338,16.03412628573465,False
1.0945,200.21318586234298,0.5005323886871338,16.034125300500836,False
1.095,200.21318502197732,0.5005324482917786,16.03413058354592,False
1.0955,200.21318638578848,0.5005323886871338,16.034129764830855,False
1.096,200.21318718925355,0.5005323886871338,16.034128672966062,False
1.0965,200.21318735248627,0.5005323886871338,16.034127459615856,False
1.097,200.21318688118666,0.5005323886871338,16.03412628573483,False
1.0975,200.21318586234298,0.5005323886871338,16.034125300501024,False
1.098,200.21318502197735,0.5005324482917786,16.0341305835461,False
1.0985,200.21318638578853,0.5005323886871338,16.03412976483103,False
1.099,200.21318718925374,0.5005323886871338,16.034128672966197,False
1.0995,200.21318735248656,0.5005323886871338,16.03412745961594,False
1.1,200.21318688118694,0.5005323886871338,16.034126285734843,False
1.1005,200.21318586234324,0.5005323886871338,16.03412530050097,False
1.101,200.2131850219776,0.5005324482917786,16.034130583545988,False
1.1015,200.21318638578876,0.5005323886871338,16.034129764830855,False
1.102,200.2131871892538,0.5005323886871338,16.03412867296599,False
1.1025,200.2131873524865,0.5005323886871338,16.034127459615725,False
1.103,200.21318688118674,0.5005323886871338,16.03412628573465,False
1.1035,200.21318586234298,0.5005323886871338,16.034125300500836,False
1.104,200.21318502197732,0.5005324482917786,16.03413058354592,False
1.1045,200.21318638578848,0.5005323886871338,16.034129764830855,False
1.105,200.21318718925355,0.5005323886871338,16.034128672966062,False
1.1055,200.21318735248627,0.5005323886871338,16.034127459615856,False
1.106,200.21318688118666,0.5005323886871338,16.03412628573483,False
1.1065,200.21318586234298,0.5005323886871338,16.034125300501024,False
1.107,200.21318502197735,0.5005324482917786,16.0341305835461,False
1.1075,200.21318638578853,0.5005323886871338,16.03412976483103,False
1.108,200.21318718925374,0.5005323886871338,16.034128672966197,False
1.1085,200.21318735248656,0.5005323886871338,16.03412745961594,False
1.109,200.21318688118694,0.5005323886871338,16.034126285734843,False
1.1095,200.21318586234324,0.5005323886871338,16.03412530050097,False
1.11,200.2131850219776,0.5005324482917786,16.034130583545988,False
1.1105,200.21318638578876,0.5005323886871338,16.034129764830855,False
1.111,200.2131871892538,0.5005323886871338,16.03412867296599,False
1.1115,200.2131873524865,0.5005323886871338,16.034127459615725,False
1.112,200.21318688118674,0.5005323886871338,16.03412628573465,False
1.1125,200.21318586234298,0.5005323886871338,16.034125300500836,False
1.113,200.21318502197732,0.5005324482917786,16.03413058354592,False
1.1135,200.21318638578848,0.5005323886871338,16.034129764830855,False
1.114,200.21318718925355,0.5005323886871338,16.034128672966062,False
1.1145,200.21318735248627,0.5005323886871338,16.034127459615856,False
1.115,200.21318688118666,0.5005323886871338,16.03412628573483,False
1.1155,200.21318586234298,0.5005323886871338,16.034125300501024,False
1.116,200.21318502197735,0.5005324482917786,16.0341305835461,False
1.1165,200.21318638578853,0.5005323886871338,16.03412976483103,False
1.117,200.21318718925374,0.5005323886871338,16.034128672966197,False
1.1175,200.21318735248656,0.5005323886871338,16.03412745961594,False
1.118,200.21318688118694,0.5005323886871338,16.034126285734843,False
1.1185,200.21318586234324,0.5005323886871338,16.03412530050097,False
1.119,200.2131850219776,0.5005324482917786,16.034130583545988,False
1.1195,200.21318638578876,0.5005323886871338,16.034129764830855,False
1.12,200.2131871892538,0.5005323886871338,16.03412867296599,False
1.1205,200.2131873524865,0.5005323886871338,16.034127459615725,False
1.121,200.21318688118674,0.5005323886871338,16.03412628573465,False
1.1215,200.21318586234298,0.5005323886871338,16.034125300500836,False
1.122,200.21318502197732,0.5005324482917786,16.03413058354592,False
1.1225,200.21318638578848,0.5005323886871338,16.034129764830855,False
1.123,200.21318718925355,0.5005323886871338,16.034128672966062,False
1.1235,200.21318735248627,0.5005323886871338,16.034127459615856,False
1.124,200.21318688118666,0.5005323886871338,16.03412628573483,False
1.1245,200.21318586234298,0.5005323886871338,16.034125300501024,False
1.125,200.21318502197735,0.5005324482917786,16.0341305835461,False
1.1255,200.21318638578853,0.5005323886871338,16.03412976483103,False
1.1260000000000001,200.21318718925374,0.5005323886871338,16.034128672966197,False
1.1265,200.21318735248656,0.5005323886871338,16.03412745961594,False
1.127,200.21318688118694,0.5005323886871338,16.034126285734843,False
1.1275,200.21318586234324,0.5005323886871338,16.03412530050097,False
1.1280000000000001,200.2131850219776,0.5005324482917786,16.034130583545988,False
1.1285,200.21318638578876,0.5005323886871338,16.034129764830855,False
1.129,200.2131871892538,0.5005323886871338,16.03412867296599,False
1.1295,200.2131873524865,0.5005323886871338,16.034127459615725,False
1.1300000000000001,200.21318688118674,0.5005323886871338,16.03412628573465,False
1.1305,200.21318586234298,0.5005323886871338,16.034125300500836,False
1.131,200.21318502197732,0.5005324482917786,16.03413058354592,False
1.1315,200.21318638578848,0.5005323886871338,16.034129764830855,False
1.1320000000000001,200.21318718925355,0.5005323886871338,16.034128672966062,False
1.1325,200.21318735248627,0.5005323886871338,16.034127459615856,False
1.133,200.21318688118666,0.5005323886871338,16.03412628573483,False
1.1335,200.21318586234298,0.5005323886871338,16.034125300501024,False
1.1340000000000001,200.21318502197735,0.5005324482917786,16.0341305835461,False
1.1345,200.21318638578853,0.5005323886871338,16.03412976483103,False
1.135,200.21318718925374,0.5005323886871338,16.034128672966197,False
1.1355,200.21318735248656,0.5005323886871338,16.03412745961594,False
1.1360000000000001,200.21318688118694,0.5005323886871338,16.034126285734843,False
1.1365,200.21318586234324,0.5005323886871338,16.03412530050097,False
1.137,200.2131850219776,0.5005324482917786,16.034130583545988,False
1.1375,200.21318638578876,0.5005323886871338,16.034129764830855,False
1.1380000000000001,200.2131871892538,0.5005323886871338,16.03412867296599,False
1.1385,200.2131873524865,0.5005323886871338,16.034127459615725,False
1.139,200.21318688118674,0.5005323886871338,16.03412628573465,False
1.1395,200.21318586234298,0.5005323886871338,16.034125300500836,False
1.1400000000000001,200.21318502197732,0.5005324482917786,16.03413058354592,False
1.1405,200.21318638578848,0.5005323886871338,16.034129764830855,False
1.141,200.21318718925355,0.5005323886871338,16.034128672966062,False
1.1415,200.21318735248627,0.5005323886871338,16.034127459615856,False
1.1420000000000001,200.21318688118666,0.5005323886871338,16.03412628573483,False
1.1425,200.21318586234298,0.5005323886871338,16.034125300501024,False
1.143,200.21318502197735,0.5005324482917786,16.0341305835461,False
1.1435,200.21318638578853,0.5005323886871338,16.03412976483103,False
1.1440000000000001,200.21318718925374,0.5005323886871338,16.034128672966197,False
1.1445,200.21318735248656,0.5005323886871338,16.03412745961594,False
1.145,200.21318688118694,0.5005323886871338,16.034126285734843,False
1.1455,200.21318586234324,0.5005323886871338,16.03412530050097,False
1.1460000000000001,200.2131850219776,0.5005324482917786,16.034130583545988,False
1.1465,200.21318638578876,0.5005323886871338,16.034129764830855,False
1.147,200.2131871892538,0.5005323886871338,16.03412867296599,False
1.1475,200.2131873524865,0.5005323886871338,16.034127459615725,False
1.1480000000000001,200.21318688118674,0.5005323886871338,16.03412628573465,False
1.1485,200.21318586234298,0.5005323886871338,16.034125300500836,False
1.149,200.21318502197732,0.5005324482917786,16.03413058354592,False
1.1495,200.21318638578848,0.5005323886871338,16.034129764830855,False
1.1500000000000001,200.21318718925355,0.5005323886871338,16.034128672966062,False
1.1505,200.21318735248627,0.5005323886871338,16.034127459615856,False
1.151,200.21318688118666,0.5005323886871338,16.03412628573483,False
1.1515,200.21318586234298,0.5005323886871338,16.034125300501024,False
1.1520000000000001,200.21318502197735,0.5005324482917786,16.0341305835461,False
1.1525,200.21318638578853,0.5005323886871338,16.03412976483103,False
1.153,200.21318718925374,0.5005323886871338,16.034128672966197,False
1.1535,200.21318735248656,0.5005323886871338,16.03412745961594,False
1.154,200.21318688118694,0.5005323886871338,16.034126285734843,False
1.1545,200.21318586234324,0.5005323886871338,16.03412530050097,False
1.155,200.2131850219776,0.5005324482917786,16.034130583545988,False
1.1555,200.21318638578876,0.5005323886871338,16.034129764830855,False
1.156,200.2131871892538,0.5005323886871338,16.03412867296599,False
1.1565,200.2131873524865,0.5005323886871338,16.034127459615725,False
1.157,200.21318688118674,0.5005323886871338,16.03412628573465,False
1.1575,200.21318586234298,0.5005323886871338,16.034125300500836,False
1.158,200.21318502197732,0.5005324482917786,16.03413058354592,False
1.1585,200.21318638578848,0.5005323886871338,16.034129764830855,False
1.159,200.21318718925355,0.5005323886871338,16.034128672966062,False
1.1595,200.21318735248627,0.5005323886871338,16.034127459615856,False
1.16,200.21318688118666,0.5005323886871338,16.03412628573483,False
1.1605,200.21318586234298,0.5005323886871338,16.034125300501024,False
1.161,200.21318502197735,0.5005324482917786,16.0341305835461,False
1.1615,200.21318638578853,0.5005323886871338,16.03412976483103,False
1.162,200.21318718925374,0.5005323886871338,16.034128672966197,False
1.1625,200.21318735248656,0.5005323886871338,16.03412745961594,False
1.163,200.21318688118694,0.5005323886871338,16.034126285734843,False
1.1635,200.21318586234324,0.5005323886871338,16.03412530050097,False
1.164,200.2131850219776,0.5005324482917786,16.034130583545988,False
1.1645,200.21318638578876,0.5005323886871338,16.034129764830855,False
1.165,200.2131871892538,0.5005323886871338,16.03412867296599,False
1.1655,200.2131873524865,0.5005323886871338,16.034127459615725,False
1.166,200.21318688118674,0.5005323886871338,16.03412628573465,False
1.1665,200.21318586234298,0.5005323886871338,16.034125300500836,False
1.167,200.21318502197732,0.5005324482917786,16.03413058354592,False
1.1675,200.21318638578848,0.5005323886871338,16.034129764830855,False
1.168,200.21318718925355,0.5005323886871338,16.034128672966062,False
1.1685,200.21318735248627,0.5005323886871338,16.034127459615856,False
1.169,200.21318688118666,0.5005323886871338,16.03412628573483,False
1.1695,200.21318586234298,0.5005323886871338,16.034125300501024,False
1.17,200.21318502197735,0.5005324482917786,16.0341305835461,False
1.1705,200.21318638578853,0.5005323886871338,16.03412976483103,False
1.171,200.21318718925374,0.5005323886871338,16.034128672966197,False
1.1715,200.21318735248656,0.5005323886871338,16.03412745961594,False
1.172,200.21318688118694,0.5005323886871338,16.034126285734843,False
1.1725,200.21318586234324,0.5005323886871338,16.03412530050097,False
1.173,200.2131850219776,0.5005324482917786,16.034130583545988,False
1.1735,200.21318638578876,0.5005323886871338,16.034129764830855,False
1.174,200.2131871892538,0.5005323886871338,16.03412867296599,False
1.1745,200.2131873524865,0.5005323886871338,16.034127459615725,False
1.175,200.21318688118674,0.5005323886871338,16.03412628573465,False
1.1755,200.21318586234298,0.5005323886871338,16.034125300500836,False
1.176,200.21318502197732,0.5005324482917786,16.03413058354592,False
1.1765,200.21318638578848,0.5005323886871338,16.034129764830855,False
1.177,200.21318718925355,0.5005323886871338,16.034128672966062,False
1.1775,200.21318735248627,0.5005323886871338,16.034127459615856,False
1.178,200.21318688118666,0.5005323886871338,16.03412628573483,False
1.1785,200.21318586234298,0.5005323886871338,16.034125300501024,False
1.179,200.21318502197735,0.5005324482917786,16.0341305835461,False
1.1795,200.21318638578853,0.5005323886871338,16.03412976483103,False
1.18,200.21318718925374,0.5005323886871338,16.034128672966197,False
1.1805,200.21318735248656,0.5005323886871338,16.03412745961594,False
1.181,200.21318688118694,0.5005323886871338,16.034126285734843,False
1.1815,200.21318586234324,0.5005323886871338,16.03412530050097,False
1.182,200.2131850219776,0.5005324482917786,16.034130583545988,False
1.1825,200.21318638578876,0.5005323886871338,16.034129764830855,False
1.183,200.2131871892538,0.5005323886871338,16.03412867296599,False
1.1835,200.2131873524865,0.5005323886871338,16.034127459615725,False
1.184,200.21318688118674,0.5005323886871338,16.03412628573465,False
1.1845,200.21318586234298,0.5005323886871338,16.034125300500836,False
1.185,200.21318502197732,0.5005324482917786,16.03413058354592,False
1.1855,200.21318638578848,0.5005323886871338,16.034129764830855,False
1.186,200.21318718925355,0.5005323886871338,16.034128672966062,False
1.1865,200.21318735248627,0.5005323886871338,16.034127459615856,False
1.187,200.21318688118666,0.5005323886871338,16.03412628573483,False
1.1875,200.21318586234298,0.5005323886871338,16.034125300501024,False
1.188,200.21318502197735,0.5005324482917786,16.0341305835461,False
1.1885000000000001,200.21318638578853,0.5005323886871338,16.03412976483103,False
1.189,200.21318718925374,0.5005323886871338,16.034128672966197,False
1.1895,200.21318735248656,0.5005323886871338,16.03412745961594,False
1.19,200.21318688118694,0.5005323886871338,16.034126285734843,False
1.1905000000000001,200.21318586234324,0.5005323886871338,16.03412530050097,False
1.191,200.2131850219776,0.5005324482917786,16.034130583545988,False
1.1915,200.21318638578876,0.5005323886871338,16.034129764830855,False
1.192,200.2131871892538,0.5005323886871338,16.03412867296599,False
1.1925000000000001,200.2131873524865,0.5005323886871338,16.034127459615725,False
1.193,200.21318688118674,0.5005323886871338,16.03412628573465,False
1.1935,200.21318586234298,0.5005323886871338,16.034125300500836,False
1.194,200.21318502197732,0.5005324482917786,16.03413058354592,False
1.1945000000000001,200.21318638578848,0.5005323886871338,16.034129764830855,False
1.195,200.21318718925355,0.5005323886871338,16.034128672966062,False
1.1955,200.21318735248627,0.5005323886871338,16.034127459615856,False
1.196,200.21318688118666,0.5005323886871338,16.03412628573483,False
1.1965000000000001,200.21318586234298,0.5005323886871338,16.034125300501024,False
1.197,200.21318502197735,0.5005324482917786,16.0341305835461,False
1.1975,200.21318638578853,0.5005323886871338,16.03412976483103,False
1.198,200.21318718925374,0.5005323886871338,16.034128672966197,False
1.1985000000000001,200.21318735248656,0.5005323886871338,16.03412745961594,False
1.199,200.21318688118694,0.5005323886871338,16.034126285734843,False
1.1995,200.21318586234324,0.5005323886871338,16.03412530050097,False
1.2,200.2131850219776,0.5005324482917786,16.034130583545988,False
1.2005000000000001,200.21318638578876,0.5005323886871338,16.034129764830855,False
1.201,200.2131871892538,0.5005323886871338,16.03412867296599,False
1.2015,200.2131873524865,0.5005323886871338,16.034127459615725,False
1.202,200.21318688118674,0.5005323886871338,16.03412628573465,False
1.2025000000000001,200.21318586234298,0.5005323886871338,16.034125300500836,False
1.203,200.21318502197732,0.5005324482917786,16.03413058354592,False
1.2035,200.21318638578848,0.5005323886871338,16.034129764830855,False
1.204,200.21318718925355,0.5005323886871338,16.034128672966062,False
1.2045000000000001,200.21318735248627,0.5005323886871338,16.034127459615856,False
1.205,200.21318688118666,0.5005323886871338,16.03412628573483,False
1.2055,200.21318586234298,0.5005323886871338,16.034125300501024,False
1.206,200.21318502197735,0.5005324482917786,16.0341305835461,False
1.2065000000000001,200.21318638578853,0.5005323886871338,16.03412976483103,False
1.207,200.21318718925374,0.5005323886871338,16.034128672966197,False
1.2075,200.21318735248656,0.5005323886871338,16.03412745961594,False
1.208,200.21318688118694,0.5005323886871338,16.034126285734843,False
1.2085000000000001,200.21318586234324,0.5005323886871338,16.03412530050097,False
1.209,200.2131850219776,0.5005324482917786,16.034130583545988,False
1.2095,200.21318638578876,0.5005323886871338,16.034129764830855,False
1.21,200.2131871892538,0.5005323886871338,16.03412867296599,False
1.2105000000000001,200.2131873524865,0.5005323886871338,16.034127459615725,False
1.211,200.21318688118674,0.5005323886871338,16.03412628573465,False
1.2115,200.21318586234298,0.5005323886871338,16.034125300500836,False
1.212,200.21318502197732,0.5005324482917786,16.03413058354592,False
1.2125000000000001,200.21318638578848,0.5005323886871338,16.034129764830855,False
1.213,200.21318718925355,0.5005323886871338,16.034128672966062,False
1.2135,200.21318735248627,0.5005323886871338,16.034127459615856,False
1.214,200.21318688118666,0.5005323886871338,16.03412628573483,False
1.2145000000000001,200.21318586234298,0.5005323886871338,16.034125300501024,False
1.215,200.21318502197735,0.5005324482917786,16.0341305835461,False
1.2155,200.21318638578853,0.5005323886871338,16.03412976483103,False
1.216,200.21318718925374,0.5005323886871338,16.034128672966197,False
1.2165,200.21318735248656,0.5005323886871338,16.03412745961594,False
1.217,200.21318688118694,0.5005323886871338,16.034126285734843,False
1.2175,200.21318586234324,0.5005323886871338,16.03412530050097,False
1.218,200.2131850219776,0.5005324482917786,16.034130583545988,False
1.2185,200.21318638578876,0.5005323886871338,16.034129764830855,False
1.219,200.2131871892538,0.5005323886871338,16.03412867296599,False
1.2195,200.2131873524865,0.5005323886871338,16.034127459615725,False
1.22,200.21318688118674,0.5005323886871338,16.03412628573465,False
1.2205,200.21318586234298,0.5005323886871338,16.034125300500836,False
1.221,200.21318502197732,0.5005324482917786,16.03413058354592,False
1.2215,200.21318638578848,0.5005323886871338,16.034129764830855,False
1.222,200.21318718925355,0.5005323886871338,16.034128672966062,False
1.2225,200.21318735248627,0.5005323886871338,16.034127459615856,False
1.223,200.21318688118666,0.5005323886871338,16.03412628573483,False
1.2235,200.21318586234298,0.5005323886871338,16.034125300501024,False
1.224,200.21318502197735,0.5005324482917786,16.0341305835461,False
1.2245,200.21318638578853,0.5005323886871338,16.03412976483103,False
1.225,200.21318718925374,0.5005323886871338,16.034128672966197,False
1.2255,200.21318735248656,0.5005323886871338,16.03412745961594,False
1.226,200.21318688118694,0.5005323886871338,16.034126285734843,False
1.2265,200.21318586234324,0.5005323886871338,16.03412530050097,False
1.227,200.2131850219776,0.5005324482917786,16.034130583545988,False
1.2275,200.21318638578876,0.5005323886871338,16.034129764830855,False
1.228,200.2131871892538,0.5005323886871338,16.03412867296599,False
1.2285,200.2131873524865,0.5005323886871338,16.034127459615725,False
1.229,200.21318688118674,0.5005323886871338,16.03412628573465,False
1.2295,200.21318586234298,0.5005323886871338,16.034125300500836,False
1.23,200.21318502197732,0.5005324482917786,16.03413058354592,False
1.2305,200.21318638578848,0.5005323886871338,16.034129764830855,False
1.231,200.21318718925355,0.5005323886871338,16.034128672966062,False
1.2315,200.21318735248627,0.5005323886871338,16.034127459615856,False
1.232,200.21318688118666,0.5005323886871338,16.03412628573483,False
1.2325,200.21318586234298,0.5005323886871338,16.034125300501024,False
1.233,200.21318502197735,0.5005324482917786,16.0341305835461,False
1.2335,200.21318638578853,0.5005323886871338,16.03412976483103,False
1.234,200.21318718925374,0.5005323886871338,16.034128672966197,False
1.2345,200.21318735248656,0.5005323886871338,16.03412745961594,False
1.235,200.21318688118694,0.5005323886871338,16.034126285734843,False
1.2355,200.21318586234324,0.5005323886871338,16.03412530050097,False
1.236,200.2131850219776,0.5005324482917786,16.034130583545988,False
1.2365,200.21318638578876,0.5005323886871338,16.034129764830855,False
1.237,200.2131871892538,0.5005323886871338,16.03412867296599,False
1.2375,200.2131873524865,0.5005323886871338,16.034127459615725,False
1.238,200.21318688118674,0.5005323886871338,16.03412628573465,False
1.2385,200.21318586234298,0.5005323886871338,16.034125300500836,False
1.239,200.21318502197732,0.5005324482917786,16.03413058354592,False
1.2395,200.21318638578848,0.5005323886871338,16.034129764830855,False
1.24,200.21318718925355,0.5005323886871338,16.034128672966062,False
1.2405,200.21318735248627,0.5005323886871338,16.034127459615856,False
1.241,200.21318688118666,0.5005323886871338,16.03412628573483,False
1.2415,200.21318586234298,0.5005323886871338,16.034125300501024,False
1.242,200.21318502197735,0.5005324482917786,16.0341305835461,False
1.2425,200.21318638578853,0.5005323886871338,16.03412976483103,False
1.243,200.21318718925374,0.5005323886871338,16.034128672966197,False
1.2435,200.21318735248656,0.5005323886871338,16.03412745961594,False
1.244,200.21318688118694,0.5005323886871338,16.034126285734843,False
1.2445,200.21318586234324,0.5005323886871338,16.03412530050097,False
1.245,200.2131850219776,0.5005324482917786,16.034130583545988,False
1.2455,200.21318638578876,0.5005323886871338,16.034129764830855,False
1.246,200.2131871892538,0.5005323886871338,16.03412867296599,False
1.2465,200.2131873524865,0.5005323886871338,16.034127459615725,False
1.247,200.21318688118674,0.5005323886871338,16.03412628573465,False
1.2475,200.21318586234298,0.5005323886871338,16.034125300500836,False
1.248,200.21318502197732,0.5005324482917786,16.03413058354592,False
1.2485,200.21318638578848,0.5005323886871338,16.034129764830855,False
1.249,200.21318718925355,0.5005323886871338,16.034128672966062,False
1.2495,200.21318735248627,0.5005323886871338,16.034127459615856,False
1.25,200.21318688118666,0.5005323886871338,16.03412628573483,False
1.2505,200.21318586234298,0.5005323886871338,16.034125300501024,False
1.2510000000000001,200.21318502197735,0.5005324482917786,16.0341305835461,False
1.2515,200.21318638578853,0.5005323886871338,16.03412976483103,False
1.252,200.21318718925374,0.5005323886871338,16.034128672966197,False
1.2525,200.21318735248656,0.5005323886871338,16.03412745961594,False
1.2530000000000001,200.21318688118694,0.5005323886871338,16.034126285734843,False
1.2535,200.21318586234324,0.5005323886871338,16.03412530050097,False
1.254,200.2131850219776,0.5005324482917786,16.034130583545988,False
1.2545,200.21318638578876,0.5005323886871338,16.034129764830855,False
1.2550000000000001,200.2131871892538,0.5005323886871338,16.03412867296599,False
1.2555,200.2131873524865,0.5005323886871338,16.034127459615725,False
1.256,200.21318688118674,0.5005323886871338,16.03412628573465,False
1.2565,200.21318586234298,0.5005323886871338,16.034125300500836,False
1.2570000000000001,200.21318502197732,0.5005324482917786,16.03413058354592,False
1.2575,200.21318638578848,0.5005323886871338,16.034129764830855,False
1.258,200.21318718925355,0.5005323886871338,16.034128672966062,False
1.2585,200.21318735248627,0.5005323886871338,16.034127459615856,False
1.2590000000000001,200.21318688118666,0.5005323886871338,16.03412628573483,False
1.2595,200.21318586234298,0.5005323886871338,16.034125300501024,False
1.26,200.21318502197735,0.5005324482917786,16.0341305835461,False
1.2605,200.21318638578853,0.5005323886871338,16.03412976483103,False
1.2610000000000001,200.21318718925374,0.5005323886871338,16.034128672966197,False
1.2615,200.21318735248656,0.5005323886871338,16.03412745961594,False
1.262,200.21318688118694,0.5005323886871338,16.034126285734843,False
1.2625,200.21318586234324,0.5005323886871338,16.03412530050097,False
1.2630000000000001,200.2131850219776,0.5005324482917786,16.034130583545988,False
1.2635,200.21318638578876,0.5005323886871338,16.034129764830855,False
1.264,200.2131871892538,0.5005323886871338,16.03412867296599,False
1.2645,200.2131873524865,0.5005323886871338,16.034127459615725,False
1.2650000000000001,200.21318688118674,0.5005323886871338,16.03412628573465,False
1.2655,200.21318586234298,0.5005323886871338,16.034125300500836,False
1.266,200.21318502197732,0.5005324482917786,16.03413058354592,False
1.2665,200.21318638578848,0.5005323886871338,16.034129764830855,False
1.2670000000000001,200.21318718925355,0.5005323886871338,16.034128672966062,False
1.2675,200.21318735248627,0.5005323886871338,16.034127459615856,False
1.268,200.21318688118666,0.5005323886871338,16.03412628573483,False
1.2685,200.21318586234298,0.5005323886871338,16.034125300501024,False
1.2690000000000001,200.21318502197735,0.5005324482917786,16.0341305835461,False
1.2695,200.21318638578853,0.5005323886871338,16.03412976483103,False
1.27,200.21318718925374,0.5005323886871338,16.034128672966197,False
1.2705,200.21318735248656,0.5005323886871338,16.03412745961594,False
1.2710000000000001,200.21318688118694,0.5005323886871338,16.034126285734843,False
1.2715,200.21318586234324,0.5005323886871338,16.03412530050097,False
1.272,200.2131850219776,0.5005324482917786,16.034130583545988,False
1.2725,200.21318638578876,0.5005323886871338,16.034129764830855,False
1.2730000000000001,200.2131871892538,0.5005323886871338,16.03412867296599,False
1.2735,200.2131873524865,0.5005323886871338,16.034127459615725,False
1.274,200.21318688118674,0.5005323886871338,16.03412628573465,False
1.2745,200.21318586234298,0.5005323886871338,16.034125300500836,False
1.2750000000000001,200.21318502197732,0.5005324482917786,16.03413058354592,False
1.2755,200.21318638578848,0.5005323886871338,16.034129764830855,False
1.276,200.21318718925355,0.5005323886871338,16.034128672966062,False
1.2765,200.21318735248627,0.5005323886871338,16.034127459615856,False
1.2770000000000001,200.21318688118666,0.5005323886871338,16.03412628573483,False
1.2775,200.21318586234298,0.5005323886871338,16.034125300501024,False
1.278,200.21318502197735,0.5005324482917786,16.0341305835461,False
1.2785,200.21318638578853,0.5005323886871338,16.03412976483103,False
1.2790000000000001,200.21318718925374,0.5005323886871338,16.034128672966197,False
1.2795,200.21318735248656,0.5005323886871338,16.03412745961594,False
1.28,200.21318688118694,0.5005323886871338,16.034126285734843,False
1.2805,200.21318586234324,0.5005323886871338,16.03412530050097,False
1.281,200.2131850219776,0.5005324482917786,16.034130583545988,False
1.2815,200.21318638578876,0.5005323886871338,16.034129764830855,False
1.282,200.2131871892538,0.5005323886871338,16.03412867296599,False
1.2825,200.2131873524865,0.5005323886871338,16.034127459615725,False
1.283,200.21318688118674,0.5005323886871338,16.03412628573465,False
1.2835,200.21318586234298,0.5005323886871338,16.034125300500836,False
1.284,200.21318502197732,0.5005324482917786,16.03413058354592,False
1.2845,200.21318638578848,0.5005323886871338,16.034129764830855,False
1.285,200.21318718925355,0.5005323886871338,16.034128672966062,False
1.2855,200.21318735248627,0.5005323886871338,16.034127459615856,False
1.286,200.21318688118666,0.5005323886871338,16.03412628573483,False
1.2865,200.21318586234298,0.5005323886871338,16.034125300501024,False
1.287,200.21318502197735,0.5005324482917786,16.0341305835461,False
1.2875,200.21318638578853,0.5005323886871338,16.03412976483103,False
1.288,200.21318718925374,0.5005323886871338,16.034128672966197,False
1.2885,200.21318735248656,0.5005323886871338,16.03412745961594,False
1.289,200.21318688118694,0.5005323886871338,16.034126285734843,False
1.2895,200.21318586234324,0.5005323886871338,16.03412530050097,False
1.29,200.2131850219776,0.5005324482917786,16.034130583545988,False
1.2905,200.21318638578876,0.5005323886871338,16.034129764830855,False
1.291,200.2131871892538,0.5005323886871338,16.03412867296599,False
1.2915,200.2131873524865,0.5005323886871338,16.034127459615725,False
1.292,200.21318688118674,0.5005323886871338,16.03412628573465,False
1.2925,200.21318586234298,0.5005323886871338,16.034125300500836,False
1.293,200.21318502197732,0.5005324482917786,16.03413058354592,False
1.2935,200.21318638578848,0.5005323886871338,16.034129764830855,False
1.294,200.21318718925355,0.5005323886871338,16.034128672966062,False
1.2945,200.21318735248627,0.5005323886871338,16.034127459615856,False
1.295,200.21318688118666,0.5005323886871338,16.03412628573483,False
1.2955,200.21318586234298,0.5005323886871338,16.034125300501024,False
1.296,200.21318502197735,0.5005324482917786,16.0341305835461,False
1.2965,200.21318638578853,0.5005323886871338,16.03412976483103,False
1.297,200.21318718925374,0.5005323886871338,16.034128672966197,False
1.2975,200.21318735248656,0.5005323886871338,16.03412745961594,False
1.298,200.21318688118694,0.5005323886871338,16.034126285734843,False
1.2985,200.21318586234324,0.5005323886871338,16.03412530050097,False
1.299,200.2131850219776,0.5005324482917786,16.034130583545988,False
1.2995,200.21318638578876,0.5005323886871338,16.034129764830855,False
1.3,200.2131871892538,0.5005323886871338,16.03412867296599,False
1.3005,204.82022086471318,0.43391698598861694,8.606135231298724,False
1.301,204.57812313052148,0.43066003918647766,0.21357403317171963,False
1.3015,201.82564954543773,0.5096496343612671,0.39626677963705226,False
1.302,200.37118064604638,0.5533289313316345,5.529709310320199,False
1.3025,201.15747563036078,0.5384543538093567,9.233583390754355,False
1.303,202.94643227476627,0.492354154586792,7.932733017824205,False
1.3035,203.6114347998747,0.4778226613998413,4.820999841650567,False
1.304,202.92802122830088,0.49408113956451416,3.3858915670029743,False
1.3045,202.02964097961777,0.5150486826896667,4.299506086401108,False
1.305,201.77424645552577,0.5207965970039368,5.940264596090677,False
1.3055,202.2506991993143,0.5153886079788208,7.002434897402196,False
1.306,202.94572298380186,0.5005713105201721,6.403917299686672,False
1.3065,203.18640635064511,0.4961627125740051,5.234529759927508,False
1.307,202.86304733062204,0.49908050894737244,4.375529112519145,False
1.3075,202.3261672245632,0.5084280967712402,4.58300447870615,False
1.308,202.0695157335037,0.5148441195487976,5.5443939263968005,False
1.3085,202.2809071203521,0.5131137371063232,6.334485939450926,False
1.309,202.74227571344798,0.5062655210494995,6.340943115330653,False
1.3095,203.04229071959475,0.49984294176101685,5.593544332020048,False
1.31,202.9205718142171,0.4992882311344147,4.766776339114158,False
1.3105,202.51903865438402,0.5056482553482056,4.658271529661073,False
1.311,202.22307606892102,0.5118072628974915,5.266758962581271,False
1.3115,202.26979857865086,0.5124523639678955,5.971803582537064,False
1.312,202.58514585811315,0.508188784122467,6.19607055835564,False
1.3125,202.88115681048245,0.5027125477790833,5.783120474826087,False
1.313,202.89786574172126,0.5006031394004822,5.114515348810874,False
1.3135000000000001,202.64436848939968,0.5041609406471252,4.840679227405276,False
1.314,202.37574767838015,0.5091459155082703,5.142543671864468,False
1.3145,202.32521385844754,0.5113145709037781,5.705666246938155,False
1.315,202.51275458274566,0.5087775588035583,5.992310259359532,False
1.3155000000000001,202.75016672800936,0.5047059059143066,5.809161706839592,False
1.316,202.82565049702566,0.5022885203361511,5.339030828331892,False
1.3165,202.67889672373542,0.5034964680671692,5.001770761495379,False
1.317,202.46054864040306,0.5077601671218872,5.146953994749253,False
1.3175000000000001,202.3807425781087,0.5100857615470886,5.567078203111832,False
1.318,202.49143612000017,0.508668839931488,5.838375887192885,False
1.3185,202.67263201544856,0.5057380795478821,5.7733241723024795,False
1.319,202.76137887207153,0.503529965877533,5.4482796246919865,False
1.3195000000000001,202.68330345982122,0.5038599967956543,5.155772569406964,False
1.32,202.5232141065441,0.5068085789680481,5.195150362884512,False
1.3205,202.43666877274853,0.5087983012199402,5.46886362287331,False
1.321,202.48628538099788,0.508329451084137,5.699149259486068,False
1.3215000000000001,202.6116136757408,0.5064696669578552,5.717283497689068,False
1.322,202.6991658370685,0.504639208316803,5.5213548674510164,False
1.3225,202.67396339882117,0.5043679475784302,5.2898570459765715,False
1.323,202.56316423938145,0.5058542490005493,5.227663739927713,False
1.3235000000000001,202.4716271422669,0.5079019665718079,5.400341921209869,False
1.324,202.47980186275876,0.5081372261047363,5.607431802101135,False
1.3245,202.56945443192097,0.5069915056228638,5.685062753639341,False
1.325,202.6588344986666,0.505374014377594,5.574726908485897,False
1.3255000000000001,202.67031877763404,0.5046682357788086,5.379494493530061,False
1.326,202.59710827777346,0.505445122718811,5.271598022251978,False
1.3265,202.5081451609859,0.5070697665214539,5.350316923663959,False
1.327,202.4820283261153,0.5078421831130981,5.522406280136479,False
1.3275000000000001,202.53572821561394,0.5073621869087219,5.641913498399631,False
1.328,202.61937808485254,0.5060451030731201,5.609449917979443,False
1.3285,202.65948310848745,0.5050459504127502,5.459199627285451,False
1.329,202.62305223077,0.505212664604187,5.325590858429068,False
1.3295000000000001,202.54484027979126,0.506355345249176,5.323348397609981,False
1.33,202.4940186404501,0.5074452757835388,5.448764015484499,False
1.3305,202.5130364630013,0.5075457692146301,5.588403308411248,False
1.331,202.58273573683843,0.5066140294075012,5.621599176591034,False
1.3315000000000001,202.6410756105498,0.5054930448532104,5.524023821815504,False
1.332,202.6380597484014,0.5051559805870056,5.385023612898825,False
1.3325,202.578853418062,0.5058637261390686,5.326310242954912,False
1.333,202.51695892671813,0.5069618821144104,5.395152519610592,False
1.3335000000000001,202.50569117679777,0.5074861645698547,5.526759212659256,False
1.334,202.55262247085432,0.5070109367370605,5.605263373265047,False
1.3345,202.615060813167,0.5059869885444641,5.565284807665421,False
1.335,202.63848852235367,0.5053171515464783,5.445986037022454,False
1.3355000000000001,202.60423396983364,0.5055657029151917,5.3535167373998425,False
1.336,202.54433323009042,0.5064813494682312,5.366582107743727,False
1.3365,202.51146042173409,0.5072453022003174,5.46941456680829,False
1.337,202.53271252054202,0.5072062015533447,5.569675801172548,False
1.3375000000000001,202.58762826310067,0.5064323544502258,5.581211354534346,False
1.338,202.62753403654526,0.5056192874908447,5.497652247036454,False
1.3385,202.61854648495458,0.5054692029953003,5.394871481072584,False
1.339,202.5704716299771,0.5060856938362122,5.362370176850768,False
1.3395000000000001,202.5264306223698,0.5069048404693604,5.4252316143794275,False
1.34,202.5241231501284,0.5072113871574402,5.5252359455230655,False
1.3405,202.56381130750216,0.5067639946937561,5.574771006144942,False
1.341,202.609643330945,0.5059788227081299,5.533240544520524,False
1.3415000000000001,202.62180988796084,0.5055456161499023,5.440108371166187,False
1.342,202.59118168163013,0.5058240294456482,5.377810679930657,False
1.3425,202.54600085291224,0.5065451264381409,5.398821888937362,False
1.343,202.52578163157997,0.507067859172821,5.481494920995079,False
1.3435000000000001,202.54685975461092,0.5069507360458374,5.552058840276412,False
1.344,202.58942523768744,0.5063215494155884,5.550263567881358,False
1.3445,202.61591500642837,0.5057429075241089,5.480596441988811,False
1.345,202.6041055881683,0.5057113766670227,5.40587742574232,False
1.3455,202.56579495396988,0.5062323212623596,5.390774765016293,False
1.346,202.5351229497359,0.5068332552909851,5.4458030289225885,False
1.3465,202.53814857748577,0.5069928169250488,5.520601610034224,False
1.347,202.57088343390424,0.5065925717353821,5.549958087749455,False
1.3475,202.60393311208398,0.5060001611709595,5.5104465493742785,False
1.348,202.6087615369733,0.5057335495948792,5.438908718686075,False
1.3485,202.58236522576144,0.5060098171234131,5.3983672794034785,False
1.349,202.54882934321333,0.5065682530403137,5.422489730524835,False
1.3495,202.53732343913393,0.5069153308868408,5.4877550883127295,False
1.35,202.55682662538808,0.5067614316940308,5.536258915049136,False
1.3505,202.5892922011025,0.5062597990036011,5.526916695900388,False
1.351,202.60620097003596,0.5058566331863403,5.470129465884079,False
1.3515,202.59359180374773,0.5058954954147339,5.416794012711041,False
1.352,202.56357915954152,0.5063250660896301,5.412774390060319,False
1.3525,202.5427586321258,0.5067585110664368,5.459471851422328,False
1.353,202.54866108647178,0.5068219900131226,5.514519829440066,False
1.3535,202.5751068148516,0.506476640701294,5.530170702964379,False
1.354,202.59847659979613,0.5060368180274963,5.494569844259103,False
1.3545,202.5987326947155,0.5058849453926086,5.44047274983076,False
1.355,202.57660871327178,0.5061406493186951,5.415298734131599,False
1.3555,202.55211943219086,0.5065665245056152,5.4395491041386235,False
1.356,202.54644949944552,0.5067883133888245,5.490261656093619,False
1.3565,202.56370025690535,0.5066235065460205,5.522650544780237,False
1.357,202.58808279502708,0.5062302947044373,5.509582738250309,False
1.3575,202.5982832629664,0.5059564709663391,5.464161716876649,False
1.358,202.58608073297455,0.5060334205627441,5.4268775852468965,False
1.3585,202.56293711576015,0.5063804984092712,5.42954921873333,False
1.359,202.54925187007862,0.5066870450973511,5.468198284921308,False
1.3595,202.55640883653052,0.5066906213760376,5.508021246050716,False
1.36,202.57738811761428,0.5064009428024292,5.514672026840615,False
1.3605,202.5935469284433,0.5060796737670898,5.4837925401967516,False
1.361,202.59114341107127,0.5060046315193176,5.44351653444617,False
1.3615,202.5730196419566,0.506230890750885,5.428977408219032,False
1.362,202.55545713173808,0.5065505504608154,5.451621516323998,False
1.3625,202.55355067332715,0.5066843032836914,5.4903829994802935,False
1.363,202.5682934187167,0.506524920463562,5.511220533278674,False
1.3635,202.5863085795925,0.5062216520309448,5.496917830595548,False
1.364,202.59192831396632,0.5060415863990784,5.4612295849421875,False
1.3645,202.58081557371312,0.5061351656913757,5.435814976912613,False
1.365,202.5632521887214,0.5064102411270142,5.4421479832938955,False
1.3655,202.55463591990755,0.5066221952438354,5.473445358072213,False
1.366,202.56201127387877,0.5065910816192627,5.5017071617613675,False
1.3665,202.57836934066628,0.5063538551330566,5.502716540064117,False
1.367,202.58924517452266,0.5061233639717102,5.476727130273694,False
1.3675,202.58548492964977,0.5060978531837463,5.447241457978783,False
1.368,202.5709396654637,0.5062910914421082,5.439831440676049,False
1.3685,202.5585959438479,0.5065272450447083,5.459955737067352,False
1.369,202.55899088957617,0.5066011548042297,5.489133780495733,False
1.3695,202.57125871799764,0.5064558386802673,5.501850471595761,False
1.37,202.58434325317504,0.5062256455421448,5.48783336695563,False
1.3705,202.5869310657279,0.5061123371124268,5.4602604007718964,False
1.371,202.57722412945344,0.5062087178230286,5.44344923522457,False
1.3715,202.56410019700064,0.5064231753349304,5.45144753758425,False
1.372,202.5590073641125,0.5065659880638123,5.476338166880111,False
1.3725,202.5659990855382,0.5065169334411621,5.495965818174983,False
1.373,202.57855471995381,0.5063263773918152,5.493642092370489,False
1.3735,202.58562575796628,0.5061643719673157,5.47228173377877,False
1.374,202.58134252883963,0.5061691403388977,5.451065081570304,False
1.3745,202.56986768444733,0.5063298940658569,5.448278055059904,False
1.375,202.56138926165355,0.5065016150474548,5.465562280077484,False
1.3755,202.5630859352637,0.5065357685089111,5.487186238157516,False
1.3760000000000001,202.5730758702911,0.50640869140625,5.494338653306773,False
1.3765,202.58240804832667,0.5062364935874939,5.481448216367958,False
1.377,202.58306214444465,0.5061695575714111,5.460459803146603,False
1.3775,202.5748355368022,0.5062611699104309,5.449800178929924,False
1.3780000000000001,202.56519095603494,0.5064257979393005,5.458227883583938,False
1.3785,202.56249696682778,0.5065184831619263,5.477682643665692,False
1.379,202.56878545264223,0.5064623951911926,5.490943599268033,False
1.3795,202.57826743814041,0.5063120126724243,5.486838092374283,False
1.3800000000000001,202.58263921882985,0.5062009692192078,5.469634713290612,False
1.3805,202.57834283722937,0.5062229633331299,5.454676691765629,False
1.381,202.56943730959838,0.5063539147377014,5.4547764758663035,False
1.3815,202.56378829452262,0.5064763426780701,5.469226676586375,False
1.3820000000000001,202.5661275293102,0.5064850449562073,5.484978364881305,False
1.3825,202.57411075488048,0.5063772797584534,5.488406506803724,False
1.383,202.58062739040764,0.5062507390975952,5.477068685287291,False
1.3835,202.58012098814393,0.5062151551246643,5.461339142580697,False
1.3840000000000001,202.57331859949275,0.5062975287437439,5.454958458321076,False
1.3845,202.56634379827966,0.5064219236373901,5.4630340907371355,False
1.385,202.56521205922436,0.5064795017242432,5.478014676851607,False
1.3855,202.57065728627572,0.50642329454422,5.4867001625836025,False
1.3860000000000001,202.57771729729157,0.5063065886497498,5.481875063852788,False
1.3865,202.58024244763604,0.5062323212623596,5.468250437175078,False
1.387,202.5762424696897,0.5062627196311951,5.4579245429085566,False
1.3875,202.56943511407286,0.5063674449920654,5.459671452876651,False
1.3880000000000001,202.56580370245948,0.5064529776573181,5.471477576346371,False
1.3885,202.56834366056083,0.5064464807510376,5.4827527915266625,False
1.389,202.5746121642086,0.5063574314117432,5.483810059892936,False
1.3895,202.57905483649924,0.5062658786773682,5.474156778849129,False
1.3900000000000001,202.57791769540387,0.5062508583068848,5.46255460567218,False
1.3905,202.57241108650805,0.5063220858573914,5.459076254266491,False
1.391,202.5674594358522,0.5064147114753723,5.466386851993042,False
1.3915,202.56730443366257,0.506447970867157,5.477738538167467,False
1.3920000000000001,202.57188026314154,0.506395697593689,5.48318498567765,False
1.3925,202.57705033551275,0.506306529045105,5.478284967170522,False
1.393,202.5783359780121,0.5062586665153503,5.467679565115628,False
1.3935,202.5747901749503,0.5062918066978455,5.460751103367103,False
1.3940000000000001,202.56966995391045,0.5063738822937012,5.463308544934698,False
1.3945,202.56745001750167,0.5064322352409363,5.472755748045235,False
1.395,202.56992239628477,0.5064176321029663,5.480674826124901,False
1.3955,202.57476471368784,0.5063455700874329,5.480301984196382,False
1.3960000000000001,202.5777074770101,0.5062806010246277,5.472305770668058,False
1.3965,202.57629340537676,0.5062782764434814,5.4638820645686454,False
1.397,202.57191957668996,0.5063381195068359,5.462309143366543,False
1.3975,202.56847678020236,0.5064060091972351,5.4686626462706736,False
1.3980000000000001,202.56889255939907,0.5064230561256409,5.477138093961134,False
1.3985,202.57264987826292,0.5063767433166504,5.480349858427576,False
1.399,202.5763733989369,0.506309449672699,5.475737765493565,False
1.3995,202.57685348898087,0.5062801837921143,5.46760538615021,False
1.4000000000000001,202.57381094265568,0.5063125491142273,5.463107896988908,False
1.4005,202.57001573539216,0.5063761472702026,5.465975893814257,False
1.401,202.56877130470068,0.5064147710800171,5.473426657065301,False
1.4015,202.57104435302898,0.5063962340354919,5.478850001321702,False
1.4020000000000001,202.57473145854436,0.506338894367218,5.477658110422987,False
1.4025,202.5765967874189,0.5062937140464783,5.47114769150503,False
1.403,202.57510637595132,0.5062991380691528,5.4651468886358145,False
1.4035,202.5716818420649,0.5063484311103821,5.464807307424288,False
1.4040000000000001,202.56935461834777,0.5063973665237427,5.470195676882912,False
1.4045,202.57008562336972,0.5064036250114441,5.476423094226579,False
1.405,202.57311888898178,0.5063637495040894,5.478097229998489,False
1.4055,202.57574703924968,0.5063138604164124,5.473956737267554,False
1.4060000000000001,202.57571934191506,0.5062973499298096,5.467801946036307,False
1.4065,202.57316870583108,0.5063273310661316,5.465039567786773,False
1.407,202.57039914156778,0.5063756704330444,5.467890726263436,False
1.4075,202.56980458981073,0.5064002871513367,5.473681518022112,False
1.408,202.57180944969477,0.5063807368278503,5.477293778640535,False
1.4085,202.5745770248104,0.5063356757164001,5.475696395894211,False
1.409,202.57568821602985,0.5063051581382751,5.470490674776683,False
1.4095,202.57425496779354,0.5063148140907288,5.4663146261580025,False
1.41,202.5716196495932,0.5063546299934387,5.466723529207354,False
1.4105,202.57010361416081,0.5063890218734741,5.471171541523084,False
1.411,202.57096610742155,0.5063886046409607,5.475657658840345,False
1.4115,202.5733655514438,0.5063552260398865,5.476318604763777,False
1.412,202.57516972089658,0.5063188672065735,5.472732287732853,False
1.4125,202.57484715911065,0.5063112378120422,5.468180517040814,False
1.413,202.57276547091482,0.5063374638557434,5.466614684737756,False
1.4135,202.5707892615726,0.5063736438751221,5.469259736817845,False
1.414,202.57061577286467,0.506388247013092,5.473667710932562,False
1.4145,202.57232309992025,0.5063696503639221,5.475979593250424,False
1.415,202.57436553929995,0.5063349604606628,5.474271486392814,False
1.4155,202.57496671196895,0.5063149333000183,5.470183269034792,False
1.416,202.5736675963893,0.5063262581825256,5.467342320007161,False
1.4165,202.5716683330325,0.5063578486442566,5.468147815232394,False
1.417,202.5707198157405,0.5063814520835876,5.471737614253857,False
1.4175,202.57159209012795,0.5063773393630981,5.474915268818713,False
1.418,202.57346015861853,0.5063501596450806,5.474967698202033,False
1.4185,202.57467531608688,0.5063241124153137,5.47196852602621,False
1.419,202.57421556206992,0.5063216686248779,5.468625364278604,False
1.4195,202.57254573717694,0.5063440799713135,5.467843086073653,False
1.42,202.57115705814593,0.5063709020614624,5.470188746551669,False
1.4205,202.57123449046932,0.5063787698745728,5.473503176100722,False
1.421,202.57265080798481,0.5063619017601013,5.4749036578473795,False
1.4215,202.57413103080572,0.5063355565071106,5.473245121659174,False
1.422,202.57439431711816,0.5063230991363525,5.470093831518555,False
1.4225,202.5732641089062,0.5063345432281494,5.468222944409612,False
1.423,202.57176997103414,0.5063590407371521,5.4691880129732295,False
1.4235,202.57121337603851,0.5063750743865967,5.472050404589221,False
1.424,202.57203688446106,0.5063690543174744,5.474262668974404,False
1.4245,202.5734762665361,0.5063471794128418,5.473952561372766,False
1.425,202.57426883832503,0.506328821182251,5.471484377844685,False
1.4255,202.57375634947525,0.5063295960426331,5.4690609777270165,False
1.426,202.57243133277922,0.5063483119010925,5.468783493083047,False
1.4265,202.571468952127,0.5063678622245789,5.470793127173085,False
1.427,202.57168250703646,0.5063715577125549,5.473274231226801,False
1.4275,202.572840796314,0.5063567161560059,5.474064214632025,False
1.428,202.57390607384247,0.5063369274139404,5.472550538668042,False
1.4285,202.57396577629714,0.5063295960426331,5.470146100732995,False
1.429,202.57301298703615,0.5063402652740479,5.468945871315724,False
1.4295,202.57190720859685,0.5063590407371521,5.469925033131065,False
1.43,202.57160466715132,0.5063696503639221,5.472166024090013,False
1.4305,202.5723344539648,0.5063630938529968,5.473682057810727,False
1.431,202.57342511537226,0.5063457489013672,5.473194832304061,False
1.4315,202.57392188718353,0.50633305311203,5.47120973751306,False
1.432,202.5734222349703,0.5063357353210449,5.4694999432576115,False
1.4325,202.5723997563704,0.5063508749008179,5.469530432007158,False
1.433,202.57175853604957,0.5063648223876953,5.471196520284889,False
1.4335,202.57203553679457,0.5063657164573669,5.472999323922789,False
1.434,202.57295519345735,0.5063532590866089,5.473377075801,False
1.4345,202.57369645225774,0.5063386559486389,5.4720523703525075,False
1.435,202.5736246866756,0.5063347816467285,5.470247664993975,False
1.4355,202.57283585926322,0.5063444375991821,5.469539268532105,False
1.436,202.57204048735073,0.5063587427139282,5.470493293071864,False
1.4365,202.57192578049228,0.506365180015564,5.472219801283334,False
1.437,202.57256265154584,0.5063584446907043,5.473191282172355,False
1.4375,202.57337049687385,0.5063450336456299,5.472609245395461,False
1.438,202.57364612047223,0.5063366293907166,5.471031631763025,False
1.4385000000000001,202.57317121907457,0.5063403248786926,5.469857504148394,False
1.439,202.5723849331145,0.5063525438308716,5.4700919795813565,False
1.4395,202.57197999454624,0.5063623189926147,5.471475884553879,False
1.44,202.57228936152518,0.506361186504364,5.472755540983938,False
1.4405000000000001,202.57301476278684,0.5063508152961731,5.472844019334979,False
1.441,202.57351488302268,0.5063403844833374,5.471711600393374,False
1.4415,202.57336776207416,0.506338894367218,5.4703827501776985,False
1.442,202.572726543229,0.5063472986221313,5.470012958315261,False
1.4425000000000001,202.57216544563673,0.5063579678535461,5.470885620406176,False
1.443,202.57216658340826,0.5063615441322327,5.472194168144895,False
1.4435,202.57270806253825,0.506355345249176,5.472800126818065,False
1.444,202.57330258434786,0.5063449144363403,5.472196277751095,False
1.4445000000000001,202.57343149152493,0.5063394904136658,5.470946914467693,False
1.445,202.57299977277734,0.5063437223434448,5.47016882683334,False
1.4455,202.57240522515005,0.506353497505188,5.470519755105472,False
1.446,202.57217048336224,0.5063600540161133,5.471645391564736,False
1.4465000000000001,202.57248181368507,0.5063577890396118,5.472529389852408,False
1.447,202.57304507125266,0.5063492655754089,5.472431440582506,False
1.4475,202.57336657723087,0.5063420534133911,5.471484686881665,False
1.448,202.5731812611051,0.5063421130180359,5.470527194798956,False
1.4485000000000001,202.57266860345425,0.5063492655754089,5.4703892682479855,False
1.449,202.57228321118086,0.506356954574585,5.4711506600582736,False
1.4495,202.57235171178442,0.5063586831092834,5.472128445726407,False
1.45,202.57279756904182,0.5063530206680298,5.47246214402977,False
1.4505000000000001,202.57322002678328,0.506345272064209,5.471894098259591,False
1.451,202.57325499196722,0.5063421130180359,5.470945626267337,False
1.4515,202.57288648663658,0.5063461661338806,5.470453906943819,False
1.452,202.57244986458056,0.5063536763191223,5.47083166255596,False
1.4525000000000001,202.5723267571769,0.5063579082489014,5.471712485032295,False
1.453,202.57261125042487,0.5063554048538208,5.472316717917923,False
1.4535,202.57304126221817,0.5063485503196716,5.472129895873978,False
1.454,202.57323978820696,0.5063435435295105,5.47135205326487,False
1.4545000000000001,202.57304680626768,0.5063445568084717,5.470677389711797,False
1.455,202.5726444717064,0.5063503980636597,5.470675177254739,False
1.4555,202.5723860347022,0.5063559412956238,5.471322959432409,False
1.456,202.57248674996498,0.5063563585281372,5.472033035189272,False
1.4565000000000001,202.57284407734696,0.5063515901565552,5.472197632680496,False
1.457,202.57314141608236,0.5063459277153015,5.471700764594231,False
1.4575,202.5731266603533,0.506344199180603,5.470991739307114,False
1.458,202.57282468444447,0.5063477754592896,5.4706885089682125,False
1.4585000000000001,202.57250644636872,0.5063533782958984,5.471036364808003,False
1.459,202.57244546405218,0.5063560605049133,5.4717061006434315,False
1.4595,202.57268444985138,0.5063537955284119,5.472121618083588,False
1.46,202.57300922979195,0.5063485503196716,5.471929691074697,False
1.4605000000000001,202.57313500551558,0.5063448548316956,5.471303210565017,False
1.461,202.5729582729645,0.5063461661338806,5.4708174480768355,False
1.4615,202.57264406423764,0.5063508749008179,5.470875131697414,False
1.462,202.57246810708074,0.5063549876213074,5.471415049631011,False
1.4625000000000001,202.5725788515939,0.5063548684120178,5.471950812288704,False
1.463,202.57286749870883,0.5063506364822388,5.472003365876184,False
1.4635,202.57307490601494,0.5063464641571045,5.471566829299413,False
1.464,202.57302756215685,0.5063456892967224,5.471031056190446,False
1.4645000000000001,202.57277658900054,0.5063489079475403,5.470862136201685,False
1.465,202.57254700612208,0.5063531994819641,5.471192596341291,False
1.4655,202.57253689692732,0.506354808807373,5.47171768235281,False
1.466,202.57274655325114,0.506352424621582,5.4719736793236695,False
1.4665000000000001,202.57298735574494,0.5063483715057373,5.471758448403223,False
1.467,202.57305070043532,0.5063459873199463,5.471261194904002,False
1.4675,202.57288599297158,0.5063474774360657,5.470929235788,False
1.468,202.57264422338784,0.5063513517379761,5.471044721608633,False
1.4685000000000001,202.5725364324161,0.5063540935516357,5.471484527106295,False
1.469,202.57265040560353,0.5063535571098328,5.471868566804348,False
1.4695,202.5728817445128,0.5063501596450806,5.471861607073253,False
1.47,202.5730267254462,0.5063470005989075,5.471484251762544,False
1.4705000000000001,202.57296301110895,0.5063467621803284,5.471072406273532,False
1.471,202.57275283103928,0.5063496232032776,5.470987730460167,False
1.4715,202.57258428209198,0.506352961063385,5.471292073171,False
1.472,202.5726012363411,0.5063537955284119,5.471700719043999,False
1.4725,202.5727813367757,0.5063516497612,5.471865016293645,False
1.473,202.57296521735407,0.5063484311103821,5.47165432779556,False
1.4735,202.57299428304862,0.5063468217849731,5.471252330419401,False
1.474,202.57284656246713,0.5063483119010925,5.471017769601585,False
1.4745,202.57265669881147,0.5063515305519104,5.471154912655147,False
1.475,202.57259192842744,0.506353497505188,5.471525193143039,False
1.4755,202.57270399029093,0.5063526630401611,5.471804076228427,False
1.476,202.57288847482866,0.5063496828079224,5.471740779624638,False
1.4765,202.57298106945316,0.5063474774360657,5.471417122064454,False
1.477,202.57290622375533,0.5063477158546448,5.471115712539828,False
1.4775,202.57273356117923,0.5063501596450806,5.471095443636824,False
1.478,202.5726165740153,0.5063527226448059,5.471373733597892,False
1.4785,202.57265555865274,0.506352961063385,5.471686121945701,False
1.479,202.57280931142793,0.5063509345054626,5.471766920941478,False
1.4795,202.5729409670156,0.5063484311103821,5.471555783255504,False
1.48,202.572937539215,0.5063475966453552,5.4712432424421715,False
1.4805,202.57280671672453,0.5063491463661194,5.471106172436297,False
1.481,202.57266750062303,0.5063516497612,5.471259130497486,False
1.4815,202.57264283290735,0.5063529014587402,5.4715606684697455,False
1.482,202.57275069108343,0.5063517689704895,5.471735827268286,False
1.4825,202.57289060864997,0.5063493847846985,5.471635935057507,False
1.483,202.57293810546594,0.5063478946685791,5.471360107474724,False
1.4835,202.5728546334216,0.5063485503196716,5.47115594242703,False
1.484,202.57271873896212,0.5063507556915283,5.471204980544328,False
1.4845,202.57265022795713,0.5063523054122925,5.471438184228629,False
1.485,202.57270357960843,0.5063521862030029,5.471661036725607,False
1.4855,202.57282979300533,0.5063503980636597,5.471678368442864,False
1.486,202.5729183455077,0.5063486099243164,5.471485820145603,False
1.4865,202.57289443446362,0.5063482522964478,5.471248620995355,False
1.487,202.5727819384461,0.5063497424125671,5.471181046973249,False
1.4875,202.57268285036275,0.5063516497612,5.471335169477073,False
1.488,202.57268355402078,0.5063523054122925,5.4715686723665655,False
1.4885,202.57278009957702,0.5063511729240417,5.471674052904375,False
1.489,202.5728837667584,0.5063492655754089,5.471559149529407,False
1.4895,202.57290117976063,0.5063483119010925,5.471331513950295,False
1.49,202.5728206675338,0.5063492655754089,5.471209431239747,False
1.4905,202.5727183729737,0.5063509345054626,5.471281052369822,False
1.491,202.57268136435943,0.5063519477844238,5.471473788502344,False
1.4915,202.57273823039088,0.5063515901565552,5.471627400134638,False
1.492,202.57283969687788,0.5063501596450806,5.471614767578172,False
1.4925,202.57289747524317,0.506348729133606,5.47143580302489,False
1.493,202.5728618990472,0.5063488483428955,5.471266302530787,False
1.4935,202.57276829214564,0.5063501000404358,5.471241103944802,False
1.494,202.57269723636966,0.5063514709472656,5.4713768162398315,False
1.4945,202.57270828472147,0.5063518285751343,5.4715566101307935,False
1.495,202.57278941425574,0.5063508152961731,5.471621128399686,False
1.4955,202.57286657707223,0.5063493251800537,5.471513318597675,False
1.496,202.57287172789344,0.5063487887382507,5.471340331508007,False
1.4965,202.57280534257927,0.5063496232032776,5.4712604503765165,False
1.497,202.5727302701327,0.5063509345054626,5.471332491104213,False
1.4975,202.5727124668633,0.5063516497612,5.471489340772269,False
1.498,202.57276506558856,0.506351113319397,5.47158689955765,False
1.4985,202.57283766546456,0.5063498616218567,5.471540664913133,False
1.499,202.57286513202254,0.5063490867614746,5.471402617300736,False
1.4995,202.57282492189069,0.5063493251800537,5.471290592508501,False
1.5,202.57275392074968,0.5063504576683044,5.471308412877738,False
1.5005,202.57271587765285,0.5063513517379761,5.471431376259125,False
1.5010000000000001,202.57274230592233,0.5063512921333313,5.47154966643436,False
1.5015,202.57280746289203,0.5063503384590149,5.4715588673915425,False
1.502,202.57285512700872,0.506349503993988,5.471468552698127,False
1.5025,202.57284811374265,0.5063492655754089,5.471348769628493,False
1.5030000000000001,202.57279398500856,0.5063499212265015,5.471303764096718,False
1.5035,202.57274067135333,0.5063508749008179,5.471369814488709,False
1.504,202.5727337633354,0.5063512921333313,5.47148608700531,False
1.5045,202.5727781544947,0.5063508749008179,5.471554945378877,False
1.5050000000000001,202.57283465750106,0.5063499212265015,5.471513560981667,False
1.5055,202.57285219852764,0.5063492655754089,5.471395814850107,False
1.506,202.57281563954626,0.5063496232032776,5.471317076746737,False
1.5065,202.57275887250262,0.5063504576683044,5.471335433196911,False
1.5070000000000001,202.5727317851096,0.5063512325286865,5.471443584468267,False
1.5075,202.57275831357597,0.5063510537147522,5.471533479971461,False
1.508,202.57281274543163,0.5063502788543701,5.471533924669261,False
1.5085,202.5728472723629,0.506349503993988,5.471443934771692,False
1.5090000000000001,202.57283197816858,0.5063494443893433,5.471345456884214,False
1.5095,202.57278352970428,0.5063502192497253,5.471334283274637,False
1.51,202.57274782372863,0.5063509345054626,5.471406843740725,False
1.5105,202.5727531366906,0.5063509941101074,5.471489287181462,False
1.5110000000000001,202.57279153897667,0.506350576877594,5.471523544330566,False
1.5115,202.57282853329528,0.5063498020172119,5.471469053479683,False
1.512,202.57282995767474,0.5063495635986328,5.471385367089316,False
1.5125,202.5727971356997,0.5063499808311462,5.471348330572454,False
1.5130000000000001,202.57276019945144,0.506350576877594,5.471381030604415,False
1.5135,202.5727501570278,0.5063509345054626,5.471456203108026,False
1.514,202.57277435647222,0.5063506960868835,5.4715051863699244,False
1.5145,202.57281065898167,0.5063501596450806,5.4714916887732,False
1.5150000000000001,202.5728262439252,0.5063496232032776,5.471416794793406,False
1.5155,202.57280729898935,0.5063498616218567,5.471366743082818,False
1.516,202.5727740744231,0.5063503384590149,5.471372030098714,False
1.5165,202.57275591536444,0.5063508152961731,5.47143254908506,False
1.5170000000000001,202.57277004572302,0.5063508152961731,5.47149356113864,False
1.5175,202.5728031982511,0.5063502788543701,5.471493739536934,False
1.518,202.5728240796688,0.5063498020172119,5.471438354459864,False
1.5185,202.57281507999292,0.5063498020172119,5.471381495830957,False
1.5190000000000001,202.57278510824918,0.5063501596450806,5.471366124863141,False
1.5195,202.5727606323991,0.5063506960868835,5.471412474183173,False
1.52,202.5727641533369,0.5063508152961731,5.471473636019773,False
1.5205,202.5727900435132,0.5063503980636597,5.471488399361535,False
1.5210000000000001,202.57281289192397,0.5063499808311462,5.471454360372607,False
1.5215,202.57281292754018,0.5063498020172119,5.4713991634321495,False
1.522,202.5727896904532,0.506350040435791,5.4713712809089285,False
1.5225,202.57276381882915,0.5063505172729492,5.471398351782272,False
1.5230000000000001,202.57275866272104,0.5063507556915283,5.471453700459091,False
1.5235,202.572779701462,0.5063506364822388,5.4714948533984336,False
1.524,202.57281031672738,0.5063501596450806,5.471480733329891,False
1.5245,202.57282400923765,0.5063498020172119,5.471424471046122,False
1.5250000000000001,202.57281037830356,0.5063499212265015,5.471380415592344,False
1.5255,202.57278266761494,0.5063502788543701,5.471378141469626,False
1.526,202.57276328901835,0.5063506364822388,5.471418359125358,False
1.5265,202.5727671592444,0.5063506960868835,5.471466607971049,False
1.5270000000000001,202.57278800633947,0.5063503384590149,5.471475148736842,False
1.5275,202.57280547527037,0.506350040435791,5.471448394038747,False
1.528,202.5728054894249,0.5063499212265015,5.471407256850026,False
1.5285,202.5727918541019,0.5063502788543701,5.471404442375228,False
1.5290000000000001,202.57277906440743,0.5063503384590149,5.47141102772287,False
1.5295,202.5727755222105,0.506350576877594,5.471444060777707,False
1.53,202.5727866628798,0.5063504576683044,5.4714639350597825,False
1.5305,202.57280340900817,0.5063502788543701,5.471462018816784,False
1.5310000000000001,202.57281298309968,0.506350040435791,5.471432408073071,False
1.5315,202.57280425768468,0.5063499212265015,5.471390490448851,False
1.532,202.57278216271771,0.5063502788543701,5.471389041281987,False
1.5325,202.5727683850306,0.5063506364822388,5.471428684477639,False
1.5330000000000001,202.57277590473228,0.5063506364822388,5.471469102129008,False
1.5335,202.5727973458926,0.5063503384590149,5.471475386374809,False
1.534,202.57281176395767,0.5063499212265015,5.471434476335487,False
1.5345,202.5728041884936,0.5063499212265015,5.471392719107065,False
1.5350000000000001,202.57278323609015,0.5063502788543701,5.4713911443170415,False
1.5355,202.5727704482087,0.5063506364822388,5.471430395894269,False
1.536,202.5727774573757,0.506350576877594,5.471464259368896,False
1.5365,202.57279508328398,0.5063502788543701,5.47146453011422,False
1.537,202.5728065848225,0.506350040435791,5.471436755811293,False
1.5375,202.57280302178555,0.506350040435791,5.471407995539004,False
1.538,202.57278873114768,0.5063502192497253,5.471399775549274,False
1.5385,202.57277380248436,0.5063503384590149,5.471407407653,False
1.539,202.5727700451203,0.5063506364822388,5.471447883809885,False
1.5395,202.5727847852308,0.5063505172729492,5.471474777832503,False
1.54,202.57280598597606,0.5063502192497253,5.471466669812431,False
1.5405,202.57281528590153,0.5063499212265015,5.471424243916892,False
1.541,202.57280221595764,0.5063499212265015,5.471382295007131,False
1.5415,202.5727773213283,0.5063503384590149,5.471387808636134,False
1.542,202.57276451404957,0.5063506960868835,5.471434641732527,False
1.5425,202.57277537386392,0.5063506364822388,5.471475607582072,False
1.543,202.57279895197857,0.5063502788543701,5.471475653839401,False
1.5435,202.57281338189634,0.5063499212265015,5.471434341557231,False
1.544,202.57280561211678,0.5063499212265015,5.471392204911659,False
1.5445,202.5727842868745,0.5063502788543701,5.471390321517531,False
1.545,202.57277099761663,0.5063506364822388,5.471429373598612,False
1.5455,202.5727786662263,0.5063506364822388,5.471469120719926,False
1.546,202.5727986788862,0.5063502788543701,5.4714687913402065,False
1.5465,202.57281085204662,0.5063499808311462,5.47143393263913,False
1.547,202.5728030699155,0.5063499212265015,5.471392428802069,False
1.5475,202.5727820561768,0.5063502788543701,5.47139114079695,False
1.548,202.572769358054,0.5063506364822388,5.4714306755679205,False
1.5485,202.57277659451722,0.506350576877594,5.471464782638888,False
1.549,202.57279455438234,0.5063502788543701,5.47146522692548,False
1.5495,202.57280522880401,0.5063499808311462,5.471431584827382,False
1.55,202.57279913244054,0.506350040435791,5.471403479733233,False
1.5505,202.57278406307478,0.5063502788543701,5.471402430831842,False
1.551,202.57277574636294,0.506350576877594,5.471434813686662,False
1.5515,202.57278337493238,0.5063505172729492,5.4714611744650234,False
1.552,202.57279896756734,0.5063502788543701,5.471460222905519,False
1.5525,202.5728067461974,0.5063499808311462,5.471425841747927,False
1.553,202.5727976016283,0.506350040435791,5.471397739230919,False
1.5535,202.5727797218979,0.5063502788543701,5.47139742376911,False
1.554,202.5727704108484,0.5063506364822388,5.471437117418495,False
1.5545,202.57278085263593,0.506350576877594,5.47147056093482,False
1.555,202.57280143052586,0.5063502788543701,5.47146961530173,False
1.5555,202.5728138106082,0.5063499808311462,5.471434044116977,False
1.556,202.5728058557909,0.5063499212265015,5.471391823637245,False
1.5565,202.5727843170918,0.5063502788543701,5.471389906134831,False
1.557,202.57277081353627,0.5063506364822388,5.471428977475797,False
1.5575,202.57277829430416,0.5063506364822388,5.471468794021254,False
1.558,202.57279816912205,0.5063502788543701,5.4714685746842076,False
1.5585,202.57281027128656,0.5063499808311462,5.471433852061332,False
1.559,202.57280371681802,0.5063499808311462,5.471398442817347,False
1.5595,202.57278572159333,0.5063502788543701,5.471396615900122,False
1.56,202.57277430906518,0.506350576877594,5.471428972071845,False
1.5605,202.57278029213163,0.506350576877594,5.471462000486139,False
1.561,202.5727965454609,0.5063502788543701,5.471461735539751,False
1.5615,202.57280650758256,0.506350040435791,5.471433788903843,False
1.562,202.5728014366447,0.506350040435791,5.471405236481976,False
1.5625,202.57278708488326,0.5063502788543701,5.471403522878598,False
1.563,202.57277419607257,0.5063503384590149,5.47141131066571,False
1.5635000000000001,202.57277117600634,0.506350576877594,5.471445493198859,False
1.564,202.5727833848244,0.5063504576683044,5.471466318389795,False
1.5645,202.5728016014298,0.5063502788543701,5.471465036210218,False
1.565,202.57281163172325,0.5063499808311462,5.471429716243462,False
1.5655000000000001,202.57280163763463,0.5063499212265015,5.471388294482577,False
1.566,202.5727798491708,0.5063503384590149,5.471393563963546,False
1.5665,202.57276855874332,0.5063506364822388,5.471433473394384,False
1.567,202.57277850855579,0.5063506364822388,5.471473543792341,False
1.5675000000000001,202.57280079036605,0.5063502788543701,5.471472969977287,False
1.568,202.57281370816668,0.5063499212265015,5.4714313880736,False
1.5685,202.57280440602526,0.5063499212265015,5.471389361651179,False
1.569,202.57278294728235,0.5063503384590149,5.471393899112048,False
1.5695000000000001,202.57277158747095,0.5063506364822388,5.471433044161057,False
1.57,202.57277985954062,0.506350576877594,5.471466465422709,False
1.5705,202.57279842471428,0.5063502788543701,5.471466019301532,False
1.571,202.5728079794242,0.5063499212265015,5.471425448275884,False
1.5715000000000001,202.5727997621041,0.5063501000404358,5.471403025284127,False
1.572,202.57278441199264,0.5063502788543701,5.471401854375128,False
1.5725,202.57277577406413,0.506350576877594,5.471434190337,False
1.573,202.572783082414,0.5063505172729492,5.471460584249597,False
1.5735000000000001,202.57279839658364,0.5063502788543701,5.471459740505709,False
1.574,202.57280597336964,0.5063499808311462,5.47142552706598,False
1.5745,202.57279672819826,0.506350040435791,5.47139762997096,False
1.575,202.5727788604904,0.5063502788543701,5.471397530949158,False
1.5755000000000001,202.57276967097107,0.5063506364822388,5.471437424343518,False
1.576,202.5727791030708,0.5063505172729492,5.471465075541551,False
1.5765,202.57279701774198,0.5063502788543701,5.471464899530642,False
1.577,202.57280733396334,0.5063499808311462,5.471430687556091,False
1.5775000000000001,202.57280184012254,0.5063501000404358,5.471408085027297,False
1.578,202.57278891055148,0.5063502788543701,5.4714060928876425,False
1.5785,202.57277719145085,0.5063503384590149,5.471413278840015,False
1.579,202.57277616694992,0.5063506364822388,5.471452567592611,False
1.5795000000000001,202.57279037456536,0.5063503980636597,5.471465794237759,False
1.58,202.57280288650742,0.506350040435791,5.471439068522938,False
1.5805,202.57280079052452,0.506350040435791,5.4714110476082425,False
1.581,202.57278945408265,0.5063502788543701,5.471409118135086,False
1.5815000000000001,202.5727780127557,0.5063502788543701,5.471410030516171,False
1.582,202.572774043327,0.506350576877594,5.47144337941458,False
1.5825,202.57278495107764,0.5063504576683044,5.471463651845076,False
1.583,202.57280168551964,0.5063502788543701,5.471462164202769,False
1.5835000000000001,202.57281146752945,0.506350040435791,5.471432957512411,False
1.584,202.57280436378613,0.5063499808311462,5.471397318466424,False
1.5845,202.57278574464908,0.5063502788543701,5.471395408139819,False
1.585,202.57277371406076,0.506350576877594,5.471427835852626,False
1.5855000000000001,202.57277916352965,0.506350576877594,5.471461079467185,False
1.586,202.5727950344735,0.5063502788543701,5.471461143957212,False
1.5865,202.57280481197893,0.506350040435791,5.471433597440163,False
1.587,202.57280099862822,0.5063501000404358,5.471411414051472,False
1.5875000000000001,202.5727898330199,0.5063502788543701,5.471409411286712,False
1.588,202.57277851187297,0.5063502788543701,5.471410214083463,False
1.5885,202.57277459738242,0.506350576877594,5.471443431568676,False
1.589,202.57278548875345,0.5063504576683044,5.4714635677963885,False
1.5895000000000001,202.57280213858803,0.5063502788543701,5.471461956570908,False
1.59,202.57281177949585,0.506350040435791,5.47143265447425,False
1.5905,202.5728044969173,0.5063499808311462,5.471396959949488,False
1.591,202.57278568451326,0.5063502788543701,5.471395040573013,False
1.5915000000000001,202.5727734710368,0.506350576877594,5.471427506163107,False
1.592,202.5727787711359,0.506350576877594,5.4714608290985005,False
1.5925,202.57279454477427,0.5063502788543701,5.471461003669933,False
1.593,202.57280428869475,0.506350040435791,5.4714335835457595,False
1.5935000000000001,202.57280050885834,0.5063501000404358,5.471411526538866,False
1.594,202.57278943865128,0.5063502788543701,5.471409634053627,False
1.5945,202.5727782617742,0.5063502788543701,5.471410517213337,False
1.595,202.57277329765347,0.5063505172729492,5.471437825162946,False
1.5955000000000001,202.5727826528641,0.5063505172729492,5.471464581025436,False
1.596,202.57280003975856,0.5063502788543701,5.471463585252029,False
1.5965,202.57280945086345,0.5063499808311462,5.471428732398446,False
1.597,202.57280157140994,0.506350040435791,5.4713997967820305,False
1.5975000000000001,202.5727844335312,0.5063502788543701,5.47139839798094,False
1.598,202.57277403027348,0.506350576877594,5.471430949338983,False
1.5985,202.57277982018186,0.5063505172729492,5.47145796826758,False
1.599,202.57279405265294,0.5063502788543701,5.471458073811949,False
1.5995000000000001,202.57280233977005,0.506350040435791,5.471430958671743,False
1.6,202.57279737179172,0.5063501000404358,5.471409536560667,False
1.6005,202.57278552959846,0.5063502788543701,5.4714085233992344,False
1.601,202.57277898417104,0.5063505172729492,5.47143421559529,False
1.6015,202.57278483261177,0.5063504576683044,5.4714538878702585,False
1.602,202.57279659408226,0.5063502788543701,5.4714530517043345,False
1.6025,202.57280212141703,0.506350040435791,5.471425647547495,False
1.603,202.57279446032763,0.5063501000404358,5.471404616719766,False
1.6035,202.5727803336515,0.5063502788543701,5.471404615740129,False
1.604,202.57277464490437,0.5063506364822388,5.471443703739112,False
1.6045,202.5727856714655,0.5063504576683044,5.471463811202102,False
1.605,202.5728024313227,0.5063502788543701,5.4714621406258654,False
1.6055,202.57281214343178,0.506350040435791,5.471432756579869,False
1.606,202.57280488471412,0.5063499808311462,5.471396968259536,False
1.6065,202.57278604645933,0.5063502788543701,5.471394955350532,False
1.607,202.57277498512425,0.5063506364822388,5.471433289747577,False
1.6075,202.57278311886725,0.506350576877594,5.471465880505816,False
1.608,202.57280113267493,0.5063502788543701,5.471464690051198,False
1.6085,202.5728097989978,0.5063499212265015,5.471423554419466,False
1.609,202.57280047412928,0.5063501000404358,5.471400815905774,False
1.6095,202.57278394141161,0.5063502788543701,5.47139961522379,False
1.61,202.57277419744938,0.506350576877594,5.471432206927463,False
1.6105,202.57278061608235,0.5063505172729492,5.471459105513558,False
1.611,202.5727965907967,0.5063503384590149,5.471464897784522,False
1.6115,202.57280693925583,0.5063499808311462,5.471430788312364,False
1.612,202.57280030374056,0.506350040435791,5.4714023238416924,False
1.6125,202.57278455368316,0.5063502788543701,5.471401067797229,False
1.613,202.5727755034014,0.506350576877594,5.471433419972202,False
1.6135,202.57278366337727,0.506350576877594,5.471465878126221,False
1.614,202.57280163371973,0.5063502788543701,5.471464557237905,False
1.6145,202.57281141710715,0.5063499808311462,5.471429260091863,False
1.615,202.57280120691567,0.5063499212265015,5.4713879189090076,False
1.6155,202.57277926023326,0.5063503384590149,5.471393315652249,False
1.616,202.572767888801,0.5063506364822388,5.4714333821686125,False
1.6165,202.57277784404857,0.5063506364822388,5.471473619054791,False
1.617,202.57280021582451,0.5063502788543701,5.471473199800546,False
1.6175,202.57281329547624,0.5063499212265015,5.471431741019049,False
1.618,202.57280420545138,0.5063499212265015,5.471389791046559,False
1.6185,202.57278175766055,0.5063502788543701,5.471388399037151,False
1.619,202.5727676836922,0.5063506364822388,5.47142818035772,False
1.6195,202.57277500058194,0.5063506364822388,5.471468798374639,False
1.62,202.57279513319645,0.5063502788543701,5.471469368667185,False
1.6205,202.57280909978226,0.506350040435791,5.47144127363269,False
1.621,202.572806423148,0.5063499808311462,5.471405671750383,False
1.6215,202.57279068284643,0.5063502192497253,5.471396784325932,False
1.622,202.57277530015443,0.5063503980636597,5.471410089418454,False
1.6225,202.57277279497544,0.5063506364822388,5.471450035270741,False
1.623,202.5727859720963,0.5063503980636597,5.471464232183949,False
1.6235,202.57280292343626,0.5063502788543701,5.471462462645808,False
1.624,202.57281153796168,0.5063499808311462,5.471426989858807,False
1.6245,202.57280015998302,0.5063499212265015,5.471385764562265,False
1.625,202.5727771952606,0.5063503384590149,5.4713915498577235,False
1.6255,202.57276508304574,0.5063506364822388,5.471432224279789,False
1.6260000000000001,202.572774665181,0.5063506364822388,5.4714732079355475,False
1.6265,202.57279829755169,0.5063503384590149,5.471479527450549,False
1.627,202.5728147547989,0.5063499212265015,5.471438124928566,False
1.6275,202.5728088089929,0.5063499212265015,5.471395417602874,False
1.6280000000000001,202.57278887499726,0.5063502788543701,5.471392562516671,False
1.6285,202.57277270207902,0.5063504576683044,5.471412520747398,False
1.629,202.57277163910513,0.5063506364822388,5.471452934525718,False
1.6295,202.5727876089978,0.5063504576683044,5.4714731738045215,False
1.6300000000000001,202.5728041010313,0.506350040435791,5.471446640423675,False
1.6305,202.57280455073308,0.5063499808311462,5.471411894883177,False
1.631,202.5727921311358,0.5063502192497253,5.471403059390238,False
1.6315,202.57277861426337,0.5063503384590149,5.4714096665510255,False
1.6320000000000001,202.5727744124443,0.506350576877594,5.471442894420252,False
1.6325,202.57278504408035,0.5063504576683044,5.471463109277078,False
1.633,202.5728014944552,0.5063502788543701,5.471461633953397,False
1.6335,202.57280979701343,0.5063499808311462,5.471426556749,False
1.6340000000000001,202.57280078055356,0.506350040435791,5.471397676952336,False
1.6345,202.57278262237725,0.5063502788543701,5.47139660308815,False
1.635,202.57277144379415,0.506350576877594,5.471429703337528,False
1.6355,202.5727780223254,0.506350576877594,5.471463372242765,False
1.6360000000000001,202.57279637544158,0.5063503384590149,5.471469514282439,False
1.6365,202.57280909622577,0.5063499808311462,5.471435161865661,False
1.637,202.57280452499046,0.506350040435791,5.471405901017149,False
1.6375,202.5727902726754,0.5063502788543701,5.471403404354408,False
1.6380000000000001,202.57277707603095,0.5063503384590149,5.471410435201933,False
1.6385,202.5727746094928,0.5063506364822388,5.4714499330947355,False
1.639,202.57278759368057,0.5063503980636597,5.471463701366794,False
1.6395,202.5728004772076,0.5063501000404358,5.471443726293724,False
1.6400000000000001,202.572800944848,0.506350040435791,5.471415985957401,False
1.6405,202.5727908925592,0.5063502192497253,5.4714077541729305,False
1.641,202.5727798673523,0.5063503384590149,5.471414358785022,False
1.6415,202.57277796255727,0.506350576877594,5.4714469867122135,False
1.6420000000000001,202.57278918314498,0.5063503980636597,5.471460138862032,False
1.6425,202.5728001255344,0.5063501000404358,5.471440009933358,False
1.643,202.5727999478656,0.5063501000404358,5.471418541259218,False
1.6435,202.57279127680525,0.5063502192497253,5.471410385512435,False
1.6440000000000001,202.5727815644495,0.5063503384590149,5.471416730060988,False
1.6445,202.57277951422387,0.5063505172729492,5.471442849498194,False
1.645,202.5727885033571,0.5063503980636597,5.471455893530835,False
1.6455,202.57279977969452,0.5063502192497253,5.471448098880435,False
1.6460000000000001,202.572803756327,0.5063501000404358,5.47142619696841,False
1.6465,202.57279747243828,0.5063501596450806,5.47141068916477,False
1.647,202.57278621056292,0.5063502788543701,5.4714095783152805,False
1.6475,202.57277892686537,0.5063504576683044,5.471429089712683,False
1.6480000000000001,202.57278216422182,0.5063504576683044,5.471449102827009,False
1.6485,202.57279291484062,0.5063503384590149,5.4714551621182785,False
1.649,202.57280225194867,0.5063501596450806,5.4714404059978845,False
1.6495,202.57280211137726,0.5063501000404358,5.471418402088458,False
1.6500000000000001,202.57279320142666,0.5063502192497253,5.471409736364562,False
1.6505,202.57278300849654,0.5063503384590149,5.4714156607702895,False
1.651,202.57278030060488,0.5063505172729492,5.471441502127517,False
1.6515,202.57278854121023,0.5063503980636597,5.471454443547977,False
1.6520000000000001,202.5727990747424,0.5063502192497253,5.471446732346908,False
1.6525,202.57280240878805,0.5063501000404358,5.471425086700309,False
1.653,202.57279566293585,0.5063501596450806,5.471409972915623,False
1.6535,202.57278417599505,0.5063502788543701,5.47140934173062,False
1.6540000000000001,202.5727781531614,0.5063505172729492,5.471435306330654,False
1.6545,202.57278462264227,0.5063504576683044,5.471455108297301,False
1.655,202.5727970231401,0.5063502788543701,5.471454244607953,False
1.6555,202.5728031258733,0.506350040435791,5.471426661431029,False
1.6560000000000001,202.57279590418764,0.5063501000404358,5.471405325013697,False
1.6565,202.57278202688957,0.5063502788543701,5.471404932566365,False
1.657,202.5727751447085,0.506350576877594,5.471437644100868,False
1.6575,202.57278304049888,0.5063504576683044,5.471458018381444,False
1.6580000000000001,202.57279704866158,0.5063502788543701,5.4714573484247095,False
1.6585,202.57280350945578,0.5063499808311462,5.471423610892013,False
1.659,202.57279470143817,0.5063501000404358,5.4714023771463784,False
1.6595,202.57277941328883,0.5063502788543701,5.471402461256345,False
1.6600000000000001,202.5727714728996,0.506350576877594,5.471435957290508,False
1.6605,202.57278001660157,0.5063505172729492,5.471463269962977,False
1.661,202.57279693907353,0.5063502788543701,5.4714629900860325,False
1.6615,202.5728062870858,0.5063499808311462,5.4714289188248895,False
1.6620000000000001,202.57279874825073,0.506350040435791,5.471400730056249,False
1.6625,202.57278230564643,0.5063502788543701,5.471399948756387,False
1.663,202.57277408251062,0.5063506364822388,5.47143886164016,False
1.6635,202.57278390569297,0.5063505172729492,5.47146536313629,False
1.6640000000000001,202.57280159445432,0.5063502788543701,5.471464016998222,False
1.6645,202.57281110522578,0.5063499808311462,5.471428763743099,False
1.665,202.5728018896822,0.5063499808311462,5.471393479201672,False
1.6655,202.5727815035,0.5063502788543701,5.471392407213743,False
1.666,202.57276949446307,0.5063506364822388,5.471431993715363,False
1.6665,202.57277739293895,0.506350576877594,5.471465983957985,False
1.667,202.57279712754527,0.5063503384590149,5.471472110277851,False
1.6675,202.57280989089128,0.5063499212265015,5.471431461659987,False
1.668,202.572803369927,0.506350040435791,5.471402246353397,False
1.6685,202.57278734241078,0.5063502788543701,5.471400259914383,False
1.669,202.572772768658,0.5063503384590149,5.4714081941592365,False
1.6695,202.5727694928355,0.5063506364822388,5.471448868061349,False
1.67,202.57278477802404,0.5063505172729492,5.471475831726318,False
1.6705,202.57280529337834,0.5063501596450806,5.471461708010626,False
1.671,202.572812115236,0.5063499212265015,5.4714197648419,False
1.6715,202.57279945325553,0.506350040435791,5.471390762494339,False
1.672,202.57277909361488,0.5063503384590149,5.47139639834717,False
1.6725,202.57276930808553,0.5063506364822388,5.471436308107457,False
1.673,202.57277942248285,0.506350576877594,5.471470067734807,False
1.6735,202.57279985968486,0.5063502788543701,5.471469496556471,False
1.674,202.57281107735324,0.5063499212265015,5.471428359499553,False
1.6745,202.5728016577031,0.5063499808311462,5.471393107438485,False
1.675,202.57278109982548,0.5063502788543701,5.471392114807482,False
1.6755,202.57276897290845,0.5063506364822388,5.47143181677832,False
1.676,202.57277804527993,0.5063506364822388,5.4714718935633995,False
1.6765,202.5727995209925,0.5063502788543701,5.471471536157698,False
1.677,202.57281302938074,0.5063499808311462,5.471436300346356,False
1.6775,202.57280628644654,0.5063499212265015,5.471394123246067,False
1.678,202.5727858877288,0.5063502788543701,5.471391955718652,False
1.6785,202.57277330811988,0.5063506364822388,5.471430519597105,False
1.679,202.57278015849374,0.506350576877594,5.471463689308411,False
1.6795,202.57279728393073,0.5063502788543701,5.471463348643028,False
1.68,202.5728067881412,0.5063499808311462,5.471429171796941,False
1.6805,202.57279933950835,0.506350040435791,5.471400846721242,False
1.681,202.57278291055508,0.5063502788543701,5.471399916180023,False
1.6815,202.57277462385923,0.5063506364822388,5.471438686072213,False
1.682,202.5727843154506,0.5063505172729492,5.471465068944502,False
1.6825,202.5728018223027,0.5063502788543701,5.471463643310669,False
1.683,202.5728111247165,0.5063499808311462,5.471428359258474,False
1.6835,202.57280170126822,0.5063499808311462,5.471393095854024,False
1.684,202.57278113409905,0.5063502788543701,5.4713920935143845,False
1.6845,202.5727689936576,0.5063506364822388,5.471431788624433,False
1.685,202.57277805005336,0.5063506364822388,5.471471862229972,False
1.6855,202.57279950940736,0.5063502788543701,5.4714715056789665,False
1.686,202.5728130031425,0.5063499808311462,5.4714362745909275,False
1.6865,202.5728062491023,0.5063499212265015,5.4713941054266755,False
1.687,202.5727858441898,0.5063502788543701,5.471391947992333,False
1.6875,202.57277326401683,0.5063506364822388,5.471430522805432,False
1.688,202.57278011944996,0.506350576877594,5.471463702888884,False
1.6885000000000001,202.5727972548461,0.5063502788543701,5.471463370720452,False
1.689,202.57280677257864,0.5063499808311462,5.471429199440682,False
1.6895,202.57279933925886,0.506350040435791,5.471400876333207,False
1.69,202.57278292543472,0.5063502788543701,5.471399943962204,False
1.6905000000000001,202.57277465176045,0.5063506364822388,5.4714387085130705,False
1.691,202.57278435263754,0.5063505172729492,5.471465083262014,False
1.6915,202.57280186390977,0.5063502788543701,5.4714636477962895,False
1.692,202.5728111653839,0.5063499808311462,5.471428353479556,False
1.6925000000000001,202.57280173583126,0.5063499808311462,5.471393080690928,False
1.693,202.5727811582431,0.5063502788543701,5.471392071029901,False
1.6935,202.57276900445524,0.5063506364822388,5.471431761784475,False
1.694,202.57277804631778,0.5063506364822388,5.471471834513241,False
1.6945000000000001,202.5727994918189,0.5063502788543701,5.471471480626791,False
1.695,202.57281297413564,0.5063499808311462,5.471436255355513,False
1.6955,202.57280621253116,0.5063499212265015,5.471394094375215,False
1.696,202.57278580481724,0.5063502788543701,5.4713919464166665,False
1.6965000000000001,202.57277322689538,0.5063506364822388,5.471430530772716,False
1.697,202.57278008927432,0.506350576877594,5.471463719250298,False
1.6975,202.5727972353605,0.5063502788543701,5.471463393274586,False
1.698,202.57280676611347,0.5063499808311462,5.471429225228655,False
1.6985000000000001,202.572799346454,0.506350040435791,5.4714009020260645,False
1.699,202.5727829451816,0.5063502788543701,5.47139996628998,False
1.6995,202.57277468136803,0.5063506364822388,5.471438724680321,False
1.7,202.5727843881973,0.5063505172729492,5.471465091297034,False
1.7005000000000001,202.57280190081022,0.5063502788543701,5.47146364679056,False
1.701,202.57281119890786,0.5063499808311462,5.471428343688458,False
1.7015,202.57280176175792,0.5063499808311462,5.471393063484841,False
1.702,202.5727811733784,0.5063502788543701,5.471392048703999,False
1.7025000000000001,202.57276900702414,0.5063506364822388,5.471431737253469,False
1.703,202.5727780361702,0.5063506364822388,5.4714718109315355,False
1.7035,202.57279947042593,0.5063502788543701,5.471471460983508,False
1.704,202.5728129443795,0.5063499808311462,5.471436242096226,False
1.7045000000000001,202.57280617831827,0.5063499212265015,5.471394089098227,False
1.705,202.57278577056647,0.5063502788543701,5.47139194968143,False
1.7055,202.57277319696814,0.5063506364822388,5.471430542043232,False
1.706,202.57278006742013,0.506350576877594,5.471463736978826,False
1.7065000000000001,202.57279722424826,0.5063502788543701,5.4714634151129244,False
1.707,202.57280676700674,0.5063499808311462,5.471429248338391,False
1.7075,202.57279935906993,0.506350040435791,5.471400923446878,False
1.708,202.57278296774882,0.5063502788543701,5.471399983318285,False
1.7085000000000001,202.572774710873,0.5063506364822388,5.4714387352098965,False
1.709,202.57278442078558,0.5063505172729492,5.471465094078754,False
1.7095,202.57280193228922,0.5063502788543701,5.471463641579378,False
1.71,202.57281122528528,0.5063499808311462,5.471428331260445,False
1.7105000000000001,202.57280177974712,0.5063499808311462,5.471393045523997,False
1.711,202.57278118080697,0.5063502788543701,5.471392027575083,False
1.7115,202.57276900309506,0.5063506364822388,5.471431715691308,False
1.712,202.57277802154366,0.5063506364822388,5.471471791687597,False
1.7125000000000001,202.5727994471149,0.5063502788543701,5.471471446475352,False
1.713,202.57281291547434,0.5063499808311462,5.471436234104383,False
1.7135,202.57280614757806,0.5063499212265015,5.471394088548463,False
1.714,202.57278574193094,0.5063502788543701,5.471391956538928,False
1.7145000000000001,202.57277317405368,0.5063506364822388,5.471430555330562,False
1.715,202.5727800530637,0.506350576877594,5.4714637549136445,False
1.7155,202.57279722015718,0.5063502788543701,5.471463435346268,False
1.716,202.57280677355737,0.5063499808311462,5.471429268261719,False
1.7165000000000001,202.57279937527832,0.506350040435791,5.471400940527855,False
1.717,202.57278299141524,0.5063502788543701,5.471399995422152,False
1.7175,202.57277473887916,0.5063506364822388,5.471438740865652,False
1.718,202.57278444950452,0.5063505172729492,5.47146509265711,False
1.7185000000000001,202.57280195805436,0.5063502788543701,5.471463633361014,False
1.719,202.57281124485766,0.5063499808311462,5.471428317387465,False
1.7195,202.57280179072194,0.5063499808311462,5.4713930278424,False
1.72,202.57278118190806,0.5063502788543701,5.4713920083897865,False
1.7205000000000001,202.57276899432125,0.5063506364822388,5.47143169746621,False
1.721,202.57277800415113,0.5063506364822388,5.471471776729642,False
1.7215,202.5727994234395,0.5063502788543701,5.471471436643013,False
1.722,202.57281288861896,0.5063499808311462,5.4714362305773605,False
1.7225000000000001,202.57280612100683,0.5063499212265015,5.47139409168703,False
1.723,202.572785719023,0.5063502788543701,5.471391965849587,False
1.7235,202.57277315767408,0.5063506364822388,5.471430569540918,False
1.724,202.572780045206,0.506350576877594,5.4714637721453885,False
1.7245000000000001,202.57279722170185,0.5063502788543701,5.471463453362863,False
1.725,202.57280678417536,0.5063499808311462,5.471429284758177,False
1.7255,202.57279939348984,0.506350040435791,5.471400953425209,False
1.726,202.57278301479462,0.5063502788543701,5.471400003128973,False
1.7265000000000001,202.57277476437693,0.5063506364822388,5.471438742473786,False
1.727,202.5727844738444,0.5063505172729492,5.471465088047691,False
1.7275,202.5728019781535,0.5063502788543701,5.4714636232085025,False
1.728,202.57281125821677,0.5063499808311462,5.471428303062598,False
1.7285,202.57280179573496,0.5063499808311462,5.47139301122784,False
1.729,202.5727811780543,0.5063502788543701,5.471391991633216,False
1.7295,202.57276898221636,0.5063506364822388,5.471431682703132,False
1.73,202.57277798545255,0.5063506364822388,5.4714717658116525,False
1.7305,202.57279940062082,0.5063502788543701,5.471471430906067,False
1.731,202.57281286464357,0.5063499808311462,5.471436230678932,False
1.7315,202.5728060989436,0.5063499212265015,5.471394097531958,False
1.732,202.57278570165423,0.5063502788543701,5.471391976612775,False
1.7325,202.5727731471451,0.5063506364822388,5.471430583782686,False
1.733,202.57278004276108,0.506350576877594,5.47146378800343,False
1.7335,202.5727972275384,0.5063502788543701,5.471463468795301,False
1.734,202.57280679743354,0.5063499808311462,5.471429297806097,False
1.7345,202.57279941237718,0.506350040435791,5.471400962460888,False
1.735,202.572783036827,0.5063502788543701,5.471400007058454,False
1.7355,202.5727747867047,0.5063506364822388,5.471438740868678,False
1.736,202.57278449362065,0.5063505172729492,5.471465081190321,False
1.7365,202.57280199289622,0.5063502788543701,5.471463612045934,False
1.737,202.5728112661197,0.5063499808311462,5.471428289076712,False
1.7375,202.5728017958883,0.5063499808311462,5.471392996239128,False
1.738,202.57278117054767,0.5063502788543701,5.471391977564195,False
1.7385,202.57276896811328,0.5063506364822388,5.471431671332156,False
1.739,202.57277796664158,0.5063506364822388,5.471471758548517,False
1.7395,202.5727993795634,0.5063502788543701,5.471471428617697,False
1.74,202.5728128440524,0.5063499808311462,5.471436233586629,False
1.7405,202.5728060814339,0.5063499212265015,5.47139410519232,False
1.741,202.572785689412,0.5063502788543701,5.471391987983524,False
1.7415,202.57277314165484,0.5063506364822388,5.4714305973637964,False
1.742,202.5727800446267,0.506350576877594,5.471463802034582,False
1.7425,202.57279723641878,0.5063502788543701,5.471463481483664,False
1.743,202.57280681209926,0.5063499808311462,5.471429307555059,False
1.7435,202.5727994308794,0.506350040435791,5.471400968070581,False
1.744,202.57278305675592,0.5063502788543701,5.471400007872932,False
1.7445,202.5727748055029,0.5063506364822388,5.471438736851776,False
1.745,202.57278450891053,0.5063505172729492,5.471465072921528,False
1.7455,202.5728020027805,0.5063502788543701,5.471463600637944,False
1.746,202.57281126941595,0.5063499808311462,5.471428276026227,False
1.7465,202.57280179226967,0.5063499808311462,5.471392983230909,False
1.747,202.57278116057222,0.5063502788543701,5.4713919662539,False
1.7475,202.5727689531407,0.5063506364822388,5.471431663135927,False
1.748,202.57277794864862,0.5063506364822388,5.471471754466066,False
1.7485,202.57279936088352,0.5063502788543701,5.471471429110865,False
1.749,202.57281282707362,0.5063499808311462,5.471436238528179,False
1.7495,202.57280606829406,0.5063499212265015,5.471394113890432,False
1.75,202.57278568172998,0.5063502788543701,5.471391999277812,False
1.7505,202.5727731403319,0.5063506364822388,5.471430609779682,False
1.7510000000000001,202.57278004974168,0.506350576877594,5.47146381397545,False
1.7515,202.5727972472298,0.5063502788543701,5.471463491435875,False
1.752,202.57280682714955,0.5063499808311462,5.471429314279484,False
1.7525,202.57279944819302,0.506350040435791,5.47140097075651,False
1.7530000000000001,202.5727830740966,0.5063502788543701,5.471400006235283,False
1.7535,202.5727748206624,0.5063506364822388,5.47143873115996,False
1.754,202.57278451998943,0.5063505172729492,5.471465063957341,False
1.7545,202.5728020084256,0.5063502788543701,5.471463589588826,False
1.7550000000000001,202.57281126898508,0.5063499808311462,5.471428264328366,False
1.7555,202.57280178590324,0.5063499808311462,5.471392972382858,False
1.756,202.57278114916443,0.5063502788543701,5.471391957624905,False
1.7565,202.5727689382151,0.5063506364822388,5.471431657793412,False
1.7570000000000001,202.57277793215508,0.5063506364822388,5.47147175304396,False
1.7575,202.5727993449441,0.5063502788543701,5.471471431735029,False
1.758,202.57281281371002,0.5063499808311462,5.471436244807519,False
1.7585,202.57280605917146,0.5063499212265015,5.471394122973963,False
1.7590000000000001,202.57278567795024,0.5063502788543701,5.471392009969498,False
1.7595,202.57277314230095,0.5063506364822388,5.471430620695568,False
1.76,202.57278005712791,0.506350576877594,5.471463823722539,False
1.7605,202.57279725901643,0.5063502788543701,5.471463498789594,False
1.7610000000000001,202.57280684177388,0.5063499808311462,5.471429318337248,False
1.7615,202.57279946375314,0.506350040435791,5.471400971048093,False
1.762,202.57278308859807,0.5063502788543701,5.4714000027766,False
1.7625,202.57277483227375,0.5063506364822388,5.471438724444221,False
1.7630000000000001,202.57278452727303,0.5063505172729492,5.471465054885499,False
1.7635,202.5728020105151,0.5063502788543701,5.471463579349108,False
1.764,202.57281126568756,0.5063499808311462,5.471428254240963,False
1.7645,202.5728017777144,0.5063499808311462,5.471392963729977,False
1.7650000000000001,202.57278113719582,0.5063502788543701,5.471391951488048,False
1.7655,202.57276892404377,0.5063506364822388,5.471431654918495,False
1.766,202.57277791761638,0.5063506364822388,5.471471753751096,False
1.7665,202.5727993318944,0.5063502788543701,5.471471435883737,False
1.7670000000000001,202.57281280378987,0.5063499808311462,5.471436251821088,False
1.7675,202.57280605359983,0.5063499212265015,5.471394131919046,False
1.768,202.5727856773753,0.5063502788543701,5.471392019679963,False
1.7685,202.5727731467255,0.5063506364822388,5.471430629924268,False
1.7690000000000001,202.57278006591818,0.506350576877594,5.471463831301225,False
1.7695,202.57279727099177,0.5063502788543701,5.471463503776561,False
1.77,202.57280807907665,0.506350040435791,5.471435270306148,False
1.7705,202.5728036420996,0.506350040435791,5.471406246472707,False
1.7710000000000001,202.5727896345643,0.5063502788543701,5.471403939502258,False
1.7715,202.57277676049821,0.5063503384590149,5.471411089233692,False
1.772,202.57277465216964,0.5063506364822388,5.471450621062682,False
1.7725,202.57278798408825,0.5063503980636597,5.471464335198816,False
1.7730000000000001,202.57280116074082,0.5063501000404358,5.471444226050759,False
1.7735,202.57280183034868,0.506350040435791,5.471416289897109,False
1.774,202.57279186443793,0.5063502192497253,5.4714078263547625,False
1.7745,202.57278080064992,0.5063503384590149,5.471414193282762,False
1.7750000000000001,202.57277873898695,0.506350576877594,5.471446607945815,False
1.7755,202.5727897060587,0.5063503980636597,5.47145959806077,False
1.776,202.57280033192353,0.5063501000404358,5.471439378235798,False
1.7765,202.57279859219696,0.506350040435791,5.471411950203437,False
1.7770000000000001,202.57278788689163,0.5063502788543701,5.47141049034078,False
1.7775,202.57277849106484,0.5063503384590149,5.47141764117607,False
1.778,202.57277836793344,0.506350576877594,5.471450389709232,False
1.7785,202.5727912934783,0.5063503980636597,5.471463227486563,False
1.7790000000000001,202.57280364811848,0.5063501000404358,5.471442395359503,False
1.7795,202.57280319059035,0.506350040435791,5.471413979498904,False
1.78,202.57279194022863,0.5063502192497253,5.471405337173295,False
1.7805,202.5727796004306,0.5063503384590149,5.471411844766372,False
1.7810000000000001,202.57277643354536,0.506350576877594,5.471444697133387,False
1.7815,202.57278782820654,0.5063504576683044,5.471464312249752,False
1.782,202.57280100524468,0.5063501000404358,5.471444241950032,False
1.7825,202.572801695031,0.506350040435791,5.471416342073236,False
1.7830000000000001,202.57279176624354,0.5063502192497253,5.471407907653567,False
1.7835,202.5727807515584,0.5063503384590149,5.471414292942855,False
1.784,202.57277874455718,0.506350576877594,5.471446713019557,False
1.7845,202.57278976481155,0.5063503980636597,5.471459695093617,False
1.7850000000000001,202.5728004356295,0.5063501000404358,5.471439454986472,False
1.7855,202.57279872701872,0.506350040435791,5.471411997185439,False
1.786,202.57278803522496,0.5063502788543701,5.471410501991496,False
1.7865,202.5727786338331,0.5063503384590149,5.471417616509726,False
1.7870000000000001,202.5727784870375,0.506350576877594,5.471450332377937,False
1.7875,202.57279137408668,0.5063503980636597,5.4714631452499525,False
1.788,202.5728024567985,0.506350040435791,5.471436348866957,False
1.7885,202.57279900642703,0.506350040435791,5.471408604554761,False
1.7890000000000001,202.57278656182964,0.5063502788543701,5.471407258845466,False
1.7895,202.5727780673439,0.5063504576683044,5.4714268340129095,False
1.79,202.5727814441129,0.5063505172729492,5.4714531473730705,False
1.7905,202.5727930906669,0.5063502788543701,5.4714531710972,False
1.7910000000000001,202.57279895076962,0.506350040435791,5.471426599518409,False
1.7915,202.57279324517177,0.5063501596450806,5.471412218506108,False
1.792,202.57278309167114,0.5063502788543701,5.471412023857172,False
1.7925,202.57277729784408,0.5063504576683044,5.471432127176979,False
1.793,202.5727834352097,0.5063505172729492,5.471458287309325,False
1.7935,202.57279754996802,0.5063502788543701,5.471457505531199,False
1.794,202.57280405202863,0.5063499808311462,5.4714236377486705,False
1.7945,202.57279521561412,0.5063501000404358,5.471402272168227,False
1.795,202.57277983400138,0.5063502788543701,5.47140223966637,False
1.7955,202.5727717478987,0.506350576877594,5.471435648944661,False
1.796,202.5727801129258,0.5063505172729492,5.471462915342661,False
1.7965,202.57279684697502,0.5063502788543701,5.471462634994317,False
1.797,202.57280724465653,0.506350040435791,5.471434558651938,False
1.7975,202.57280250929728,0.506350040435791,5.471405780343611,False
1.798,202.57278835181444,0.5063502788543701,5.471403774789156,False
1.7985,202.57277549323643,0.5063503384590149,5.4714112426631125,False
1.799,202.57277356152923,0.5063506364822388,5.471451068618554,False
1.7995,202.57278720644535,0.5063503980636597,5.47146501575457,False
1.8,202.57280079069926,0.5063501000404358,5.471445049674398,False
1.8005,202.57280190928265,0.506350040435791,5.47141714970723,False
1.801,202.57279237597365,0.5063502192497253,5.471408612367949,False
1.8015,202.57278167356415,0.5063503384590149,5.471414806460767,False
1.802,202.57277985704766,0.506350576877594,5.4714469726513135,False
1.8025,202.5727909234584,0.5063503980636597,5.471459671357825,False
1.803,202.57280149226,0.5063501000404358,5.471439154896112,False
1.8035,202.57279954853618,0.506350040435791,5.4714114628412025,False
1.804,202.57278852034267,0.5063502788543701,5.471409804727164,False
1.8045,202.57277872552234,0.5063503384590149,5.471416847397774,False
1.805,202.57277695545446,0.5063505172729492,5.471443640184572,False
1.8055,202.5727865465898,0.5063503980636597,5.471457247410728,False
1.806,202.57279988930318,0.5063502788543701,5.471455785813613,False
1.8065,202.5728065560528,0.506350040435791,5.471427416918527,False
1.807,202.57279822998453,0.506350040435791,5.471399259486421,False
1.8075,202.5727810772223,0.5063502788543701,5.471398696319293,False
1.808,202.57277231033765,0.5063506364822388,5.471437983727407,False
1.8085,202.5727818230677,0.5063505172729492,5.471464966251529,False
1.809,202.57279947091533,0.5063502788543701,5.471464144899324,False
1.8095,202.57280921172512,0.5063499808311462,5.471429392754359,False
1.81,202.5728016877807,0.506350040435791,5.471400472349491,False
1.8105,202.57278488558714,0.5063502788543701,5.471399002530332,False
1.811,202.57277475572934,0.506350576877594,5.4714314068975485,False
1.8115,202.57278194653003,0.506350576877594,5.471464172819339,False
1.812,202.57279917994111,0.5063502788543701,5.47146337248919,False
1.8125,202.5728073254866,0.5063499212265015,5.471422789243821,False
1.813,202.57279780211098,0.5063501000404358,5.471400692760957,False
1.8135000000000001,202.5727814138918,0.5063502788543701,5.471400140746239,False
1.814,202.57277335791593,0.5063506364822388,5.471439255240961,False
1.8145,202.5727834381615,0.5063505172729492,5.471465905394125,False
1.815,202.57280143989323,0.5063502788543701,5.471464636777491,False
1.8155000000000001,202.57281127890644,0.5063499808311462,5.471429381039719,False
1.816,202.5728011411535,0.5063499212265015,5.471388065282445,False
1.8165,202.5727792742624,0.5063503384590149,5.471393468456421,False
1.817,202.5727679797113,0.5063506364822388,5.471433521857461,False
1.8175000000000001,202.57277799918228,0.5063506364822388,5.471473728027444,False
1.818,202.572800414525,0.5063502788543701,5.47147326461487,False
1.8185,202.57281351183073,0.5063499212265015,5.471431754044595,False
1.819,202.57280441166435,0.5063499212265015,5.471389751354272,False
1.8195000000000001,202.5727819276191,0.5063502788543701,5.471388312423304,False
1.82,202.57276779626736,0.5063506364822388,5.471428058511138,False
1.8205,202.57277504224857,0.5063506364822388,5.4714686573054045,False
1.821,202.57279509964803,0.5063502788543701,5.471469226607379,False
1.8215000000000001,202.5728089963496,0.506350040435791,5.471441148683767,False
1.822,202.57280626398475,0.5063499808311462,5.471405579580244,False
1.8225,202.57279048900267,0.5063502192497253,5.4713967362082965,False
1.823,202.57277509679938,0.5063503980636597,5.471410090859344,False
1.8235000000000001,202.57277260813484,0.5063506364822388,5.47145008538869,False
1.824,202.57278582532672,0.5063503980636597,5.4714643239122305,False
1.8245,202.57280283486043,0.5063502788543701,5.471462583719258,False
1.825,202.57281151803787,0.5063499808311462,5.471427124448676,False
1.8255000000000001,202.57280021028106,0.5063499212265015,5.471385895341748,False
1.826,202.57277730838734,0.5063503384590149,5.471391660229229,False
1.8265,202.57276524371258,0.5063506364822388,5.471432300477929,False
1.827,202.57277485226177,0.5063506364822388,5.471473240739847,False
1.8275000000000001,202.57279848685468,0.5063503384590149,5.471479513295421,False
1.828,202.57281492219025,0.5063499212265015,5.471438066277637,False
1.8285,202.5728089334683,0.5063499212265015,5.4713953225504595,False
1.829,202.57278894131258,0.5063502788543701,5.471392443677858,False
1.8295000000000001,202.57277270260997,0.5063504576683044,5.471412393588135,False
1.83,202.57277157471069,0.5063506364822388,5.4714528153534845,False
1.8305,202.5727874887913,0.5063504576683044,5.471473077680183,False
1.831,202.5728039411038,0.506350040435791,5.4714465792614835,False
1.8315000000000001,202.57280437200643,0.5063499808311462,5.471411875978092,False
1.832,202.57279195663088,0.5063502192497253,5.471403084554141,False
1.8325,202.5727784661393,0.5063503384590149,5.471409731959277,False
1.833,202.57277430918904,0.506350576877594,5.471442991178031,False
1.8335000000000001,202.5727849982088,0.5063504576683044,5.471463224623358,False
1.834,202.57280151099957,0.5063502788543701,5.471461752940137,False
1.8345,202.57281109670035,0.506350040435791,5.471432614347374,False
1.835,202.572803846628,0.5063499808311462,5.471397086132767,False
1.8355000000000001,202.57278514906918,0.5063502788543701,5.471395314657949,False
1.836,202.57277311699465,0.506350576877594,5.471427891169223,False
1.8365,202.5727786410185,0.506350576877594,5.471461274443454,False
1.837,202.57279587570488,0.5063503384590149,5.47146740197308,False
1.8375000000000001,202.57280755743886,0.5063499808311462,5.471433304196612,False
1.838,202.57280093399712,0.5063499808311462,5.471398580754437,False
1.8385,202.57278322508824,0.5063502788543701,5.471397412417036,False
1.839,202.57277241270575,0.506350576877594,5.471430316477677,False
1.8395000000000001,202.5727792289153,0.506350576877594,5.471463713890549,False
1.84,202.57279643902586,0.5063502788543701,5.471463594589978,False
1.8405,202.57280735800532,0.506350040435791,5.471435554848422,False
1.841,202.57280312217011,0.506350040435791,5.471406685786479,False
1.8415000000000001,202.57278937914268,0.5063502788543701,5.471404475472817,False
1.842,202.57277679838015,0.5063503384590149,5.471411652258272,False
1.8425,202.57277375068978,0.506350576877594,5.471445188902985,False
1.843,202.57278438074627,0.5063503980636597,5.47145946587451,False
1.8435000000000001,202.57279902351044,0.5063502788543701,5.471458382128381,False
1.844,202.57280585852445,0.5063499808311462,5.471424105019496,False
1.8445,202.57279712036504,0.5063501000404358,5.471402276383435,False
1.845,202.5727815931046,0.5063502788543701,5.471401786811225,False
1.8455000000000001,202.57277436314303,0.5063506364822388,5.471440753287076,False
1.846,202.5727839060708,0.5063504576683044,5.471461116598826,False
1.8465,202.5727994279655,0.5063502788543701,5.471460041353182,False
1.847,202.57280707823213,0.5063499808311462,5.471425561367227,False
1.8475000000000001,202.5727977648318,0.506350040435791,5.471397397112781,False
1.848,202.5727796978685,0.5063502788543701,5.471397064342663,False
1.8485,202.5727702052828,0.5063506364822388,5.471436786690761,False
1.849,202.57278049426412,0.506350576877594,5.471470300610838,False
1.8495000000000001,202.57280096712893,0.5063502788543701,5.471469457535205,False
1.85,202.57281330266648,0.5063499808311462,5.471434007550866,False
1.8505,202.57280536860458,0.5063499212265015,5.471391911220255,False
1.851,202.57278391239865,0.5063502788543701,5.471390104966982,False
1.8515000000000001,202.5727705417011,0.5063506364822388,5.471429260674242,False
1.852,202.5727781880666,0.5063506364822388,5.471469124340102,False
1.8525,202.57279823967636,0.5063502788543701,5.471468909402632,False
1.853,202.5728105071597,0.5063499808311462,5.471434148499948,False
1.8535000000000001,202.57280408564944,0.5063499808311462,5.47139866377176,False
1.854,202.57278617454952,0.5063502788543701,5.471396734300915,False
1.8545,202.5727747872896,0.506350576877594,5.471428974288318,False
1.855,202.57278073437936,0.506350576877594,5.471461887872458,False
1.8555000000000001,202.57279689593037,0.5063502788543701,5.471461524051472,False
1.856,202.57280672294343,0.506350040435791,5.471433506860847,False
1.8565,202.5728014913795,0.506350040435791,5.4714049207886015,False
1.857,202.57278697428526,0.5063502788543701,5.471403214203865,False
1.8575,202.57277393655207,0.5063503384590149,5.471411048212185,False
1.858,202.57277202641475,0.5063506364822388,5.471451259903101,False
1.8585,202.57278588805232,0.5063503980636597,5.471465562987044,False
1.859,202.57280352496895,0.5063502788543701,5.471463728682362,False
1.8595,202.57281273882654,0.5063499808311462,5.471428030845128,False
1.86,202.57280302255552,0.5063499808311462,5.471392401298168,False
1.8605,202.57278199845751,0.5063502788543701,5.471391126406119,False
1.861,202.57276929747044,0.5063506364822388,5.471430675937747,False
1.8615,202.57277653882335,0.506350576877594,5.471464797514376,False
1.862,202.5727945106004,0.5063502788543701,5.471465254208342,False
1.8625,202.57280520234067,0.5063499808311462,5.4714316208691365,False
1.863,202.5727991264213,0.506350040435791,5.4714035198215605,False
1.8635,202.57278407797804,0.5063502788543701,5.471402469805566,False
1.864,202.57277577999645,0.506350576877594,5.471434846599245,False
1.8645,202.5727834227501,0.5063505172729492,5.471461197211309,False
1.865,202.5727990232812,0.5063502788543701,5.471460232732555,False
1.8655,202.5728068026025,0.5063499808311462,5.471425837586445,False
1.866,202.57279765153322,0.506350040435791,5.471397721807793,False
1.8665,202.57277975904015,0.5063502788543701,5.471397395489498,False
1.867,202.57277043067864,0.5063506364822388,5.471437082035949,False
1.8675,202.57278085287314,0.506350576877594,5.471470523054402,False
1.868,202.57280141141584,0.5063502788543701,5.4714695797816715,False
1.8685,202.57281377485654,0.5063499808311462,5.471434015446565,False
1.869,202.57280580818406,0.5063499212265015,5.471391805370413,False
1.8695,202.57278426385818,0.5063502788543701,5.471389900450826,False
1.87,202.57277076153304,0.5063506364822388,5.471428984921086,False
1.8705,202.57277825013512,0.5063506364822388,5.471468813462951,False
1.871,202.57279813830058,0.5063502788543701,5.4714686034779865,False
1.8715,202.57281025754904,0.5063499808311462,5.47143388640937,False
1.872,202.57280372167287,0.5063499808311462,5.471398478268102,False
1.8725,202.5727857441606,0.5063502788543701,5.471396647924367,False
1.873,202.57277434622205,0.506350576877594,5.471428996640411,False
1.8735,202.57278033894167,0.506350576877594,5.471462014575887,False
1.874,202.57279659582818,0.5063502788543701,5.471461737504314,False
1.8745,202.5728065550441,0.506350040435791,5.471433778663839,False
1.875,202.5728014751985,0.506350040435791,5.471405215513078,False
1.8755,202.57278710974586,0.5063502788543701,5.471403494001733,False
1.8760000000000001,202.57277420427124,0.5063503384590149,5.471411277668955,False
1.8765,202.57277116673194,0.506350576877594,5.471445460341496,False
1.877,202.57278335950383,0.5063504576683044,5.471466289853359,False
1.8775,202.572801563513,0.5063502788543701,5.471465015567194,False
1.8780000000000001,202.57281158621527,0.5063499808311462,5.471429706011022,False
1.8785,202.57280159043665,0.5063499212265015,5.471388295816922,False
1.879,202.57277980631608,0.5063503384590149,5.471393576531847,False
1.8795,202.57276852562705,0.5063506364822388,5.471433495438158,False
1.8800000000000001,202.57277848925725,0.5063506364822388,5.471473572371452,False
1.8805,202.57280078714783,0.5063502788543701,5.471473001360892,False
1.881,202.57281372121201,0.5063499212265015,5.471431418226331,False
1.8815,202.57280443344405,0.5063499212265015,5.471389386751223,False
1.8820000000000001,202.57278176166656,0.5063502788543701,5.471387965863307,False
1.8825,202.57276746635628,0.5063506364822388,5.4714277738651065,False
1.883,202.57277459269343,0.5063506364822388,5.4714684699433,False
1.8835,202.57279458937265,0.5063502788543701,5.4714691590146085,False
1.8840000000000001,202.57280849117896,0.506350040435791,5.471441207779657,False
1.8845,202.57280582816688,0.5063499808311462,5.471405756056228,False
1.885,202.57279017705056,0.5063502192497253,5.471397005941635,False
1.8855,202.57277494668713,0.5063503980636597,5.471410418193269,False
1.8860000000000001,202.57277263669573,0.5063506364822388,5.471450427834788,False
1.8865,202.57278725011756,0.5063504576683044,5.471470587828011,False
1.887,202.57280367418875,0.5063501000404358,5.471450255704946,False
1.8875,202.572806001745,0.5063499808311462,5.471415381829642,False
1.8880000000000001,202.57279402509195,0.5063501596450806,5.471400025668596,False
1.8885,202.57277881327272,0.5063503384590149,5.4714063722068165,False
1.889,202.5727741387524,0.5063506364822388,5.471445712741261,False
1.8895,202.5727862297009,0.5063504576683044,5.471465813390866,False
1.8900000000000001,202.57280396787846,0.5063502788543701,5.471463881172358,False
1.8905,202.5728132251782,0.5063499808311462,5.471428067384758,False
1.891,202.5728034898136,0.5063499808311462,5.471392318868144,False
1.8915,202.57278238739818,0.5063502788543701,5.471390937177355,False
1.8920000000000001,202.57276955967555,0.5063506364822388,5.471430405507672,False
1.8925,202.57277664269327,0.506350576877594,5.47146448145861,False
1.893,202.57279444514003,0.5063502788543701,5.471464933410644,False
1.8935,202.57280497826946,0.5063499808311462,5.471431336241276,False
1.8940000000000001,202.57279877450262,0.506350040435791,5.4714033070938415,False
1.8945,202.57278364482,0.5063502788543701,5.471402355050461,False
1.895,202.5727753218943,0.506350576877594,5.471434843047774,False
1.8955,202.57278299838205,0.5063505172729492,5.471461303749434,False
1.8960000000000001,202.57279990991395,0.5063503384590149,5.471466384416994,False
1.8965,202.57280953568406,0.5063499212265015,5.471425433908344,False
1.897,202.5728011902752,0.5063501000404358,5.471402638607781,False
1.8975,202.57278553203992,0.5063502788543701,5.471401149866643,False
1.8980000000000001,202.57277522400753,0.5063505172729492,5.471427312001795,False
1.8985,202.57277784159174,0.5063504576683044,5.471448326583435,False
1.899,202.57278975524798,0.5063503980636597,5.471461422242686,False
1.8995,202.572801308103,0.5063501000404358,5.471441074214968,False
1.9000000000000001,202.57280035802046,0.506350040435791,5.471413303847954,False
1.9005,202.5727889826935,0.5063502192497253,5.4714053839504215,False
1.901,202.5727768962529,0.5063503384590149,5.471412597840737,False
1.9015,202.57277432346055,0.506350576877594,5.47144605067331,False
1.9020000000000001,202.5727865725098,0.5063504576683044,5.471466085461487,False
1.9025,202.5728031992038,0.5063502192497253,5.471458103496181,False
1.903,202.57280956803106,0.5063499808311462,5.471422842743443,False
1.9035,202.57279989794455,0.5063501000404358,5.471400205034706,False
1.9040000000000001,202.57278309823275,0.5063502788543701,5.4713991815159,False
1.9045,202.57277442210486,0.5063506364822388,5.471437953279699,False
1.905,202.57278375543692,0.5063505172729492,5.471464431298544,False
1.9055,202.57280098037802,0.5063502788543701,5.471463180658281,False
1.9060000000000001,202.5728101120477,0.5063499808311462,5.471428128041488,False
1.9065,202.5728018729106,0.506350040435791,5.471399072424084,False
1.907,202.5727843420263,0.5063502788543701,5.47139764753971,False
1.9075,202.572773562949,0.506350576877594,5.47143026873028,False
1.9080000000000001,202.57278026554235,0.506350576877594,5.47146339333643,False
1.9085,202.57279845536016,0.5063503384590149,5.471468996057111,False
1.909,202.5728107503239,0.5063499808311462,5.471434177898997,False
1.9095,202.5728031012323,0.5063499212265015,5.471392682806588,False
1.9100000000000001,202.5727822146718,0.5063502788543701,5.471391371082301,False
1.9105,202.57276962175595,0.5063506364822388,5.471430853147575,False
1.911,202.57277692836905,0.506350576877594,5.471464885645188,False
1.9115,202.57279491488904,0.5063502788543701,5.471465243293621,False
1.9120000000000001,202.5728055696893,0.5063499808311462,5.4714315136935046,False
1.9125,202.57279941057814,0.506350040435791,5.471403331386742,False
1.913,202.57278424393516,0.5063502788543701,5.47140222524819,False
1.9135,202.5727758082885,0.506350576877594,5.471434577847553,False
1.9140000000000001,202.57278331171366,0.5063505172729492,5.471460938824322,False
1.9145,202.5727987890161,0.5063502788543701,5.471460017462929,False
1.915,202.57280647667162,0.5063499808311462,5.471425692235754,False
1.9155,202.5727972767262,0.506350040435791,5.471397663897803,False
1.9160000000000001,202.57277938376697,0.5063502788543701,5.471397431161917,False
1.9165,202.57277010272682,0.5063506364822388,5.471437205430762,False
1.917,202.57278061333207,0.506350576877594,5.471470717225109,False
1.9175,202.57280128953937,0.5063502788543701,5.4714698190090685,False
1.9180000000000001,202.5728137845052,0.5063499808311462,5.47143426863689,False
1.9185,202.57280594627693,0.5063499212265015,5.471392040089993,False
1.919,202.57278451100376,0.5063502788543701,5.47139008707459,False
1.9195,202.57277108472795,0.5063506364822388,5.471429100364974,False
1.92,202.57277860715814,0.5063506364822388,5.471468844030836,False
1.9205,202.5727984832181,0.5063502788543701,5.471468546473237,False
1.921,202.57281054661547,0.5063499808311462,5.471433750323366,False
1.9215,202.57280391887,0.5063499808311462,5.471398281541565,False
1.922,202.57278582567463,0.5063502788543701,5.471396416459252,False
1.9225,202.57277430330376,0.506350576877594,5.471428760396838,False
1.923,202.5727789550978,0.5063505172729492,5.4714558535289575,False
1.9235,202.57279217562862,0.5063502788543701,5.4714563014868105,False
1.924,202.57280092775815,0.5063501000404358,5.471435699767633,False
1.9245,202.57279848853597,0.5063501000404358,5.471414313745973,False
1.925,202.57278777358155,0.5063502192497253,5.471406777747855,False
1.9255,202.57277649216024,0.5063503384590149,5.471414192667955,False
1.926,202.57277598820988,0.5063506364822388,5.47145359081202,False
1.9265,202.57279073180223,0.5063503980636597,5.471466795028602,False
1.927,202.5728037266882,0.506350040435791,5.471439919777208,False
1.9275,202.57280199987278,0.506350040435791,5.471411643047605,False
1.928,202.57279087342073,0.5063502788543701,5.471409385549404,False
1.9285,202.57277945841145,0.5063502788543701,5.471409940477417,False
1.929,202.57277410715312,0.5063505172729492,5.471436998250141,False
1.9295,202.5727829776108,0.5063505172729492,5.471463612744298,False
1.93,202.57279984523174,0.5063502788543701,5.4714626008780884,False
1.9305,202.57280876914413,0.5063499808311462,5.471427857492002,False
1.931,202.57280049615866,0.506350040435791,5.471399141197224,False
1.9315,202.5727831071952,0.5063502788543701,5.471398042099788,False
1.932,202.57277384897404,0.5063506364822388,5.471436884423318,False
1.9325,202.57278268138379,0.5063505172729492,5.471463568098089,False
1.933,202.57279954920918,0.5063502788543701,5.471462630122662,False
1.9335,202.5728085110137,0.5063499808311462,5.471427955863198,False
1.934,202.5728003082527,0.506350040435791,5.4713992951964885,False
1.9345,202.57278301244935,0.5063502788543701,5.471398231335949,False
1.935,202.5727738581395,0.5063506364822388,5.471437084305957,False
1.9355,202.57278279183015,0.5063505172729492,5.471463753027603,False
1.936,202.5727997454476,0.5063502788543701,5.4714627767638495,False
1.9365,202.5728087668502,0.5063499808311462,5.471428046084461,False
1.937,202.57280059027389,0.506350040435791,5.471399318305216,False
1.9375,202.57278328437863,0.5063502788543701,5.471398185335139,False
1.938,202.57277286178436,0.506350576877594,5.471431025854703,False
1.9385000000000001,202.57278000511423,0.506350576877594,5.471464270301441,False
1.939,202.57279743891002,0.5063502788543701,5.471463929345118,False
1.9395,202.57280845111592,0.506350040435791,5.471435628447476,False
1.94,202.57280416801575,0.506350040435791,5.471406492536768,False
1.9405000000000001,202.5727902452287,0.5063502788543701,5.471404043737991,False
1.941,202.5727773769657,0.5063503384590149,5.471411040367052,False
1.9415,202.57277519586788,0.5063506364822388,5.471450427471931,False
1.942,202.57278838681682,0.5063503980636597,5.471464023570783,False
1.9425000000000001,202.57280137320842,0.5063501000404358,5.4714438377253245,False
1.943,202.57280182818295,0.506350040435791,5.471415875397349,False
1.9435,202.57279165093766,0.5063502192497253,5.47140743882475,False
1.944,202.5727804059752,0.5063503384590149,5.471413881684154,False
1.9445000000000001,202.57277821594067,0.506350576877594,5.471446410882804,False
1.945,202.57278912304466,0.5063503980636597,5.471459539010907,False
1.9455,202.57280098772878,0.5063501596450806,5.471445412945725,False
1.946,202.57280350009924,0.5063501000404358,5.471423392717161,False
1.9465000000000001,202.57279580519534,0.5063501596450806,5.471408125309569,False
1.947,202.57278336445697,0.5063502788543701,5.471407577908322,False
1.9475,202.572776504587,0.5063505172729492,5.471433849687212,False
1.948,202.57278235872207,0.5063504576683044,5.471454139970599,False
1.9485000000000001,202.5727956645002,0.5063503384590149,5.471459831182742,False
1.949,202.5728059469743,0.5063501000404358,5.471438167515137,False
1.9495,202.57280315376707,0.506350040435791,5.471409470128287,False
1.95,202.57278960531187,0.5063502192497253,5.471401124388911,False
1.9505000000000001,202.57277529707665,0.5063503384590149,5.471408460775681,False
1.951,202.5727719611061,0.5063506364822388,5.471448511294044,False
1.9515,202.57278687272614,0.5063505172729492,5.4714749057797105,False
1.952,202.57280430564808,0.506350040435791,5.471448438451045,False
1.9525000000000001,202.5728056569343,0.5063499808311462,5.471413529101764,False
1.953,202.57279276166392,0.5063501596450806,5.4713983738616,False
1.9535,202.5727768050293,0.5063503384590149,5.471405128804007,False
1.954,202.5727716518798,0.5063506364822388,5.47144503030406,False
1.9545000000000001,202.5727835875761,0.5063504576683044,5.471465770908609,False
1.955,202.57280150909145,0.5063502788543701,5.4714644750409445,False
1.9555,202.57281126020754,0.5063499808311462,5.471429213028756,False
1.956,202.5728010381762,0.5063499212265015,5.47138791247715,False
1.9565000000000001,202.5727791013052,0.5063503384590149,5.471393350098272,False
1.957,202.57276775978136,0.5063506364822388,5.471433452530979,False
1.9575,202.57277776094324,0.5063506364822388,5.471473715868889,False
1.958,202.572800188568,0.5063502788543701,5.471473310367177,False
1.9585000000000001,202.57281332675242,0.5063499212265015,5.471431851066831,False
1.959,202.57280429045372,0.5063499212265015,5.4713898865711545,False
1.9595,202.5727818848095,0.5063502788543701,5.471388468080625,False
1.96,202.57276783620517,0.5063506364822388,5.471428214502242,False
1.9605000000000001,202.57277515868336,0.5063506364822388,5.471468793764345,False
1.961,202.5727952766776,0.5063502788543701,5.471469326434868,False
1.9615,202.57280921058057,0.506350040435791,5.471441199685363,False
1.962,202.5728064876165,0.5063499808311462,5.471405575949951,False
1.9625000000000001,202.57279069342943,0.5063502192497253,5.471396679177809,False
1.963,202.57277525626338,0.5063503980636597,5.471409988442074,False
1.9635,202.57277270296595,0.5063506364822388,5.471449951263965,False
1.964,202.572785844361,0.5063503980636597,5.471464175603773,False
1.9645000000000001,202.57280277674192,0.5063502788543701,5.471462440309921,False
1.965,202.57281139125297,0.5063499808311462,5.471427004128798,False
1.9655,202.57280003193955,0.5063499212265015,5.4713858131056625,False
1.966,202.57277710192236,0.5063503384590149,5.471391626011089,False
1.9665000000000001,202.572765035808,0.5063506364822388,5.471432317958171,False
1.967,202.57277466940891,0.5063506364822388,5.4714733069647155,False
1.9675,202.57279835198213,0.5063503384590149,5.471479619146456,False
1.968,202.57281485179462,0.5063499212265015,5.4714381977194675,False
1.9685000000000001,202.57280893560457,0.5063499212265015,5.471395462487053,False
1.969,202.57278901468715,0.5063502788543701,5.471392574172393,False
1.9695,202.57277161316378,0.5063503980636597,5.471406547987448,False
1.97,202.57276758702668,0.5063506364822388,5.4714476040489455,False
1.9705000000000001,202.57278237512122,0.5063505172729492,5.471475105428769,False
1.971,202.57280393003742,0.5063502192497253,5.471467554501507,False
1.9715,202.57281384091453,0.5063499212265015,5.471425565211353,False
1.972,202.57280278101274,0.5063499808311462,5.471389828698124,False
1.9725000000000001,202.5727804629628,0.5063502788543701,5.471388775897939,False
1.973,202.57276668175277,0.5063506364822388,5.471428843666954,False
1.9735,202.57277441484743,0.5063506364822388,5.471469659643428,False
1.974,202.572796256092,0.5063503384590149,5.471476265620016,False
1.9745000000000001,202.57281120736369,0.5063499212265015,5.471435560832054,False
1.975,202.5728042284638,0.5063499212265015,5.471393867882498,False
1.9755,202.57278385913278,0.5063502788543701,5.471392210200275,False
1.976,202.57277156678353,0.5063506364822388,5.47143124434142,False
1.9765000000000001,202.57277892208336,0.506350576877594,5.471464785415596,False
1.977,202.57279670275864,0.5063502788543701,5.4714646713231865,False
1.9775,202.57280692697591,0.5063499808311462,5.471430549451193,False
1.978,202.5728013942458,0.5063501000404358,5.471408053339862,False
1.9785000000000001,202.5727884831036,0.5063502788543701,5.471406170153359,False
1.979,202.57277683659618,0.5063503384590149,5.471413453686643,False
1.9795,202.5727747051364,0.506350576877594,5.47144686621243,False
1.98,202.57278734070633,0.5063504576683044,5.471466757424618,False
1.9805000000000001,202.5728018032468,0.5063501000404358,5.471446648004935,False
1.981,202.57280365882596,0.506350040435791,5.471418403212492,False
1.9815,202.5727934056616,0.5063501596450806,5.471403416132643,False
1.982,202.57277874821054,0.5063502788543701,5.471403744697951,False
1.9825000000000002,202.57277151431606,0.506350576877594,5.471437318332712,False
1.983,202.57278074928917,0.5063505172729492,5.471464534220898,False
1.9835,202.57279826000843,0.5063502788543701,5.471463997953564,False
1.984,202.57280801979766,0.5063499808311462,5.471429545588026,False
1.9845,202.5728006663255,0.506350040435791,5.471400901281093,False
1.985,202.572784162258,0.5063502788543701,5.471399649058189,False
1.9855,202.57277441842365,0.506350576877594,5.47143218563898,False
1.986,202.5727808090476,0.5063505172729492,5.471459032589055,False
1.9865,202.57279673157848,0.5063503384590149,5.4714647832362,False
1.987,202.57280701066418,0.5063499808311462,5.471430647311094,False
1.9875,202.57280152137432,0.5063501000404358,5.471408124884748,False
1.988,202.57278863687412,0.5063502788543701,5.471406206644545,False
1.9885,202.57277699705494,0.5063503384590149,5.47141345097166,False
1.989,202.57277485175908,0.506350576877594,5.4714468251891635,False
1.9895,202.57278623130935,0.5063503980636597,5.471460733684197,False
1.99,202.57280137739195,0.5063502788543701,5.471459125229774,False
1.9905,202.5728084089321,0.5063499808311462,5.471424236188385,False
1.991,202.57279831609063,0.506350040435791,5.471395837365858,False
1.9915,202.57277941047647,0.5063502788543701,5.471395471923346,False
1.992,202.57276912764385,0.5063506364822388,5.471435364810796,False
1.9925,202.57277755100657,0.5063505172729492,5.4714632777348795,False
1.993,202.57279466876122,0.5063502788543701,5.471463588666178,False
1.9935,202.57280572208126,0.506350040435791,5.4714359738514196,False
1.994,202.5728018269856,0.506350040435791,5.47140747038267,False
1.9945,202.57278858480547,0.5063502788543701,5.47140552061568,False
1.995,202.57277659897355,0.5063503384590149,5.471412821207364,False
1.9955,202.57277416322344,0.506350576877594,5.4714463310804415,False
1.996,202.57278779149627,0.5063505172729492,5.471472336575127,False
1.9965,202.57280506587503,0.5063501000404358,5.471451763025072,False
1.997,202.5728092782818,0.506350040435791,5.471422409378314,False
1.9975,202.57279940954942,0.5063501000404358,5.471399868812097,False
1.998,202.57278247617361,0.5063502788543701,5.471398983876512,False
1.9985,202.572772523755,0.506350576877594,5.471431967264369,False
1.999,202.57278017367733,0.506350576877594,5.471465232704155,False
1.9995,202.57279808546897,0.5063502788543701,5.471464789909146,False
2.0,202.57280826290489,0.5063499808311462,5.471430328865156,False
