time_s,output_voltage_V,duty_cycle,inductor_current_A,bound_hit
0.0005,200.65862235357784,0.5419391989707947,12.156962854244554,False
0.001,202.65000864466901,0.4935888350009918,11.083839822678087,False
0.0015,203.67617103350207,0.4798966944217682,8.215997577493923,False
0.002,203.42061347125403,0.4972797930240631,7.038951709018889,False
0.0025,202.90985580147085,0.5146657228469849,7.745033831746875,False
0.003,202.82711279133946,0.5165697932243347,8.71880115983197,False
0.0035,203.08128876010167,0.5072494149208069,8.71575621749621,False
0.004,203.2359901324299,0.5028578639030457,8.210783537599255,False
0.0045000000000000005,203.1809617879207,0.5062945485115051,8.046462333324746,False
0.005,203.1029457436464,0.5094326734542847,8.220959216601546,False
0.0055,203.1087203388344,0.5088088512420654,8.340342441878427,False
0.006,203.14697137005246,0.5072400569915771,8.293184132322212,False
0.006500000000000001,203.15547432295128,0.5070928931236267,8.22510489559144,False
0.007,203.14065915564316,0.5077692270278931,8.227269728842248,False
0.0075,203.13272382325366,0.508026659488678,8.258692706379884,False
0.008,203.1372548187415,0.5077922940254211,8.26647088015658,False
0.0085,203.14214014652876,0.5076100826263428,8.254368973024187,False
0.009000000000000001,203.14145452850667,0.5076655149459839,8.247438558144207,False
0.0095,203.13904564688488,0.5077638626098633,8.250991832409474,False
0.01,203.13868369332073,0.5077663064002991,8.255139800626191,False
0.0105,203.13967820462125,0.5077221989631653,8.254679761440503,False
0.011,203.1401196140762,0.5077087879180908,8.25266434273985,False
0.0115,203.13979083411644,0.507725179195404,8.252318232930921,False
0.012,203.13950007277197,0.5077357292175293,8.253132406354208,False
0.0125,203.1395688387135,0.5077313184738159,8.25352116484366,False
0.013000000000000001,203.13972077518912,0.507725179195404,8.253252078759362,False
0.0135,203.1397308607227,0.5077255964279175,8.25300573811299,False
0.014,203.1396645533657,0.5077283978462219,8.253054061723102,False
0.0145,203.1396388199927,0.5077289938926697,8.253175016997405,False
0.015,203.13965872426027,0.5077279806137085,8.253192638727961,False
0.0155,203.13967538939767,0.5077273845672607,8.253144513265482,False
0.016,203.1396715040297,0.5077276825904846,8.253125406577281,False
0.0165,203.1396635081221,0.5077279806137085,8.253138379392464,False
0.017,203.13966276171922,0.5077279806137085,8.253152436602154,False
0.0175,203.13966710540365,0.507727861404419,8.253153804203162,False
0.018000000000000002,203.1396707276136,0.5077278017997742,8.253148061195846,False
0.0185,203.13967113357967,0.5077278017997742,8.253141818479186,False
0.019,203.13967044076833,0.5077279210090637,8.25314785176111,False
0.0195,203.13967181509045,0.507727861404419,8.253147679429247,False
0.02,203.13967193620724,0.5077278017997742,8.253141201696092,False
0.0205,203.13967086327233,0.5077279210090637,8.253147082731214,False
0.021,203.13967181216404,0.507727861404419,8.253146858389352,False
0.021500000000000002,203.13967151717566,0.5077278017997742,8.253140433335195,False
0.022,203.13966903927601,0.507727861404419,8.253140474128656,False
0.0225,203.13966889097432,0.5077279806137085,8.253153080434377,False
0.023,203.139671996325,0.5077278017997742,8.253146957681205,False
0.0235,203.13967173623394,0.5077278017997742,8.253140482448178,False
0.024,203.13966926485747,0.507727861404419,8.253140467922345,False
0.0245,203.13966909447913,0.5077279806137085,8.25315302085642,False
0.025,203.13967215254084,0.5077278017997742,8.253146853372337,False
0.025500000000000002,203.13967182644586,0.5077278017997742,8.253140347511154,False
0.026000000000000002,203.13966927907256,0.507727861404419,8.253140320027512,False
0.0265,203.1396690325036,0.5077279806137085,8.253152878937092,False
0.027,203.13967202379837,0.5077278017997742,8.253146735209302,False
0.0275,203.13967164858602,0.5077278017997742,8.253140267513434,False
0.028,203.13966907557077,0.507727861404419,8.253140287485307,False
0.0285,203.13966882957632,0.5077279806137085,8.25315289695734,False
0.029,203.13967184703765,0.5077278017997742,8.253146800453893,False
0.029500000000000002,203.13967151974367,0.5077278017997742,8.253140370756036,False
0.03,203.1396690098946,0.507727861404419,8.253140414899434,False
0.0305,203.13966883402318,0.5077279806137085,8.253153031957762,False
0.031,203.13967191957033,0.5077278017997742,8.253146925847334,False
0.0315,203.13967164977706,0.5077278017997742,8.253140470923308,False
0.032,203.13966917981128,0.507727861404419,8.253140477733067,False
0.0325,203.1396690215445,0.5077279806137085,8.253153050315731,False
0.033,203.1396721006653,0.5077278017997742,8.25314689834961,False
0.0335,203.13967180173142,0.5077278017997742,8.25314040200474,False
0.034,203.1396692840658,0.507727861404419,8.2531403769614,False
0.0345,203.1396690659491,0.5077279806137085,8.253152931076313,False
0.035,203.13967208087723,0.5077278017997742,8.25314677607616,False
0.035500000000000004,203.13967172159883,0.5077278017997742,8.253140292188887,False
0.036000000000000004,203.13966915496965,0.507727861404419,8.253140293196807,False
0.0365,203.13966890520885,0.5077279806137085,8.253152883383482,False
0.037,203.1396719094402,0.5077278017997742,8.253146769713336,False
0.0375,203.13967156132122,0.5077278017997742,8.253140327088826,False
0.038,203.13966902583945,0.507727861404419,8.253140364087374,False
0.0385,203.1396688228632,0.5077279806137085,8.25315298056244,False
0.039,203.13967188328417,0.5077278017997742,8.25314688036579,False
0.0395,203.13967159347203,0.5077278017997742,8.253140436969653,False
0.04,203.13966911101306,0.507727861404419,8.2531404593487,False
0.0405,203.13966894919668,0.5077279806137085,8.253153049492521,False
0.041,203.139672033971,0.5077278017997742,8.253146914821748,False
0.0415,203.13967174898684,0.5077278017997742,8.25314043332976,False
0.042,203.13966925163217,0.507727861404419,8.253140418874205,False
0.0425,203.13966905749118,0.5077279806137085,8.253152978065705,False
0.043000000000000003,203.1396720969574,0.5077278017997742,8.25314682210642,False
0.043500000000000004,203.1396717596717,0.5077278017997742,8.253140331472368,False
0.044,203.13966920976839,0.507727861404419,8.253140320918975,False
0.0445,203.13966896946715,0.5077279806137085,8.253152896289905,False
0.045,203.13967197485124,0.5077278017997742,8.25314676648744,False
0.0455,203.13967161960747,0.5077278017997742,8.253140308477242,False
0.046,203.1396690697967,0.507727861404419,8.253140332762307,False
0.0465,203.1396688472469,0.5077279806137085,8.25315294074394,False
0.047,203.1396718854297,0.5077278017997742,8.253146837256718,False
0.0475,203.13967157357695,0.5077278017997742,8.25314039607852,False
0.048,203.13966907205153,0.507727861404419,8.253140425788203,False
0.0485,203.13966889648606,0.5077279806137085,8.253153027342794,False
0.049,203.13967197445143,0.5077278017997742,8.253146906637285,False
0.0495,203.13967169031145,0.5077278017997742,8.253140439849238,False
0.05,203.13966920118654,0.507727861404419,8.253140438965486,False
0.0505,203.13966902146694,0.5077279806137085,8.253153008908065,False
0.051000000000000004,203.13967207959635,0.5077278017997742,8.25314685958203,False
0.051500000000000004,203.1396717627714,0.5077278017997742,8.253140370713131,False
0.052000000000000005,203.13966923250703,0.507727861404419,8.25314035693656,False
0.0525,203.13966900856227,0.5077279806137085,8.253152924607678,False
0.053,203.13967202502567,0.5077278017997742,8.25314678369452,False
0.0535,203.13967167429735,0.5077278017997742,8.253140312636445,False
0.054,203.13966912200644,0.507727861404419,8.253140323623521,False
0.0545,203.13966889044116,0.5077279806137085,8.253152919740197,False
0.055,203.1396719143483,0.5077278017997742,8.253146807287939,False
0.0555,203.13967158487156,0.5077278017997742,8.253140361114733,False
0.056,203.13966906466817,0.507727861404419,8.2531403903461,False
0.0565,203.13966887174945,0.5077279806137085,8.25315299590433,False
0.057,203.139671935848,0.5077278017997742,8.253146883084922,False
0.0575,203.13967164300394,0.5077278017997742,8.253140426988674,False
0.058,203.1396691513272,0.507727861404419,8.253140438194304,False
0.0585,203.13966897540053,0.5077279806137085,8.253153020069055,False
0.059000000000000004,203.1396720430553,0.5077278017997742,8.253146881015763,False
0.059500000000000004,203.1396717401657,0.5077278017997742,8.253140399498971,False
0.06,203.13966922639565,0.507727861404419,8.253140389287706,False
0.0605,203.139669019369,0.5077279806137085,8.25315295636719,False
0.061,203.13967205103086,0.5077278017997742,8.25314681086763,False
0.0615,203.1396717118998,0.5077278017997742,8.253140331891156,False
0.062,203.13966916621763,0.507727861404419,8.253140332697091,False
0.0625,203.1396689355436,0.5077279806137085,8.25315291770212,False
0.063,203.13967195463252,0.5077278017997742,8.253146794629274,False
0.0635,203.13967161535618,0.5077278017997742,8.25314033965625,False
0.064,203.1396690817131,0.507727861404419,8.25314036298056,False
0.0645,203.13966887348698,0.5077279806137085,8.253152966208903,False
0.065,203.13967192238118,0.5077278017997742,8.25314685485544,False
0.0655,203.139671616352,0.5077278017997742,8.2531404037561,False
0.066,203.13966911513046,0.507727861404419,8.253140422784796,False
0.0665,203.13966893442696,0.5077279806137085,8.253153014262207,False
0.067,203.1396720025753,0.5077278017997742,8.253146885342108,False
0.0675,203.1396717052765,0.5077278017997742,8.253140413199315,False
0.068,203.13966920138162,0.507727861404419,8.253140410436071,False
0.0685,203.13966900717836,0.5077279806137085,8.253152982138399,False
0.069,203.1396720529318,0.5077278017997742,8.253146837912713,False
0.0695,203.13967172735585,0.5077278017997742,8.253140356770903,False
0.07,203.1396691929932,0.507727861404419,8.253140352317905,False
0.07050000000000001,203.13966897002206,0.5077279806137085,8.253152929699075,False
0.07100000000000001,203.1396719923014,0.5077278017997742,8.253146797649162,False
0.07150000000000001,203.13967165139547,0.5077278017997742,8.25314033350703,False
0.07200000000000001,203.13966911160986,0.507727861404419,8.253140348631131,False
0.0725,203.13966889359838,0.5077279806137085,8.253152945642432,False
0.073,203.13967193037564,0.5077278017997742,8.253146830797773,False
0.0735,203.13967161147593,0.5077278017997742,8.25314037931619,False
0.074,203.13966909827005,0.507727861404419,8.253140401054363,False
0.0745,203.13966890796186,0.5077279806137085,8.253152997926039,False
0.075,203.13967197004692,0.5077278017997742,8.25314687634785,False
0.0755,203.1396716709167,0.5077278017997742,8.253140412527245,False
0.076,203.13966916956426,0.507727861404419,8.253140417995796,False
0.0765,203.13966898186453,0.5077279806137085,8.25315299680278,False
0.077,203.13967203717857,0.5077278017997742,8.253146857681894,False
0.0775,203.1396717229495,0.5077278017997742,8.253140379043057,False
0.078,203.1396692002509,0.507727861404419,8.253140374230169,False
0.0785,203.13966898778244,0.5077279806137085,8.253152948494252,False
0.079,203.13967201810243,0.5077278017997742,8.253146811021423,False
0.0795,203.13967168181253,0.5077278017997742,8.253140339883302,False
0.08,203.13966914270793,0.507727861404419,8.25314034735418,False
0.0805,203.1396689214393,0.5077279806137085,8.253152937034484,False
0.081,203.1396719515152,0.5077278017997742,8.253146816099266,False
0.0815,203.1396716233879,0.5077278017997742,8.253140360509917,False
0.082,203.13966909964574,0.507727861404419,8.253140380599682,False
0.0825,203.13966889884955,0.5077279806137085,8.253152978438496,False
0.083,203.1396719518171,0.5077278017997742,8.2531468602659,False
0.0835,203.13967164606143,0.5077278017997742,8.253140401808329,False
0.084,203.1396691413591,0.507727861404419,8.253140413879464,False
0.0845,203.13966895393875,0.5077279806137085,8.253152999669416,False
0.085,203.1396720130498,0.5077278017997742,8.253146867022815,False
0.0855,203.13967170558226,0.5077278017997742,8.253140393543385,False
0.08600000000000001,203.13966919169417,0.507727861404419,8.253140391951721,False
0.08650000000000001,203.1396689889304,0.5077279806137085,8.253152967133211,False
0.08700000000000001,203.13967202860596,0.5077278017997742,8.253146828206704,False
0.08750000000000001,203.1396717001493,0.5077278017997742,8.253140353477173,False
0.088,203.13966916639947,0.507727861404419,8.253140355717047,False
0.0885,203.13966894738363,0.5077279806137085,8.253152939221293,False
0.089,203.13967197639138,0.5077278017997742,8.253146811964104,False
0.0895,203.1396716440796,0.5077278017997742,8.253140350707627,False
0.09,203.1396691136304,0.507727861404419,8.25314036648638,False
0.0905,203.13966890450376,0.5077279806137085,8.253152961885666,False
0.091,203.1396719486029,0.5077278017997742,8.253146843413449,False
0.0915,203.13967163457107,0.5077278017997742,8.253140386788894,False
0.092,203.1396691232166,0.507727861404419,8.25314040254952,False
0.0925,203.13966893157328,0.5077279806137085,8.253152993380821,False
0.093,203.13967198937215,0.5077278017997742,8.253146866462897,False
0.0935,203.13967168360762,0.5077278017997742,8.25314039866219,False
0.094,203.13966917415928,0.507727861404419,8.253140401983833,False
0.0945,203.13966897795424,0.5077279806137085,8.253152980709391,False
0.095,203.1396720254354,0.5077278017997742,8.253146843539382,False
0.0955,203.13967170502008,0.5077278017997742,8.253140368594767,False
0.096,203.1396691785277,0.507727861404419,8.25314036871663,False
0.0965,203.1396689650862,0.5077279806137085,8.253152948507246,False
0.097,203.13967199731738,0.5077278017997742,8.253146816442955,False
0.0975,203.1396716655209,0.5077278017997742,8.253140349915457,False
0.098,203.1396691328707,0.507727861404419,8.253140360634097,False
0.0985,203.13966891916178,0.5077279806137085,8.253152951818219,False
0.099,203.13967195692567,0.5077278017997742,8.253146830489834,False
0.0995,203.13967163564186,0.5077278017997742,8.25314037269987,False
0.1,203.13966911705296,0.507727861404419,8.253140389097288,False
0.1005,203.13966891910516,0.5077279806137085,8.253152982249311,False
0.101,203.13967197230542,0.5077278017997742,8.253146859007773,False
0.1015,203.1396716641925,0.5077278017997742,8.253140395746717,False
0.10200000000000001,203.13966915489488,0.507727861404419,8.2531404038803,False
0.10250000000000001,203.1396689612681,0.5077279806137085,8.25315298707723,False
0.10300000000000001,203.13967201337857,0.5077278017997742,8.253146853481002,False
0.10350000000000001,203.1396716990164,0.5077278017997742,8.253140380780568,False
0.10400000000000001,203.1396691792072,0.507727861404419,8.253140381561835,False
0.1045,203.13966897222258,0.5077279806137085,8.253152960377237,False
0.105,203.1396720098742,0.5077278017997742,8.253146825860567,False
0.1055,203.13967168179974,0.5077278017997742,8.253140355744051,False
0.106,203.13966915073922,0.507727861404419,8.2531403622138,False
0.1065,203.13966893633201,0.5077279806137085,8.25315294903916,False
0.107,203.1396719712458,0.5077278017997742,8.253146823794404,False
0.1075,203.13967164536504,0.5077278017997742,8.253140363015312,False
0.108,203.13966912104917,0.507727861404419,8.253140377708474,False
0.1085,203.13966891699076,0.5077279806137085,8.253152970629094,False
0.109,203.13967196447584,0.5077278017997742,8.253146848627196,False
0.1095,203.13967165175592,0.5077278017997742,8.253140387889433,False
0.11,203.13966913951748,0.507727861404419,8.253140399484579,False
0.1105,203.139668944952,0.5077279806137085,8.253152986624825,False
0.111,203.1396719982022,0.5077278017997742,8.253146856945978,False
0.1115,203.1396716868706,0.5077278017997742,8.253140387643278,False
0.112,203.13966917156068,0.507727861404419,8.253140390884855,False
0.1125,203.13966896994543,0.5077279806137085,8.253152970932453,False
0.113,203.1396720131407,0.5077278017997742,8.253146836290245,False
0.1135,203.13967169008103,0.5077278017997742,8.25314036473488,False
0.114,203.13966916288484,0.507727861404419,8.253140368661668,False
0.1145,203.13966895072815,0.5077279806137085,8.253152952184042,False
0.115,203.13967198602867,0.5077278017997742,8.253146823309033,False
0.1155,203.13967165866126,0.5077278017997742,8.253140359037358,False
0.116,203.13966913121246,0.507727861404419,8.253140370813378,False
0.1165,203.13966892280467,0.5077279806137085,8.253152961748249,False
0.117,203.13967196529842,0.5077278017997742,8.253146838922929,False
0.11750000000000001,203.13967164758841,0.5077278017997742,8.253140378603508,False
0.11800000000000001,203.13966913099077,0.507727861404419,8.253140391779839,False
0.11850000000000001,203.13966893323374,0.5077279806137085,8.253152981440122,False
0.11900000000000001,203.13967198483815,0.5077278017997742,8.253146854882434,False
0.11950000000000001,203.1396716735816,0.5077278017997742,8.253140388895527,False
0.12,203.13966916002184,0.507727861404419,8.253140395225094,False
0.1205,203.13966896157575,0.5077279806137085,8.253152977748053,False
0.121,203.13967200892955,0.5077278017997742,8.253146844669146,False
0.1215,203.1396716904722,0.5077278017997742,8.253140373586978,False
0.122,203.13966916773214,0.507727861404419,8.253140376860088,False
0.1225,203.13966895932614,0.5077279806137085,8.253152958708114,False
0.123,203.13967199721355,0.5077278017997742,8.25314682737083,False
0.1235,203.13967167096735,0.5077278017997742,8.253140360176213,False
0.124,203.1396691430634,0.507727861404419,8.253140368947124,False
0.1245,203.1396689327148,0.5077279806137085,8.253152957175615,False
0.125,203.13967197205815,0.5077278017997742,8.25314683227784,False
0.1255,203.1396716504112,0.5077278017997742,8.253140370768032,False
0.126,203.1396691296033,0.507727861404419,8.253140383767665,False
0.1265,203.13966892789972,0.5077279806137085,8.253152974265891,False
0.127,203.13967197631362,0.5077278017997742,8.253146849433719,False
0.1275,203.13967166300932,0.5077278017997742,8.253140385823503,False
0.128,203.13966914877892,0.507727861404419,8.253140394867334,False
0.1285,203.13966895109488,0.5077279806137085,8.253152980092553,False
0.129,203.13967200051712,0.5077278017997742,8.253146849363196,False
0.1295,203.13967168514597,0.5077278017997742,8.253140379988846,False
0.13,203.1396691660992,0.507727861404419,8.253140384126086,False
0.1305,203.13966896151484,0.5077279806137085,8.25315296590327,False
0.131,203.13967200286726,0.5077278017997742,8.253146833588797,False
0.1315,203.1396716792997,0.5077278017997742,8.253140364653024,False
0.132,203.13966915296672,0.507727861404419,8.253140371154588,False
0.1325,203.13966894290644,0.5077279806137085,8.253152956882996,False
0.133,203.13967198124618,0.5077278017997742,8.253146829574698,False
0.1335,203.13967165745746,0.5077278017997742,8.253140366046178,False
0.134,203.13966913366383,0.507727861404419,8.253140377665371,False
0.1345,203.13966892852503,0.5077279806137085,8.253152967582173,False
0.135,203.13967197349717,0.5077278017997742,8.253146843024126,False
0.1355,203.1396716571789,0.5077278017997742,8.253140380490985,False
0.136,203.13966914073364,0.507727861404419,8.25314039126204,False
0.1365,203.13966894189647,0.5077279806137085,8.253152978633002,False
0.137,203.13967199135038,0.5077278017997742,8.25314685018839,False
0.1375,203.13967167716697,0.5077278017997742,8.253140382946567,False
0.138,203.13966916028966,0.507727861404419,8.253140388798245,False
0.1385,203.13966895856205,0.5077279806137085,8.253152971664264,False
0.139,203.13967200308366,0.5077278017997742,8.25314683968881,False
0.1395,203.1396716825913,0.5077278017997742,8.253140370315249,False
0.14,203.13966915885342,0.507727861404419,8.253140375673814,False
0.1405,203.13966895059093,0.5077279806137085,8.253152959713073,False
0.14100000000000001,203.139671989721,0.5077278017997742,8.253146830394089,False
0.14150000000000001,203.13967166563663,0.5077278017997742,8.25314036479382,False
0.14200000000000002,203.13966914052156,0.507727861404419,8.253140374542902,False
0.14250000000000002,203.13966893322385,0.5077279806137085,8.253152963022938,False
0.14300000000000002,203.13967197548968,0.5077278017997742,8.253146837633638,False
0.14350000000000002,203.13967165627074,0.5077278017997742,8.253140374966877,False
0.14400000000000002,203.1396691371004,0.507727861404419,8.253140386304123,False
0.1445,203.13966893605397,0.5077279806137085,8.253152974854919,False
0.145,203.1396719840823,0.5077278017997742,8.253146848041991,False
0.1455,203.13967166942038,0.5077278017997742,8.253140382668317,False
0.146,203.13966915305195,0.507727861404419,8.253140390383919,False
0.1465,203.13966895273575,0.5077279806137085,8.253152974874567,False
0.147,203.13967199937417,0.5077278017997742,8.2531468440845,False
0.1475,203.13967168142216,0.5077278017997742,8.253140375316757,False
0.148,203.13966916031862,0.507727861404419,8.253140380637326,False
0.1485,203.1396689544502,0.5077279806137085,8.253152964013124,False
0.149,203.1396719954369,0.5077278017997742,8.253146833502093,False
0.1495,203.1396716724489,0.5077278017997742,8.253140366342741,False
0.15,203.1396691475477,0.507727861404419,8.253140374370128,False
0.1505,203.13966893957277,0.5077279806137085,8.253152961186512,False
0.151,203.13967198037463,0.5077278017997742,8.25314683440028,False
0.1515,203.13967165910609,0.5077278017997742,8.253140370773965,False
0.152,203.13966913757156,0.507727861404419,8.253140381700904,False
0.1525,203.13966893415125,0.5077279806137085,8.25315297043085,False
0.153,203.13967198009584,0.5077278017997742,8.2531468443515,False
0.1535,203.13967166389693,0.5077278017997742,8.25314038016161,False
0.154,203.1396691467209,0.507727861404419,8.25314038935236,False
0.1545,203.1396689464129,0.5077279806137085,8.253152975417246,False
0.155,203.13967199385718,0.5077278017997742,8.253146846099787,False
0.1555,203.13967167739008,0.5077278017997742,8.253140378519355,False
0.156,203.139669158249,0.507727861404419,8.253140384598154,False
0.1565,203.13966895456278,0.5077279806137085,8.253152968216453,False
0.157,203.1396719976716,0.5077278017997742,8.253146837412466,False
0.1575,203.13967167647914,0.5077278017997742,8.25314036947292,False
0.158,203.13966915282703,0.507727861404419,8.253140376341578,False
0.1585,203.13966894540883,0.5077279806137085,8.253152961774882,False
0.159,203.13967198601927,0.5077278017997742,8.25314683356045,False
0.1595,203.1396716638512,0.5077278017997742,8.253140368641976,False
0.16,203.13966914083738,0.507727861404419,8.25314037857295,False
0.1605,203.13966893555687,0.5077279806137085,8.253152966722554,False
0.161,203.139671979503,0.5077278017997742,8.253146840542973,False
0.1615,203.13967166142257,0.5077278017997742,8.253140376735502,False
0.162,203.13966914271677,0.507727861404419,8.253140386732897,False
0.1625,203.13966894141646,0.5077279806137085,8.253152973917958,False
0.163,203.13967198851967,0.5077278017997742,8.253146845886265,False
0.1635,203.13967167239218,0.5077278017997742,8.253140379591484,False
0.164,203.13966915421412,0.507727861404419,8.253140386793593,False
0.1645,203.13966895197973,0.5077279806137085,8.253152971234567,False
0.165,203.1396719968358,0.5077278017997742,8.253146840855138,False
0.1655,203.13967167745918,0.5077278017997742,8.253140372896839,False
0.166,203.1396691554611,0.507727861404419,8.253140379315143,False
0.1665,203.13966894932975,0.5077279806137085,8.253152963932388,False
0.167,203.13967199070524,0.5077278017997742,8.253146834646861,False
0.1675,203.13967166869477,0.5077278017997742,8.25314036854277,False
0.168,203.1396691452242,0.507727861404419,8.253140377325623,False
0.1685,203.13966893894303,0.5077279806137085,8.25315296450866,False
0.169,203.13967198148234,0.5077278017997742,8.253146837662198,False
0.1695,203.13967166177494,0.5077278017997742,8.253140373565358,False
0.17,203.13966914143202,0.507727861404419,8.253140383679476,False
0.1705,203.13966893869107,0.5077279806137085,8.253152971364063,False
0.171,203.13967198472793,0.5077278017997742,8.253146844143616,False
0.1715,203.13967166803494,0.5077278017997742,8.253140378862886,False
0.17200000000000001,203.1396691498531,0.507727861404419,8.253140387149621,False
0.17250000000000001,203.1396689481652,0.5077279806137085,8.253152972607454,False
0.17300000000000001,203.13967199403754,0.5077278017997742,8.253146843050251,False
0.17350000000000002,203.13967167600887,0.5077278017997742,8.253140375619909,False
0.17400000000000002,203.13966915551333,0.507727861404419,8.253140382211473,False
0.17450000000000002,203.13966895084636,0.5077279806137085,8.253152966632891,False
0.17500000000000002,203.139671993464,0.5077278017997742,8.25314683681493,False
0.17550000000000002,203.13967167232153,0.5077278017997742,8.253140369916052,False
0.176,203.13966914924305,0.507727861404419,8.253140377747561,False
0.1765,203.13966894283857,0.5077279806137085,8.253152963946048,False
0.177,203.1396719847657,0.5077278017997742,8.25314683620675,False
0.1775,203.1396716640447,0.5077278017997742,8.253140371419512,False
0.178,203.13966914242314,0.507727861404419,8.25314038112852,False
0.1785,203.13966893830542,0.5077279806137085,8.253152968738393,False
0.179,203.1396719830431,0.5077278017997742,8.253146841776115,False
0.1795,203.13967166529096,0.5077278017997742,8.253140377046826,False
0.18,203.1396691464185,0.507727861404419,8.253140386102519,False
0.1805,203.13966894448785,0.5077279806137085,8.253152972445234,False
0.181,203.13967199058652,0.5077278017997742,8.253146843774754,False
0.1815,203.13967167321485,0.5077278017997742,8.25314037712105,False
0.182,203.139669153715,0.507727861404419,8.25314038428349,False
0.1825,203.13966895024964,0.5077279806137085,8.253152969002334,False
0.183,203.13967199411894,0.5077278017997742,8.253146839176575,False
0.1835,203.13967167411909,0.5077278017997742,8.253140371972078,False
0.184,203.13966915193234,0.507727861404419,8.253140379244998,False
0.1845,203.13966894606153,0.5077279806137085,8.253152964707722,False
0.185,203.13967198810445,0.5077278017997742,8.253146836152048,False
0.1855,203.13967166707553,0.5077278017997742,8.253140370572527,False
0.186,203.13966914477012,0.507727861404419,8.253140379612796,False
0.1865,203.13966893968686,0.5077279806137085,8.25315296675925,False
0.187,203.13967198330505,0.5077278017997742,8.253146839593015,False
0.1875,203.13967166442382,0.5077278017997742,8.253140374939514,False
0.188,203.1396691445554,0.507727861404419,8.253140384335312,False
0.1885,203.1396689418849,0.5077279806137085,8.25315297123396,False
0.189,203.13967198758775,0.5077278017997742,8.25314684326055,False
0.1895,203.13967167020695,0.5077278017997742,8.253140377354125,False
0.19,203.13966915107775,0.507727861404419,8.253140385218702,False
0.1905,203.13966894830796,0.5077279806137085,8.253152970506893,False
0.191,203.1396719931031,0.5077278017997742,8.253146841048656,False
0.1915,203.13967167413787,0.5077278017997742,8.253140373967748,False
0.192,203.13966915296157,0.507727861404419,8.25314038110984,False
0.1925,203.13966894795007,0.5077279806137085,8.253152966209187,False
0.193,203.13967199059587,0.5077278017997742,8.253146837108348,False
0.1935,203.13967166984287,0.5077278017997742,8.253140370874474,False
0.194,203.13966914745833,0.507727861404419,8.253140379236067,False
0.1945,203.13966894195843,0.5077279806137085,8.253152965765675,False
0.195,203.13967198488214,0.5077278017997742,8.253146838120944,False
0.1955,203.13967166512208,0.5077278017997742,8.253140373184763,False
0.196,203.13966914430526,0.507727861404419,8.253140382525226,False
0.1965,203.13966894073792,0.5077279806137085,8.253152969598087,False
0.197,203.13967198570742,0.5077278017997742,8.253146842001621,False
0.1975,203.13967166784602,0.5077278017997742,8.253140376623053,False
0.198,203.13966914854416,0.507727861404419,8.253140385096623,False
0.1985,203.13966894592502,0.5077279806137085,8.2531529709964,False
0.199,203.13967199116837,0.5077278017997742,8.253146842075115,False
0.1995,203.13967167288604,0.5077278017997742,8.253140375390334,False
0.2,203.13966915253616,0.507727861404419,8.253140382740721,False
0.2005,203.13966894838742,0.5077279806137085,8.253152967838197,False
0.201,203.1396719918226,0.5077278017997742,8.253146838529979,False
0.2015,203.13967167168755,0.5077278017997742,8.253140371913723,False
0.202,203.13966914967529,0.507727861404419,8.253140379769858,False
0.2025,203.13966894426008,0.5077279806137085,8.253152965737286,False
0.203,203.13967198697623,0.5077278017997742,8.253146837545788,False
0.20350000000000001,203.13967166674877,0.5077278017997742,8.25314037214692,False
0.20400000000000001,203.13966914526912,0.507727861404419,8.253140381165398,False
0.20450000000000002,203.13966894093133,0.5077279806137085,8.253152968094623,False
0.20500000000000002,203.13967198512225,0.5077278017997742,8.253146840547235,False
0.20550000000000002,203.13967166657247,0.5077278017997742,8.253140375400207,False
0.20600000000000002,203.1396691467574,0.507727861404419,8.253140384254731,False
0.20650000000000002,203.13966894386132,0.5077279806137085,8.253152970633653,False
0.20700000000000002,203.1396719890939,0.5077278017997742,8.253146842227194,False
0.20750000000000002,203.1396716710627,0.5077278017997742,8.253140376027217,False
0.20800000000000002,203.13966915118883,0.507727861404419,8.253140383771845,False
0.2085,203.13966894767597,0.5077279806137085,8.253152969125173,False
0.209,203.13967199182343,0.5077278017997742,8.25314683990505,False
0.2095,203.13967167238567,0.5077278017997742,8.253140373201537,False
0.21,203.13966915096785,0.507727861404419,8.253140380809754,False
0.2105,203.1396689459715,0.5077279806137085,8.253152966403276,False
0.211,203.13967198888176,0.5077278017997742,8.253146837761715,False
0.2115,203.1396716686039,0.5077278017997742,8.253140371895013,False
0.212,203.13966914684093,0.507727861404419,8.253140380487281,False
0.2125,203.13966894202733,0.5077279806137085,8.253152967084826,False
0.213,203.13967198561426,0.5077278017997742,8.253146839340149,False
0.2135,203.13967166641106,0.5077278017997742,8.253140374152277,False
0.214,203.13966914597674,0.507727861404419,8.253140383124274,False
0.2145,203.13966894257288,0.5077279806137085,8.253152969760837,False
0.215,203.13967198747105,0.5077278017997742,8.253146841716712,False
0.2155,203.13967166931718,0.5077278017997742,8.253140375935839,False
0.216,203.1396691495434,0.507727861404419,8.253140384102277,False
0.2165,203.13966894633623,0.5077279806137085,8.253152969826841,False
0.217,203.139671990952,0.5077278017997742,8.253146840881595,False
0.2175,203.13967167208256,0.5077278017997742,8.253140374323952,False
0.218,203.13966915125934,0.507727861404419,8.253140381933347,False
0.2185,203.1396689468083,0.5077279806137085,8.253152967386262,False
0.219,203.13967199014687,0.5077278017997742,8.253146838483012,False
0.2195,203.13967167012865,0.5077278017997742,8.253140372269119,False
0.22,203.13966914842743,0.507727861404419,8.253140380474296,False
0.2205,203.13966894347413,0.5077279806137085,8.253152966694538,False
0.221,203.1396719867417,0.5077278017997742,8.253146838629743,False
0.2215,203.1396716670836,0.5077278017997742,8.253140373218146,False
0.222,203.13966914611913,0.507727861404419,8.253140382088993,False
0.2225,203.13966894217833,0.5077279806137085,8.253152968757163,False
0.223,203.13967198660058,0.5077278017997742,8.253146840870627,False
0.2235,203.13967166809073,0.5077278017997742,8.253140375350787,False
0.224,203.1396691481232,0.507727861404419,8.253140383846578,False
0.2245,203.13966894490554,0.5077279806137085,8.253152969925816,False
0.225,203.13967198969152,0.5077278017997742,8.253146841315298,False
0.2255,203.13967167114777,0.5077278017997742,8.253140375030616,False
0.226,203.13966915076136,0.507727861404419,8.25314038281807,False
0.2265,203.13966894680075,0.5077279806137085,8.25315296833366,False
0.227,203.13967199062037,0.5077278017997742,8.25314683937224,False
0.2275,203.13967167101336,0.5077278017997742,8.25314037298919,False
0.228,203.13966914960298,0.507727861404419,8.253140380937921,False
0.2285,203.13966894478617,0.5077279806137085,8.253152966848631,False
0.229,203.1396719880218,0.5077278017997742,8.253146838461378,False
0.2295,203.1396716681709,0.5077278017997742,8.253140372755341,False
0.23,203.13966914688046,0.507727861404419,8.25314038139635,False
0.2305,203.13966894252454,0.5077279806137085,8.253152967926912,False
0.231,203.13967198649672,0.5077278017997742,8.253146840010421,False
0.2315,203.13967166755936,0.5077278017997742,8.253140374569796,False
0.232,203.13966914724037,0.507727861404419,8.253140383241677,False
0.2325,203.13966894378999,0.5077279806137085,8.253152969569639,False
0.233,203.139671988489,0.5077278017997742,8.25314684124754,False
0.2335,203.13967167001178,0.5077278017997742,8.253140375253757,False
0.234,203.13966914983385,0.507727861404419,8.253140383297827,False
0.23450000000000001,203.13966894619435,0.5077279806137085,8.253152969004104,False
0.23500000000000001,203.13967199040482,0.5077278017997742,8.253146840144764,False
0.23550000000000001,203.13967167120765,0.5077278017997742,8.25314037376418,False
0.23600000000000002,203.139669150174,0.507727861404419,8.253140381617543,False
0.23650000000000002,203.13966894565385,0.5077279806137085,8.253152967349129,False
0.23700000000000002,203.13967198907045,0.5077278017997742,8.253146838723385,False
0.23750000000000002,203.13967166926443,0.5077278017997742,8.253140372750833,False
0.23800000000000002,203.13966914787994,0.507727861404419,8.253140381131496,False
0.23850000000000002,203.13966894330588,0.5077279806137085,8.253152967440618,False
0.23900000000000002,203.13967198696585,0.5077278017997742,8.253146839368696,False
0.23950000000000002,203.1396716676637,0.5077278017997742,8.253140373856885,False
0.24,203.13966914697443,0.507727861404419,8.253140382549033,False
0.2405,203.13966894319518,0.5077279806137085,8.253152968984223,False
0.241,203.1396719876472,0.5077278017997742,8.253146840840962,False
0.2415,203.13967166903444,0.5077278017997742,8.253140375073555,False
0.242,203.13966914884716,0.507727861404419,8.253140383361973,False
0.2425,203.13966894532294,0.5077279806137085,8.253152969299359,False
0.243,203.13967198975624,0.5077278017997742,8.253146840629016,False
0.2435,203.13967167085906,0.5077278017997742,8.253140374372359,False
0.244,203.13966915016306,0.507727861404419,8.253140382270297,False
0.2445,203.13966894597488,0.5077279806137085,8.253152967963162,False
0.245,203.13967198967592,0.5077278017997742,8.25314683922203,False
0.2455,203.13967167007198,0.5077278017997742,8.253140373073592,False
0.246,203.13966914878344,0.507727861404419,8.253140381241348,False
0.2465,203.13966894418925,0.5077279806137085,8.253152967328177,False
0.247,203.13967198771815,0.5077278017997742,8.25314683905283,False
0.2475,203.1396716681927,0.5077278017997742,8.253140373381717,False
0.248,203.13966914721811,0.507727861404419,8.253140381977865,False
0.2485,203.13966894312878,0.5077279806137085,8.253152968391136,False
0.249,203.13967198728562,0.5077278017997742,8.253146840301246,False
0.2495,203.13967166842951,0.5077278017997742,8.253140374654185,False
0.25,203.1396691480803,0.507727861404419,8.25314038311334,False
0.2505,203.1396689444944,0.5077279806137085,8.25315296924924,False
0.251,203.13967198897183,0.5077278017997742,8.253146840779545,False
0.2515,203.13967167021676,0.5077278017997742,8.253140374700319,False
0.252,203.13966914974094,0.507727861404419,8.253140382730583,False
0.2525,203.1396689458216,0.5077279806137085,8.253152968494916,False
0.253,203.13967198980512,0.5077278017997742,8.253146839756656,False
0.2535,203.13967167046147,0.5077278017997742,8.253140373543573,False
0.254,203.13966914937856,0.507727861404419,8.253140381588741,False
0.2545,203.1396689449106,0.5077279806137085,8.253152967511737,False
0.255,203.13967198847203,0.5077278017997742,8.253146839052842,False
0.2555,203.13967166888335,0.5077278017997742,8.253140373202047,False
0.256,203.1396691477597,0.507727861404419,8.253140381644968,False
0.2565,203.13966894345606,0.5077279806137085,8.253152967950246,False
0.257,203.13967198736188,0.5077278017997742,8.253146839810269,False
0.2575,203.13967166825043,0.5077278017997742,8.253140374176112,False
0.258,203.13966914767377,0.507727861404419,8.253140382708219,False
0.2585,203.13966894391652,0.5077279806137085,8.253152968966655,False
0.259,203.13967198829914,0.5077278017997742,8.253146840652574,False
0.2595,203.13967166953617,0.5077278017997742,8.253140374741708,False
0.26,203.13966914913846,0.507727861404419,8.253140382931557,False
0.2605,203.1396689453716,0.5077279806137085,8.25315296882676,False
0.261,203.13967198956118,0.5077278017997742,8.25314684017474,False
0.2615,203.13967167044999,0.5077278017997742,8.253140373993332,False
0.262,203.1396691495961,0.507727861404419,8.253140382012766,False
0.2625,203.13966894532484,0.5077279806137085,8.253152967857075,False
0.263,203.13967198902662,0.5077278017997742,8.253146839277589,False
0.2635,203.1396716695054,0.5077278017997742,8.253140373280383,False
0.264,203.13966914836925,0.507727861404419,8.25314038157009,False
0.2645,203.13966894397652,0.5077279806137085,8.253152967734826,False
0.265,203.13967198772946,0.5077278017997742,8.253146839484437,False
0.2655,203.13967166842195,0.5077278017997742,8.253140373783303,False
0.266,203.1396691476318,0.507727861404419,8.253140382299383,False
0.2665,203.13966894367076,0.5077279806137085,8.253152968593707,False
0.267,203.13967198788487,0.5077278017997742,8.253146840361815,False
0.2675,203.1396716690092,0.5077278017997742,8.253140374568087,False
0.268,203.13966914856766,0.507727861404419,8.253140382894532,False
0.2685,203.1396689448299,0.5077279806137085,8.253152968928124,False
0.269,203.13967198911632,0.5077278017997742,8.253146840398792,False
0.2695,203.13967167015605,0.5077278017997742,8.253140374309226,False
0.27,203.13966914948702,0.507727861404419,8.253140382378719,False
0.2705,203.13966894541056,0.5077279806137085,8.25315296822585,False
0.271,203.1396719892922,0.5077278017997742,8.253146839602584,False
0.2715,203.1396716699134,0.5077278017997742,8.25314037352151,False
0.272,203.13966914886527,0.507727861404419,8.253140381698708,False
0.2725,203.13966894449615,0.5077279806137085,8.253152967737071,False
0.273,203.1396719882066,0.5077278017997742,8.253146839362694,False
0.2735,203.13967166879732,0.5077278017997742,8.253140373555544,False
0.274,203.13966914786013,0.507727861404419,8.253140381996584,False
0.2745,203.13966894372643,0.5077279806137085,8.253152968255646,False
0.275,203.13967198776447,0.5077278017997742,8.253146840031885,False
0.2755,203.1396716687316,0.5077278017997742,8.253140374287748,False
0.276,203.1396691481712,0.507727861404419,8.253140382698094,False
0.2765,203.13966894436706,0.5077279806137085,8.253152968838611,False
0.277,203.1396719886469,0.5077278017997742,8.253146840425265,False
0.2775,203.1396716697395,0.5077278017997742,8.2531403744459,False
0.278,203.1396691491747,0.507727861404419,8.253140382606022,False
0.2785,203.1396689452397,0.5077279806137085,8.2531529685132,False
0.279,203.13967198928134,0.5077278017997742,8.253146839912471,False
0.2795,203.13967167006064,0.5077278017997742,8.253140373814363,False
0.28,203.13966914914863,0.507727861404419,8.253140381937929,False
0.2805,203.13966894487703,0.5077279806137085,8.253152967893616,False
0.281,203.13967198863492,0.5077278017997742,8.253146839418548,False
0.28150000000000003,203.13967166921796,0.5077278017997742,8.253140373505783,False
0.28200000000000003,203.13966914822024,0.507727861404419,8.253140381849722,False
0.28250000000000003,203.1396689439818,0.5077279806137085,8.253152968032271,False
0.28300000000000003,203.13967198788512,0.5077278017997742,8.253146839761792,False
0.28350000000000003,203.13967166870518,0.5077278017997742,8.253140374006001,False
0.28400000000000003,203.1396691480042,0.507727861404419,8.25314038244048,False
0.28450000000000003,203.1396689440835,0.5077279806137085,8.25315296863711,False
0.28500000000000003,203.13967198828502,0.5077278017997742,8.253146840304092,False
0.28550000000000003,203.1396716693465,0.5077278017997742,8.253140374418653,False
0.28600000000000003,203.13966914880092,0.507727861404419,8.253140382674154,False
0.28650000000000003,203.13966894493183,0.5077279806137085,8.253152968666106,False
0.28700000000000003,203.13967198907685,0.5077278017997742,8.25314684012907,False
0.28750000000000003,203.13967166998316,0.5077278017997742,8.253140374065996,False
0.28800000000000003,203.1396691492053,0.507727861404419,8.253140382192093,False
0.2885,203.13966894505785,0.5077279806137085,8.25315296811818,False
0.289,203.13967198891442,0.5077278017997742,8.253146839585803,False
0.2895,203.13967166955888,0.5077278017997742,8.25314037359583,False
0.29,203.13966914857824,0.507727861404419,8.253140381852813,False
0.2905,203.1396689443113,0.5077279806137085,8.253152967949836,False
0.291,203.13967198814512,0.5077278017997742,8.253146839606048,False
0.2915,203.13967166886437,0.5077278017997742,8.253140373798145,False
0.292,203.1396691480446,0.507727861404419,8.253140382207848,False
0.2925,203.13966894400255,0.5077279806137085,8.253152968409575,False
0.293,203.13967198809542,0.5077278017997742,8.253146840110263,False
0.2935,203.13967166907452,0.5077278017997742,8.253140374282285,False
0.294,203.1396691484826,0.507727861404419,8.25314038261125,False
0.2945,203.1396689446083,0.5077279806137085,8.253152968683056,False
0.295,203.13967198878902,0.5077278017997742,8.253146840222062,False
0.2955,203.13967166976664,0.5077278017997742,8.253140374221694,False
0.296,203.13966914908588,0.507727861404419,8.253140382389539,False
0.2965,203.13966894504856,0.5077279806137085,8.253152968331591,False
0.297,203.13967198901412,0.5077278017997742,8.253146839787918,False
0.2975,203.13967166975266,0.5077278017997742,8.253140373761392,False
0.298,203.1396691488397,0.507727861404419,8.253140381961705,False
0.2985,203.13966894460606,0.5077279806137085,8.253152967989525,False
0.299,203.1396719884353,0.5077278017997742,8.253146839572967,False
0.2995,203.13967166911343,0.5077278017997742,8.253140373697997,False
0.3,203.13966914822194,0.507727861404419,8.25314038205468,False
0.3005,203.1396689440873,0.5077279806137085,8.25315296822384,False
0.301,203.13967198807885,0.5077278017997742,8.253146839916099,False
0.3015,203.13967166896091,0.5077278017997742,8.253140374104362,False
0.302,203.13966914828833,0.507727861404419,8.253140382471665,False
0.3025,203.1396689443596,0.5077279806137085,8.253152968598599,False
0.303,203.13967198851842,0.5077278017997742,8.253146840202216,False
0.3035,203.13967166950866,0.5077278017997742,8.253140374267598,False
0.304,203.13966914887283,0.507727861404419,8.253140382494022,False
0.3045,203.13966894490633,0.5077279806137085,8.253152968480242,False
0.305,203.1396719889592,0.5077278017997742,8.253146839961055,False
0.3055,203.13967166979015,0.5077278017997742,8.253140373936656,False
0.306,203.13966914896287,0.507727861404419,8.253140382116946,False
0.3065,203.13966894479762,0.5077279806137085,8.253152968105576,False
0.307,203.13967198866965,0.5077278017997742,8.253146839636019,False
0.3075,203.1396716693601,0.5077278017997742,8.253140373701207,False
0.308,203.13966914844954,0.507727861404419,8.253140381998893,False
0.3085,203.13966894426756,0.5077279806137085,8.253152968117334,False
0.309,203.13967198819,0.5077278017997742,8.253146839773366,False
0.3095,203.1396716689904,0.5077278017997742,8.253140373944168,False
0.31,203.13966914823405,0.507727861404419,8.253140382314596,False
0.3105,203.1396689442302,0.5077279806137085,8.253152968464413,False
0.311,203.1396719883318,0.5077278017997742,8.253146840107371,False
0.3115,203.13967166928967,0.5077278017997742,8.253140374223232,False
0.312,203.13966914864977,0.507727861404419,8.253140382504656,False
0.3125,203.1396689447074,0.5077279806137085,8.253152968543358,False
0.313,203.13967198880903,0.5077278017997742,8.253146840067576,False
0.3135,203.1396716697066,0.5077278017997742,8.253140374072219,False
0.314,203.1396691489551,0.507727861404419,8.253140382263839,False
0.3145,203.139668944865,0.5077279806137085,8.253152968245015,False
0.315,203.1396719888021,0.5077278017997742,8.253146839750563,False
0.3155,203.13967166953947,0.5077278017997742,8.253140373776938,False
0.316,203.13966914865227,0.507727861404419,8.253140382027082,False
0.3165,203.13966894446756,0.5077279806137085,8.25315296809542,False
0.317,203.13967198836212,0.5077278017997742,8.253146839705167,False
0.3175,203.13967166911345,0.5077278017997742,8.253140373839265,False
0.318,203.1396691482936,0.507727861404419,8.253140382187002,False
0.3185,203.13966894422003,0.5077279806137085,8.253152968330706,False
0.319,203.1396719882547,0.5077278017997742,8.253146839984552,False
0.3195,203.13967166915668,0.5077278017997742,8.253140374126575,False
0.32,203.13966914847893,0.507727861404419,8.25314038244581,False
0.3205,203.13966894452108,0.5077279806137085,8.253152968528958,False
0.321,203.139671988631,0.5077278017997742,8.253146840098507,False
0.3215,203.13967166955925,0.5077278017997742,8.253140374143621,False
0.322,203.13966914885634,0.507727861404419,8.253140382365837,False
0.3225,203.13966894482624,0.5077279806137085,8.253152968364098,False
0.323,203.1396719888269,0.5077278017997742,8.253146839871356,False
0.3235,203.13967166962345,0.5077278017997742,8.253140373884166,False
0.324,203.13966914878358,0.507727861404419,8.253140382107505,False
0.3245,203.13966894462862,0.5077279806137085,8.253152968139455,False
0.325,203.139671988532,0.5077278017997742,8.253146839708034,False
0.3255,203.13967166927046,0.5077278017997742,8.253140373801472,False
0.326,203.13966914841828,0.507727861404419,8.253140382114182,False
0.3265,203.13966894429737,0.5077279806137085,8.253152968232778,False
0.327,203.13967198827586,0.5077278017997742,8.253146839874395,False
0.3275,203.1396716691202,0.5077278017997742,8.25314037401835,False
0.328,203.1396691483906,0.507727861404419,8.253140382353145,False
0.3285,203.13966894439315,0.5077279806137085,8.253152968463215,False
0.329,203.13967198848047,0.5077278017997742,8.253146840067412,False
0.3295,203.13967166940552,0.5077278017997742,8.253140374150373,False
0.33,203.1396691487189,0.507727861404419,8.253140382408803,False
0.3305,203.1396689447221,0.5077279806137085,8.253152968437103,False
0.331,203.13967198876858,0.5077278017997742,8.25314683996455,False
0.3315,203.13967166961731,0.5077278017997742,8.253140373985358,False
0.332,203.13966914882926,0.507727861404419,8.253140382203755,False
0.3325,203.1396689447193,0.5077279806137085,8.253152968218725,False
0.333,203.1396719886553,0.5077278017997742,8.25314683976067,False
0.3335,203.13967166941012,0.5077278017997742,8.253140373821388,False
0.334,203.1396691485563,0.507727861404419,8.253140382099547,False
0.3345,203.13966894441634,0.5077279806137085,8.25315296818618,False
0.335,203.13967198836121,0.5077278017997742,8.25314683980239,False
0.3355,203.1396716691619,0.5077278017997742,8.253140373930552,False
0.336,203.13966914838426,0.507727861404419,8.253140382260963,False
0.3365,203.1396689443406,0.5077279806137085,8.253152968378378,False
0.337,203.13967198838935,0.5077278017997742,8.253146840000467,False
0.3375,203.13967166928813,0.5077278017997742,8.253140374109389,False
0.338,203.1396691485906,0.507727861404419,8.253140382398392,False
0.3385,203.13966894459935,0.5077279806137085,8.253152968457924,False
0.339,203.13967198866672,0.5077278017997742,8.253146840013308,False
0.3395,203.13967166954873,0.5077278017997742,8.253140374055304,False
0.34,203.13966914880194,0.507727861404419,8.253140382285613,False
0.3405,203.13966894473572,0.5077279806137085,8.253152968301917,False
0.341,203.1396719887125,0.5077278017997742,8.253146839834676,False
0.3415,203.13967166950007,0.5077278017997742,8.25314037387707,False
0.342,203.1396691486669,0.507727861404419,8.253140382130267,False
0.3425,203.13966894453327,0.5077279806137085,8.253152968188587,False
0.343,203.13967198846956,0.5077278017997742,8.253146839776777,False
0.3435,203.13967166924817,0.5077278017997742,8.253140373880743,False
0.34400000000000003,203.13966914843803,0.507727861404419,8.253140382193745,False
0.34450000000000003,203.13966894435578,0.5077279806137085,8.253152968302604,False
0.34500000000000003,203.13967198836477,0.5077278017997742,8.25314683992588,False
0.34550000000000003,203.13967166922777,0.5077278017997742,8.253140374045378,False
0.34600000000000003,203.13966914850283,0.507727861404419,8.253140382352816,False
0.34650000000000003,203.13966894449587,0.5077279806137085,8.253152968436144,False
0.34700000000000003,203.13967198856082,0.5077278017997742,8.253146840017575,False
0.34750000000000003,203.13967166945383,0.5077278017997742,8.25314037408455,False
0.34800000000000003,203.1396691487298,0.507727861404419,8.25314038233563,False
0.34850000000000003,203.13966894469505,0.5077279806137085,8.253152968365956,False
0.34900000000000003,203.1396719887077,0.5077278017997742,8.253146839904362,False
0.34950000000000003,203.13967166953103,0.5077278017997742,8.25314037394349,False
0.35000000000000003,203.139669148729,0.507727861404419,8.253140382185096,False
0.35050000000000003,203.13966894461797,0.5077279806137085,8.253152968225145,False
0.35100000000000003,203.1396719885657,0.5077278017997742,8.253146839790832,False
0.35150000000000003,203.13967166934336,0.5077278017997742,8.25314037387099,False
0.352,203.1396691485203,0.507727861404419,8.25314038216192,False
0.3525,203.13966894441504,0.5077279806137085,8.253152968253179,False
0.353,203.139671988394,0.5077278017997742,8.253146839865458,False
0.3535,203.13967166922396,0.5077278017997742,8.253140373981813,False
0.354,203.1396691484671,0.507727861404419,8.253140382294188,False
0.3545,203.13966894443334,0.5077279806137085,8.253152968389758,False
0.355,203.13967198848005,0.5077278017997742,8.253146839989027,False
0.3555,203.1396716693654,0.5077278017997742,8.253140374077045,False
0.356,203.139669148645,0.507727861404419,8.253140382349676,False
0.3565,203.13966894462447,0.5077279806137085,8.253152968399327,False
0.357,203.13967198865998,0.5077278017997742,8.253146839952436,False
0.3575,203.1396716695117,0.5077278017997742,8.25314037399989,False
0.358,203.13966914873987,0.507727861404419,8.253140382242536,False
0.3585,203.13966894465707,0.5077279806137085,8.253152968276355,False
0.359,203.1396719886275,0.5077278017997742,8.253146839829483,False
0.3595,203.13967166941958,0.5077278017997742,8.253140373892466,False
0.36,203.13966914860103,0.507727861404419,8.25314038216387,False
0.3605,203.1396689444899,0.5077279806137085,8.253152968235772,False
0.361,203.13967198845376,0.5077278017997742,8.253146839831308,False
0.3615,203.13967166926136,0.5077278017997742,8.253140373935583,False
0.362,203.13966914847794,0.507727861404419,8.253140382241968,False
0.3625,203.1396689444168,0.5077279806137085,8.253152968338256,False
0.363,203.1396719884388,0.5077278017997742,8.253146839944723,False
0.3635,203.13967166930513,0.5077278017997742,8.253140374045383,False
0.364,203.13966914857377,0.507727861404419,8.253140382334376,False
0.3645,203.13966894455152,0.5077279806137085,8.253152968401963,False
0.365,203.1396719885945,0.5077278017997742,8.253146839972292,False
0.3655,203.1396716694618,0.5077278017997742,8.253140374034091,False
0.366,203.1396691487115,0.507727861404419,8.25314038228647,False
0.3665,203.13966894465332,0.5077279806137085,8.253152968324274,False
0.367,203.1396719886484,0.5077278017997742,8.253146839875253,False
0.3675,203.13967166946193,0.5077278017997742,8.253140373930359,False
0.368,203.139669148659,0.507727861404419,8.253140382189267,False
0.3685,203.13966894455592,0.5077279806137085,8.253152968245741,False
0.369,203.13967198851935,0.5077278017997742,8.253146839824904,False
0.3695,203.1396716693182,0.5077278017997742,8.25314037391395,False
0.37,203.13966914851906,0.507727861404419,8.253140382208151,False
0.3705,203.13966894443732,0.5077279806137085,8.253152968296776,False
0.371,203.13967198843653,0.5077278017997742,8.253146839900985,False
0.3715,203.1396716692809,0.5077278017997742,8.25314037400496,False
0.372,203.13966914853103,0.507727861404419,8.253140382302298,False
0.3725,203.139668944496,0.5077279806137085,8.253152968382114,False
0.373,203.1396719885336,0.5077278017997742,8.25314683996693,False
0.3735,203.13967166940327,0.5077278017997742,8.253140374043593,False
0.374,203.13966914866273,0.507727861404419,8.253140382309319,False
0.3745,203.13966894462024,0.5077279806137085,8.253152968357302,False
0.375,203.1396719886348,0.5077278017997742,8.25314683991408,False
0.3755,203.13967166946915,0.5077278017997742,8.253140373969966,False
0.376,203.13966914868578,0.507727861404419,8.253140382224643,False
0.3765,203.1396689445984,0.5077279806137085,8.253152968272492,False
0.377,203.1396719885718,0.5077278017997742,8.253146839839841,False
0.3775,203.1396716693738,0.5077278017997742,8.253140373915446,False
0.378,203.13966914857073,0.507727861404419,8.253140382196305,False
0.3785,203.13966894447864,0.5077279806137085,8.253152968273373,False
0.379,203.13967198846254,0.5077278017997742,8.253146839869212,False
0.3795,203.13967166928862,0.5077278017997742,8.253140373968993,False
0.38,203.13966914851983,0.507727861404419,8.253140382266768,False
0.3805,203.13966894446776,0.5077279806137085,8.2531529683515,False
0.381,203.13967198849215,0.5077278017997742,8.253146839944991,False
0.3815,203.13967166935413,0.5077278017997742,8.253140374032926,False
0.382,203.13966914861228,0.507727861404419,8.253140382311038,False
0.3825,203.13966894457488,0.5077279806137085,8.253152968370939,False
0.383,203.13967198860016,0.5077278017997742,8.253146839937667,False
0.3835,203.13967166944937,0.5077278017997742,8.25314037400032,False
0.384,203.13966914868303,0.507727861404419,8.253140382257797,False
0.3845,203.1396689446127,0.5077279806137085,8.253152968304201,False
0.385,203.13967198860098,0.5077278017997742,8.253146839866135,False
0.3855,203.13967166941387,0.5077278017997742,8.253140373933116,False
0.386,203.1396691486164,0.507727861404419,8.253140382203307,False
0.3865,203.13966894452403,0.5077279806137085,8.253152968269044,False
0.387,203.1396719885019,0.5077278017997742,8.253146839854342,False
0.3875,203.13967166931712,0.5077278017997742,8.253140373945682,False
0.388,203.13966914853415,0.507727861404419,8.253140382238135,False
0.3885,203.13966894446634,0.5077279806137085,8.25315296832127,False
0.389,203.1396719884755,0.5077278017997742,8.253146839917013,False
0.3895,203.13967166932466,0.5077278017997742,8.253140374010691,False
0.39,203.139669148574,0.507727861404419,8.253140382297234,False
0.3905,203.1396689445328,0.5077279806137085,8.253152968367134,False
0.391,203.13967198855968,0.5077278017997742,8.253146839944137,False
0.3915,203.1396716694156,0.5077278017997742,8.253140374016027,False
0.392,203.13966914866003,0.507727861404419,8.253140382280556,False
0.3925,203.13966894460316,0.5077279806137085,8.253152968331007,False
0.393,203.1396719886058,0.5077278017997742,8.253146839893525,False
0.3935,203.1396716694322,0.5077278017997742,8.253140373957617,False
0.394,203.1396691486456,0.507727861404419,8.25314038222189,False
0.3945,203.1396689445602,0.5077279806137085,8.253152968279487,False
0.395,203.13967198854033,0.5077278017997742,8.2531468398555,False
0.3955,203.13967166935294,0.5077278017997742,8.253140373937608,False
0.396,203.13966914856286,0.507727861404419,8.25314038222204,False
0.3965,203.1396689444845,0.5077279806137085,8.253152968299352,False
0.397,203.13967198848107,0.5077278017997742,8.253146839892155,False
0.3975,203.13967166931724,0.5077278017997742,8.253140373986069,False
0.398,203.13966914855473,0.507727861404419,8.253140382275937,False
0.3985,203.13966894450434,0.5077279806137085,8.253152968351776,False
0.399,203.13967198852586,0.5077278017997742,8.253146839936527,False
0.3995,203.13967166938076,0.5077278017997742,8.25314037401696,False
0.4,203.1396691486286,0.507727861404419,8.253140382289734,False
0.4005,203.139668944579,0.5077279806137085,8.253152968347095,False
0.401,203.13967198859183,0.5077278017997742,8.253146839914354,False
0.4015,203.13967166942996,0.5077278017997742,8.253140373980465,False
0.402,203.13966914865512,0.507727861404419,8.253140382243826,False
0.4025,203.13966894458005,0.5077279806137085,8.253152968297773,False
0.403,203.1396719885678,0.5077278017997742,8.253146839867899,False
0.4035,203.13967166938434,0.5077278017997742,8.25314037394268,False
0.404,203.13966914859418,0.507727861404419,8.253140382219302,False
0.4045,203.1396689445118,0.5077279806137085,8.253152968289319,False
0.405,203.13967198850102,0.5077278017997742,8.253146839876242,False
0.4055,203.1396716693274,0.5077278017997742,8.253140373966414,False
0.406,203.1396691485541,0.507727861404419,8.2531403822551,False
0.40650000000000003,203.13966894449322,0.5077279806137085,8.253152968332403,False
0.40700000000000003,203.13967198850582,0.5077278017997742,8.253146839921031,False
0.40750000000000003,203.13967166935456,0.5077278017997742,8.25314037400722,False
0.40800000000000003,203.13966914859967,0.507727861404419,8.253140382286857,False
0.40850000000000003,203.1396689445511,0.5077279806137085,8.253152968351287,False
0.40900000000000003,203.13967198856838,0.5077278017997742,8.253146839924929,False
0.40950000000000003,203.1396716694138,0.5077278017997742,8.253140373995965,False
0.41000000000000003,203.13966914864824,0.507727861404419,8.253140382262197,False
0.41050000000000003,203.13966894458306,0.5077279806137085,8.253152968316611,False
0.41100000000000003,203.13967198858012,0.5077278017997742,8.253146839884824,False
0.41150000000000003,203.13967166940424,0.5077278017997742,8.253140373955603,False
0.41200000000000003,203.13966914861905,0.507727861404419,8.253140382226663,False
0.41250000000000003,203.1396689445383,0.5077279806137085,8.253152968290287,False
0.41300000000000003,203.13967198852575,0.5077278017997742,8.253146839870839,False
0.41350000000000003,203.13967166934734,0.5077278017997742,8.253140373955453,False
0.41400000000000003,203.1396691485668,0.507727861404419,8.253140382240089,False
0.41450000000000004,203.1396689444973,0.5077279806137085,8.253152968315314,False
0.41500000000000004,203.13967198850088,0.5077278017997742,8.253146839904055,False
0.41550000000000004,203.1396716693414,0.5077278017997742,8.253140373992494,False
0.41600000000000004,203.13966914858014,0.507727861404419,8.2531403822762,False
0.4165,203.13966894452776,0.5077279806137085,8.253152968345967,False
0.417,203.1396719885443,0.5077278017997742,8.253146839925506,False
0.4175,203.13967166939204,0.5077278017997742,8.25314037400224,False
0.418,203.13966914863147,0.507727861404419,8.253140382273257,False
0.4185,203.1396689445733,0.5077279806137085,8.253152968330976,False
0.419,203.13967198857844,0.5077278017997742,8.253146839900612,False
0.4195,203.1396716694107,0.5077278017997742,8.253140373970794,False
0.42,203.13966914863258,0.507727861404419,8.253140382239364,False
0.4205,203.13966894455712,0.5077279806137085,8.253152968298965,False
0.421,203.1396719885474,0.5077278017997742,8.253146839874479,False
0.4215,203.13967166936905,0.5077278017997742,8.2531403739537,False
0.422,203.13966914858577,0.507727861404419,8.25314038223327,False
0.4225,203.1396689445112,0.5077279806137085,8.253152968304406,False
0.423,203.1396719885081,0.5077278017997742,8.253146839890523,False
0.4235,203.13967166934117,0.5077278017997742,8.253140373978097,False
0.424,203.13966914857264,0.507727861404419,8.253140382262766,False
0.4245,203.13966894451406,0.5077279806137085,8.253152968335174,False
0.425,203.13967198852632,0.5077278017997742,8.253146839918662,False
0.4255,203.13967166937215,0.5077278017997742,8.253140374000111,False
0.426,203.13966914861217,0.507727861404419,8.253140382276005,False
0.4265,203.13966894455703,0.5077279806137085,8.253152968338147,False
0.427,203.13967198856722,0.5077278017997742,8.253146839911203,False
0.4275,203.1396716694058,0.5077278017997742,8.253140373983378,False
0.428,203.1396691486345,0.507727861404419,8.25314038225231,False
0.4285,203.1396689445655,0.5077279806137085,8.253152968310625,False
0.429,203.13967198856093,0.5077278017997742,8.25314683988341,False
0.4295,203.13967166938593,0.5077278017997742,8.253140373958846,False
0.43,203.13966914860384,0.507727861404419,8.25314038223407,False
0.4305,203.13966894452813,0.5077279806137085,8.253152968300851,False
0.431,203.13967198852177,0.5077278017997742,8.253146839883156,False
0.4315,203.13967166934992,0.5077278017997742,8.253140373967943,False
0.432,203.13966914857548,0.507727861404419,8.253140382251175,False
0.4325,203.13966894451087,0.5077279806137085,8.253152968323624,False
0.433,203.1396719885175,0.5077278017997742,8.253146839908606,False
0.4335,203.13967166935893,0.5077278017997742,8.253140373992796,False
0.434,203.13966914859634,0.507727861404419,8.253140382272303,False
0.4345,203.13966894454066,0.5077279806137085,8.25315296833845,False
0.435,203.13967198855232,0.5077278017997742,8.253146839915392,False
0.4355,203.1396716693943,0.5077278017997742,8.253140373990854,False
0.436,203.13966914862777,0.507727861404419,8.253140382262053,False
0.4365,203.1396689445642,0.5077279806137085,8.253152968321363,False
0.437,203.13967198856525,0.5077278017997742,8.253146839893779,False
0.4375,203.13967166939517,0.5077278017997742,8.253140373967527,False
0.438,203.13966914861672,0.507727861404419,8.253140382239994,False
0.4385,203.13966894454288,0.5077279806137085,8.253152968303336,False
0.439,203.13967198853655,0.5077278017997742,8.253146839881975,False
0.4395,203.13967166936285,0.5077278017997742,8.253140373963314,False
0.44,203.139669148585,0.507727861404419,8.253140382243748,False
0.4405,203.1396689445158,0.5077279806137085,8.253152968314406,False
0.441,203.13967198851734,0.5077278017997742,8.253146839898799,False
0.4415,203.13967166935382,0.5077278017997742,8.25314037398365,False
0.442,203.139669148587,0.507727861404419,8.25314038226496,False
0.4425,203.13966894452835,0.5077279806137085,8.2531529683338,False
0.443,203.13967198853874,0.5077278017997742,8.25314683991396,False
0.4435,203.13967166938113,0.5077278017997742,8.253140373992746,False
0.444,203.13966914861663,0.507727861404419,8.253140382266968,False
0.4445,203.13966894455658,0.5077279806137085,8.253152968328616,False
0.445,203.13967198856196,0.5077278017997742,8.253146839902382,False
0.4455,203.13967166939648,0.5077278017997742,8.253140373976375,False
0.446,203.1396691486224,0.507727861404419,8.253140382247974,False
0.4465,203.1396689445522,0.5077279806137085,8.253152968309449,False
0.447,203.13967198854817,0.5077278017997742,8.253146839885478,False
0.4475,203.13967166937528,0.5077278017997742,8.253140373963827,False
0.448,203.13966914859665,0.507727861404419,8.25314038224127,False
0.4485,203.1396689445252,0.5077279806137085,8.253152968309305,False
0.449,203.1396719885234,0.5077278017997742,8.25314683989177,False
0.4495,203.13967166935578,0.5077278017997742,8.253140373975626,False
0.45,203.13966914858474,0.507727861404419,8.253140382256978,False
0.4505,203.13966894452227,0.5077279806137085,8.253152968326864,False
0.451,203.1396719885296,0.5077278017997742,8.253146839908922,False
0.4515,203.13967166937016,0.5077278017997742,8.253140373990208,False
0.452,203.1396691486053,0.507727861404419,8.253140382267205,False
0.4525,203.1396689445463,0.5077279806137085,8.253152968331538,False
0.453,203.139671988554,0.5077278017997742,8.253146839907574,False
0.4535,203.13967166939184,0.5077278017997742,8.253140373983134,False
0.454,203.1396691486216,0.507727861404419,8.253140382255408,False
0.4545,203.13966894455524,0.5077279806137085,8.2531529683166,False
0.455,203.13967198855457,0.5077278017997742,8.253146839891452,False
0.4555,203.1396716693842,0.5077278017997742,8.253140373967891,False
0.456,203.13966914860686,0.507727861404419,8.253140382242957,False
0.4565,203.1396689445354,0.5077279806137085,8.253152968308457,False
0.457,203.1396719885323,0.5077278017997742,8.253146839888549,False
0.4575,203.13967166936234,0.5077278017997742,8.253140373970476,False
0.458,203.13966914858815,0.507727861404419,8.253140382250583,False
0.4585,203.13966894452207,0.5077279806137085,8.253152968320064,False
0.459,203.139671988526,0.5077278017997742,8.253146839902593,False
0.4595,203.13967166936374,0.5077278017997742,8.25314037398513,False
0.46,203.13966914859685,0.507727861404419,8.253140382263979,False
0.4605,203.13966894453694,0.5077279806137085,8.253152968330529,False
0.461,203.13967198854496,0.5077278017997742,8.253146839908855,False
0.4615,203.13967166938417,0.5077278017997742,8.253140373986492,False
0.462,203.1396691486163,0.507727861404419,8.25314038226038,False
0.4625,203.13966894455294,0.5077279806137085,8.253152968322523,False
0.463,203.1396719885555,0.5077278017997742,8.253146839897544,False
0.4635,203.13967166938818,0.5077278017997742,8.253140373973373,False
0.464,203.13966914861334,0.507727861404419,8.253140382247139,False
0.4645,203.13966894454342,0.5077279806137085,8.253152968310834,False
0.465,203.1396719885409,0.5077278017997742,8.253146839888863,False
0.4655,203.13967166937033,0.5077278017997742,8.25314037396873,False
0.466,203.13966914859458,0.507727861404419,8.253140382247045,False
0.4665,203.1396689445262,0.5077279806137085,8.25315296831522,False
0.467,203.13967198852734,0.5077278017997742,8.253146839897076,False
0.4675,203.1396716693621,0.5077278017997742,8.253140373979654,False
0.468,203.13966914859256,0.507727861404419,8.253140382259243,False
0.4685,203.13966894453054,0.5077279806137085,8.253152968327122,False
0.46900000000000003,203.13967198853732,0.5077278017997742,8.25314683990719,False
0.46950000000000003,203.13967166937636,0.5077278017997742,8.253140373986753,False
0.47000000000000003,203.13966914860924,0.507727861404419,8.25314038226249,False
0.47050000000000003,203.1396689445475,0.5077279806137085,8.25315296832618,False
0.47100000000000003,203.13967198855238,0.5077278017997742,8.253146839902266,False
0.47150000000000003,203.1396716693876,0.5077278017997742,8.25314037397855,False
0.47200000000000003,203.1396691486154,0.507727861404419,8.253140382252123,False
0.47250000000000003,203.13966894454785,0.5077279806137085,8.253152968315009,False
0.47300000000000003,203.13967198854704,0.5077278017997742,8.253146839891716,False
0.47350000000000003,203.13967166937746,0.5077278017997742,8.25314037396993,False
0.47400000000000003,203.13966914860174,0.507727861404419,8.253140382246468,False
0.47450000000000003,203.13966894453247,0.5077279806137085,8.25315296831297,False
0.47500000000000003,203.13967198853192,0.5077278017997742,8.253146839893475,False
0.47550000000000003,203.13967166936445,0.5077278017997742,8.253140373975189,False
0.47600000000000003,203.13966914859245,0.507727861404419,8.253140382254495,False
0.47650000000000003,203.13966894452804,0.5077279806137085,8.253152968322706,False
0.47700000000000004,203.1396719885328,0.5077278017997742,8.253146839903652,False
0.47750000000000004,203.13967166937041,0.5077278017997742,8.25314037398451,False
0.47800000000000004,203.13966914860265,0.507727861404419,8.253140382261806,False
0.47850000000000004,203.13966894454106,0.5077279806137085,8.253152968327125,False
0.47900000000000004,203.13967198854695,0.5077278017997742,8.253146839904693,False
0.47950000000000004,203.1396716693839,0.5077278017997742,8.25314037398212,False
0.48,203.13966914861382,0.507727861404419,8.253140382256356,False
0.4805,203.13966894454856,0.5077279806137085,8.25315296831935,False
0.481,203.13967198854994,0.5077278017997742,8.253146839895612,False
0.4815,203.13967166938204,0.5077278017997742,8.2531403739729,False
0.482,203.13966914860742,0.507727861404419,8.253140382248162,False
0.4825,203.13966894453856,0.5077279806137085,8.253152968313193,False
0.483,203.13967198853763,0.5077278017997742,8.253146839892226,False
0.4835,203.13967166936908,0.5077278017997742,8.253140373972657,False
0.484,203.13966914859543,0.507727861404419,8.25314038225102,False
0.4845,203.13966894452903,0.5077279806137085,8.25315296831873,False
0.485,203.13967198853166,0.5077278017997742,8.253146839899692,False
0.4855,203.13967166936732,0.5077278017997742,8.253140373981081,False
0.486,203.13966914859807,0.507727861404419,8.253140382259332,False
0.4865,203.13966894453566,0.5077279806137085,8.253152968325887,False
0.487,203.1396719885414,0.5077278017997742,8.253146839904808,False
0.4875,203.1396716693789,0.5077278017997742,8.253140373983541,False
0.488,203.13966914860995,0.507727861404419,8.25314038225887,False
0.4885,203.13966894454626,0.5077279806137085,8.25315296832263,False
0.489,203.13967198854942,0.5077278017997742,8.253146839899241,False
0.4895,203.13967166938343,0.5077278017997742,8.253140373976416,False
0.49,203.1396691486105,0.507727861404419,8.25314038225112,False
0.4905,203.13966894454285,0.5077279806137085,8.253152968315236,False
0.491,203.1396719885426,0.5077278017997742,8.253146839893123,False
0.4915,203.1396716693741,0.5077278017997742,8.25314037397231,False
0.492,203.13966914859986,0.507727861404419,8.253140382249494,False
0.4925,203.1396689445323,0.5077279806137085,8.253152968316247,False
0.493,203.13967198853342,0.5077278017997742,8.253146839896585,False
0.4935,203.13967166936737,0.5077278017997742,8.253140373977748,False
0.494,203.13966914859645,0.507727861404419,8.253140382256195,False
0.4945,203.1396689445326,0.5077279806137085,8.253152968323331,False
0.495,203.1396719885373,0.5077278017997742,8.253146839903149,False
0.4955,203.13967166937428,0.5077278017997742,8.25314037398297,False
0.496,203.1396691486054,0.507727861404419,8.253140382259442,False
0.4965,203.13966894454245,0.5077279806137085,8.253152968324239,False
0.497,203.1396719885468,0.5077278017997742,8.253146839901644,False
0.4975,203.13967166938227,0.5077278017997742,8.253140373979289,False
0.498,203.13966914861084,0.507727861404419,8.253140382254092,False
0.4985,203.1396689445446,0.5077279806137085,8.253152968317947,False
0.499,203.1396719885456,0.5077278017997742,8.253146839895239,False
0.4995,203.1396716693779,0.5077278017997742,8.253140373973581,False
0.5,203.13966914860399,0.507727861404419,8.25314038224978,False
0.5005000000000001,203.13966894453623,0.5077279806137085,8.253152968315538,False
0.501,203.13967198853666,0.5077278017997742,8.253146839894983,False
0.5015000000000001,203.1396716693696,0.5077278017997742,8.25314037397547,False
0.502,203.1396691485973,0.507727861404419,8.253140382253534,False
0.5025000000000001,203.13966894453205,0.5077279806137085,8.253152968320634,False
0.503,203.13967198853538,0.5077278017997742,8.253146839900758,False
0.5035000000000001,203.13967166937132,0.5077278017997742,8.253140373981186,False
0.504,203.13966914860183,0.507727861404419,8.253140382258476,False
0.5045000000000001,203.13966894453864,0.5077279806137085,8.253152968324198,False
0.505,203.13967198854328,0.5077278017997742,8.253146839902518,False
0.5055000000000001,203.13967166937942,0.5077278017997742,8.25314037398095,False
0.506,203.13966914860913,0.507727861404419,8.25314038225632,False
0.5065000000000001,203.1396689445443,0.5077279806137085,8.253152968320427,False
0.507,203.1396719885465,0.5077278017997742,8.253146839897646,False
0.5075000000000001,203.13967166937996,0.5077278017997742,8.253140373975615,False
0.508,203.13966914860688,0.507727861404419,8.253140382251198,False
0.5085000000000001,203.13966894453964,0.5077279806137085,8.253152968316165,False
0.509,203.1396719885401,0.5077278017997742,8.25314683989476,False
0.5095000000000001,203.13967166937263,0.5077278017997742,8.253140373974437,False
0.51,203.13966914859958,0.507727861404419,8.25314038225184,False
0.5105000000000001,203.1396689445332,0.5077279806137085,8.253152968318515,False
0.511,203.1396719885354,0.5077278017997742,8.253146839898491,False
0.5115000000000001,203.13967166937022,0.5077278017997742,8.25314037397905,False
0.512,203.1396691485997,0.507727861404419,8.25314038225674,False
0.5125,203.13966894453586,0.5077279806137085,8.253152968323077,False
0.513,203.13967198854013,0.5077278017997742,8.253146839902133,False
0.5135,203.1396716693764,0.5077278017997742,8.253140373981333,False
0.514,203.13966914860654,0.507727861404419,8.2531403822574,False
0.5145,203.13966894454245,0.5077279806137085,8.253152968322063,False
0.515,203.1396719885457,0.5077278017997742,8.253146839899605,False
0.5155,203.1396716693802,0.5077278017997742,8.253140373977644,False
0.516,203.13966914860814,0.507727861404419,8.25314038225304,False
0.5165,203.13966894454168,0.5077279806137085,8.253152968317593,False
0.517,203.1396719885427,0.5077278017997742,8.253146839895608,False
0.5175,203.1396716693754,0.5077278017997742,8.253140373974622,False
0.518,203.13966914860222,0.507727861404419,8.253140382251354,False
0.5185,203.1396689445354,0.5077279806137085,8.253152968317428,False
0.519,203.1396719885369,0.5077278017997742,8.253146839896951,False
0.5195,203.1396716693708,0.5077278017997742,8.253140373977251,False
0.52,203.13966914859935,0.507727861404419,8.253140382254907,False
0.5205,203.1396689445346,0.5077279806137085,8.253152968321437,False
0.521,203.1396719885382,0.5077278017997742,8.253146839900893,False
0.5215,203.139671669374,0.5077278017997742,8.253140373980635,False
0.522,203.13966914860399,0.507727861404419,8.253140382257317,False
0.5225,203.13966894454006,0.5077279806137085,8.253152968322594,False
0.523,203.13967198854377,0.5077278017997742,8.25314683990068,False
0.5235,203.13967166937897,0.5077278017997742,8.253140373979113,False
0.524,203.1396691486078,0.507727861404419,8.253140382254708,False
0.5245,203.13966894454225,0.5077279806137085,8.253152968319235,False
0.525,203.13967198854405,0.5077278017997742,8.253146839897015,False
0.5255,203.1396716693774,0.5077278017997742,8.253140373975608,False
0.526,203.13966914860455,0.507727861404419,8.253140382251804,False
0.5265,203.1396689445378,0.5077279806137085,8.25315296831729,False
0.527,203.139671988539,0.5077278017997742,8.25314683989625,False
0.5275,203.13967166937238,0.5077278017997742,8.253140373976098,False
0.528,203.13966914860018,0.507727861404419,8.25314038225346,False
0.5285,203.1396689445346,0.5077279806137085,8.25315296831989,False
0.529,203.13967198853737,0.5077278017997742,8.253146839899452,False
0.5295,203.13967166937246,0.5077278017997742,8.253140373979488,False
0.53,203.13966914860197,0.507727861404419,8.253140382256614,False
0.5305,203.13966894453787,0.5077279806137085,8.253152968322414,False
0.531,203.13967198854166,0.5077278017997742,8.25314683990103,False
0.5315,203.13967166937724,0.5077278017997742,8.25314037397994,False
0.532,203.13966914860657,0.507727861404419,8.253140382255902,False
0.5325,203.13966894454168,0.5077279806137085,8.253152968320652,False
0.533,203.13967198854422,0.5077278017997742,8.253146839898477,False
0.5335,203.1396716693783,0.5077278017997742,8.25314037397694,False
0.534,203.13966914860606,0.507727861404419,8.25314038225283,False
0.5345,203.13966894453966,0.5077279806137085,8.253152968317899,False
0.535,203.139671988541,0.5077278017997742,8.25314683989638,False
0.5355,203.13967166937425,0.5077278017997742,8.253140373975745,False
0.536,203.1396691486017,0.507727861404419,8.25314038225268,False
0.5365,203.13966894453563,0.5077279806137085,8.253152968318789,False
0.537,203.13967198853777,0.5077278017997742,8.253146839898172,False
0.5375,203.13967166937223,0.5077278017997742,8.253140373978193,False
0.538,203.13966914860114,0.507727861404419,8.253140382255447,False
0.5385,203.1396689445365,0.5077279806137085,8.253152968321515,False
0.539,203.13967198853993,0.5077278017997742,8.253146839900518,False
0.5395,203.1396716693754,0.5077278017997742,8.25314037397987,False
0.54,203.1396691486048,0.507727861404419,8.253140382256282,False
0.5405,203.1396689445403,0.5077279806137085,8.253152968321425,False
0.541,203.13967198854337,0.5077278017997742,8.253146839899523,False
0.5415,203.13967166937803,0.5077278017997742,8.253140373978123,False
0.542,203.1396691486064,0.507727861404419,8.253140382254006,False
0.5425,203.1396689445406,0.5077279806137085,8.253152968318911,False
0.543,203.1396719885424,0.5077278017997742,8.253146839897099,False
0.5435,203.13967166937587,0.5077278017997742,8.25314037397609,False
0.544,203.13966914860333,0.507727861404419,8.253140382252626,False
0.5445,203.13966894453708,0.5077279806137085,8.253152968318357,False
0.545,203.13967198853888,0.5077278017997742,8.253146839897415,False
0.5455,203.13967166937283,0.5077278017997742,8.253140373977217,False
0.546,203.13966914860117,0.507727861404419,8.253140382254394,False
0.5465,203.13966894453597,0.5077279806137085,8.253152968320524,False
0.547,203.13967198853896,0.5077278017997742,8.253146839899717,False
0.5475,203.13967166937408,0.5077278017997742,8.253140373979358,False
0.548,203.13966914860347,0.507727861404419,8.253140382256095,False
0.5485,203.13966894453898,0.5077279806137085,8.253152968321563,False
0.549,203.1396719885422,0.5077278017997742,8.253146839899975,False
0.5495,203.13967166937715,0.5077278017997742,8.253140373978825,False
0.55,203.13966914860598,0.507727861404419,8.253140382254873,False
0.5505,203.13966894454066,0.5077279806137085,8.253152968319831,False
0.551,203.13967198854291,0.5077278017997742,8.253146839897946,False
0.5515,203.13967166937684,0.5077278017997742,8.253140373976752,False
0.552,203.13966914860455,0.507727861404419,8.253140382253019,False
0.5525,203.13966894453839,0.5077279806137085,8.253152968318433,False
0.553,203.1396719885401,0.5077278017997742,8.25314683989718,False
0.5535,203.13967166937385,0.5077278017997742,8.253140373976708,False
0.554,203.13966914860185,0.507727861404419,8.253140382253674,False
0.5545,203.1396689445363,0.5077279806137085,8.25315296831968,False
0.555,203.1396719885388,0.5077278017997742,8.253146839898848,False
0.5555,203.1396716693735,0.5077278017997742,8.253140373978578,False
0.556,203.13966914860245,0.507727861404419,8.253140382255518,False
0.5565,203.1396689445377,0.5077279806137085,8.253152968321272,False
0.557,203.13967198854093,0.5077278017997742,8.253146839899998,False
0.5575,203.13967166937604,0.5077278017997742,8.253140373979148,False
0.558,203.1396691486051,0.507727861404419,8.253140382255442,False
0.5585,203.13966894454012,0.5077279806137085,8.253152968320569,False
0.559,203.13967198854277,0.5077278017997742,8.253146839898768,False
0.5595,203.1396716693771,0.5077278017997742,8.25314037397756,False
0.56,203.13966914860526,0.507727861404419,8.253140382253699,False
0.5605,203.1396689445394,0.5077279806137085,8.253152968318895,False
0.561,203.13967198854124,0.5077278017997742,8.253146839897378,False
0.5615,203.13967166937502,0.5077278017997742,8.253140373976619,False
0.562,203.13966914860285,0.507727861404419,8.253140382253314,False
0.5625,203.13966894453696,0.5077279806137085,8.25315296831911,False
0.5630000000000001,203.13967198853916,0.5077278017997742,8.253146839898152,False
0.5635,203.13967166937348,0.5077278017997742,8.253140373977837,False
0.5640000000000001,203.13966914860208,0.507727861404419,8.253140382254822,False
0.5645,203.13966894453705,0.5077279806137085,8.253152968320704,False
0.5650000000000001,203.13967198854007,0.5077278017997742,8.253146839899621,False
0.5655,203.13967166937505,0.5077278017997742,8.253140373979003,False
0.5660000000000001,203.13966914860416,0.507727861404419,8.25314038225554,False
0.5665,203.13966894453935,0.5077279806137085,8.253152968320883,False
0.5670000000000001,203.13967198854223,0.5077278017997742,8.253146839899244,False
0.5675,203.13967166937684,0.5077278017997742,8.253140373978136,False
0.5680000000000001,203.1396691486053,0.507727861404419,8.253140382254307,False
0.5685,203.13966894453972,0.5077279806137085,8.253152968319462,False
0.5690000000000001,203.1396719885418,0.5077278017997742,8.253146839897832,False
0.5695,203.13967166937573,0.5077278017997742,8.253140373976912,False
0.5700000000000001,203.1396691486037,0.507727861404419,8.253140382253418,False
0.5705,203.13966894453782,0.5077279806137085,8.253152968319007,False
0.5710000000000001,203.1396719885399,0.5077278017997742,8.253146839897854,False
0.5715,203.139671669374,0.5077278017997742,8.253140373977386,False
0.5720000000000001,203.1396691486023,0.507727861404419,8.253140382254276,False
0.5725,203.13966894453696,0.5077279806137085,8.25315296832014,False
0.5730000000000001,203.1396719885397,0.5077278017997742,8.253146839899117,False
0.5735,203.13967166937445,0.5077278017997742,8.253140373978617,False
0.5740000000000001,203.13966914860333,0.507727861404419,8.253140382255328,False
0.5745,203.1396689445384,0.5077279806137085,8.253152968320892,False
0.5750000000000001,203.13967198854135,0.5077278017997742,8.253146839899477,False
0.5755,203.13967166937613,0.5077278017997742,8.253140373978562,False
0.5760000000000001,203.13966914860487,0.507727861404419,8.253140382254868,False
0.5765,203.13966894453958,0.5077279806137085,8.253152968320093,False
0.577,203.139671988542,0.5077278017997742,8.253146839898456,False
0.5775,203.1396716693762,0.5077278017997742,8.253140373977452,False
0.578,203.1396691486044,0.507727861404419,8.253140382253807,False
0.5785,203.13966894453864,0.5077279806137085,8.253152968319204,False
0.579,203.13967198854073,0.5077278017997742,8.25314683989784,False
0.5795,203.13967166937476,0.5077278017997742,8.253140373977178,False
0.58,203.13966914860293,0.507727861404419,8.2531403822539,False
0.5805,203.13966894453733,0.5077279806137085,8.253152968319641,False
0.581,203.1396719885398,0.5077278017997742,8.25314683989856,False
0.5815,203.13967166937425,0.5077278017997742,8.253140373978075,False
0.582,203.13966914860285,0.507727861404419,8.253140382254868,False
0.5825,203.1396689445378,0.5077279806137085,8.253152968320565,False
0.583,203.13967198854064,0.5077278017997742,8.253146839899316,False
0.5835,203.13967166937542,0.5077278017997742,8.253140373978578,False
0.584,203.13966914860427,0.507727861404419,8.253140382255053,False
0.5845,203.13966894453918,0.5077279806137085,8.253152968320403,False
0.585,203.13967198854183,0.5077278017997742,8.253146839898838,False
0.5855,203.1396716693763,0.5077278017997742,8.253140373977848,False
0.586,203.1396691486047,0.507727861404419,8.253140382254156,False
0.5865,203.13966894453912,0.5077279806137085,8.253152968319458,False
0.587,203.1396719885413,0.5077278017997742,8.253146839897973,False
0.5875,203.13967166937536,0.5077278017997742,8.253140373977162,False
0.588,203.13966914860342,0.507727861404419,8.253140382253747,False
0.5885,203.13966894453776,0.5077279806137085,8.253152968319375,False
0.589,203.13967198854,0.5077278017997742,8.253146839898216,False
0.5895,203.1396716693743,0.5077278017997742,8.253140373977699,False
0.59,203.13966914860282,0.507727861404419,8.253140382254493,False
0.5905,203.13966894453756,0.5077279806137085,8.25315296832022,False
0.591,203.1396719885403,0.5077278017997742,8.253146839899053,False
0.5915,203.13967166937496,0.5077278017997742,8.253140373978418,False
0.592,203.1396691486038,0.507727861404419,8.25314038225501,False
0.5925,203.13966894453873,0.5077279806137085,8.253152968320475,False
0.593,203.1396719885414,0.5077278017997742,8.253146839899017,False
0.5935,203.13967166937599,0.5077278017997742,8.253140373978116,False
0.594,203.13966914860455,0.507727861404419,8.253140382254486,False
0.5945,203.13966894453918,0.5077279806137085,8.253152968319801,False
0.595,203.13967198854155,0.5077278017997742,8.253146839898267,False
0.5955,203.13967166937573,0.5077278017997742,8.25314037397738,False
0.596,203.13966914860393,0.507727861404419,8.253140382253855,False
0.5965,203.13966894453827,0.5077279806137085,8.253152968319357,False
0.597,203.13967198854047,0.5077278017997742,8.253146839898077,False
0.5975,203.13967166937462,0.5077278017997742,8.253140373977462,False
0.598,203.13966914860293,0.507727861404419,8.253140382254202,False
0.5985,203.13966894453748,0.5077279806137085,8.25315296831993,False
0.599,203.13967198854002,0.5077278017997742,8.253146839898802,False
0.5995,203.13967166937462,0.5077278017997742,8.253140373978244,False
0.6,203.13966914860333,0.507727861404419,8.253140382254934,False
0.6005,199.48271233229158,0.5388738512992859,11.875419424428545,False
0.601,197.91866874065124,0.54256272315979,16.47286148214732,False
0.6015,198.49668433886893,0.5149070620536804,18.418122319159135,False
0.602,199.83992987545182,0.4935098886489868,17.97345379530125,False
0.6025,200.71273374857307,0.4826272428035736,16.142110412442133,False
0.603,200.5714387698579,0.4866604804992676,14.625730145415805,False
0.6035,199.85795886417253,0.5042916536331177,15.006467298146621,False
0.604,199.46028649920333,0.5092532634735107,16.026697489168754,False
0.6045,199.54708748501994,0.5017286539077759,16.32644100972375,False
0.605,199.739431407664,0.4976702034473419,16.18126255867397,False
0.6055,199.825476010084,0.49647313356399536,15.879874287723577,False
0.606,199.765921774811,0.4982853829860687,15.7583573850059,False
0.6065,199.67245067517166,0.5004988312721252,15.879803125496048,False
0.607,199.64821224894865,0.5002479553222656,15.99072592031994,False
0.6075,199.67271916650503,0.49917590618133545,15.993347366895554,False
0.608,199.69231892699304,0.49879810214042664,15.952242406672287,False
0.6085,199.6905902616763,0.4989759922027588,15.926854383130845,False
0.609,199.67936605914107,0.4993131458759308,15.937157364635583,False
0.6095,199.67487596438986,0.4993433952331543,15.952497453837204,False
0.61,199.6773874078339,0.4992094933986664,15.95456265083163,False
0.6105,199.680045214887,0.4991432726383209,15.949287303781514,False
0.611,199.67999998014741,0.49917104840278625,15.946487965495667,False
0.6115,199.67889092519113,0.49920812249183655,15.947578915020323,False
0.612,199.67848220159738,0.4992108643054962,15.949138221442855,False
0.6125,199.67877490911042,0.49919670820236206,15.949282324849385,False
0.613,199.67904836446976,0.4991903305053711,15.948710842609277,False
0.6135,199.67903344532144,0.49919363856315613,15.948440882692836,False
0.614,199.67891907796482,0.49919742345809937,15.948569521397493,False
0.6145,199.6788830011283,0.49919748306274414,15.948723155367823,False
0.615,199.67891495593764,0.49919602274894714,15.948729810233756,False
0.6155,199.67894143855204,0.4991954565048218,15.948671900689865,False
0.616,199.67893846922857,0.49919575452804565,15.948641130381327,False
0.6165,199.6789244502919,0.49919620156288147,15.948657655545965,False
0.617,199.67892034335367,0.49919620156288147,15.94867646671687,False
0.6175,199.67892482213756,0.49919605255126953,15.948680178200181,False
0.618,199.6789298539975,0.49919596314430237,15.948673658107719,False
0.6185,199.6789310278494,0.49919596314430237,15.948666355779368,False
0.619,199.6789289303235,0.49919602274894714,15.948665191295333,False
0.6195,199.67892674946543,0.49919605255126953,15.948667577552634,False
0.62,199.67892601646966,0.49919605255126953,15.948670331431895,False
0.6205,199.67892676569318,0.49919605255126953,15.948673081919665,False
0.621,199.67892854985388,0.49919602274894714,15.948672501745161,False
0.6215,199.67892927183004,0.49919596314430237,15.948665587276732,False
0.622,199.67892725682657,0.49919605255126953,15.948667865907893,False
0.6225,199.67892661724375,0.49919605255126953,15.948670479400073,False
0.623,199.67892737839105,0.49919605255126953,15.9486730762374,False
0.6235,199.67892909484115,0.49919602274894714,15.948672349547524,False
0.624,199.67892968153544,0.49919596314430237,15.948665314325872,False
0.6245,199.6789274839675,0.49919605255126953,15.948667512489536,False
0.625,199.67892664008784,0.49919605255126953,15.948670094514963,False
0.6255000000000001,199.67892720249887,0.49919605255126953,15.948672710909214,False
0.626,199.67892903997125,0.49919605255126953,15.948675022300227,False
0.6265000000000001,199.67893099577122,0.49919596314430237,15.948667826393303,False
0.627,199.67892965176034,0.49919602274894714,15.948666573948802,False
0.6275000000000001,199.6789278110821,0.49919602274894714,15.948665725171038,False
0.628,199.67892602093534,0.49919605255126953,15.948668345025336,False
0.6285000000000001,199.67892575647247,0.49919605255126953,15.948671223641083,False
0.629,199.67892669953102,0.49919602274894714,15.948671006276752,False
0.6295000000000001,199.6789277207198,0.49919605255126953,15.948673549118201,False
0.63,199.6789290646409,0.49919596314430237,15.948666765299434,False
0.6305000000000001,199.6789273836722,0.49919602274894714,15.948666044828872,False
0.631,199.67892637930763,0.4991961121559143,15.948674690661097,False
0.6315000000000001,199.67892902491786,0.49919602274894714,15.94867409848189,False
0.632,199.67893051109465,0.49919596314430237,15.948666966270185,False
0.6325000000000001,199.67892877962746,0.49919602274894714,15.948665885963049,False
0.633,199.67892668028145,0.49919602274894714,15.948665291013327,False
0.6335000000000001,199.67892536582127,0.4991961121559143,15.94867415450186,False
0.634,199.67892784515908,0.49919602274894714,15.948673840163034,False
0.6345000000000001,199.67892932437104,0.49919596314430237,15.948667007581912,False
0.635,199.67892773950953,0.49919602274894714,15.948666209086651,False
0.6355000000000001,199.67892591500592,0.49919602274894714,15.948665842472904,False
0.636,199.67892496278293,0.4991961121559143,15.948674853556849,False
0.6365000000000001,199.67892784132448,0.49919602274894714,15.948674590372823,False
0.637,199.67892970360452,0.49919596314430237,15.948667709916313,False
0.6375000000000001,199.67892843686946,0.49919602274894714,15.948666774824842,False
0.638,199.67892682716615,0.49919602274894714,15.948666204233344,False
0.6385000000000001,199.67892596297781,0.4991961121559143,15.948674973111478,False
0.639,199.67892879669873,0.49919602274894714,15.948674462370025,False
0.6395000000000001,199.67893049262673,0.49919596314430237,15.948667361202599,False
0.64,199.67892896455777,0.49919602274894714,15.94866625963592,False
0.6405,199.67892703625026,0.49919602274894714,15.948665596047796,False
0.641,199.67892583972514,0.4991961121559143,15.948674354358419,False
0.6415,199.67892837087408,0.49919602274894714,15.948673913409452,False
0.642,199.67892983183611,0.49919596314430237,15.948666950032125,False
0.6425,199.67892816393947,0.49919602274894714,15.948666033622978,False
0.643,199.6789262050395,0.49919602274894714,15.948665576671035,False
0.6435,199.67892508655768,0.4991961121559143,15.948674535511989,False
0.644,199.67892778977975,0.49919602274894714,15.94867426334093,False
0.6445,199.67892949070193,0.49919596314430237,15.948667416512077,False
0.645,199.67892809683025,0.49919602274894714,15.948666551544152,False
0.6455,199.67892640920726,0.49919602274894714,15.948666076994325,False
0.646,199.67892552433008,0.4991961121559143,15.948674954347482,False
0.6465,199.6789283948809,0.49919602274894714,15.948674549985547,False
0.647,199.6789301780043,0.49919596314430237,15.948667539449184,False
0.6475,199.67892819661412,0.49919596314430237,15.948660557411063,False
0.648,199.67892430726735,0.4991961121559143,15.948669365261864,False
0.6485,199.67892532199596,0.4991961121559143,15.948678532649605,False
0.649,199.67892946162758,0.49919596314430237,15.94867199975258,False
0.6495,199.67892983110133,0.49919596314430237,15.94866489935062,False
0.65,199.678927406044,0.49919605255126953,15.948667088648701,False
0.6505,199.67892635421714,0.49919605255126953,15.948669716922266,False
0.651,199.6789267542679,0.49919605255126953,15.948672426408773,False
0.6515,199.6789284940387,0.49919605255126953,15.948674863760598,False
0.652,199.6789304267215,0.49919596314430237,15.948667809044299,False
0.6525,199.678928556535,0.49919596314430237,15.948660749845189,False
0.653,199.67892472727075,0.4991961121559143,15.94866945889431,False
0.6535,199.67892574533008,0.4991961121559143,15.948678519502698,False
0.654,199.67893041099552,0.49919602274894714,15.948677830276889,False
0.6545,199.67893278775978,0.4991958737373352,15.948661206597054,False
0.655,199.67892816636507,0.49919605255126953,15.948662927263179,False
0.6555,199.6789249114963,0.49919605255126953,15.94866564392351,False
0.656,199.67892396415147,0.4991961121559143,15.948674908497424,False
0.6565,199.67892697635372,0.49919602274894714,15.948674881146609,False
0.657,199.67892907844805,0.49919596314430237,15.948668189141308,False
0.6575,199.67892812228325,0.49919602274894714,15.948667372752096,False
0.658,199.67892685084448,0.49919602274894714,15.948666838687828,False
0.6585,199.67892630776996,0.4991961121559143,15.948675560623693,False
0.659,199.6789294046927,0.49919602274894714,15.948674929011014,False
0.6595,199.67893069680602,0.4991959035396576,15.94866170743132,False
0.66,199.6789265520585,0.49919605255126953,15.94866389679667,False
0.6605,199.6789251175293,0.4991961717605591,15.948678826010289,False
0.661,199.67893000594609,0.49919602274894714,15.948678267354447,False
0.6615,199.67893293725984,0.4991959035396576,15.948664684502942,False
0.662,199.67892978527885,0.49919602274894714,15.948663170969025,False
0.6625,199.67892648346657,0.49919605255126953,15.948665483668595,False
0.663,199.6789252880942,0.4991961121559143,15.948674381809925,False
0.6635,199.678927891598,0.49919602274894714,15.948674071320546,False
0.664,199.678929483805,0.49919596314430237,15.948667212571596,False
0.6645,199.67892798663817,0.49919602274894714,15.948666362521669,False
0.665,199.67892621425597,0.49919602274894714,15.948665926682995,False
0.6655,199.6789252733312,0.4991961121559143,15.948674860549193,False
0.666,199.678928122589,0.49919602274894714,15.948674522461175,False
0.6665,199.6789299204765,0.49919596314430237,15.948667578992849,False
0.667,199.67892856401969,0.49919602274894714,15.948666600425076,False
0.6675,199.67892685190944,0.49919602274894714,15.94866601069444,False
0.668,199.67892588638458,0.4991961121559143,15.94867478622878,False
0.6685,199.6789286328836,0.49919602274894714,15.948674306004488,False
0.669,199.67893026638228,0.49919596314430237,15.948667254279467,False
0.6695,199.67892813018568,0.49919596314430237,15.948660269601898,False
0.67,199.6789241010619,0.4991961121559143,15.948669112097392,False
0.6705,199.67892443095,0.49919605255126953,15.948672401082009,False
0.671,199.67892640356686,0.49919605255126953,15.948675397061033,False
0.6715,199.67892882940606,0.49919596314430237,15.94866880881686,False
0.672,199.6789282156656,0.49919602274894714,15.948668011827127,False
0.6725,199.6789272603241,0.49919602274894714,15.948667413809577,False
0.673,199.67892638976778,0.49919605255126953,15.948670055868362,False
0.6735,199.67892695894545,0.49919605255126953,15.948672734786646,False
0.674,199.67892883436056,0.49919605255126953,15.948675103012844,False
0.6745,199.67893085307978,0.49919596314430237,15.948667951148284,False
0.675,199.67892958779728,0.49919602274894714,15.948666724797647,False
0.6755,199.67892783082922,0.49919602274894714,15.948665881542638,False
0.676,199.678925829594,0.49919602274894714,15.948665514340298,False
0.6765,199.6789247190342,0.4991961121559143,15.948674567242627,False
0.677,199.67892747731852,0.49919602274894714,15.948674381115888,False
0.6775,199.6789298488883,0.49919602274894714,15.94867354583861,False
0.678,199.67893096601506,0.49919596314430237,15.948666252037256,False
0.6785,199.67892882211405,0.49919602274894714,15.948665109124581,False
0.679,199.6789266107894,0.49919605255126953,15.948667526667938,False
0.6795,199.67892586650808,0.49919605255126953,15.94867031710226,False
0.68,199.6789266242856,0.49919605255126953,15.948673104473043,False
0.6805,199.67892843490856,0.49919602274894714,15.948672556731937,False
0.681,199.67892919709112,0.49919596314430237,15.948665666243485,False
0.6815,199.6789272302725,0.49919605255126953,15.948667957656069,False
0.682,199.67892664029696,0.49919605255126953,15.948670571546751,False
0.6825,199.6789271572468,0.49919602274894714,15.948670184712105,False
0.683,199.678927710959,0.49919605255126953,15.948672671258874,False
0.6835,199.6789291856605,0.49919602274894714,15.948671891181274,False
0.684,199.67892952894718,0.49919596314430237,15.948664863999827,False
0.6845,199.67892711782082,0.49919605255126953,15.948667128033993,False
0.685,199.67892611657214,0.49919605255126953,15.948669822842977,False
0.6855,199.67892659578874,0.49919605255126953,15.948672582412016,False
0.686,199.6789284318969,0.49919605255126953,15.94867504761013,False
0.6865,199.67893046493,0.49919596314430237,15.948667995833555,False
0.687,199.67892868597806,0.49919596314430237,15.948660915325513,False
0.6875,199.67892492742826,0.4991961121559143,15.948669582579587,False
0.6880000000000001,199.6789259874032,0.4991961121559143,15.948678587158632,False
0.6885,199.67893008445046,0.49919596314430237,15.948671891195039,False
0.6890000000000001,199.67893033266853,0.49919596314430237,15.948664648541529,False
0.6895,199.67892743786274,0.49919602274894714,15.948663761757532,False
0.6900000000000001,199.678925263231,0.4991961121559143,15.948672543092396,False
0.6905,199.6789272202435,0.49919605255126953,15.948675330308237,False
0.6910000000000001,199.6789295256444,0.49919596314430237,15.948668550619987,False
0.6915,199.67892812903384,0.49919596314430237,15.94866165920726,False
0.6920000000000001,199.67892423131192,0.49919605255126953,15.948664467293247,False
0.6925,199.67892275574994,0.4991961121559143,15.948673971460527,False
0.6930000000000001,199.6789257065814,0.49919605255126953,15.948677266903585,False
0.6935,199.67892973742772,0.49919602274894714,15.948676668437916,False
0.6940000000000001,199.6789318815801,0.4991959035396576,15.948663253955347,False
0.6945,199.67892811158583,0.49919602274894714,15.948662086549257,False
0.6950000000000001,199.67892501120676,0.4991961121559143,15.94867081532711,False
0.6955,199.67892611359105,0.49919605255126953,15.948673775338078,False
0.6960000000000001,199.67892832042688,0.49919602274894714,15.948673306394213,False
0.6965,199.67892947710268,0.49919596314430237,15.948666394591935,False
0.6970000000000001,199.67892756341485,0.49919602274894714,15.948665599351283,False
0.6975,199.6789263128104,0.4991961121559143,15.948674231067411,False
0.6980000000000001,199.67892873102812,0.49919602274894714,15.948673684722497,False
0.6985,199.67893003724515,0.49919596314430237,15.948666649877856,False
0.6990000000000001,199.6789281945191,0.49919602274894714,15.948665703747473,False
0.6995,199.67892635288405,0.49919605255126953,15.948668233072045,False
0.7000000000000001,199.67892599620265,0.49919605255126953,15.948671039389753,False
0.7005,199.67892681992038,0.49919602274894714,15.948670776537732,False
0.7010000000000001,199.6789277111903,0.49919605255126953,15.948673305460208,False
0.7015,199.67892893183583,0.49919596314430237,15.948666539773846,False
0.7020000000000001,199.67892714988074,0.49919602274894714,15.948665865809756,False
0.7025,199.6789260789341,0.4991961121559143,15.948674579333538,False
0.7030000000000001,199.67892869953306,0.49919602274894714,15.948674066405191,False
0.7035,199.67893020376815,0.49919596314430237,15.948667014285837,False
0.704,199.67892795178054,0.49919596314430237,15.948660060228566,False
0.7045,199.6789238347329,0.4991961121559143,15.94866895911188,False
0.705,199.6789241147598,0.49919605255126953,15.948672321895186,False
0.7055,199.67892608043275,0.49919605255126953,15.948675398826378,False
0.706,199.6789285413541,0.49919596314430237,15.94866888793386,False
0.7065,199.67892799843986,0.49919602274894714,15.948668154854294,False
0.707,199.67892713903134,0.49919602274894714,15.9486675996106,False
0.7075,199.67892695359868,0.4991961121559143,15.948676202966654,False
0.708,199.6789303098469,0.49919602274894714,15.948675374747557,False
0.7085,199.67893173357,0.4991959035396576,15.94866190717962,False
0.709,199.6789272922774,0.49919602274894714,15.948660862852797,False
0.7095,199.67892423191162,0.4991961717605591,15.948675811941994,False
0.71,199.67892767661326,0.49919602274894714,15.948675661638516,False
0.7105,199.67893010274145,0.49919596314430237,15.948668750992422,False
0.711,199.67892874728926,0.49919596314430237,15.948661708197001,False
0.7115,199.67892480915557,0.49919605255126953,15.948664364879347,False
0.712,199.67892322022965,0.4991961121559143,15.948673737178604,False
0.7125,199.67892600242655,0.49919605255126953,15.948676936507777,False
0.713,199.67892925593065,0.49919596314430237,15.948670344303155,False
0.7135,199.67892938028317,0.49919602274894714,15.948669345190558,False
0.714,199.67892898186025,0.49919602274894714,15.948668381249979,False
0.7145,199.6789281339023,0.49919602274894714,15.948667575521206,False
0.715,199.67892696466166,0.49919602274894714,15.948667025483076,False
0.7155,199.67892650482673,0.4991961121559143,15.948675707983602,False
0.716,199.67892965606887,0.49919602274894714,15.948675019545089,False
0.7165,199.67893096777024,0.4991959035396576,15.948661731813328,False
0.717,199.67892680679628,0.49919605255126953,15.948663854633311,False
0.7175,199.67892532381407,0.4991961717605591,15.94867872551982,False
0.718,199.67893013915216,0.49919602274894714,15.948678123946392,False
0.7185,199.67893269446571,0.4991958737373352,15.948661546336185,False
0.719,199.67892825623187,0.49919605255126953,15.948663267271035,False
0.7195,199.678925165286,0.49919605255126953,15.948665940272603,False
0.72,199.6789243422548,0.4991961121559143,15.948675124729373,False
0.7205,199.67892742475487,0.49919602274894714,15.948674992670055,False
0.721,199.67893011382276,0.49919602274894714,15.948674130217785,False
0.7215,199.67893092347944,0.4991959035396576,15.948660790589578,False
0.722,199.67892628709708,0.49919605255126953,15.948662985246054,False
0.7225,199.67892383811719,0.4991961121559143,15.948672092964676,False
0.723,199.67892571628238,0.49919605255126953,15.948675251106652,False
0.7235,199.6789287178972,0.49919602274894714,15.948674781425476,False
0.724,199.67893058490284,0.49919596314430237,15.948667678397706,False
0.7245,199.67892920886567,0.49919602274894714,15.948666534078448,False
0.725,199.67892739470082,0.49919602274894714,15.948665794071127,False
0.7255,199.67892626126465,0.4991961121559143,15.948674453569032,False
0.726,199.67892879842722,0.49919602274894714,15.948673905109613,False
0.7265,199.67893020992844,0.49919596314430237,15.948666839772782,False
0.727,199.67892844579606,0.49919602274894714,15.948665839893204,False
0.7275,199.67892635826428,0.49919602274894714,15.948665327970906,False
0.728,199.6789250967187,0.4991961121559143,15.948674266254349,False
0.7285,199.67892766152468,0.49919602274894714,15.948674009160218,False
0.729,199.67892924636288,0.49919596314430237,15.94866720961083,False
0.7295,199.67892777280287,0.49919602274894714,15.948666416676597,False
0.73,199.67892605066362,0.49919602274894714,15.94866602857935,False
0.7305,199.67892517901856,0.4991961121559143,15.948674995036834,False
0.731,199.67892810685154,0.49919602274894714,15.948674670811572,False
0.7315,199.67892998207338,0.49919596314430237,15.948667721467157,False
0.732,199.67892869177317,0.49919602274894714,15.948666718865752,False
0.7325,199.6789270265624,0.49919602274894714,15.948666090804638,False
0.733,199.67892608342456,0.4991961121559143,15.948674819258128,False
0.7335,199.6789288259278,0.49919602274894714,15.94867428964824,False
0.734,199.6789304306631,0.49919596314430237,15.948667192707639,False
0.7345,199.67892824568239,0.49919596314430237,15.948660172650975,False
0.735,199.67892415488905,0.4991961121559143,15.94866899376372,False
0.7355,199.6789244187243,0.49919605255126953,15.948672277540682,False
0.736,199.67892632961923,0.49919605255126953,15.94867528448592,False
0.7365,199.67892870585914,0.49919596314430237,15.948668721291599,False
0.737,199.67892806054337,0.49919602274894714,15.948667959613111,False
0.7375,199.67892709497798,0.49919602274894714,15.948667402179803,False
0.738,199.67892681350108,0.4991961121559143,15.948676028938129,False
0.7385,199.67893009580166,0.49919602274894714,15.94867524562434,False
0.739,199.6789314763045,0.4991959035396576,15.948661837768828,False
0.7395,199.67892702682133,0.49919602274894714,15.94866085963204,False
0.74,199.6789239928931,0.4991961717605591,15.948675872569742,False
0.7405,199.6789274938031,0.49919602274894714,15.948675775623999,False
0.741,199.6789299974103,0.49919596314430237,15.948668901390082,False
0.7415,199.6789287298142,0.49919596314430237,15.948661874064111,False
0.742,199.67892487813356,0.49919605255126953,15.948664524147624,False
0.7425,199.67892336314955,0.4991961121559143,15.948673869551456,False
0.743,199.67892619774804,0.49919605255126953,15.948677026008063,False
0.7435,199.67892947624253,0.49919596314430237,15.948670381156868,False
0.744,199.67892959608812,0.49919602274894714,15.94866932683086,False
0.7445,199.67892916547217,0.49919602274894714,15.94866831234849,False
0.745,199.67892826294658,0.49919602274894714,15.948667467083013,False
0.7455,199.67892702474387,0.49919602274894714,15.948666893161459,False
0.746,199.67892649105957,0.4991961121559143,15.948675569864568,False
0.7465,199.6789295733072,0.49919602274894714,15.948674893709965,False
0.747,199.67893082957806,0.4991959035396576,15.948661634003544,False
0.7475,199.67892663333208,0.49919605255126953,15.948663796314671,False
0.748,199.67892513895245,0.4991961717605591,15.948678712579671,False
0.7485,199.67892996724504,0.49919602274894714,15.94867815616564,False
0.749,199.67893284593814,0.4991959035396576,15.948664589824,False
0.7495,199.67892965532403,0.49919602274894714,15.948663104341112,False
0.75,199.67892633327344,0.49919605255126953,15.948665452528932,False
0.7505000000000001,199.6789251379052,0.4991961121559143,15.94867438870213,False
0.751,199.67892776081172,0.49919602274894714,15.948674113770004,False
0.7515000000000001,199.6789293885059,0.49919596314430237,15.9486672836141,False
0.752,199.6789279376569,0.49919602274894714,15.94866645178997,False
0.7525000000000001,199.67892621598955,0.49919602274894714,15.948666021887663,False
0.753,199.67892532344274,0.4991961121559143,15.948674949146026,False
0.7535000000000001,199.6789282125906,0.49919602274894714,15.948674593282075,False
0.754,199.67893003708144,0.49919596314430237,15.948667623630953,False
0.7545000000000001,199.6789286910587,0.49919602274894714,15.948666614205605,False
0.755,199.6789269725391,0.49919602274894714,15.948665993123015,False
0.7555000000000001,199.67892598529113,0.4991961121559143,15.948674740881108,False
0.756,199.67892869819704,0.49919602274894714,15.948674239894956,False
0.7565000000000001,199.67893029106602,0.49919596314430237,15.948667176811886,False
0.757,199.67892811274416,0.49919596314430237,15.94866019125537,False
0.7575000000000001,199.6789240455028,0.4991961121559143,15.948669043027971,False
0.758,199.67892434603752,0.49919605255126953,15.9486723498244,False
0.7585000000000001,199.67892630149143,0.49919605255126953,15.94867536949375,False
0.759,199.67892872406702,0.49919596314430237,15.948668807513616,False
0.7595000000000001,199.67892812080484,0.49919602274894714,15.948668035862072,False
0.76,199.67892718775752,0.49919602274894714,15.948667459022658,False
0.7605000000000001,199.6789263479394,0.49919605255126953,15.94867011553745,False
0.761,199.67892695197745,0.49919605255126953,15.94867280060248,False
0.7615000000000001,199.67892886170063,0.49919605255126953,15.948675166218402,False
0.762,199.6789309097673,0.49919596314430237,15.948668003688503,False
0.7625000000000001,199.67892966528777,0.49919602274894714,15.948666760330603,False
0.763,199.6789279182471,0.49919602274894714,15.948665896187322,False
0.7635000000000001,199.67892591523454,0.49919602274894714,15.948665507075368,False
0.764,199.67892479190988,0.4991961121559143,15.948674539919201,False
0.7645000000000001,199.6789275285483,0.49919602274894714,15.948674338098794,False
0.765,199.678929872757,0.49919602274894714,15.948673493337846,False
0.7655000000000001,199.67893096057966,0.49919596314430237,15.948666197229047,False
0.766,199.6789287892974,0.49919602274894714,15.948665059184222,False
0.7665000000000001,199.6789265559709,0.49919605255126953,15.948667487843053,False
0.767,199.67892579768483,0.49919605255126953,15.948670293944497,False
0.7675000000000001,199.67892655093047,0.49919605255126953,15.94867309932081,False
0.768,199.6789283666851,0.49919602274894714,15.948672569500573,False
0.7685,199.67892914259747,0.49919596314430237,15.94866569453716,False
0.769,199.67892719597518,0.49919605255126953,15.948667997173498,False
0.7695,199.67892662978448,0.49919605255126953,15.948670616716175,False
0.77,199.6789271708861,0.49919602274894714,15.948670229463854,False
0.7705,199.67892774598224,0.49919605255126953,15.948672709830088,False
0.771,199.67892923665318,0.49919602274894714,15.948671918847467,False
0.7715,199.67892958865755,0.49919596314430237,15.948664877641862,False
0.772,199.67892717817335,0.49919605255126953,15.948667126474083,False
0.7725,199.67892616974476,0.49919605255126953,15.948669806915934,False
0.773,199.6789266352127,0.49919605255126953,15.94867255477357,False
0.7735,199.67892845305286,0.49919605255126953,15.94867501231804,False
0.774,199.67893046584646,0.49919596314430237,15.948667957765098,False
0.7745,199.67892866737984,0.49919596314430237,15.948660879513376,False
0.775,199.6789248925306,0.4991961121559143,15.948669553555348,False
0.7755,199.67892594139258,0.4991961121559143,15.948678568388344,False
0.776,199.6789300337327,0.49919596314430237,15.948671884675937,False
0.7765,199.6789302839906,0.49919596314430237,15.948664654605238,False
0.777,199.67892739742706,0.49919602274894714,15.948663779096629,False
0.7775,199.67892523591692,0.4991961121559143,15.948672568997571,False
0.778,199.67892720903234,0.49919605255126953,15.948675361076639,False
0.7785,199.67892953131326,0.49919596314430237,15.948668582074896,False
0.779,199.67892815014736,0.49919596314430237,15.94866168725728,False
0.7795,199.67892426449959,0.49919605255126953,15.948664488457206,False
0.78,199.67892279622214,0.4991961121559143,15.948673983291725,False
0.7805,199.67892574880713,0.49919605255126953,15.948677268262676,False
0.781,199.67892977587994,0.49919602274894714,15.94867665958564,False
0.7815,199.6789319114495,0.4991959035396576,15.94866323646049,False
0.782,199.67892812937194,0.49919602274894714,15.948662063031552,False
0.7825,199.67892501511562,0.4991961121559143,15.948670789075086,False
0.783,199.67892610369591,0.49919605255126953,15.948673749856436,False
0.7835,199.67892829858093,0.49919602274894714,15.948673284942137,False
0.784,199.6789294466255,0.49919596314430237,15.948666379772362,False
0.7845,199.67892752860246,0.49919602274894714,15.948665592802042,False
0.785,199.67892627833993,0.4991961121559143,15.94867423328988,False
0.7855,199.67892870133758,0.49919602274894714,15.948673695064182,False
0.786,199.6789300159704,0.49919596314430237,15.948666666664748,False
0.7865,199.67892818405738,0.49919602274894714,15.948665724542824,False
0.787,199.67892635413625,0.49919605255126953,15.948668255022861,False
0.7875,199.67892600851894,0.49919605255126953,15.948671059612666,False
0.788,199.678926841249,0.49919602274894714,15.948670792492676,False
0.7885,199.67892773840097,0.49919605255126953,15.948673315264209,False
0.789,199.67892896116885,0.49919596314430237,15.948666542416843,False
0.7895,199.67892717745897,0.49919602274894714,15.94866586124871,False
0.79,199.67892610126856,0.4991961121559143,15.948674568457697,False
0.7905,199.67892871395745,0.49919602274894714,15.948674050882385,False
0.791,199.67893020874885,0.49919596314430237,15.948666996314634,False
0.7915,199.67892794706768,0.49919596314430237,15.94866004223219,False
0.792,199.67892382133908,0.4991961121559143,15.948668943415843,False
0.7925,199.6789240947767,0.49919605255126953,15.948672310431,False
0.793,199.67892605671585,0.49919605255126953,15.948675392898483,False
0.7935,199.67892851712244,0.49919596314430237,15.948668888077268,False
0.794,199.67892797684465,0.49919602274894714,15.94866816079754,False
0.7945,199.678927122752,0.49919602274894714,15.948667610344412,False
0.795,199.67892694451643,0.4991961121559143,15.948676216905048,False
0.7955,199.678930308835,0.49919602274894714,15.948675389956707,False
0.796,199.67893174042297,0.4991959035396576,15.948661921642124,False
0.7965,199.67892730578242,0.49919602274894714,15.948660874731745,False
0.797,199.67892425004715,0.4991961717605591,15.948675819810704,False
0.7975,199.67892769684394,0.49919602274894714,15.948675664647723,False
0.798,199.678930122367,0.49919596314430237,15.94866874895591,False
0.7985,199.67892876380006,0.49919596314430237,15.948661701588012,False
0.799,199.67892482054873,0.49919605255126953,15.948664354742016,False
0.7995,199.6789232252468,0.4991961121559143,15.94867372496929,False
0.8,199.6789260006853,0.49919605255126953,15.948676923889796,False
0.8005,199.67892924793756,0.49919596314430237,15.948670332923296,False
0.801,199.67892936733102,0.49919602274894714,15.948669336467086,False
0.8015,199.67892896582856,0.49919602274894714,15.948668376198983,False
0.802,199.67892811699002,0.49919602274894714,15.948667574642094,False
0.8025,199.67892694908997,0.49919602274894714,15.948667028715601,False
0.803,199.67892649255106,0.4991961121559143,15.94867571473895,False
0.8035,199.67892964853752,0.49919602274894714,15.94867502880396,False
0.804,199.6789309657583,0.4991959035396576,15.948661742275517,False
0.8045,199.67892681033368,0.49919605255126953,15.948663864897355,False
0.805,199.6789253322127,0.4991961717605591,15.948678734268237,False
0.8055,199.67893015112472,0.49919602274894714,15.948678130112357,False
0.806,199.67893270831686,0.4991958737373352,15.948661549230868,False
0.8065,199.67892827009433,0.49919605255126953,15.948663266656848,False
0.807,199.6789251773687,0.49919605255126953,15.948665936375061,False
0.8075,199.67892435107126,0.4991961121559143,15.948675118188703,False
0.808,199.67892742930255,0.49919602274894714,15.948674984441174,False
0.8085,199.67893011369196,0.49919602274894714,15.948674121433898,False
0.809,199.67893091888206,0.4991959035396576,15.948660782408366,False
0.8095,199.67892627881298,0.49919605255126953,15.948662978699115,False
0.81,199.67892382737,0.4991961121559143,15.948672088829548,False
0.8105,199.67892570456277,0.49919605255126953,15.948675249816954,False
0.811,199.67892870675945,0.49919602274894714,15.948674783029265,False
0.8115,199.6789305757613,0.49919596314430237,15.948667682567288,False
0.812,199.67892920281793,0.49919602274894714,15.948666540168382,False
0.8125,199.67892739239915,0.49919602274894714,15.948665801214817,False
0.8130000000000001,199.6789262628503,0.4991961121559143,15.948674460799865,False
0.8135,199.67892880353332,0.49919602274894714,15.948673911490015,False
0.8140000000000001,199.67893021774884,0.49919596314430237,15.948666844514088,False
0.8145,199.67892845520765,0.49919602274894714,15.948665842451305,False
0.8150000000000001,199.67892636798513,0.49919602274894714,15.94866532810634,False
0.8155,199.67892510548035,0.4991961121559143,15.948674264050547,False
0.8160000000000001,199.67892766823536,0.49919602274894714,15.94867400499928,False
0.8165,199.6789292502413,0.49919596314430237,15.948667204111743,False
0.8170000000000001,199.6789277734661,0.49919602274894714,15.948666410605378,False
0.8175,199.6789260481599,0.49919602274894714,15.948666022744014,False
0.8180000000000001,199.67892517380318,0.4991961121559143,15.948674990181265,False
0.8185,199.67892809971116,0.49919602274894714,15.948674667522123,False
0.8190000000000001,199.6789299740105,0.49919596314430237,15.948667720103453,False
0.8195,199.67892868386758,0.49919602274894714,15.948666719523697,False
0.8200000000000001,199.67892701982873,0.49919602274894714,15.94866609331503,False
0.8205,199.67892607868367,0.4991961121559143,15.948674823219543,False
0.8210000000000001,199.67892882370901,0.49919602274894714,15.948674294488553,False
0.8215,199.67893043114788,0.49919596314430237,15.94866719776506,False
0.8220000000000001,199.67892824869557,0.49919596314430237,15.948660177263232,False
0.8225,199.67892415993606,0.4991961121559143,15.948668997353627,False
0.8230000000000001,199.67892442506852,0.49919605255126953,15.948672279687155,False
0.8235,199.67892633638724,0.49919605255126953,15.948675284971854,False
0.8240000000000001,199.6789287121591,0.49919596314430237,15.948668720123399,False
0.8245,199.6789280655811,0.49919602274894714,15.94866795701057,False
0.8250000000000001,199.67892709815533,0.49919602274894714,15.94866739853882,False
0.8255,199.67892681448518,0.4991961121559143,15.948676024772235,False
0.8260000000000001,199.67893009455673,0.49919602274894714,15.948675241493481,False
0.8265,199.67893147308422,0.4991959035396576,15.948661834205103,False
0.8270000000000001,199.67892702212384,0.49919602274894714,15.948660857072133,False
0.8275,199.67892398738675,0.4991961717605591,15.948675871302479,False
0.8280000000000001,199.67892748823283,0.49919602274894714,15.948675775759225,False
0.8285,199.67892999249824,0.49919596314430237,15.948668902851894,False
0.8290000000000001,199.67892872616736,0.49919596314430237,15.948661876608446,False
0.8295,199.6789248761703,0.49919605255126953,15.948664527400739,False
0.8300000000000001,199.67892336305334,0.4991961121559143,15.948673873063633,False
0.8305,199.67892619945346,0.49919605255126953,15.948677029314869,False
0.8310000000000001,199.6789294794543,0.49919596314430237,15.948670383839744,False
0.8315,199.67892960032862,0.49919602274894714,15.948669328569268,False
0.8320000000000001,199.67892917015078,0.49919602274894714,15.948668312957233,False
0.8325,199.6789282674408,0.49919602274894714,15.94866746653054,False
0.833,199.6789270284809,0.49919602274894714,15.9486668915675,False
0.8335,199.67892649358822,0.4991961121559143,15.948675567478388,False
0.834,199.6789295743512,0.49919602274894714,15.948674890872777,False
0.8345,199.67893082906446,0.4991959035396576,15.948661631100604,False
0.835,199.6789266313921,0.49919605255126953,15.94866379372367,False
0.8355,199.67892513589598,0.4991961717605591,15.948678710622286,False
0.836,199.6789299635135,0.49919602274894714,15.948678155068306,False
0.8365,199.6789328420416,0.4991959035396576,15.94866458969262,False
0.837,199.67892965177262,0.49919602274894714,15.94866310515242,False
0.8375,199.6789263305115,0.49919605255126953,15.948665454138872,False
0.838,199.67892513625665,0.4991961121559143,15.948674390869485,False
0.8385,199.67892776044312,0.49919602274894714,15.948674116191599,False
0.839,199.67892938941154,0.49919596314430237,15.94866728596655,False
0.8395,199.6789279396667,0.49919602274894714,15.948666453772297,False
0.84,199.67892621879787,0.49919602274894714,15.948666023259241,False
0.8405,199.67892532665365,0.4991961121559143,15.948674949755139,False
0.841,199.67892821577254,0.49919602274894714,15.948674593081805,False
0.8415,199.67893003982462,0.49919596314430237,15.948667622680889,False
0.842,199.67892869302713,0.49919602274894714,15.948666612659691,False
0.8425,199.67892697351078,0.49919602274894714,15.948665991205745,False
0.843,199.67892598518208,0.4991961121559143,15.948674738855596,False
0.8435,199.67892869706637,0.49919602274894714,15.948674238027326,False
0.844,199.6789302891023,0.49919596314430237,15.948667175336794,False
0.8445,199.67892811023577,0.49919596314430237,15.948660190346985,False
0.845,199.67892404279647,0.4991961121559143,15.94866904278001,False
0.8455,199.67892434349102,0.49919605255126953,15.948672350241363,False
0.846,199.67892629942696,0.49919605255126953,15.948675370494081,False
0.8465,199.67892872273117,0.49919596314430237,15.948668808943815,False
0.847,199.6789281203398,0.49919602274894714,15.948668037519488,False
0.8475,199.67892718818703,0.49919602274894714,15.948667460683762,False
0.848,199.67892634917084,0.49919605255126953,15.948670116987536,False
0.8485,199.67892695381818,0.49919605255126953,15.94867280166304,False
0.849,199.6789288638876,0.49919605255126953,15.948675166768696,False
0.8495,199.67893091200364,0.49919596314430237,15.948668003678709,False
0.85,199.6789296672825,0.49919602274894714,15.948666759785326,False
0.8505,199.67892791975268,0.49919602274894714,15.948665895199301,False
0.851,199.67892591607688,0.49919602274894714,15.948665505790673,False
0.8515,199.67892479200782,0.4991961121559143,15.948674538516133,False
0.852,199.6789275279202,0.49919602274894714,15.948674336763498,False
0.8525,199.6789298715142,0.49919602274894714,15.948673492239978,False
0.853,199.67893095890832,0.49919596314430237,15.94866619650053,False
0.8535,199.67892878743123,0.49919602274894714,15.948665058903769,False
0.854,199.67892655415906,0.49919605255126953,15.948667488028228,False
0.8545,199.67892579615912,0.49919605255126953,15.948670294551983,False
0.855,199.678926549876,0.49919605255126953,15.948673100254556,False
0.8555,199.67892836621846,0.49919602274894714,15.94867257062638,False
0.856,199.67892914275436,0.49919596314430237,15.948665695701623,False
0.8565,199.6789271967094,0.49919605255126953,15.948667998224611,False
0.857,199.67892663097714,0.49919605255126953,15.948670617522904,False
0.8575,199.67892717236407,0.49919602274894714,15.948670229932194,False
0.858,199.67892774754273,0.49919605255126953,15.948672709913648,False
0.8585,199.67892923809117,0.49919602274894714,15.948671918551494,False
0.859,199.67892958979246,0.49919596314430237,15.948664877020398,False
0.8595,199.67892717887122,0.49919605255126953,15.948667125620965,False
0.86,199.67892616993365,0.49919605255126953,15.948669805950999,False
0.8605,199.67892663488945,0.49919605255126953,15.94867255382611,False
0.861,199.6789284522806,0.49919605255126953,15.948675011509685,False
0.8615,199.67893046474356,0.49919596314430237,15.94866795719446,False
0.862,199.6789286661025,0.49919596314430237,15.94866087924426,False
0.8625,199.6789248912511,0.4991961121559143,15.948669553609957,False
0.863,199.6789259402763,0.4991961121559143,15.948678568746137,False
0.8635,199.67893003291698,0.49919596314430237,15.94867188527808,False
0.864,199.67893028356832,0.49919596314430237,15.948664655363775,False
0.8645,199.6789273974363,0.49919602274894714,15.948663779907076,False
0.865,199.67892523633856,0.4991961121559143,15.948672569753095,False
0.8655,199.67892720979475,0.49919605255126953,15.948675361681937,False
0.866,199.67892953230384,0.49919596314430237,15.948668582458035,False
0.8665,199.6789281512286,0.49919596314430237,15.94866168737802,False
0.867,199.67892426552805,0.49919605255126953,15.948664488310884,False
0.8675,199.67892279706714,0.4991961121559143,15.948673982908355,False
0.868,199.6789257493672,0.49919605255126953,15.948677267701665,False
0.8685,199.67892977609466,0.49919602274894714,15.948676658926841,False
0.869,199.67893191130545,0.4991959035396576,15.948663235793072,False
0.8695,199.67892812890264,0.49919602274894714,15.94866206244208,False
0.87,199.67892501439528,0.4991961121559143,15.948670788636464,False
0.8705,199.67892610282806,0.49919605255126953,15.94867374961903,False
0.871,199.67892829768385,0.49919602274894714,15.94867328492822,False
0.8715,199.67892944581624,0.49919596314430237,15.94866637997441,False
0.872,199.67892752798187,0.49919602274894714,15.948665593184955,False
0.8725,199.67892627798028,0.4991961121559143,15.948674233796668,False
0.873,199.6789287012745,0.49919602274894714,15.948673695624223,False
0.8735,199.67893001619964,0.49919596314430237,15.948666667203495,False
0.874,199.67892818453714,0.49919602274894714,15.948665724991574,False
0.8745,199.6789263547941,0.49919605255126953,15.948668255327417,False
0.875,199.67892600926254,0.49919605255126953,15.948671059739707,False
0.8755000000000001,199.67892684197872,0.49919602274894714,15.94867079243319,False
0.876,199.6789277390232,0.49919605255126953,15.948673315033645,False
0.8765000000000001,199.67892896160768,0.49919596314430237,15.9486665420521,False
0.877,199.67892717766534,0.49919602274894714,15.948665860802489,False
0.8775000000000001,199.6789261012255,0.4991961121559143,15.948674567991016,False
0.878,199.67892871368093,0.49919602274894714,15.94867405045638,False
0.8785000000000001,199.6789302082843,0.49919596314430237,15.948666995982627,False
0.879,199.6789279464829,0.49919596314430237,15.948660042033149,False
0.8795000000000001,199.67892382071472,0.4991961121559143,15.948668943369938,False
0.88,199.67892409419494,0.49919605255126953,15.948672310537768,False
0.8805000000000001,199.67892605625008,0.49919605255126953,15.948675393137783,False
0.881,199.67892851682794,0.49919596314430237,15.948668888412682,False
0.8815000000000001,199.67892797675236,0.49919602274894714,15.948668161181747,False
0.882,199.67892712286545,0.49919602274894714,15.948667610725751,False
0.8825000000000001,199.67892694481242,0.4991961121559143,15.948676217234377,False
0.883,199.67893030926766,0.49919602274894714,15.948675390193664,False
0.8835000000000001,199.67893174093072,0.4991959035396576,15.948661921759946,False
0.884,199.67892730629654,0.49919602274894714,15.948660874720181,False
0.8845000000000001,199.67892425050098,0.4991961717605591,15.94867581967664,False
0.885,199.67892769718136,0.49919602274894714,15.94867566441359,False
0.8855000000000001,199.6789301225493,0.49919596314430237,15.948668748656115,False
0.886,199.67892876381015,0.49919596314430237,15.948661701264012,False
0.8865000000000001,199.67892482039252,0.49919605255126953,15.94866435443666,False
0.887,199.67892322495138,0.4991961121559143,15.948673724721242,False
0.8875000000000001,199.6789260002946,0.49919605255126953,15.948676923728696,False
0.888,199.67892924750603,0.49919596314430237,15.948670332866335,False
0.8885000000000001,199.67892936691607,0.49919602274894714,15.948669336517288,False
0.889,199.67892896548307,0.49919602274894714,15.948668376345402,False
0.8895000000000001,199.67892811675583,0.49919602274894714,15.948667574861812,False
0.89,199.67892694899268,0.49919602274894714,15.948667028977164,False
0.8905000000000001,199.67892649259747,0.4991961121559143,15.948675715006825,False
0.891,199.67892964871567,0.49919602274894714,15.948675029043285,False
0.8915000000000001,199.6789309660397,0.4991959035396576,15.94866174245656,False
0.892,199.67892681067764,0.49919605255126953,15.948663864999165,False
0.8925000000000001,199.6789253325722,0.4991961717605591,15.948678734280968,False
0.893,199.67893015145265,0.49919602274894714,15.948678130038083,False
0.8935000000000001,199.6789327085722,0.4991958737373352,15.948661549082809,False
0.894,199.67892827024716,0.49919605255126953,15.948663266457203,False
0.8945000000000001,199.67892517740356,0.49919605255126953,15.948665936151755,False
0.895,199.67892435098858,0.4991961121559143,15.94867511797156,False
0.8955000000000001,199.67892742911786,0.49919602274894714,15.948674984257977,False
0.896,199.6789301134334,0.49919602274894714,15.948674121306889,False
0.8965,199.67893091858608,0.4991959035396576,15.948660782351599,False
0.897,199.67892627851936,0.49919605255126953,15.948662978716998,False
0.8975,199.67892382711656,0.4991961121559143,15.948672088916656,False
0.898,199.67892570438062,0.49919605255126953,15.948675249959154,False
0.8985,199.67892870666907,0.49919602274894714,15.948674783205883,False
0.899,199.67893057577058,0.49919596314430237,15.94866768275409,False
0.8995,199.6789292029215,0.49919602274894714,15.94866654034081,False
0.9,199.67892739257965,0.49919602274894714,15.948665801351208,False
0.9005,199.67892626308128,0.4991961121559143,15.948674460884114,False
0.901,199.6789288037829,0.49919602274894714,15.948673911513408,False
0.9015,199.67893021798398,0.49919596314430237,15.948666844476126,False
0.902,199.6789284553986,0.49919602274894714,15.94866584235944,False
0.9025,199.67892636810896,0.49919602274894714,15.948665327974677,False
0.903,199.67892510552394,0.4991961121559143,15.948674263897761,False
0.9035,199.67892766819642,0.49919602274894714,15.94867400484598,False
0.904,199.6789292501283,0.49919596314430237,15.948667203977747,False
0.9045,199.6789277732967,0.49919602274894714,15.948666410507192,False
0.905,199.67892604795836,0.49919602274894714,15.948666022692828,False
0.9055,199.6789251735969,0.4991961121559143,15.94867499018172,False
0.906,199.67892809952698,0.49919602274894714,15.948674667571996,False
0.9065,199.67892997387122,0.49919596314430237,15.948667720194234,False
0.907,199.67892868378934,0.49919602274894714,15.948666719641967,False
0.9075,199.67892701981907,0.49919602274894714,15.94866609344437,False
0.908,199.678926078741,0.4991961121559143,15.948674823342781,False
0.9085,199.67892882382318,0.49919602274894714,15.948674294590033,False
0.909,199.67893043130175,0.49919596314430237,15.948667197832572,False
0.9095,199.6789282488676,0.49919596314430237,15.948660177289463,False
0.91,199.6789241601033,0.4991961121559143,15.948668997336911,False
0.9105,199.67892442520957,0.49919605255126953,15.948672279631436,False
0.911,199.67892633648495,0.49919605255126953,15.948675284885942,False
0.9115,199.67892871220263,0.49919596314430237,15.948668720019656,False
0.912,199.67892806556702,0.49919602274894714,15.948667956903146,False
0.9125,199.6789270980879,0.49919602274894714,15.948667398441764,False
0.913,199.67892681437536,0.4991961121559143,15.948676024697667,False
0.9135,199.67893009442056,0.49919602274894714,15.948675241450081,False
0.914,199.6789314729403,0.4991959035396576,15.948661834197173,False
0.9145,199.67892702199111,0.49919602274894714,15.948660857099219,False
0.915,199.67892398728193,0.4991961717605591,15.948675871359628,False
0.9155,199.67892748816826,0.49919602274894714,15.94867577583778,False
0.916,199.67892999248062,0.49919596314430237,15.948668902940817,False
0.9165,199.67892872619694,0.49919596314430237,15.948661876695812,False
0.917,199.67892487624133,0.49919605255126953,15.94866452747533,False
0.9175,199.67892336315492,0.4991961121559143,15.948673873116347,False
0.918,199.6789261995712,0.49919605255126953,15.948677029339802,False
0.9185,199.67892947957228,0.49919596314430237,15.948670383834829,False
0.919,199.67892960043164,0.49919602274894714,15.948669328536383,False
0.9195,199.67892917022613,0.49919602274894714,15.948668312901793,False
0.92,199.67892826747988,0.49919602274894714,15.948667466460641,False
0.9205,199.67892702848025,0.49919602274894714,15.948666891492774,False
0.921,199.67892649354954,0.4991961121559143,15.948675567408676,False
0.9215,199.67892957428106,0.49919602274894714,15.948674890816873,False
0.922,199.6789308289732,0.4991959035396576,15.948661631065155,False
0.9225,199.6789266312924,0.49919605255126953,15.948663793712406,False
0.923,199.6789251358011,0.4991961717605591,15.948678710635656,False
0.9235,199.67892996343554,0.49919602274894714,15.948678155103545,False
0.924,199.67893284198988,0.4991959035396576,15.948664589744254,False
0.9245,199.67892965175275,0.49919602274894714,15.948663105213091,False
0.925,199.67892633052466,0.49919605255126953,15.948665454200365,False
0.9255,199.67892513629977,0.4991961121559143,15.948674390923827,False
0.926,199.6789277605094,0.49919602274894714,15.948674116232068,False
0.9265,199.67892938949146,0.49919596314430237,15.948667285988495,False
0.927,199.67892793974934,0.49919602274894714,15.948666453773662,False
0.9275,199.67892621887245,0.49919602274894714,15.948666023240708,False
0.928,199.67892532671084,0.4991961121559143,15.948674949719935,False
0.9285,199.6789282158057,0.49919602274894714,15.948674593035179,False
0.929,199.67893003983053,0.49919596314430237,15.948667622629339,False
0.9295,199.67892869300607,0.49919602274894714,15.948666612610081,False
0.93,199.67892697346667,0.49919602274894714,15.948665991164413,False
0.9305,199.67892598512154,0.4991961121559143,15.948674738827528,False
0.931,199.67892869699793,0.49919602274894714,15.9486742380156,False
0.9315,199.67893028903512,0.49919596314430237,15.948667175342235,False
0.932,199.67892811017842,0.49919596314430237,15.948660190368189,False
0.9325,199.67892404275602,0.4991961121559143,15.948669042813586,False
0.933,199.67892434347195,0.49919605255126953,15.948672350282457,False
0.9335,199.67892629943086,0.49919605255126953,15.948675370537071,False
0.934,199.67892872275655,0.49919596314430237,15.948668808983074,False
0.9345,199.6789281203825,0.49919602274894714,15.948668037550116,False
0.935,199.67892718824086,0.49919602274894714,15.948667460702161,False
0.9355,199.67892634922825,0.49919605255126953,15.948670116991849,False
0.936,199.67892695387175,0.49919605255126953,15.948672801653302,False
0.9365,199.6789288639305,0.49919605255126953,15.948675166746751,False
0.937,199.67893091203078,0.49919596314430237,15.948668003647912,False
0.9375,199.67892966729107,0.49919602274894714,15.948666759750024,False
0.9380000000000001,199.67892791974234,0.49919602274894714,15.948665895164243,False
0.9385,199.67892591604976,0.49919602274894714,15.94866550576038,False
0.9390000000000001,199.67892479196814,0.4991961121559143,15.94867453849431,False
0.9395,199.6789275278736,0.49919602274894714,15.948674336752607,False
0.9400000000000001,199.67892987146703,0.49919602274894714,15.94867349224096,False
0.9405,199.67893095886663,0.49919596314430237,15.948666196512761,False
0.9410000000000001,199.67892878740014,0.49919602274894714,15.948665058925206,False
0.9415,199.67892655414218,0.49919605255126953,15.948667488055724,False
0.9420000000000001,199.67892579615804,0.49919605255126953,15.948670294581744,False
0.9425,199.6789265498902,0.49919605255126953,15.948673100282635,False
0.9430000000000001,199.6789283662455,0.49919602274894714,15.948672570649226,False
0.9435,199.6789291427902,0.49919596314430237,15.948665695716496,False
0.9440000000000001,199.67892719674907,0.49919605255126953,15.948667998229922,False
0.9445,199.67892663101537,0.49919605255126953,15.948670617518358,False
0.9450000000000001,199.67892717239584,0.49919602274894714,15.94867022991879,False
0.9455,199.67892774756427,0.49919605255126953,15.948672709893504,False
0.9460000000000001,199.67892923810015,0.49919602274894714,15.948671918527499,False
0.9465,199.6789295897883,0.49919596314430237,15.948664876995807,False
0.9470000000000001,199.67892717885488,0.49919605255126953,15.948667125598977,False
0.9475,199.67892616990784,0.49919605255126953,15.948669805934362,False
0.9480000000000001,199.6789266348579,0.49919605255126953,15.94867255381674,False
0.9485,199.67892845224756,0.49919605255126953,15.948675011508495,False
0.9490000000000001,199.6789304647134,0.49919596314430237,15.948667957201266,False
0.9495,199.67892866607906,0.49919596314430237,15.948660879257845,False
0.9500000000000001,199.67892489123705,0.4991961121559143,15.948669553628292,False
0.9505,199.67892594027307,0.4991961121559143,15.94867856876665,False
0.9510000000000001,199.67893003292457,0.49919596314430237,15.948671885298022,False
0.9515,199.67893028358526,0.49919596314430237,15.948664655380602,False
0.9520000000000001,199.67892739746006,0.49919602274894714,15.948663779918743,False
0.9525,199.67892523636579,0.4991961121559143,15.9486725697583,False
0.9530000000000001,199.67892720982175,0.49919605255126953,15.94867536168027,False
0.9535,199.67892953232715,0.49919596314430237,15.948668582450004,False
0.9540000000000001,199.67892815124532,0.49919596314430237,15.948661687364927,False
0.9545,199.67892426553632,0.49919605255126953,15.94866448829463,False
0.9550000000000001,199.67892279706626,0.4991961121559143,15.94867398289118,False
0.9555,199.67892574935766,0.49919605255126953,15.948677267685818,False
0.9560000000000001,199.67892977607795,0.49919602274894714,15.948676658914325,False
0.9565,199.67893191128414,0.4991959035396576,15.948663235785373,False
0.9570000000000001,199.67892812887968,0.49919602274894714,15.948662062439992,False
0.9575,199.67892501437373,0.4991961121559143,15.94867078864001,False
0.9580000000000001,199.6789261028106,0.49919605255126953,15.948673749627508,False
0.9585,199.67892829767257,0.49919602274894714,15.948673284940332,False
0.9590000000000001,199.67892944581232,0.49919596314430237,15.948666379988445,False
0.9595,199.67892752798554,0.49919602274894714,15.948665593199014,False
0.96,199.67892627799074,0.4991961121559143,15.94867423380893,False
0.9605,199.6789287012901,0.49919602274894714,15.948673695633182,False
0.961,199.67893001621815,0.49919596314430237,15.948666667208133,False
0.9615,199.6789281845561,0.49919602274894714,15.948665724991471,False
0.962,199.678926354811,0.49919605255126953,15.948668255322772,False
0.9625,199.6789260092753,0.49919605255126953,15.948671059731305,False
0.963,199.6789268419859,0.49919602274894714,15.948670792422265,False
0.9635,199.67892773902398,0.49919605255126953,15.948673315021715,False
0.964,199.67892896160225,0.49919596314430237,15.94866654204077,False
0.9645,199.67892717765474,0.49919602274894714,15.94866586079319,False
0.965,199.67892610121132,0.4991961121559143,15.948674567984863,False
0.9655,199.67892871366516,0.49919602274894714,15.94867405045402,False
0.966,199.678930208269,0.49919596314430237,15.948666995984201,False
0.9665,199.6789279464701,0.49919596314430237,15.948660042038277,False
0.967,199.67892382070585,0.4991961121559143,15.948668943377804,False
0.9675,199.67892409419105,0.49919605255126953,15.948672310547243,False
0.968,199.67892605625153,0.49919605255126953,15.948675393147564,False
0.9685,199.67892851683422,0.49919596314430237,15.948668888421478,False
0.969,199.67892797676245,0.49919602274894714,15.948668161188467,False
0.9695,199.6789271228779,0.49919602274894714,15.948667610729618,False
0.97,199.67892694482552,0.4991961121559143,15.948676217235006,False
0.9705,199.6789303092797,0.49919602274894714,15.948675390191108,False
0.971,199.67893174094016,0.4991959035396576,15.948661921754676,False
0.9715,199.6789273063023,0.49919602274894714,15.94866087471299,False
0.972,199.67892425050246,0.4991961717605591,15.94867581966854,False
0.9725,199.6789276971786,0.49919602274894714,15.948675664405652,False
0.973,199.6789301225428,0.49919596314430237,15.94866874864935,False
0.9735,199.67892876380083,0.49919596314430237,15.948661701259248,False
0.974,199.67892482038175,0.49919605255126953,15.948664354434442,False
0.9745,199.67892322494063,0.4991961121559143,15.948673724721747,False
0.975,199.67892600028526,0.49919605255126953,15.948676923731746,False
0.9755,199.6789292474992,0.49919596314430237,15.948670332871426,False
0.976,199.67892936691257,0.49919602274894714,15.94866933652368,False
0.9765,199.6789289654832,0.49919602274894714,15.948668376352217,False
0.977,199.67892811675947,0.49919602274894714,15.948667574868141,False
0.9775,199.67892694899913,0.49919602274894714,15.948667028982214,False
0.978,199.67892649260583,0.4991961121559143,15.948675715009998,False
0.9785,199.67892964872476,0.49919602274894714,15.948675029044251,False
0.979,199.67893096604834,0.4991959035396576,15.948661742455283,False
0.9795,199.67892681068471,0.49919605255126953,15.948663864995899,False
0.98,199.6789253325768,0.4991961717605591,15.948678734276223,False
0.9805,199.67893015145435,0.49919602274894714,15.948678130032542,False
0.981,199.67893270857093,0.4991958737373352,15.948661549077219,False
0.9815,199.67892827024318,0.49919605255126953,15.94866326645228,False
0.982,199.67892517739747,0.49919605255126953,15.948665936148114,False
0.9825,199.67892435098125,0.4991961121559143,15.94867511796962,False
0.983,199.6789274291103,0.49919602274894714,15.948674984257922,False
0.9835,199.67893011342665,0.49919602274894714,15.948674121308644,False
0.984,199.6789309185809,0.4991959035396576,15.948660782354867,False
0.9845,199.67892627851637,0.49919605255126953,15.9486629787213,False
0.985,199.67892382711608,0.4991961121559143,15.948672088921398,False
0.9855,199.6789257043826,0.49919605255126953,15.948675249963705,False
0.986,199.6789287066732,0.49919602274894714,15.948674783209661,False
0.9865,199.6789305757762,0.49919596314430237,15.948667682756634,False
0.987,199.67892920292783,0.49919602274894714,15.948666540341836,False
0.9875,199.67892739258588,0.49919602274894714,15.948665801350646,False
0.988,199.67892626308657,0.4991961121559143,15.948674460882101,False
0.9885,199.6789288037866,0.49919602274894714,15.948673911510255,False
0.989,199.67893021798562,0.49919596314430237,15.948666844472292,False
0.9895,199.67892845539805,0.49919602274894714,15.948665842355458,False
0.99,199.6789263681065,0.49919602274894714,15.94866532797108,False
0.9905,199.67892510551988,0.4991961121559143,15.948674263894992,False
0.991,199.67892766819136,0.49919602274894714,15.948674004844372,False
0.9915,199.67892925012296,0.49919596314430237,15.948667203977461,False
0.992,199.6789277732918,0.49919602274894714,15.948666410508201,False
0.9925,199.6789260479545,0.49919602274894714,15.948666022694947,False
0.993,199.67892517359454,0.4991961121559143,15.948674990184628,False
0.9935,199.67892809952633,0.49919602274894714,15.948674667575279,False
0.994,199.6789299738723,0.49919596314430237,15.948667720197461,False
0.9945,199.67892868379198,0.49919602274894714,15.94866671964472,False
0.995,199.67892701982285,0.49919602274894714,15.948666093446304,False
0.9955,199.67892607874535,0.4991961121559143,15.948674823343687,False
0.996,199.6789288238275,0.49919602274894714,15.948674294589837,False
0.9965,199.67893043130547,0.49919596314430237,15.94866719783136,False
0.997,199.67892824887033,0.49919596314430237,15.948660177287431,False
0.9975,199.6789241601047,0.4991961121559143,15.948668997334355,False
0.998,199.67892442520952,0.49919605255126953,15.94867227962871,False
0.9985,199.67892633648344,0.49919605255126953,15.948675284883413,False
0.999,199.6789287122,0.49919596314430237,15.948668720017645,False
0.9995,199.6789280655637,0.49919602274894714,15.948667956901886,False
1.0,199.67892709808433,0.49919602274894714,15.948667398441373,False
1.0005,199.678926814372,0.4991961121559143,15.948676024698146,False
1.0010000000000001,199.67893009441772,0.49919602274894714,15.948675241451342,False
1.0015,199.6789314729384,0.4991959035396576,15.948661834199031,False
1.002,199.67892702199035,0.49919602274894714,15.948660857101414,False
1.0025,199.67892398728233,0.4991961717605591,15.948675871361864,False
1.0030000000000001,199.67892748816976,0.49919602274894714,15.94867577583977,False
1.0035,199.67892999248295,0.49919596314430237,15.948668902942318,False
1.004,199.67892872619979,0.49919596314430237,15.948661876696649,False
1.0045,199.67892487624425,0.49919605255126953,15.948664527475438,False
1.0050000000000001,199.6789233631576,0.4991961121559143,15.948673873115744,False
1.0055,199.6789261995733,0.49919605255126953,15.948677029338588,False
1.006,199.67892947957347,0.49919596314430237,15.948670383833198,False
1.0065,199.67892960043187,0.49919602274894714,15.948669328534578,False
1.0070000000000001,199.67892917022547,0.49919602274894714,15.948668312900045,False
1.0075,199.6789282674784,0.49919602274894714,15.948667466459165,False
1.008,199.67892702847814,0.49919602274894714,15.948666891491746,False
1.0085,199.67892649354715,0.4991961121559143,15.948675567408221,False
1.0090000000000001,199.67892957427867,0.49919602274894714,15.94867489081703,False
1.0095,199.67893082897115,0.4991959035396576,15.948661631065868,False
1.01,199.67892663129092,0.49919605255126953,15.948663793713566,False
1.0105,199.67892513580037,0.4991961717605591,15.948678710637086,False
1.0110000000000001,199.6789299634356,0.49919602274894714,15.948678155105057,False
1.0115,199.6789328419907,0.4991959035396576,15.948664589745652,False
1.012,199.6789296517542,0.49919602274894714,15.948663105214203,False
1.0125,199.6789263305266,0.49919605255126953,15.948665454201045,False
1.0130000000000001,199.67892513630184,0.4991961121559143,15.948674390923998,False
1.0135,199.67892776051139,0.49919602274894714,15.948674116231722,False
1.014,199.67892938949302,0.49919596314430237,15.948667285987696,False
1.0145,199.67892793975034,0.49919602274894714,15.948666453772539,False
1.0150000000000001,199.67892621887276,0.49919602274894714,15.948666023239422,False
1.0155,199.67892532671053,0.4991961121559143,15.948674949718653,False
1.016,199.67892821580477,0.49919602274894714,15.948674593034058,False
1.0165,199.67893003982914,0.49919596314430237,15.948667622628514,False
1.0170000000000001,199.6789286930044,0.49919602274894714,15.94866661260965,False
1.0175,199.67892697346502,0.49919602274894714,15.948665991164397,False
1.018,199.67892598512006,0.4991961121559143,15.948674738827911,False
1.0185,199.67892869699676,0.49919602274894714,15.948674238016315,False
1.0190000000000001,199.67893028903444,0.49919596314430237,15.948667175343187,False
1.0195,199.6789281101783,0.49919596314430237,15.948660190369242,False
1.02,199.67892404275645,0.4991961121559143,15.948669042814599,False
1.0205,199.67892434347283,0.49919605255126953,15.948672350283303,False
1.0210000000000001,199.67892629943208,0.49919605255126953,15.948675370537654,False
1.0215,199.67892872275795,0.49919596314430237,15.948668808983326,False
1.022,199.6789281203839,0.49919602274894714,15.948668037550016,False
1.0225,199.67892718824206,0.49919602274894714,15.94866746070174,False
1.0230000000000001,199.67892634922913,0.49919605255126953,15.948670116991163,False
1.0235,199.67892695387215,0.49919605255126953,15.948672801652457,False
1.024,199.6789288639304,0.49919605255126953,15.948675166745865,False
1.0245,199.67893091203027,0.49919596314430237,15.948668003647107,False
1.025,199.67892966729022,0.49919602274894714,15.948666759749388,False
1.0255,199.67892791974123,0.49919602274894714,15.948665895163858,False
1.026,199.6789259160486,0.49919602274894714,15.948665505760276,False
1.0265,199.6789247919671,0.4991961121559143,15.94867453849449,False
1.027,199.67892752787276,0.49919602274894714,15.94867433675303,False
1.0275,199.67892987146647,0.49919602274894714,15.948673492241562,False
1.028,199.67893095886646,0.49919596314430237,15.948666196513456,False
1.0285,199.67892878740042,0.49919602274894714,15.948665058925892,False
1.029,199.67892655414278,0.49919605255126953,15.9486674880563,False
1.0295,199.67892579615886,0.49919605255126953,15.948670294582136,False
1.03,199.67892654989114,0.49919605255126953,15.948673100282805,False
1.0305,199.6789283662464,0.49919602274894714,15.948672570649164,False
1.031,199.67892914279096,0.49919596314430237,15.948665695716224,False
1.0315,199.6789271967496,0.49919605255126953,15.948667998229483,False
1.032,199.6789266310156,0.49919605255126953,15.948670617517818,False
1.0325,199.6789271723958,0.49919602274894714,15.94867022991823,False
1.033,199.67892774756396,0.49919605255126953,15.94867270989299,False
1.0335,199.6789292380996,0.49919602274894714,15.948671918527092,False
1.034,199.67892958978751,0.49919596314430237,15.948664876995563,False
1.0345,199.67892717885408,0.49919605255126953,15.948667125598936,False
1.035,199.6789261699071,0.49919605255126953,15.948669805934516,False
1.0355,199.67892663485725,0.49919605255126953,15.948672553817067,False
1.036,199.67892845224716,0.49919605255126953,15.948675011508959,False
1.0365,199.6789304647133,0.49919596314430237,15.948667957201792,False
1.037,199.67892866607923,0.49919596314430237,15.948660879258364,False
1.0375,199.67892489123741,0.4991961121559143,15.948669553628735,False
1.038,199.67892594027364,0.4991961121559143,15.94867856876698,False
1.0385,199.6789300329253,0.49919596314430237,15.948671885298191,False
1.039,199.67893028358597,0.49919596314430237,15.948664655380588,False
1.0395,199.67892739746065,0.49919602274894714,15.948663779918562,False
1.04,199.67892523636615,0.4991961121559143,15.948672569757994,False
1.0405,199.6789272098219,0.49919605255126953,15.948675361679904,False
1.041,199.67892953232703,0.49919596314430237,15.94866858244963,False
1.0415,199.67892815124503,0.49919596314430237,15.9486616873646,False
1.042,199.6789242655359,0.49919605255126953,15.948664488294398,False
1.0425,199.6789227970658,0.4991961121559143,15.948673982891055,False
1.043,199.6789257493572,0.49919605255126953,15.94867726768581,False
1.0435,199.67892977607752,0.49919602274894714,15.948676658914428,False
1.044,199.67893191128383,0.4991959035396576,15.948663235785572,False
1.0445,199.6789281288795,0.49919602274894714,15.948662062440256,False
1.045,199.6789250143737,0.4991961121559143,15.9486707886403,False
1.0455,199.67892610281072,0.49919605255126953,15.948673749627792,False
1.046,199.67892829767277,0.49919602274894714,15.948673284940575,False
1.0465,199.67892944581263,0.49919596314430237,15.948666379988621,False
1.047,199.6789275279859,0.49919602274894714,15.948665593199104,False
1.0475,199.6789262779911,0.4991961121559143,15.948674233808926,False
1.048,199.67892870129046,0.49919602274894714,15.948673695633087,False
1.0485,199.67893001621843,0.49919596314430237,15.948666667207954,False
1.049,199.67892818455624,0.49919602274894714,15.948665724991235,False
1.0495,199.67892635481104,0.49919605255126953,15.948668255322522,False
1.05,199.6789260092752,0.49919605255126953,15.948671059731065,False
1.0505,199.67892684198563,0.49919602274894714,15.948670792422078,False
1.051,199.6789277390237,0.49919605255126953,15.9486733150216,False
1.0515,199.67892896160194,0.49919596314430237,15.948666542040728,False
1.052,199.67892717765446,0.49919602274894714,15.948665860793227,False
1.0525,199.6789261012111,0.4991961121559143,15.948674567984968,False
1.053,199.67892871366496,0.49919602274894714,15.94867405045418,False
1.0535,199.67893020826887,0.49919596314430237,15.948666995984407,False
1.054,199.67892794647,0.49919596314430237,15.948660042038515,False
1.0545,199.67892382070588,0.4991961121559143,15.948668943378047,False
1.055,199.6789240941912,0.49919605255126953,15.948672310547465,False
1.0555,199.6789260562517,0.49919605255126953,15.948675393147743,False
1.056,199.67892851683447,0.49919596314430237,15.948668888421599,False
1.0565,199.67892797676274,0.49919602274894714,15.948668161188518,False
1.057,199.67892712287818,0.49919602274894714,15.948667610729599,False
1.0575,199.67892694482572,0.4991961121559143,15.948676217234931,False
1.058,199.67893030927982,0.49919602274894714,15.948675390190989,False
1.0585,199.67893174094024,0.4991959035396576,15.948661921754535,False
1.059,199.67892730630228,0.49919602274894714,15.948660874712843,False
1.0595,199.67892425050243,0.4991961717605591,15.948675819668395,False
1.06,199.67892769717852,0.49919602274894714,15.948675664405522,False
1.0605,199.67893012254265,0.49919596314430237,15.94866874864925,False
1.061,199.67892876380068,0.49919596314430237,15.948661701259184,False
1.0615,199.6789248203816,0.49919605255126953,15.948664354434413,False
1.062,199.67892322494052,0.4991961121559143,15.948673724721754,False
1.0625,199.67892600028514,0.49919605255126953,15.948676923731782,False
1.063,199.67892924749913,0.49919596314430237,15.948670332871492,False
1.0635000000000001,199.67892936691248,0.49919602274894714,15.94866933652377,False
1.064,199.67892896548315,0.49919602274894714,15.948668376352323,False
1.0645,199.67892811675944,0.49919602274894714,15.948667574868256,False
1.065,199.6789269489991,0.49919602274894714,15.948667028982335,False
1.0655000000000001,199.67892649260585,0.4991961121559143,15.948675715010125,False
1.066,199.67892964872487,0.49919602274894714,15.948675029044356,False
1.0665,199.67893096604848,0.4991959035396576,15.948661742455352,False
1.067,199.67892681068489,0.49919605255126953,15.948663864995929,False
1.0675000000000001,199.67892533257697,0.4991961717605591,15.94867873427621,False
1.068,199.67893015145452,0.49919602274894714,15.948678130032484,False
1.0685,199.678932708571,0.4991958737373352,15.948661549077126,False
1.069,199.67892827024318,0.49919605255126953,15.94866326645218,False
1.0695000000000001,199.67892517739742,0.49919605255126953,15.948665936148016,False
1.07,199.67892435098116,0.4991961121559143,15.948675117969534,False
1.0705,199.6789274291102,0.49919602274894714,15.948674984257865,False
1.071,199.6789301134265,0.49919602274894714,15.948674121308613,False
1.0715000000000001,199.67893091858076,0.4991959035396576,15.948660782354874,False
1.072,199.67892627851623,0.49919605255126953,15.948662978721343,False
1.0725,199.67892382711594,0.4991961121559143,15.948672088921477,False
1.073,199.67892570438255,0.49919605255126953,15.948675249963802,False
1.0735000000000001,199.67892870667322,0.49919602274894714,15.948674783209759,False
1.074,199.67893057577626,0.49919596314430237,15.948667682756714,False
1.0745,199.67892920292792,0.49919602274894714,15.9486665403419,False
1.075,199.67892739258602,0.49919602274894714,15.948665801350682,False
1.0755000000000001,199.6789262630867,0.4991961121559143,15.948674460882101,False
1.076,199.67892880378673,0.49919602274894714,15.94867391151022,False
1.0765,199.67893021798574,0.49919596314430237,15.948666844472228,False
1.077,199.67892845539808,0.49919602274894714,15.948665842355384,False
1.0775000000000001,199.67892636810646,0.49919602274894714,15.948665327971,False
1.078,199.67892510551982,0.4991961121559143,15.94867426389492,False
1.0785,199.67892766819128,0.49919602274894714,15.948674004844323,False
1.079,199.67892925012288,0.49919596314430237,15.948667203977433,False
1.0795000000000001,199.67892777329172,0.49919602274894714,15.948666410508194,False
1.08,199.6789260479544,0.49919602274894714,15.948666022694962,False
1.0805,199.67892517359448,0.4991961121559143,15.94867499018466,False
1.081,199.6789280995263,0.49919602274894714,15.948674667575325,False
1.0815000000000001,199.6789299738723,0.49919596314430237,15.948667720197514,False
1.082,199.67892868379198,0.49919602274894714,15.948666719644773,False
1.0825,199.67892701982285,0.49919602274894714,15.948666093446358,False
1.083,199.67892607874538,0.4991961121559143,15.948674823343733,False
1.0835000000000001,199.67892882382756,0.49919602274894714,15.948674294589875,False
1.084,199.67893043130556,0.49919596314430237,15.948667197831377,False
1.0845,199.67892824887042,0.49919596314430237,15.94866017728743,False
1.085,199.67892416010477,0.4991961121559143,15.948668997334334,False
1.0855000000000001,199.67892442520954,0.49919605255126953,15.948672279628672,False
1.086,199.67892633648347,0.49919605255126953,15.948675284883366,False
1.0865,199.6789287122,0.49919596314430237,15.948668720017599,False
1.087,199.67892806556364,0.49919602274894714,15.948667956901849,False
1.0875000000000001,199.67892709808427,0.49919602274894714,15.948667398441348,False
1.088,199.67892681437195,0.4991961121559143,15.948676024698136,False
1.0885,199.67893009441767,0.49919602274894714,15.948675241451346,False
1.089,199.67893147293833,0.4991959035396576,15.948661834199049,False
1.0895,199.6789270219903,0.49919602274894714,15.948660857101446,False
1.09,199.6789239872823,0.4991961717605591,15.948675871361909,False
1.0905,199.67892748816976,0.49919602274894714,15.948675775839822,False
1.091,199.67892999248295,0.49919596314430237,15.94866890294237,False
1.0915,199.67892872619979,0.49919596314430237,15.9486618766967,False
1.092,199.67892487624428,0.49919605255126953,15.948664527475485,False
1.0925,199.67892336315762,0.4991961121559143,15.948673873115785,False
1.093,199.67892619957334,0.49919605255126953,15.948677029338622,False
1.0935,199.6789294795735,0.49919596314430237,15.94867038383322,False
1.094,199.67892960043193,0.49919602274894714,15.948669328534587,False
1.0945,199.67892917022553,0.49919602274894714,15.948668312900038,False
1.095,199.67892826747845,0.49919602274894714,15.948667466459145,False
1.0955,199.6789270284782,0.49919602274894714,15.948666891491714,False
1.096,199.6789264935472,0.4991961121559143,15.948675567408177,False
1.0965,199.67892957427873,0.49919602274894714,15.948674890816973,False
1.097,199.67893082897115,0.4991959035396576,15.948661631065805,False
1.0975,199.67892663129086,0.49919605255126953,15.948663793713509,False
1.098,199.67892513580028,0.4991961717605591,15.948678710637054,False
1.0985,199.67892996343548,0.49919602274894714,15.948678155105055,False
1.099,199.67893284199062,0.4991959035396576,15.948664589745672,False
1.0995,199.67892965175412,0.49919602274894714,15.948663105214242,False
1.1,199.6789263305265,0.49919605255126953,15.948665454201102,False
1.1005,199.67892513630179,0.4991961121559143,15.94867439092407,False
1.101,199.67892776051133,0.49919602274894714,15.948674116231809,False
1.1015,199.678929389493,0.49919596314430237,15.948667285987794,False
1.102,199.67892793975034,0.49919602274894714,15.948666453772644,False
1.1025,199.67892621887282,0.49919602274894714,15.94866602323952,False
1.103,199.6789253267106,0.4991961121559143,15.94867494971873,False
1.1035,199.6789282158049,0.49919602274894714,15.948674593034111,False
1.104,199.67893003982925,0.49919596314430237,15.94866762262854,False
1.1045,199.6789286930045,0.49919602274894714,15.948666612609646,False
1.105,199.6789269734651,0.49919602274894714,15.948665991164372,False
1.1055,199.67892598512012,0.4991961121559143,15.948674738827867,False
1.106,199.67892869699676,0.49919602274894714,15.948674238016263,False
1.1065,199.67893028903444,0.49919596314430237,15.948667175343136,False
1.107,199.6789281101783,0.49919596314430237,15.948660190369191,False
1.1075,199.67892404275642,0.4991961121559143,15.948669042814549,False
1.108,199.67892434347277,0.49919605255126953,15.948672350283264,False
1.1085,199.67892629943202,0.49919605255126953,15.948675370537629,False
1.109,199.6789287227579,0.49919596314430237,15.948668808983316,False
1.1095,199.67892812038383,0.49919602274894714,15.94866803755002,False
1.11,199.67892718824206,0.49919602274894714,15.948667460701751,False
1.1105,199.67892634922916,0.49919605255126953,15.948670116991167,False
1.111,199.67892695387218,0.49919605255126953,15.948672801652457,False
1.1115,199.67892886393042,0.49919605255126953,15.948675166745854,False
1.112,199.6789309120303,0.49919596314430237,15.948668003647086,False
1.1125,199.67892966729022,0.49919602274894714,15.948666759749365,False
1.113,199.67892791974123,0.49919602274894714,15.948665895163835,False
1.1135,199.67892591604854,0.49919602274894714,15.948665505760268,False
1.114,199.67892479196703,0.4991961121559143,15.948674538494497,False
1.1145,199.67892752787273,0.49919602274894714,15.948674336753047,False
1.115,199.67892987146647,0.49919602274894714,15.948673492241582,False
1.1155,199.6789309588665,0.49919596314430237,15.94866619651347,False
1.116,199.67892878740045,0.49919602274894714,15.948665058925895,False
1.1165,199.6789265541428,0.49919605255126953,15.948667488056296,False
1.117,199.6789257961589,0.49919605255126953,15.948670294582127,False
1.1175,199.67892654989117,0.49919605255126953,15.948673100282788,False
1.118,199.67892836624642,0.49919602274894714,15.948672570649137,False
1.1185,199.67892914279096,0.49919596314430237,15.948665695716194,False
1.119,199.67892719674958,0.49919605255126953,15.948667998229455,False
1.1195,199.67892663101557,0.49919605255126953,15.948670617517799,False
1.12,199.67892717239576,0.49919602274894714,15.948670229918216,False
1.1205,199.6789277475639,0.49919605255126953,15.948672709892985,False
1.121,199.67892923809958,0.49919602274894714,15.9486719185271,False
1.1215,199.6789295897875,0.49919596314430237,15.948664876995581,False
1.122,199.67892717885405,0.49919605255126953,15.948667125598957,False
1.1225,199.6789261699071,0.49919605255126953,15.948669805934543,False
1.123,199.67892663485728,0.49919605255126953,15.948672553817094,False
1.1235,199.67892845224722,0.49919605255126953,15.94867501150897,False
1.124,199.67893046471335,0.49919596314430237,15.948667957201785,False
1.1245,199.67892866607926,0.49919596314430237,15.948660879258345,False
1.125,199.67892489123744,0.4991961121559143,15.948669553628708,False
1.1255,199.67892594027367,0.4991961121559143,15.948678568766944,False
1.1260000000000001,199.67893003292528,0.49919596314430237,15.948671885298157,False
1.1265,199.67893028358594,0.49919596314430237,15.94866465538056,False
1.127,199.67892739746063,0.49919602274894714,15.948663779918542,False
1.1275,199.67892523636613,0.4991961121559143,15.948672569757981,False
1.1280000000000001,199.67892720982186,0.49919605255126953,15.9486753616799,False
1.1285,199.678929532327,0.49919596314430237,15.948668582449638,False
1.129,199.678928151245,0.49919596314430237,15.948661687364615,False
1.1295,199.6789242655359,0.49919605255126953,15.948664488294416,False
1.1300000000000001,199.6789227970658,0.4991961121559143,15.948673982891073,False
1.1305,199.6789257493572,0.49919605255126953,15.948677267685827,False
1.131,199.67892977607755,0.49919602274894714,15.948676658914446,False
1.1315,199.67893191128385,0.4991959035396576,15.948663235785583,False
1.1320000000000001,199.67892812887953,0.49919602274894714,15.948662062440262,False
1.1325,199.67892501437373,0.4991961121559143,15.948670788640294,False
1.133,199.67892610281075,0.49919605255126953,15.948673749627778,False
1.1335,199.67892829767277,0.49919602274894714,15.948673284940558,False
1.1340000000000001,199.67892944581263,0.49919596314430237,15.948666379988603,False
1.1345,199.67892752798588,0.49919602274894714,15.948665593199095,False
1.135,199.67892627799108,0.4991961121559143,15.948674233808926,False
1.1355,199.67892870129043,0.49919602274894714,15.948673695633097,False
1.1360000000000001,199.6789300162184,0.49919596314430237,15.94866666720797,False
1.1365,199.6789281845562,0.49919602274894714,15.94866572499126,False
1.137,199.678926354811,0.49919605255126953,15.94866825532255,False
1.1375,199.67892600927516,0.49919605255126953,15.948671059731101,False
1.1380000000000001,199.67892684198563,0.49919602274894714,15.94867079242212,False
1.1385,199.6789277390237,0.49919605255126953,15.948673315021642,False
1.139,199.67892896160197,0.49919596314430237,15.948666542040769,False
1.1395,199.6789271776545,0.49919602274894714,15.948665860793259,False
1.1400000000000001,199.67892610121115,0.4991961121559143,15.948674567984988,False
1.1405,199.67892871366502,0.49919602274894714,15.948674050454184,False
1.141,199.67893020826892,0.49919596314430237,15.9486669959844,False
1.1415,199.67892794647005,0.49919596314430237,15.948660042038496,False
1.1420000000000001,199.6789238207059,0.4991961121559143,15.948668943378017,False
1.1425,199.67892409419122,0.49919605255126953,15.948672310547424,False
1.143,199.67892605625173,0.49919605255126953,15.948675393147695,False
1.1435,199.67892851683445,0.49919596314430237,15.948668888421555,False
1.1440000000000001,199.67892797676268,0.49919602274894714,15.948668161188484,False
1.1445,199.67892712287812,0.49919602274894714,15.94866761072958,False
1.145,199.67892694482566,0.4991961121559143,15.948676217234924,False
1.1455,199.67893030927976,0.49919602274894714,15.948675390190997,False
1.1460000000000001,199.6789317409402,0.4991959035396576,15.948661921754558,False
1.1465,199.67892730630226,0.49919602274894714,15.948660874712875,False
1.147,199.6789242505024,0.4991961717605591,15.94867581966844,False
1.1475,199.6789276971785,0.49919602274894714,15.94867566440557,False
1.1480000000000001,199.67893012254265,0.49919596314430237,15.948668748649302,False
1.1485,199.67892876380068,0.49919596314430237,15.948661701259235,False
1.149,199.67892482038164,0.49919605255126953,15.948664354434463,False
1.1495,199.67892322494055,0.4991961121559143,15.948673724721793,False
1.1500000000000001,199.6789260002852,0.49919605255126953,15.94867692373181,False
1.1505,199.67892924749918,0.49919596314430237,15.948670332871504,False
1.151,199.67892936691254,0.49919602274894714,15.948669336523764,False
1.1515,199.6789289654832,0.49919602274894714,15.948668376352302,False
1.1520000000000001,199.67892811675947,0.49919602274894714,15.948667574868226,False
1.1525,199.67892694899913,0.49919602274894714,15.948667028982298,False
1.153,199.67892649260588,0.4991961121559143,15.94867571501008,False
1.1535,199.67892964872482,0.49919602274894714,15.948675029044317,False
1.154,199.6789309660484,0.4991959035396576,15.948661742455332,False
1.1545,199.6789268106848,0.49919605255126953,15.948663864995927,False
1.155,199.67892533257688,0.4991961717605591,15.94867873427623,False
1.1555,199.67893015145444,0.49919602274894714,15.948678130032528,False
1.156,199.67893270857095,0.4991958737373352,15.94866154907719,False
1.1565,199.67892827024318,0.49919605255126953,15.948663266452245,False
1.157,199.67892517739745,0.49919605255126953,15.94866593614808,False
1.1575,199.6789243509812,0.4991961121559143,15.948675117969593,False
1.158,199.67892742911025,0.49919602274894714,15.948674984257906,False
1.1585,199.6789301134266,0.49919602274894714,15.94867412130864,False
1.159,199.67893091858085,0.4991959035396576,15.948660782354878,False
1.1595,199.67892627851631,0.49919605255126953,15.948662978721327,False
1.16,199.67892382711602,0.4991961121559143,15.948672088921441,False
1.1605,199.67892570438255,0.49919605255126953,15.948675249963761,False
1.161,199.6789287066732,0.49919602274894714,15.948674783209722,False
1.1615,199.67893057577623,0.49919596314430237,15.948667682756687,False
1.162,199.67892920292786,0.49919602274894714,15.94866654034188,False
1.1625,199.67892739258593,0.49919602274894714,15.94866580135068,False
1.163,199.67892626308662,0.4991961121559143,15.948674460882124,False
1.1635,199.67892880378665,0.49919602274894714,15.94867391151026,False
1.164,199.67893021798568,0.49919596314430237,15.948666844472289,False
1.1645,199.6789284553981,0.49919602274894714,15.948665842355442,False
1.165,199.67892636810654,0.49919602274894714,15.948665327971048,False
1.1655,199.67892510551994,0.4991961121559143,15.948674263894944,False
1.166,199.6789276681914,0.49919602274894714,15.94867400484431,False
1.1665,199.67892925012293,0.49919596314430237,15.948667203977395,False
1.167,199.67892777329178,0.49919602274894714,15.948666410508144,False
1.1675,199.6789260479544,0.49919602274894714,15.9486660226949,False
1.168,199.67892517359445,0.4991961121559143,15.9486749901846,False
1.1685,199.67892809952622,0.49919602274894714,15.948674667575279,False
1.169,199.67892997387221,0.49919596314430237,15.948667720197488,False
1.1695,199.6789286837919,0.49919602274894714,15.948666719644764,False
1.17,199.67892701982277,0.49919602274894714,15.948666093446368,False
1.1705,199.67892607874535,0.4991961121559143,15.948674823343769,False
1.171,199.67892882382753,0.49919602274894714,15.948674294589916,False
1.1715,199.67893043130556,0.49919596314430237,15.948667197831417,False
1.172,199.67892824887042,0.49919596314430237,15.94866017728747,False
1.1725,199.6789241601048,0.4991961121559143,15.94866899733437,False
1.173,199.6789244252096,0.49919605255126953,15.948672279628699,False
1.1735,199.67892633648353,0.49919605255126953,15.948675284883379,False
1.174,199.67892871220005,0.49919596314430237,15.948668720017595,False
1.1745,199.6789280655637,0.49919602274894714,15.948667956901831,False
1.175,199.67892709808433,0.49919602274894714,15.948667398441318,False
1.1755,199.67892681437192,0.4991961121559143,15.948676024698104,False
1.176,199.6789300944176,0.49919602274894714,15.948675241451324,False
1.1765,199.67893147293827,0.4991959035396576,15.948661834199044,False
1.177,199.67892702199023,0.49919602274894714,15.948660857101457,False
1.1775,199.67892398728227,0.4991961717605591,15.948675871361925,False
1.178,199.67892748816976,0.49919602274894714,15.948675775839842,False
1.1785,199.67892999248295,0.49919596314430237,15.948668902942389,False
1.179,199.67892872619979,0.49919596314430237,15.94866187669672,False
1.1795,199.67892487624428,0.49919605255126953,15.948664527475504,False
1.18,199.67892336315762,0.4991961121559143,15.948673873115805,False
1.1805,199.67892619957337,0.49919605255126953,15.948677029338638,False
1.181,199.67892947957355,0.49919596314430237,15.948670383833226,False
1.1815,199.67892960043199,0.49919602274894714,15.948669328534582,False
1.182,199.6789291702256,0.49919602274894714,15.94866831290002,False
1.1825,199.6789282674785,0.49919602274894714,15.948667466459112,False
1.183,199.6789270284782,0.49919602274894714,15.948666891491676,False
1.1835,199.67892649354715,0.4991961121559143,15.948675567408143,False
1.184,199.67892957427864,0.49919602274894714,15.948674890816958,False
1.1845,199.67893082897106,0.4991959035396576,15.94866163106581,False
1.185,199.67892663129084,0.49919605255126953,15.948663793713532,False
1.1855,199.67892513580028,0.4991961717605591,15.948678710637079,False
1.186,199.6789299634355,0.49919602274894714,15.948678155105073,False
1.1865,199.67893284199067,0.4991959035396576,15.94866458974568,False
1.187,199.67892965175417,0.49919602274894714,15.948663105214235,False
1.1875,199.67892633052656,0.49919605255126953,15.948665454201087,False
1.188,199.67892513630184,0.4991961121559143,15.948674390924044,False
1.1885000000000001,199.67892776051139,0.49919602274894714,15.948674116231768,False
1.189,199.67892938949305,0.49919596314430237,15.94866728598774,False
1.1895,199.6789279397504,0.49919602274894714,15.948666453772576,False
1.19,199.67892621887285,0.49919602274894714,15.94866602323944,False
1.1905000000000001,199.6789253267106,0.4991961121559143,15.948674949718649,False
1.191,199.67892821580486,0.49919602274894714,15.948674593034035,False
1.1915,199.6789300398292,0.49919596314430237,15.948667622628474,False
1.192,199.67892869300445,0.49919602274894714,15.948666612609594,False
1.1925000000000001,199.67892697346497,0.49919602274894714,15.948665991164342,False
1.193,199.67892598511997,0.4991961121559143,15.948674738827872,False
1.1935,199.67892869699662,0.49919602274894714,15.948674238016304,False
1.194,199.67893028903433,0.49919596314430237,15.948667175343209,False
1.1945000000000001,199.67892811017822,0.49919596314430237,15.948660190369283,False
1.195,199.67892404275642,0.4991961121559143,15.948669042814652,False
1.1955,199.6789243434729,0.49919605255126953,15.948672350283353,False
1.196,199.6789262994322,0.49919605255126953,15.948675370537678,False
1.1965000000000001,199.67892872275806,0.49919596314430237,15.94866880898332,False
1.197,199.678928120384,0.49919602274894714,15.94866803754998,False
1.1975,199.6789271882421,0.49919602274894714,15.948667460701682,False
1.198,199.6789263492292,0.49919605255126953,15.948670116991092,False
1.1985000000000001,199.67892695387218,0.49919605255126953,15.94867280165238,False
1.199,199.67892886393042,0.49919605255126953,15.94867516674578,False
1.1995,199.67893091203024,0.49919596314430237,15.948668003647013,False
1.2,199.6789296672901,0.49919602274894714,15.948666759749306,False
1.2005000000000001,199.6789279197411,0.49919602274894714,15.948665895163801,False
1.201,199.67892591604843,0.49919602274894714,15.948665505760257,False
1.2015,199.67892479196692,0.4991961121559143,15.948674538494513,False
1.202,199.67892752787264,0.49919602274894714,15.94867433675309,False
1.2025000000000001,199.67892987146647,0.49919602274894714,15.94867349224164,False
1.203,199.6789309588665,0.49919596314430237,15.948666196513528,False
1.2035,199.67892878740045,0.49919602274894714,15.948665058925954,False
1.204,199.67892655414283,0.49919605255126953,15.948667488056351,False
1.2045000000000001,199.67892579615892,0.49919605255126953,15.948670294582174,False
1.205,199.6789265498912,0.49919605255126953,15.948673100282827,False
1.2055,199.67892836624645,0.49919602274894714,15.94867257064917,False
1.206,199.67892914279102,0.49919596314430237,15.948665695716217,False
1.2065000000000001,199.67892719674964,0.49919605255126953,15.948667998229466,False
1.207,199.67892663101563,0.49919605255126953,15.948670617517797,False
1.2075,199.67892717239582,0.49919602274894714,15.948670229918198,False
1.208,199.67892774756396,0.49919605255126953,15.948672709892953,False
1.2085000000000001,199.67892923809958,0.49919602274894714,15.948671918527058,False
1.209,199.6789295897875,0.49919596314430237,15.948664876995538,False
1.2095,199.67892717885405,0.49919605255126953,15.948667125598915,False
1.21,199.67892616990707,0.49919605255126953,15.9486698059345,False
1.2105000000000001,199.67892663485722,0.49919605255126953,15.94867255381706,False
1.211,199.67892845224713,0.49919605255126953,15.948675011508957,False
1.2115,199.67893046471326,0.49919596314430237,15.948667957201797,False
1.212,199.6789286660792,0.49919596314430237,15.948660879258378,False
1.2125000000000001,199.67892489123741,0.4991961121559143,15.948669553628758,False
1.213,199.67892594027367,0.4991961121559143,15.948678568766999,False
1.2135,199.67893003292534,0.49919596314430237,15.948671885298204,False
1.214,199.67893028358603,0.49919596314430237,15.94866465538059,False
1.2145000000000001,199.6789273974607,0.49919602274894714,15.948663779918547,False
1.215,199.6789252363662,0.4991961121559143,15.948672569757967,False
1.2155,199.67892720982195,0.49919605255126953,15.948675361679868,False
1.216,199.67892953232706,0.49919596314430237,15.94866858244959,False
1.2165,199.67892815124506,0.49919596314430237,15.948661687364554,False
1.217,199.67892426553593,0.49919605255126953,15.948664488294346,False
1.2175,199.67892279706578,0.4991961121559143,15.948673982891,False
1.218,199.67892574935712,0.49919605255126953,15.948677267685769,False
1.2185,199.67892977607744,0.49919602274894714,15.948676658914405,False
1.219,199.67893191128374,0.4991959035396576,15.948663235785569,False
1.2195,199.67892812887945,0.49919602274894714,15.948662062440269,False
1.22,199.67892501437365,0.4991961121559143,15.948670788640325,False
1.2205,199.6789261028107,0.49919605255126953,15.948673749627826,False
1.221,199.67892829767277,0.49919602274894714,15.94867328494061,False
1.2215,199.67892944581263,0.49919596314430237,15.948666379988655,False
1.222,199.67892752798593,0.49919602274894714,15.948665593199136,False
1.2225,199.67892627799114,0.4991961121559143,15.948674233808951,False
1.223,199.6789287012905,0.49919602274894714,15.948673695633104,False
1.2235,199.67893001621846,0.49919596314430237,15.948666667207963,False
1.224,199.67892818455627,0.49919602274894714,15.94866572499124,False
1.2245,199.67892635481107,0.49919605255126953,15.948668255322517,False
1.225,199.67892600927522,0.49919605255126953,15.948671059731051,False
1.2255,199.67892684198566,0.49919602274894714,15.948670792422062,False
1.226,199.67892773902372,0.49919605255126953,15.94867331502158,False
1.2265,199.67892896160197,0.49919596314430237,15.948666542040703,False
1.227,199.67892717765443,0.49919602274894714,15.9486658607932,False
1.2275,199.67892610121103,0.4991961121559143,15.948674567984945,False
1.228,199.6789287136649,0.49919602274894714,15.948674050454173,False
1.2285,199.6789302082688,0.49919596314430237,15.948666995984416,False
1.229,199.67892794646994,0.49919596314430237,15.948660042038535,False
1.2295,199.67892382070582,0.4991961121559143,15.948668943378083,False
1.23,199.6789240941912,0.49919605255126953,15.948672310547506,False
1.2305,199.6789260562517,0.49919605255126953,15.948675393147784,False
1.231,199.6789285168345,0.49919596314430237,15.948668888421635,False
1.2315,199.67892797676282,0.49919602274894714,15.948668161188547,False
1.232,199.67892712287826,0.49919602274894714,15.948667610729606,False
1.2325,199.6789269448258,0.4991961121559143,15.948676217234915,False
1.233,199.67893030927985,0.49919602274894714,15.948675390190962,False
1.2335,199.67893174094024,0.4991959035396576,15.948661921754507,False
1.234,199.67892730630226,0.49919602274894714,15.948660874712814,False
1.2345,199.6789242505024,0.4991961717605591,15.948675819668379,False
1.235,199.6789276971785,0.49919602274894714,15.94867566440551,False
1.2355,199.67893012254262,0.49919596314430237,15.948668748649245,False
1.236,199.67892876380066,0.49919596314430237,15.948661701259187,False
1.2365,199.67892482038158,0.49919605255126953,15.948664354434426,False
1.237,199.6789232249405,0.4991961121559143,15.948673724721772,False
1.2375,199.67892600028514,0.49919605255126953,15.948676923731803,False
1.238,199.67892924749913,0.49919596314430237,15.948670332871513,False
1.2385,199.6789293669125,0.49919602274894714,15.948669336523789,False
1.239,199.67892896548318,0.49919602274894714,15.948668376352334,False
1.2395,199.67892811675947,0.49919602274894714,15.94866757486826,False
1.24,199.67892694899913,0.49919602274894714,15.94866702898233,False
1.2405,199.67892649260588,0.4991961121559143,15.948675715010111,False
1.241,199.6789296487249,0.49919602274894714,15.948675029044336,False
1.2415,199.67893096604848,0.4991959035396576,15.948661742455332,False
1.242,199.67892681068489,0.49919605255126953,15.94866386499591,False
1.2425,199.67892533257697,0.4991961717605591,15.948678734276193,False
1.243,199.6789301514545,0.49919602274894714,15.948678130032473,False
1.2435,199.67893270857098,0.4991958737373352,15.948661549077125,False
1.244,199.67892827024315,0.49919605255126953,15.948663266452185,False
1.2445,199.6789251773974,0.49919605255126953,15.948665936148027,False
1.245,199.67892435098113,0.4991961121559143,15.948675117969557,False
1.2455,199.67892742911016,0.49919602274894714,15.948674984257893,False
1.246,199.6789301134265,0.49919602274894714,15.948674121308649,False
1.2465,199.67893091858076,0.4991959035396576,15.948660782354908,False
1.247,199.67892627851626,0.49919605255126953,15.94866297872137,False
1.2475,199.678923827116,0.4991961121559143,15.948672088921485,False
1.248,199.67892570438258,0.49919605255126953,15.948675249963799,False
1.2485,199.67892870667325,0.49919602274894714,15.948674783209745,False
1.249,199.6789305757763,0.49919596314430237,15.948667682756694,False
1.2495,199.67892920292792,0.49919602274894714,15.948666540341875,False
1.25,199.678927392586,0.49919602274894714,15.94866580135066,False
1.2505,199.67892626308668,0.4991961121559143,15.948674460882087,False
1.2510000000000001,199.6789288037867,0.49919602274894714,15.948673911510214,False
1.2515,199.6789302179857,0.49919596314430237,15.948666844472228,False
1.252,199.67892845539805,0.49919602274894714,15.948665842355389,False
1.2525,199.67892636810646,0.49919602274894714,15.94866532797101,False
1.2530000000000001,199.67892510551985,0.4991961121559143,15.94867426389493,False
1.2535,199.6789276681913,0.49919602274894714,15.948674004844317,False
1.254,199.67892925012288,0.49919596314430237,15.948667203977418,False
1.2545,199.67892777329172,0.49919602274894714,15.948666410508181,False
1.2550000000000001,199.6789260479544,0.49919602274894714,15.94866602269495,False
1.2555,199.67892517359445,0.4991961121559143,15.94867499018465,False
1.256,199.67892809952627,0.49919602274894714,15.948674667575323,False
1.2565,199.67892997387227,0.49919596314430237,15.948667720197516,False
1.2570000000000001,199.67892868379195,0.49919602274894714,15.948666719644782,False
1.2575,199.67892701982282,0.49919602274894714,15.948666093446377,False
1.258,199.6789260787454,0.4991961121559143,15.948674823343763,False
1.2585,199.6789288238276,0.49919602274894714,15.948674294589894,False
1.2590000000000001,199.6789304313056,0.49919596314430237,15.948667197831385,False
1.2595,199.67892824887045,0.49919596314430237,15.948660177287431,False
1.26,199.6789241601048,0.4991961121559143,15.948668997334323,False
1.2605,199.67892442520957,0.49919605255126953,15.948672279628658,False
1.2610000000000001,199.6789263364835,0.49919605255126953,15.948675284883349,False
1.2615,199.67892871220002,0.49919596314430237,15.948668720017574,False
1.262,199.67892806556367,0.49919602274894714,15.948667956901819,False
1.2625,199.6789270980843,0.49919602274894714,15.948667398441312,False
1.2630000000000001,199.67892681437192,0.4991961121559143,15.948676024698104,False
1.2635,199.6789300944176,0.49919602274894714,15.948675241451324,False
1.264,199.67893147293827,0.4991959035396576,15.948661834199044,False
1.2645,199.67892702199023,0.49919602274894714,15.948660857101457,False
1.2650000000000001,199.67892398728227,0.4991961717605591,15.948675871361925,False
1.2655,199.67892748816976,0.49919602274894714,15.948675775839842,False
1.266,199.67892999248295,0.49919596314430237,15.948668902942389,False
1.2665,199.67892872619979,0.49919596314430237,15.94866187669672,False
1.2670000000000001,199.67892487624428,0.49919605255126953,15.948664527475504,False
1.2675,199.67892336315762,0.4991961121559143,15.948673873115805,False
1.268,199.67892619957337,0.49919605255126953,15.948677029338638,False
1.2685,199.67892947957355,0.49919596314430237,15.948670383833226,False
1.2690000000000001,199.67892960043199,0.49919602274894714,15.948669328534582,False
1.2695,199.6789291702256,0.49919602274894714,15.94866831290002,False
1.27,199.6789282674785,0.49919602274894714,15.948667466459112,False
1.2705,199.6789270284782,0.49919602274894714,15.948666891491676,False
1.2710000000000001,199.67892649354715,0.4991961121559143,15.948675567408143,False
1.2715,199.67892957427864,0.49919602274894714,15.948674890816958,False
1.272,199.67893082897106,0.4991959035396576,15.94866163106581,False
1.2725,199.67892663129084,0.49919605255126953,15.948663793713532,False
1.2730000000000001,199.67892513580028,0.4991961717605591,15.948678710637079,False
1.2735,199.6789299634355,0.49919602274894714,15.948678155105073,False
1.274,199.67893284199067,0.4991959035396576,15.94866458974568,False
1.2745,199.67892965175417,0.49919602274894714,15.948663105214235,False
1.2750000000000001,199.67892633052656,0.49919605255126953,15.948665454201087,False
1.2755,199.67892513630184,0.4991961121559143,15.948674390924044,False
1.276,199.67892776051139,0.49919602274894714,15.948674116231768,False
1.2765,199.67892938949305,0.49919596314430237,15.94866728598774,False
1.2770000000000001,199.6789279397504,0.49919602274894714,15.948666453772576,False
1.2775,199.67892621887285,0.49919602274894714,15.94866602323944,False
1.278,199.6789253267106,0.4991961121559143,15.948674949718649,False
1.2785,199.67892821580486,0.49919602274894714,15.948674593034035,False
1.2790000000000001,199.6789300398292,0.49919596314430237,15.948667622628474,False
1.2795,199.67892869300445,0.49919602274894714,15.948666612609594,False
1.28,199.67892697346497,0.49919602274894714,15.948665991164342,False
1.2805,199.67892598511997,0.4991961121559143,15.948674738827872,False
1.281,199.67892869699662,0.49919602274894714,15.948674238016304,False
1.2815,199.67893028903433,0.49919596314430237,15.948667175343209,False
1.282,199.67892811017822,0.49919596314430237,15.948660190369283,False
1.2825,199.67892404275642,0.4991961121559143,15.948669042814652,False
1.283,199.6789243434729,0.49919605255126953,15.948672350283353,False
1.2835,199.6789262994322,0.49919605255126953,15.948675370537678,False
1.284,199.67892872275806,0.49919596314430237,15.94866880898332,False
1.2845,199.678928120384,0.49919602274894714,15.94866803754998,False
1.285,199.6789271882421,0.49919602274894714,15.948667460701682,False
1.2855,199.6789263492292,0.49919605255126953,15.948670116991092,False
1.286,199.67892695387218,0.49919605255126953,15.94867280165238,False
1.2865,199.67892886393042,0.49919605255126953,15.94867516674578,False
1.287,199.67893091203024,0.49919596314430237,15.948668003647013,False
1.2875,199.6789296672901,0.49919602274894714,15.948666759749306,False
1.288,199.6789279197411,0.49919602274894714,15.948665895163801,False
1.2885,199.67892591604843,0.49919602274894714,15.948665505760257,False
1.289,199.67892479196692,0.4991961121559143,15.948674538494513,False
1.2895,199.67892752787264,0.49919602274894714,15.94867433675309,False
1.29,199.67892987146647,0.49919602274894714,15.94867349224164,False
1.2905,199.6789309588665,0.49919596314430237,15.948666196513528,False
1.291,199.67892878740045,0.49919602274894714,15.948665058925954,False
1.2915,199.67892655414283,0.49919605255126953,15.948667488056351,False
1.292,199.67892579615892,0.49919605255126953,15.948670294582174,False
1.2925,199.6789265498912,0.49919605255126953,15.948673100282827,False
1.293,199.67892836624645,0.49919602274894714,15.94867257064917,False
1.2935,199.67892914279102,0.49919596314430237,15.948665695716217,False
1.294,199.67892719674964,0.49919605255126953,15.948667998229466,False
1.2945,199.67892663101563,0.49919605255126953,15.948670617517797,False
1.295,199.67892717239582,0.49919602274894714,15.948670229918198,False
1.2955,199.67892774756396,0.49919605255126953,15.948672709892953,False
1.296,199.67892923809958,0.49919602274894714,15.948671918527058,False
1.2965,199.6789295897875,0.49919596314430237,15.948664876995538,False
1.297,199.67892717885405,0.49919605255126953,15.948667125598915,False
1.2975,199.67892616990707,0.49919605255126953,15.9486698059345,False
1.298,199.67892663485722,0.49919605255126953,15.94867255381706,False
1.2985,199.67892845224713,0.49919605255126953,15.948675011508957,False
1.299,199.67893046471326,0.49919596314430237,15.948667957201797,False
1.2995,199.6789286660792,0.49919596314430237,15.948660879258378,False
1.3,199.67892489123741,0.4991961121559143,15.948669553628758,False
1.3005,204.5019216361553,0.4469359815120697,9.981487789754249,False
1.301,205.0430496797398,0.428571492433548,1.3495864874479455,False
1.3015,202.36247276702642,0.4915224611759186,0.0,False
1.302,200.3389716811603,0.5373175144195557,3.4526540517416575,False
1.3025,200.6281569301838,0.5672934055328369,10.13283331185883,False
1.303,203.11745769521403,0.5037724375724792,10.043699488476916,False
1.3035,204.51140888269106,0.45837318897247314,4.77893123331823,False
1.304,203.45932770957472,0.48247671127319336,1.9621450865061636,False
1.3045,202.06521233510952,0.5264269709587097,3.9711773850631493,False
1.305,202.00393855784134,0.5393223762512207,7.467744477006397,False
1.3055,203.05136754250276,0.5055186152458191,7.393554029721732,False
1.306,203.50271805172486,0.48179247975349426,4.691326826224117,False
1.3065,202.9625120883043,0.5031259655952454,4.195544022678823,False
1.307,202.5722505024506,0.520095944404602,5.555118677950283,False
1.3075,202.81496766910283,0.516388475894928,6.552932229955367,False
1.308,203.21380507342678,0.4995982348918915,5.749497669430912,False
1.3085,203.16423368105103,0.49952948093414307,4.894946720980661,False
1.309,202.91386952066773,0.5106155276298523,5.216359243247997,False
1.3095,202.90253960803176,0.5134384036064148,5.859455303051005,False
1.31,203.07480700391935,0.506343424320221,5.75492656328045,False
1.3105,203.1178607211239,0.5032999515533447,5.31106989415191,False
1.311,203.0160092430455,0.5074223875999451,5.297844128579939,False
1.3115,202.97123390042927,0.5101430416107178,5.581966637654828,False
1.312,203.02967056898623,0.5079625844955444,5.640671984074268,False
1.3125,203.0695426447143,0.5058122873306274,5.466459958700152,False
1.313,203.03867675284044,0.5068453550338745,5.39718186116366,False
1.3135000000000001,203.00745100619642,0.5084271430969238,5.497958962451298,False
1.314,203.0218798167787,0.5080369114875793,5.56076913023194,False
1.3145,203.0447666185038,0.5069421529769897,5.506590737725228,False
1.315,203.0394496629516,0.506999671459198,5.456134522639774,False
1.3155000000000001,203.02366288320238,0.5077211260795593,5.482348382908786,False
1.316,203.02429312571294,0.5078117847442627,5.519745942844848,False
1.3165,203.03465690968665,0.50736004114151,5.509415430354391,False
1.317,203.0360937070146,0.5072203874588013,5.483286367285154,False
1.3175000000000001,203.02962343781275,0.5074889659881592,5.485348926404426,False
1.318,203.02754033932663,0.5076273083686829,5.50267141263815,False
1.3185,203.03136997696902,0.5074777007102966,5.504422119180952,False
1.319,203.03340584553592,0.5073611736297607,5.493484964322685,False
1.3195000000000001,203.03128207709403,0.5074375867843628,5.490401704254569,False
1.32,203.0295825931816,0.5075268149375916,5.496950921153976,False
1.3205,203.0306570723531,0.5074930787086487,5.5001150768576395,False
1.321,203.0319482356408,0.5074291229248047,5.49642147929558,False
1.3215000000000001,203.03147762404342,0.5074397921562195,5.49372115464165,False
1.322,203.03055834821703,0.507483184337616,5.495646945099038,False
1.3225,203.03070163398644,0.507483720779419,5.497724059562421,False
1.323,203.03132066211126,0.5074558854103088,5.4968496452167885,False
1.3235000000000001,203.03133782675485,0.5074505805969238,5.495351828364641,False
1.324,203.03093937847277,0.5074675679206848,5.495644860728878,False
1.3245,203.03085659979584,0.5074741840362549,5.496676654438153,False
1.325,203.03110267700112,0.5074642896652222,5.49667265127516,False
1.3255000000000001,203.03120302472797,0.5074582099914551,5.496001664665532,False
1.326,203.03106275345885,0.5074635148048401,5.495880106528934,False
1.3265,203.030972880158,0.5074684619903564,5.4962948678372525,False
1.327,203.03104857763074,0.5074658989906311,5.496448326221924,False
1.3275000000000001,203.03112200200118,0.5074622631072998,5.496210103818252,False
1.328,203.0310880122385,0.5074632167816162,5.496064871943969,False
1.3285,203.03103403808726,0.5074657201766968,5.496187497269776,False
1.329,203.0310430056006,0.5074655413627625,5.4962973560585064,False
1.3295000000000001,203.03107788190425,0.5074641108512878,5.496254948631504,False
1.33,203.03107746969644,0.5074635744094849,5.496153211280818,False
1.3305,203.03104973354695,0.5074647665023804,5.496177320045245,False
1.331,203.0310474169234,0.5074653029441833,5.496260212530069,False
1.3315000000000001,203.03107037359706,0.5074644684791565,5.496254894400485,False
1.332,203.03107784763966,0.5074639320373535,5.496190742555732,False
1.3325,203.03106185823887,0.5074644088745117,5.496176591303156,False
1.333,203.03104967761024,0.5074648857116699,5.496214879096923,False
1.3335000000000001,203.03105793320793,0.5074648857116699,5.496253649419868,False
1.334,203.03107062405763,0.5074641704559326,5.4962164105662925,False
1.3345,203.0310658177422,0.5074642896652222,5.496190428879811,False
1.335,203.0310567098252,0.5074647068977356,5.496208997431974,False
1.3355000000000001,203.031060204832,0.5074648261070251,5.49624049435259,False
1.336,203.03106846650206,0.5074642896652222,5.496215476035179,False
1.3365,203.03106579562424,0.5074644088745117,5.4962019984590675,False
1.337,203.03105891347548,0.5074645280838013,5.49620194466873,False
1.3375000000000001,203.03105620269156,0.5074647068977356,5.496221433865878,False
1.338,203.03106118010743,0.507464587688446,5.496228405226308,False
1.3385,203.03106443332672,0.5074643492698669,5.496209885734977,False
1.339,203.03106167236936,0.5074645280838013,5.496209656884989,False
1.3395000000000001,203.03105900834464,0.5074645280838013,5.496210103282357,False
1.34,203.0310579997941,0.507464587688446,5.49621712304779,False
1.3405,203.03105942115832,0.5074645280838013,5.496217973997418,False
1.341,203.03105994367493,0.5074644684791565,5.496212466534977,False
1.3415000000000001,203.03105884385394,0.5074645280838013,5.496213148124757,False
1.342,203.03105817609855,0.5074645280838013,5.496214049606361,False
1.3425,203.03105801896493,0.5074645280838013,5.496215053615323,False
1.343,203.03105838517882,0.5074645280838013,5.496216031444298,False
1.3435000000000001,203.03105922094971,0.5074645280838013,5.4962168595171415,False
1.344,203.03106041372604,0.5074645280838013,5.496217434980557,False
1.3445,203.03106058506106,0.5074644684791565,5.496211724235064,False
1.345,203.03105905770565,0.5074645280838013,5.49621229949526,False
1.3455,203.03105794133052,0.5074645280838013,5.496213203713016,False
1.346,203.0310573716537,0.5074645280838013,5.496214317640937,False
1.3465,203.03105741318473,0.5074645280838013,5.496215497129304,False
1.347,203.03105927427868,0.507464587688446,5.4962225559627855,False
1.3475,203.03106214109576,0.5074644684791565,5.496216792565856,False
1.348,203.0310618517947,0.5074644684791565,5.496210709264687,False
1.3485,203.03105970972595,0.5074645280838013,5.496211045869173,False
1.349,203.0310591268764,0.507464587688446,5.496217837910357,False
1.3495,203.03106082508242,0.5074645280838013,5.496218373730507,False
1.35,203.03106144258706,0.5074644684791565,5.496212504908679,False
1.3505,203.03106024642142,0.5074645280838013,5.496212825364532,False
1.351,203.0310593058957,0.5074645280838013,5.496213411710027,False
1.3515,203.0310587366258,0.5074645280838013,5.496214185877993,False
1.352,203.03105860554084,0.5074645280838013,5.496215047093306,False
1.3525,203.03105892308494,0.5074645280838013,5.496215884966485,False
1.353,203.0310596426892,0.5074645280838013,5.4962165936215355,False
1.3535,203.03106066747736,0.5074645280838013,5.496217085052712,False
1.354,203.03106186325388,0.5074645280838013,5.496217300028004,False
1.3545,203.03106307603966,0.5074645280838013,5.496217215191872,False
1.355,203.0310641518683,0.5074645280838013,5.4962168455203635,False
1.3555,203.03106495630192,0.5074645280838013,5.496216241882947,False
1.356,203.03106416896873,0.5074644684791565,5.496209519874575,False
1.3565,203.03106124216848,0.5074645280838013,5.496209377528992,False
1.357,203.03105969139483,0.507464587688446,5.49621590883652,False
1.3575,203.0310603637536,0.5074645280838013,5.496216432115296,False
1.358,203.03106125056303,0.5074645280838013,5.496216761252842,False
1.3585,203.031062236395,0.5074645280838013,5.496216857263614,False
1.359,203.03106319489567,0.5074645280838013,5.496216711261168,False
1.3595,203.03106400495497,0.5074645280838013,5.49621634516065,False
1.36,203.03106456598445,0.5074645280838013,5.496215808467103,False
1.3605,203.03106481037813,0.5074645280838013,5.496215171611891,False
1.361,203.03106471161743,0.5074645280838013,5.496214516730387,False
1.3615,203.03106428705385,0.5074645280838013,5.496213927086097,False
1.362,203.03106359509172,0.5074645280838013,5.496213476500648,False
1.3625,203.0310627272069,0.5074645280838013,5.49621322012953,False
1.363,203.03106179588602,0.5074645280838013,5.496213187733744,False
1.3635,203.03106092007218,0.5074645280838013,5.4962133802650985,False
1.364,203.0310602099977,0.5074645280838013,5.496213770151318,False
1.3645,203.0310597533337,0.5074645280838013,5.496214305192711,False
1.365,203.0310596043957,0.5074645280838013,5.496214915525621,False
1.3655,203.03105977772822,0.5074645280838013,5.496215522726772,False
1.366,203.03106024682157,0.5074645280838013,5.496216049874394,False
1.3665,203.03106094805017,0.5074645280838013,5.496216431277295,False
1.367,203.03106178926018,0.5074645280838013,5.496216620643394,False
1.3675,203.03106266185236,0.5074645280838013,5.496216596674259,False
1.368,203.0310634547792,0.5074645280838013,5.496216365412771,False
1.3685,203.03106406865507,0.5074645280838013,5.496215959092078,False
1.369,203.0310644281899,0.5074645280838013,5.496215431681012,False
1.3695,203.03106449139298,0.5074645280838013,5.496214851737113,False
1.37,203.03106425442655,0.5074645280838013,5.496214293511162,False
1.3705,203.03106375155508,0.5074645280838013,5.4962138274553025,False
1.371,203.03106305026523,0.5074645280838013,5.496213511346369,False
1.3715,203.03106224224365,0.5074645280838013,5.496213383140899,False
1.372,203.03106143141443,0.5074645280838013,5.496213456443118,False
1.3725,203.03106072059396,0.5074645280838013,5.496213719123506,False
1.373,203.03106019847382,0.5074645280838013,5.496214135218716,False
1.3735,203.03105992857783,0.5074645280838013,5.49621464982579,False
1.374,203.0310599415642,0.5074645280838013,5.496215196328149,False
1.3745,203.03106023180266,0.5074645280838013,5.496215705004586,False
1.375,203.0310607585991,0.5074645280838013,5.496216111910488,False
1.3755,203.0310614518476,0.5074645280838013,5.4962163669018,False
1.3760000000000001,203.03106222133098,0.5074645280838013,5.49621643979666,False
1.3765,203.03106296843964,0.5074645280838013,5.496216323919962,False
1.377,203.03106359878873,0.5074645280838013,5.496216036618365,False
1.3775,203.0310640341227,0.5074645280838013,5.496215616723237,False
1.3780000000000001,203.03106422200736,0.5074645280838013,5.496215119325948,False
1.3785,203.03106414211257,0.5074645280838013,5.496214608565732,False
1.379,203.03106380833685,0.5074645280838013,5.496214149372286,False
1.3795,203.0310632665638,0.5074645280838013,5.496213799224463,False
1.3800000000000001,203.03106258839532,0.5074645280838013,5.49621360096948,False
1.3805,203.03106186171388,0.5074645280838013,5.496213577597879,False
1.381,203.0310611793133,0.5074645280838013,5.496213729609028,False
1.3815,203.03106062706777,0.5074645280838013,5.496214035264596,False
1.3820000000000001,203.0310602731441,0.5074645280838013,5.49621445365719,False
1.3825,203.03106015961077,0.5074645280838013,5.4962149301655705,False
1.383,203.03106029747295,0.5074645280838013,5.496215403571313,False
1.3835,203.03106066571513,0.5074645280838013,5.496215813911503,False
1.3840000000000001,203.03106121441604,0.5074645280838013,5.4962161100616385,False
1.3845,203.03106187148333,0.5074645280838013,5.496216256091446,False
1.385,203.03106255210417,0.5074645280838013,5.49621623560523,False
1.3855,203.0310631696745,0.5074645280838013,5.496216053544977,False
1.3860000000000001,203.03106364680215,0.5074645280838013,5.496215735263421,False
1.3865,203.03106392498685,0.5074645280838013,5.496215323022969,False
1.387,203.0310639717691,0.5074645280838013,5.496214870400564,False
1.3875,203.03106378447822,0.5074645280838013,5.49621443533718,False
1.3880000000000001,203.031063390151,0.5074645280838013,5.496214072732043,False
1.3885,203.0310628416864,0.5074645280838013,5.496213827526708,False
1.389,203.0310622107761,0.5074645280838013,5.496213729148725,False
1.3895,203.03106157855237,0.5074645280838013,5.496213788000057,False
1.3900000000000001,203.03106102517134,0.5074645280838013,5.496213994406539,False
1.3905,203.03106061966653,0.5074645280838013,5.496214320126871,False
1.391,203.031060411355,0.5074645280838013,5.496214722193866,False
1.3915,203.03106042386398,0.5074645280838013,5.496215148568173,False
1.3920000000000001,203.03106065249776,0.5074645280838013,5.496215544862303,False
1.3925,203.03106106523194,0.5074645280838013,5.496215861267586,False
1.393,203.03106160715737,0.5074645280838013,5.496216058803197,False
1.3935,203.0310622077627,0.5074645280838013,5.496216114104664,False
1.3940000000000001,203.03106279009157,0.5074645280838013,5.496216022165497,False
1.3945,203.03106328058817,0.5074645280838013,5.496215796713249,False
1.395,203.03106361837305,0.5074645280838013,5.496215468205586,False
1.3955,203.03106376278097,0.5074645280838013,5.496215079734004,False
1.3960000000000001,203.03106369823104,0.5074645280838013,5.496214681383838,False
1.3965,203.03106343584835,0.5074645280838013,5.496214323787156,False
1.397,203.03106301167762,0.5074645280838013,5.496214051697202,False
1.3975,203.03106248176329,0.5074645280838013,5.496213898398478,False
1.3980000000000001,203.03106191476405,0.5074645280838013,5.496213881649303,False
1.3985,203.0310613830724,0.5074645280838013,5.496214001649516,False
1.399,203.03106095358558,0.5074645280838013,5.496214241262454,False
1.3995,203.03106067930383,0.5074645280838013,5.4962145684312915,False
1.4000000000000001,203.03106059280785,0.5074645280838013,5.496214940452531,False
1.4005,203.03106070241662,0.5074645280838013,5.49621530953884,False
1.401,203.03106099147467,0.5074645280838013,5.496215628947964,False
1.4015,203.031061420815,0.5074645280838013,5.496215858892816,False
1.4020000000000001,203.0310619340407,0.5074645280838013,5.496215971486727,False
1.4025,203.03106246491635,0.5074645280838013,5.4962159541106494,False
1.403,203.0310629459021,0.5074645280838013,5.496215810797615,False
1.4035,203.03106331673314,0.5074645280838013,5.496215561487023,False
1.4040000000000001,203.03106353195625,0.5074645280838013,5.496215239273183,False
1.4045,203.03106356648237,0.5074645280838013,5.496214886025149,False
1.405,203.03106341848013,0.5074645280838013,5.4962145469560255,False
1.4055,203.03106310928038,0.5074645280838013,5.496214264844874,False
1.4060000000000001,203.03106268034614,0.5074645280838013,5.496214074648527,False
1.4065,203.0310621877333,0.5074645280838013,5.4962139991807994,False
1.407,203.03106169478005,0.5074645280838013,5.496214046391755,False
1.4075,203.03106126397557,0.5074645280838013,5.496214208569323,False
1.408,203.03106094905115,0.5074645280838013,5.496214463537433,False
1.4085,203.03106078829308,0.5074645280838013,5.49621477767068,False
1.409,203.03106079990692,0.5074645280838013,5.496215110317752,False
1.4095,203.03106097999287,0.5074645280838013,5.4962154190531525,False
1.41,203.0310613033512,0.5074645280838013,5.496215665079859,False
1.4105,203.03106172697676,0.5074645280838013,5.4962158180959255,False
1.411,203.0310621957606,0.5074645280838013,5.496215860015765,False
1.4115,203.03106264964595,0.5074645280838013,5.496215787090525,False
1.412,203.03106303131028,0.5074645280838013,5.496215610181373,False
1.4125,203.03106329339298,0.5074645280838013,5.496215353176991,False
1.413,203.03106340435775,0.5074645280838013,5.496215049782091,False
1.4135,203.03106335226778,0.5074645280838013,5.496214739106926,False
1.414,203.03106314602215,0.5074645280838013,5.496214460633709,False
1.4145,203.0310628139347,0.5074645280838013,5.496214249206823,False
1.415,203.0310623998718,0.5074645280838013,5.496214130681417,False
1.4155,203.03106195747247,0.5074645280838013,5.496214118772739,False
1.416,203.03106154321222,0.5074645280838013,5.496214213488659,False
1.4165,203.0310612092044,0.5074645280838013,5.496214401321716,False
1.417,203.03106099665587,0.5074645280838013,5.496214657151615,False
1.4175,203.03106093079762,0.5074645280838013,5.49621494759292,False
1.418,203.03106101791153,0.5074645280838013,5.4962152353432066,False
1.4185,203.03106124480092,0.5074645280838013,5.496215483966552,False
1.419,203.03106158073777,0.5074645280838013,5.496215662499729,False
1.4195,203.03106198160444,0.5074645280838013,5.496215749299913,False
1.42,203.03106239567458,0.5074645280838013,5.496215734656733,False
1.4205,203.0310627702767,0.5074645280838013,5.496215621855036,False
1.421,203.03106305848394,0.5074645280838013,5.496215426575515,False
1.4215,203.03106322498132,0.5074645280838013,5.496215174732488,False
1.422,203.03106325037865,0.5074645280838013,5.496214899045023,False
1.4225,203.03106313344398,0.5074645280838013,5.496214634793755,False
1.423,203.03106289100407,0.5074645280838013,5.496214415312822,False
1.4235,203.03106255555693,0.5074645280838013,5.496214267792008,False
1.424,203.03106217093236,0.5074645280838013,5.496214209916832,False
1.4245,203.03106178657598,0.5074645280838013,5.496214247760682,False
1.425,203.03106145120327,0.5074645280838013,5.4962143751785115,False
1.4255,203.0310612066345,0.5074645280838013,5.496214574757865,False
1.426,203.0310610825911,0.5074645280838013,5.496214820184691,False
1.4265,203.0310610930987,0.5074645280838013,5.496215079704148,False
1.427,203.0310612349304,0.5074645280838013,5.496215320222321,False
1.4275,203.03106148825867,0.5074645280838013,5.4962155115199085,False
1.428,203.03106181940248,0.5074645280838013,5.496215630042183,False
1.4285,203.03106218529172,0.5074645280838013,5.496215661790834,False
1.429,203.03106253905858,0.5074645280838013,5.496215603963692,False
1.4295,203.03106283603213,0.5074645280838013,5.49621546515226,False
1.43,203.03106303936926,0.5074645280838013,5.496215264092203,False
1.4305,203.03106312461475,0.5074645280838013,5.496215027145648,False
1.431,203.03106308262653,0.5074645280838013,5.496214784852233,False
1.4315,203.0310629205188,0.5074645280838013,5.496214567999217,False
1.432,203.03106266053143,0.5074645280838013,5.496214403715526,False
1.4325,203.03106233699765,0.5074645280838013,5.496214312084553,False
1.433,203.03106199182207,0.5074645280838013,5.496214303697739,False
1.4335,203.03106166906227,0.5074645280838013,5.496214378445727,False
1.434,203.03106140931402,0.5074645280838013,5.496214525682929,False
1.4345,203.03106124461428,0.5074645280838013,5.49621472572531,False
1.435,203.03106119450086,0.5074645280838013,5.496214952472751,False
1.4355,203.03106126371213,0.5074645280838013,5.496215176807715,False
1.436,203.03106144179452,0.5074645280838013,5.496215370328565,False
1.4365,203.0310617046418,0.5074645280838013,5.496215508939534,False
1.437,203.03106201774295,0.5074645280838013,5.496215575844326,False
1.4375,203.03106234070293,0.5074645280838013,5.49621556357233,False
1.438,203.03106263244598,0.5074645280838013,5.496215474794247,False
1.4385000000000001,203.03106285643193,0.5074645280838013,5.496215321840692,False
1.439,203.03106298522368,0.5074645280838013,5.496215125003176,False
1.4395,203.03106300383695,0.5074645280838013,5.4962149098499475,False
1.44,203.03106291146426,0.5074645280838013,5.496214703910743,False
1.4405000000000001,203.03106272137737,0.5074645280838013,5.496214533159642,False
1.441,203.03106245904706,0.5074645280838013,5.4962144187446365,False
1.4415,203.03106215874251,0.5074645280838013,5.496214374374969,False
1.442,203.03106185906375,0.5074645280838013,5.496214404688187,False
1.4425000000000001,203.0310615979878,0.5074645280838013,5.496214504790084,False
1.443,203.03106140806366,0.5074645280838013,5.496214661009301,False
1.4435,203.0310613123631,0.5074645280838013,5.496214852753877,False
1.444,203.0310613216896,0.5074645280838013,5.496215055218843,False
1.4445000000000001,203.03106143338175,0.5074645280838013,5.496215242589733,False
1.445,203.03106163184026,0.5074645280838013,5.4962153913289,False
1.4455,203.03106189068734,0.5074645280838013,5.496215483126996,False
1.446,203.03106217626234,0.5074645280838013,5.496215507150115,False
1.4465000000000001,203.0310624519907,0.5074645280838013,5.496215461307765,False
1.447,203.03106268306112,0.5074645280838013,5.4962153523947075,False
1.4475,203.03106284081323,0.5074645280838013,5.496215195104536,False
1.448,203.03106290628378,0.5074645280838013,5.496215010055945,False
1.4485000000000001,203.0310628724737,0.5074645280838013,5.496214821095744,False
1.449,203.0310627450669,0.5074645280838013,5.496214652230719,False
1.4495,203.03106254153107,0.5074645280838013,5.496214524582362,False
1.45,203.0310622887377,0.5074645280838013,5.496214453750252,False
1.4505000000000001,203.0310620194234,0.5074645280838013,5.49621444791251,False
1.451,203.0310617679578,0.5074645280838013,5.4962145068937005,False
1.4515,203.03106156596405,0.5074645280838013,5.496214622304732,False
1.452,203.03106143834927,0.5074645280838013,5.49621477872189,False
1.4525000000000001,203.03106140024158,0.5074645280838013,5.496214955740936,False
1.453,203.03106145521076,0.5074645280838013,5.496215130633639,False
1.4535,203.0310615949782,0.5074645280838013,5.4962152812613905,False
1.454,203.03106180063338,0.5074645280838013,5.496215388873108,False
1.4545000000000001,203.03106204518048,0.5074645280838013,5.49621544043429,False
1.455,203.03106229707407,0.5074645280838013,5.496215430198717,False
1.4555,203.0310625242819,0.5074645280838013,5.496215360334167,False
1.456,203.03106269835192,0.5074645280838013,5.496215240536167,False
1.4565000000000001,203.03106279796822,0.5074645280838013,5.496215086692995,False
1.457,203.03106281155246,0.5074645280838013,5.496214918784582,False
1.4575,203.03106273859464,0.5074645280838013,5.496214758292289,False
1.458,203.03106258956134,0.5074645280838013,5.496214625454876,False
1.4585000000000001,203.03106238441475,0.5074645280838013,5.496214536720681,False
1.459,203.03106214994864,0.5074645280838013,5.496214502716053,False
1.4595,203.03106191629567,0.5074645280838013,5.496214526980425,False
1.46,203.03106171306118,0.5074645280838013,5.4962146056174825,False
1.4605000000000001,203.03106156557766,0.5074645280838013,5.496214727893773,False
1.461,203.03106149175423,0.5074645280838013,5.4962148776955315,False
1.4615,203.031061499911,0.5074645280838013,5.4962150356469355,False
1.462,203.03106158785937,0.5074645280838013,5.496215181612047,False
1.4625000000000001,203.03106174332768,0.5074645280838013,5.49621529725785,False
1.463,203.0310619456585,0.5074645280838013,5.496215368352667,False
1.4635,203.03106216854536,0.5074645280838013,5.496215386512336,False
1.464,203.03106238344668,0.5074645280838013,5.496215350180572,False
1.4645000000000001,203.03106256323503,0.5074645280838013,5.496215264730088,False
1.465,203.03106268561586,0.5074645280838013,5.496215141683981,False
1.4655,203.03106273588537,0.5074645280838013,5.496214997168499,False
1.466,203.03106270868727,0.5074645280838013,5.496214849804091,False
1.4665000000000001,203.03106260856012,0.5074645280838013,5.4962147183100765,False
1.467,203.0310624492227,0.5074645280838013,5.496214619130479,False
1.4675,203.0310622517058,0.5074645280838013,5.496214564381696,False
1.468,203.03106204158337,0.5074645280838013,5.496214560377644,False
1.4685000000000001,203.0310618456671,0.5074645280838013,5.496214606911169,False
1.469,203.03106168859034,0.5074645280838013,5.496214697372112,False
1.4695,203.03106158971633,0.5074645280838013,5.496214819675384,False
1.47,203.03106156075808,0.5074645280838013,5.496214957869952,False
1.4705000000000001,203.0310616044015,0.5074645280838013,5.496215094215121,False
1.471,203.03106171409203,0.5074645280838013,5.496215211454484,False
1.4715,203.0310618749956,0.5074645280838013,5.496215294996444,False
1.472,203.03106206599554,0.5074645280838013,5.496215334726228,False
1.4725,203.0310622624578,0.5074645280838013,5.496215326224946,False
1.473,203.0310624394028,0.5074645280838013,5.496215271249473,False
1.4735,203.03106257467672,0.5074645280838013,5.496215177422782,False
1.474,203.03106265171985,0.5074645280838013,5.496215057185087,False
1.4745,203.03106266158662,0.5074645280838013,5.496214926149111,False
1.475,203.0310626039726,0.5074645280838013,5.496214801076432,False
1.4755,203.03106248713098,0.5074645280838013,5.496214697736665,False
1.476,203.03106232670635,0.5074645280838013,5.496214628922564,False
1.4765,203.0310621436471,0.5074645280838013,5.496214602870396,False
1.477,203.03106196147564,0.5074645280838013,5.4962146222801485,False
1.4775,203.0310618032708,0.5074645280838013,5.496214684051243,False
1.478,203.03106168874828,0.5074645280838013,5.496214779757235,False
1.4785,203.03106163180908,0.5074645280838013,5.496214896788946,False
1.479,203.0310616388596,0.5074645280838013,5.4962150200116575,False
1.4795,203.03106170810483,0.5074645280838013,5.496215133719054,False
1.48,203.03106182989168,0.5074645280838013,5.49621522363215,False
1.4805,203.031061988043,0.5074645280838013,5.496215278689132,False
1.481,203.03106216200015,0.5074645280838013,5.496215292402155,False
1.4815,203.0310623294905,0.5074645280838013,5.496215263615322,False
1.482,203.03106246937494,0.5074645280838013,5.496215196576098,False
1.4825,203.0310625643111,0.5074645280838013,5.496215100320802,False
1.483,203.0310626028984,0.5074645280838013,5.496214987461795,False
1.4835,203.0310625810394,0.5074645280838013,5.496214872538388,False
1.484,203.0310625023562,0.5074645280838013,5.4962147701467945,False
1.4845,203.0310623776226,0.5074645280838013,5.496214693089167,False
1.485,203.03106222329782,0.5074645280838013,5.49621465077615,False
1.4855,203.0310620593601,0.5074645280838013,5.4962146480817795,False
1.486,203.0310619067248,0.5074645280838013,5.496214684789575,False
1.4865,203.03106178457998,0.5074645280838013,5.496214755691684,False
1.487,203.0310617079787,0.5074645280838013,5.496214851319301,False
1.4875,203.03106168598913,0.5074645280838013,5.496214959202902,False
1.488,203.03106172062945,0.5074645280838013,5.496215065495059,False
1.4885,203.0310618067112,0.5074645280838013,5.496215156745104,False
1.489,203.03106193259853,0.5074645280838013,5.496215221598475,False
1.4895,203.03106208177394,0.5074645280838013,5.496215252206463,False
1.49,203.03106223500072,0.5074645280838013,5.496215245171668,False
1.4905,203.0310623727995,0.5074645280838013,5.496215201915952,False
1.491,203.03106247792087,0.5074645280838013,5.496215128432343,False
1.4915,203.0310625375004,0.5074645280838013,5.496215034461013,False
1.492,203.0310625446275,0.5074645280838013,5.496214932201857,False
1.4925,203.03106249913753,0.5074645280838013,5.496214834733479,False
1.493,203.0310624075376,0.5074645280838013,5.496214754343031,False
1.4935,203.03106228208796,0.5074645280838013,5.496214700979882,False
1.494,203.03106213916675,0.5074645280838013,5.4962146810274275,False
1.4945,203.03106199713602,0.5074645280838013,5.496214696544173,False
1.495,203.03106187398632,0.5074645280838013,5.496214745063745,False
1.4955,203.0310617850616,0.5074645280838013,5.49621481997121,False
1.496,203.03106174115155,0.5074645280838013,5.496214911400015,False
1.4965,203.03106174718795,0.5074645280838013,5.496215007528398,False
1.497,203.0310618017022,0.5074645280838013,5.4962150961053915,False
1.4975,203.0310618971016,0.5074645280838013,5.496215166009762,False
1.498,203.03106202071797,0.5074645280838013,5.496215208643754,False
1.4985,203.03106215648478,0.5074645280838013,5.496215218987365,False
1.499,203.03106228702177,0.5074645280838013,5.496215196184293,False
1.4995,203.0310623958564,0.5074645280838013,5.49621514359179,False
1.5,203.03106246949903,0.5074645280838013,5.496215068295784,False
1.5005,203.03106249911065,0.5074645280838013,5.496214980160194,False
1.5010000000000001,203.03106248155805,0.5074645280838013,5.496214890537495,False
1.5015,203.03106241973035,0.5074645280838013,5.4962148108087625,False
1.502,203.03106232208805,0.5074645280838013,5.4962147509406805,False
1.5025,203.0310622015123,0.5074645280838013,5.496214718242125,False
1.5030000000000001,203.0310620736097,0.5074645280838013,5.4962147164751345,False
1.5035,203.03106195469576,0.5074645280838013,5.496214745428045,False
1.504,203.0310618597168,0.5074645280838013,5.496214800998249,False
1.5045,203.0310618003748,0.5074645280838013,5.496214875767069,False
1.5050000000000001,203.03106178368975,0.5074645280838013,5.4962149599867605,False
1.5055,203.03106181117582,0.5074645280838013,5.496215042848941,False
1.506,203.0310618787268,0.5074645280838013,5.496215113869518,False
1.5065,203.0310619772161,0.5074645280838013,5.496215164213047,False
1.5070000000000001,203.03106209372382,0.5074645280838013,5.496215187789443,False
1.5075,203.03106221322827,0.5074645280838013,5.496215181987283,False
1.508,203.03106232053952,0.5074645280838013,5.496215147955782,False
1.5085,203.03106240222692,0.5074645280838013,5.496215090406197,False
1.5090000000000001,203.03106244829715,0.5074645280838013,5.496215016964477,False
1.5095,203.03106245341218,0.5074645280838013,5.496214937163566,False
1.51,203.03106241750044,0.5074645280838013,5.49621486120821,False
1.5105,203.0310623456918,0.5074645280838013,5.496214798671979,False
1.5110000000000001,203.03106224759395,0.5074645280838013,5.4962147572926705,False
1.5115,203.0310621360116,0.5074645280838013,5.496214742017343,False
1.512,203.03106202527832,0.5074645280838013,5.496214754414561,False
1.5125,203.03106192941806,0.5074645280838013,5.496214792523166,False
1.5130000000000001,203.0310618603723,0.5074645280838013,5.496214851150565,False
1.5135,203.03106182651513,0.5074645280838013,5.496214922576431,False
1.514,203.03106183164255,0.5074645280838013,5.496214997566919,False
1.5145,203.03106187455558,0.5074645280838013,5.496215066566397,False
1.5150000000000001,203.03106194928256,0.5074645280838013,5.496215120913196,False
1.5155,203.0310620459034,0.5074645280838013,5.496215153924959,False
1.516,203.0310621518626,0.5074645280838013,5.496215161717763,False
1.5165,203.0310622535977,0.5074645280838013,5.496215143659016,False
1.5170000000000001,203.03106233827273,0.5074645280838013,5.496215102401867,False
1.5175,203.03106239539505,0.5074645280838013,5.496215043502596,False
1.518,203.03106241811213,0.5074645280838013,5.4962149746754685,False
1.5185,203.031062404029,0.5074645280838013,5.496214904784497,False
1.5190000000000001,203.03106235544908,0.5074645280838013,5.496214842703721,False
1.5195,203.03106227901603,0.5074645280838013,5.4962147961921985,False
1.52,203.03106218481042,0.5074645280838013,5.496214770926218,False
1.5205,203.03106208502356,0.5074645280838013,5.496214769809146,False
1.5210000000000001,203.03106199238266,0.5074645280838013,5.496214792642457,False
1.5215,203.03106191852967,0.5074645280838013,5.496214836194587,False
1.522,203.0310618725613,0.5074645280838013,5.496214894653269,False
1.5225,203.03106185991155,0.5074645280838013,5.496214960398608,False
1.5230000000000001,203.03106188171446,0.5074645280838013,5.4962150249944255,False
1.5235,203.03106193472127,0.5074645280838013,5.496215080269063,False
1.524,203.0310620117735,0.5074645280838013,5.49621511934746,False
1.5245,203.03106210276587,0.5074645280838013,5.496215137504344,False
1.5250000000000001,203.03106219596825,0.5074645280838013,5.496215132732889,False
1.5255,203.03106227953555,0.5074645280838013,5.496215105960828,False
1.526,203.03106234301097,0.5074645280838013,5.496215060891525,False
1.5265,203.0310623786316,0.5074645280838013,5.496215003495451,False
1.5270000000000001,203.03106238227468,0.5074645280838013,5.496214941221468,False
1.5275,203.03106235392877,0.5074645280838013,5.4962148820318255,False
1.528,203.03106229763748,0.5074645280838013,5.496214833385681,False
1.5285,203.03106222092958,0.5074645280838013,5.496214801300681,False
1.5290000000000001,203.0310621338157,0.5074645280838013,5.4962147896105105,False
1.5295,203.03106204748462,0.5074645280838013,5.496214799509714,False
1.53,203.03106197286817,0.5074645280838013,5.496214829439441,False
1.5305,203.03106191925937,0.5074645280838013,5.496214875323831,False
1.5310000000000001,203.03106189315758,0.5074645280838013,5.4962149311220845,False
1.5315,203.03106189748388,0.5074645280838013,5.496214989621857,False
1.532,203.03106193126135,0.5074645280838013,5.496215043369948,False
1.5325,203.03106198979367,0.5074645280838013,5.496215085620438,False
1.5330000000000001,203.03106206531297,0.5074645280838013,5.496215111179799,False
1.5335,203.03106214800755,0.5074645280838013,5.496215117043329,False
1.534,203.0310622272943,0.5074645280838013,5.496215102745197,False
1.5345,203.03106229317132,0.5074645280838013,5.496215070381729,False
1.5350000000000001,203.03106233747712,0.5074645280838013,5.496215024309605,False
1.5355,203.03106235489963,0.5074645280838013,5.496214970561779,False
1.536,203.031062343609,0.5074645280838013,5.496214916059172,False
1.5365,203.0310623054408,0.5074645280838013,5.496214867720906,False
1.537,203.03106224561168,0.5074645280838013,5.496214831587287,False
1.5375,203.0310621720103,0.5074645280838013,5.4962148120665315,False
1.538,203.03106209416,0.5074645280838013,5.496214811399016,False
1.5385,203.03106202198848,0.5074645280838013,5.496214829403821,False
1.539,203.03106196456397,0.5074645280838013,5.496214863535774,False
1.5395,203.03106192895763,0.5074645280838013,5.496214909241317,False
1.54,203.0310619193753,0.5074645280838013,5.496214960564039,False
1.5405,203.03106193666525,0.5074645280838013,5.496215010919411,False
1.541,203.03106197825733,0.5074645280838013,5.496215053938243,False
1.5415,203.03106203853724,0.5074645280838013,5.496215084271014,False
1.542,203.03106210960104,0.5074645280838013,5.4962150982515565,False
1.5425,203.0310621822891,0.5074645280838013,5.496215094338068,False
1.543,203.03106224736496,0.5074645280838013,5.496215073278631,False
1.5435,203.0310622966871,0.5074645280838013,5.496215037984129,False
1.544,203.03106232422562,0.5074645280838013,5.496214993128816,False
1.5445,203.03106232679664,0.5074645280838013,5.49621494453299,False
1.545,203.03106230442597,0.5074645280838013,5.496214898409105,False
1.5455,203.03106226030044,0.5074645280838013,5.496214860568778,False
1.546,203.03106220031964,0.5074645280838013,5.496214835691799,False
1.5465,203.03106213230967,0.5074645280838013,5.496214826748876,False
1.547,203.03106206500428,0.5074645280838013,5.496214834649156,False
1.5475,203.0310620069249,0.5074645280838013,5.4962148581540085,False
1.548,203.03106196530342,0.5074645280838013,5.4962148940642885,False
1.5485,203.03106194518372,0.5074645280838013,5.496214937653465,False
1.549,203.03106194881332,0.5074645280838013,5.496214983288229,False
1.5495,203.03106197539756,0.5074645280838013,5.496215025155336,False
1.55,203.03106202124354,0.5074645280838013,5.496215058000979,False
1.5505,203.03106208026875,0.5074645280838013,5.496215077788858,False
1.551,203.0310621448058,0.5074645280838013,5.496215082194673,False
1.5515,203.0310622065966,0.5074645280838013,5.496215070876606,False
1.552,203.03106225784762,0.5074645280838013,5.496215045490742,False
1.5525,203.03106229221098,0.5074645280838013,5.4962150094530005,False
1.553,203.03106230556864,0.5074645280838013,5.496214967481381,False
1.5535,203.03106229652346,0.5074645280838013,5.4962149249795855,False
1.554,203.03106226653748,0.5074645280838013,5.496214887342392,False
1.5545,203.03106221970646,0.5074645280838013,5.496214859271988,False
1.555,203.0310621622037,0.5074645280838013,5.496214844191711,False
1.5555,203.0310621014683,0.5074645280838013,5.4962148438301135,False
1.556,203.03106204524434,0.5074645280838013,5.496214858025731,False
1.5565,203.031062000595,0.5074645280838013,5.496214884774153,False
1.557,203.03106197301673,0.5074645280838013,5.496214920508086,False
1.5575,203.0310619657648,0.5074645280838013,5.496214960571505,False
1.558,203.03106197947207,0.5074645280838013,5.496214999825203,False
1.5585,203.03106201210605,0.5074645280838013,5.496215033304965,False
1.559,203.03106205926352,0.5074645280838013,5.496215056848377,False
1.5595,203.03106211476245,0.5074645280838013,5.496215067611142,False
1.56,203.03106217145069,0.5074645280838013,5.496215064409026,False
1.5605,203.03106222212588,0.5074645280838013,5.496215047844601,False
1.561,203.03106226044935,0.5074645280838013,5.4962150202056925,False
1.5615,203.0310622817374,0.5074645280838013,5.496214985151663,False
1.562,203.03106228353158,0.5074645280838013,5.496214947230225,False
1.5625,203.03106226587914,0.5074645280838013,5.4962149112885,False
1.563,203.03106223129137,0.5074645280838013,5.496214881854389,False
1.5635000000000001,203.031062184391,0.5074645280838013,5.496214862567173,False
1.564,203.03106213129635,0.5074645280838013,5.496214855728693,False
1.5645,203.03106207882462,0.5074645280838013,5.496214862030434,False
1.565,203.03106203361816,0.5074645280838013,5.496214880488543,False
1.5655000000000001,203.03106200130478,0.5074645280838013,5.496214908592146,False
1.566,203.0310619857987,0.5074645280838013,5.496214942643122,False
1.5665,203.0310619888288,0.5074645280838013,5.496214978241572,False
1.567,203.03106200974992,0.5074645280838013,5.496215010853395,False
1.5675000000000001,203.03106204565813,0.5074645280838013,5.496215036386943,False
1.568,203.0310620917908,0.5074645280838013,5.496215051705409,False
1.5685,203.03106214215646,0.5074645280838013,5.496215055010971,False
1.569,203.0310621903113,0.5074645280838013,5.496215046053828,False
1.5695000000000001,203.03106223018264,0.5074645280838013,5.496215026142049,False
1.57,203.03106225683322,0.5074645280838013,5.4962149979538415,False
1.5705,203.03106226707115,0.5074645280838013,5.496214965178785,False
1.571,203.03106225982987,0.5074645280838013,5.496214932035885,False
1.5715000000000001,203.0310622362735,0.5074645280838013,5.4962149027313485,False
1.572,203.03106219961765,0.5074645280838013,5.4962148809256135,False
1.5725,203.03106215469316,0.5074645280838013,5.496214869277056,False
1.573,203.0310621073109,0.5074645280838013,5.4962148691191315,False
1.5735000000000001,203.0310620635114,0.5074645280838013,5.496214880310023,False
1.574,203.031062028796,0.5074645280838013,5.496214901271391,False
1.5745,203.03106200743716,0.5074645280838013,5.4962149292086675,False
1.575,203.03106200195413,0.5074645280838013,5.496214960482402,False
1.5755000000000001,203.03106201281824,0.5074645280838013,5.496214991081488,False
1.576,203.03106203842216,0.5074645280838013,5.496215017136854,False
1.5765,203.03106207531297,0.5074645280838013,5.4962150354098345,False
1.577,203.0310621186555,0.5074645280838013,5.496215043693843,False
1.5775000000000001,203.03106216286506,0.5074645280838013,5.496215041079527,False
1.578,203.0310622023256,0.5074645280838013,5.496215028051757,False
1.5785,203.0310622321022,0.5074645280838013,5.496215006408543,False
1.579,203.03106224855688,0.5074645280838013,5.496214979014614,False
1.5795000000000001,203.03106224979163,0.5074645280838013,5.496214949423288,False
1.58,203.0310622358642,0.5074645280838013,5.496214921416368,False
1.5805,203.03106220875364,0.5074645280838013,5.496214898521559,False
1.581,203.03106217208196,0.5074645280838013,5.4962148835688875,False
1.5815000000000001,203.0310621306321,0.5074645280838013,5.4962148783418225,False
1.582,203.03106208972537,0.5074645280838013,5.496214883365953,False
1.5825,203.03106205453932,0.5074645280838013,5.496214897860064,False
1.583,203.03106202945332,0.5074645280838013,5.496214919853564,False
1.5835000000000001,203.03106201750495,0.5074645280838013,5.496214946453046,False
1.584,203.0310620200236,0.5074645280838013,5.496214974222019,False
1.5845,203.03106203648636,0.5074645280838013,5.49621499962416,False
1.585,203.03106206461007,0.5074645280838013,5.496215019472941,False
1.5855000000000001,203.03106210066568,0.5074645280838013,5.496215031330639,False
1.586,203.03106213997123,0.5074645280838013,5.49621503380678,False
1.5865,203.03106217749877,0.5074645280838013,5.4962150267196215,False
1.587,203.03106220851652,0.5074645280838013,5.496215011102203,False
1.5875000000000001,203.0310622291845,0.5074645280838013,5.496214989054247,False
1.588,203.0310622370287,0.5074645280838013,5.496214963461017,False
1.5885,203.03106223123547,0.5074645280838013,5.4962149376165215,False
1.589,203.03106221273117,0.5074645280838013,5.496214914800224,False
1.5895000000000001,203.03106218404034,0.5074645280838013,5.49621489786156,False
1.59,203.03106214894325,0.5074645280838013,5.49621488886481,False
1.5905,203.03106211197874,0.5074645280838013,5.496214888838502,False
1.591,203.0310620778586,0.5074645280838013,5.496214897659632,False
1.5915000000000001,203.03106205086772,0.5074645280838013,5.496214914085463,False
1.592,203.03106203432685,0.5074645280838013,5.4962149359268295,False
1.5925,203.03106203018555,0.5074645280838013,5.496214960338954,False
1.593,203.03106203879403,0.5074645280838013,5.496214984191254,False
1.5935000000000001,203.03106205888153,0.5074645280838013,5.496215004468218,False
1.594,203.03106208774025,0.5074645280838013,5.496215018649996,False
1.5945,203.03106212158863,0.5074645280838013,5.496215025024822,False
1.595,203.03106215606593,0.5074645280838013,5.496215022894608,False
1.5955000000000001,203.03106218679315,0.5074645280838013,5.496215012649152,False
1.596,203.03106220992822,0.5074645280838013,5.4962149957014175,False
1.5965,203.03106222264557,0.5074645280838013,5.49621497429402,False
1.597,203.03106222348,0.5074645280838013,5.496214951203268,False
1.5975000000000001,203.03106221249308,0.5074645280838013,5.496214929379746,False
1.598,203.03106219124396,0.5074645280838013,5.496214911571847,False
1.5985,203.0310621625706,0.5074645280838013,5.496214899980258,False
1.599,203.0310621302121,0.5074645280838013,5.496214895986716,False
1.5995000000000001,203.03106209832188,0.5074645280838013,5.49621489999041,False
1.6,203.03106207093566,0.5074645280838013,5.496214911371222,False
1.6005,203.03106205146142,0.5074645280838013,5.496214928582665,False
1.601,203.03106204225602,0.5074645280838013,5.496214949360977,False
1.6015,203.03106204434175,0.5074645280838013,5.496214971022171,False
1.602,203.03106205729517,0.5074645280838013,5.496214990808154,False
1.6025,203.03106207932137,0.5074645280838013,5.496215006237361,False
1.603,203.03106210750062,0.5074645280838013,5.496215015415415,False
1.6035,203.03106213817438,0.5074645280838013,5.496215017266988,False
1.604,203.03106216741944,0.5074645280838013,5.496215011660572,False
1.6045,203.03106219154895,0.5074645280838013,5.496214999411852,False
1.605,203.0310622075765,0.5074645280838013,5.496214982166968,False
1.6055,203.0310622135845,0.5074645280838013,5.496214962182166,False
1.606,203.03106220895262,0.5074645280838013,5.496214942029211,False
1.6065,203.03106219441776,0.5074645280838013,5.49621492426497,False
1.607,203.03106217196182,0.5074645280838013,5.4962149111075105,False
1.6075,203.0310621445428,0.5074645280838013,5.496214904159714,False
1.608,203.03106211570605,0.5074645280838013,5.496214904214791,False
1.6085,203.03106208912675,0.5074645280838013,5.4962149111671295,False
1.609,203.03106206814212,0.5074645280838013,5.4962149240383456,False
1.6095,203.03106205533334,0.5074645280838013,5.496214941113586,False
1.61,203.03106205220882,0.5074645280838013,5.496214960169267,False
1.6105,203.03106205902822,0.5074645280838013,5.496214978762086,False
1.611,203.03106207478712,0.5074645280838013,5.496214994541826,False
1.6115,203.03106209736205,0.5074645280838013,5.496215005547936,False
1.612,203.03106212379555,0.5074645280838013,5.496215010452566,False
1.6125,203.03106215068263,0.5074645280838013,5.496215008719969,False
1.613,203.03106217460885,0.5074645280838013,5.496215000663252,False
1.6135,203.0310621925832,0.5074645280838013,5.496214987392713,False
1.614,203.0310622024111,0.5074645280838013,5.496214970663887,False
1.6145,203.03106220296158,0.5074645280838013,5.496214952645951,False
1.615,203.03106219429552,0.5074645280838013,5.496214935640929,False
1.6155,203.03106217764125,0.5074645280838013,5.496214921790024,False
1.616,203.0310621552222,0.5074645280838013,5.49621491280448,False
1.6165,203.0310621299613,0.5074645280838013,5.496214909754752,False
1.617,203.03106210510063,0.5074645280838013,5.496214912943801,False
1.6175,203.03106208378566,0.5074645280838013,5.496214921879528,False
1.618,203.0310620686683,0.5074645280838013,5.496214935348346,False
1.6185,203.03106206157744,0.5074645280838013,5.496214951579164,False
1.619,203.03106206329883,0.5074645280838013,5.496214968475742,False
1.6195,203.0310620734902,0.5074645280838013,5.496214983886976,False
1.62,203.0310620907404,0.5074645280838013,5.49621499588033,False
1.6205,203.03106211276344,0.5074645280838013,5.496215002983724,False
1.621,203.0310621367006,0.5074645280838013,5.49621500436564,False
1.6215,203.0310621594908,0.5074645280838013,5.496214999931501,False
1.622,203.03106217826138,0.5074645280838013,5.4962149903252575,False
1.6225,203.03106219068965,0.5074645280838013,5.4962149768374,False
1.623,203.03106219528962,0.5074645280838013,5.496214961232268,False
1.6235,203.03106219158852,0.5074645280838013,5.496214945517698,False
1.624,203.0310621801723,0.5074645280838013,5.496214931687141,False
1.6245,203.0310621625968,0.5074645280838013,5.496214921467159,False
1.625,203.0310621411765,0.5074645280838013,5.496214916102324,False
1.6255,203.0310621186807,0.5074645280838013,5.496214916204277,False
1.6260000000000001,203.031062097976,0.5074645280838013,5.496214921683093,False
1.6265,203.03106208166153,0.5074645280838013,5.496214931768586,False
1.627,203.03106207174352,0.5074645280838013,5.496214945117477,False
1.6275,203.03106206938892,0.5074645280838013,5.49621495999177,False
1.6280000000000001,203.03106207478973,0.5074645280838013,5.496214974484592,False
1.6285,203.03106208715218,0.5074645280838013,5.496214986764269,False
1.629,203.0310621048111,0.5074645280838013,5.49621499530546,False
1.6295,203.03106212545364,0.5074645280838013,5.49621499907819,False
1.6300000000000001,203.03106214642114,0.5074645280838013,5.496214997671405,False
1.6305,203.0310621650514,0.5074645280838013,5.4962149913363705,False
1.631,203.03106217901575,0.5074645280838013,5.496214980945493,False
1.6315,203.03106218660994,0.5074645280838013,5.496214967872993,False
1.6320000000000001,203.03106218696104,0.5074645280838013,5.496214953813641,False
1.6325,203.03106218012655,0.5074645280838013,5.496214940563433,False
1.633,203.03106216707403,0.5074645280838013,5.496214929790504,False
1.6335,203.03106214954545,0.5074645280838013,5.496214922825488,False
1.6340000000000001,203.03106212982573,0.5074645280838013,5.4962149204976125,False
1.6345,203.0310621104453,0.5074645280838013,5.49621492303664,False
1.635,203.031062093856,0.5074645280838013,5.4962149300521785,False
1.6355,203.03106208212125,0.5074645280838013,5.496214940591925,False
1.6360000000000001,203.03106207666013,0.5074645280838013,5.496214953270277,False
1.6365,203.0310620780765,0.5074645280838013,5.496214966450074,False
1.637,203.03106208609398,0.5074645280838013,5.496214978453637,False
1.6375,203.03106209960333,0.5074645280838013,5.496214987776018,False
1.6380000000000001,203.0310621168148,0.5074645280838013,5.49621499327332,False
1.6385,203.0310621354946,0.5074645280838013,5.496214994302615,False
1.639,203.03106215325434,0.5074645280838013,5.496214990796358,False
1.6395,203.0310621678558,0.5074645280838013,5.496214983262875,False
1.6400000000000001,203.0310621774927,0.5074645280838013,5.496214972713782,False
1.6405,203.03106218101337,0.5074645280838013,5.496214960528705,False
1.641,203.0310621780577,0.5074645280838013,5.496214948275209,False
1.6415,203.03106216909165,0.5074645280838013,5.496214937507448,False
1.6420000000000001,203.03106215533626,0.5074645280838013,5.4962149295693665,False
1.6425,203.03106213860252,0.5074645280838013,5.4962149254272985,False
1.643,203.03106212105354,0.5074645280838013,5.496214925552826,False
1.6435,203.0310621049252,0.5074645280838013,5.496214929869922,False
1.6440000000000001,203.03106209224188,0.5074645280838013,5.496214937772343,False
1.6445,203.03106208456273,0.5074645280838013,5.496214948207908,False
1.645,203.03106208279058,0.5074645280838013,5.496214959818181,False
1.6455,203.0310620870669,0.5074645280838013,5.496214971114956,False
1.6460000000000001,203.03106209676451,0.5074645280838013,5.496214980670721,False
1.6465,203.03106211057775,0.5074645280838013,5.49621498729875,False
1.647,203.03106212669778,0.5074645280838013,5.4962149902001505,False
1.6475,203.03106214304884,0.5074645280838013,5.496214989059635,False
1.6480000000000001,203.03106215755503,0.5074645280838013,5.496214984078698,False
1.6485,203.03106216840362,0.5074645280838013,5.496214975942801,False
1.649,203.03106217427109,0.5074645280838013,5.496214965727644,False
1.6495,203.03106217448385,0.5074645280838013,5.496214954757317,False
1.6500000000000001,203.03106216909444,0.5074645280838013,5.49621494443301,False
1.6505,203.03106215886498,0.5074645280838013,5.496214936054297,False
1.651,203.03106214516035,0.5074645280838013,5.496214930655812,False
1.6515,203.03106212976655,0.5074645280838013,5.496214928879856,False
1.6520000000000001,203.03106211465862,0.5074645280838013,5.496214930900527,False
1.6525,203.03106210174752,0.5074645280838013,5.496214936408228,False
1.653,203.03106209263896,0.5074645280838013,5.496214944655703,False
1.6535,203.03106208843383,0.5074645280838013,5.496214954558963,False
1.6540000000000001,203.03106208959608,0.5074645280838013,5.4962149648393925,False
1.6545,203.03106209590288,0.5074645280838013,5.496214974188591,False
1.655,203.03106210648232,0.5074645280838013,5.496214981434608,False
1.6555,203.03106211993318,0.5074645280838013,5.496214985688595,False
1.6560000000000001,203.0310621345101,0.5074645280838013,5.496214986453486,False
1.6565,203.03106214834952,0.5074645280838013,5.496214983681467,False
1.657,203.03106215970757,0.5074645280838013,5.49621497777372,False
1.6575,203.03106216717956,0.5074645280838013,5.496214969523252,False
1.6580000000000001,203.03106216987302,0.5074645280838013,5.496214960008844,False
1.6585,203.03106216751394,0.5074645280838013,5.4962149504543065,False
1.659,203.03106216047252,0.5074645280838013,5.496214942071284,False
1.6595,203.0310621497072,0.5074645280838013,5.49621493590586,False
1.6600000000000001,203.031062136635,0.5074645280838013,5.496214932708304,False
1.6605,203.03106212294534,0.5074645280838013,5.496214932842113,False
1.661,203.03106211038215,0.5074645280838013,5.496214936243423,False
1.6615,203.0310621005221,0.5074645280838013,5.496214942435073,False
1.6620000000000001,203.03106209457675,0.5074645280838013,5.496214950592945,False
1.6625,203.03106209324477,0.5074645280838013,5.496214959655299,False
1.663,203.03106209662994,0.5074645280838013,5.496214968460692,False
1.6635,203.03106210423672,0.5074645280838013,5.496214975896611,False
1.6640000000000001,203.0310621150415,0.5074645280838013,5.496214981039801,False
1.6645,203.03106212762958,0.5074645280838013,5.496214983270634,False
1.665,203.03106214038036,0.5074645280838013,5.4962149823473565,False
1.6655,203.03106215167531,0.5074645280838013,5.496214978431409,False
1.666,203.03106216010318,0.5074645280838013,5.496214972061308,False
1.6665,203.0310621646361,0.5074645280838013,5.496214964079059,False
1.667,203.03106216475433,0.5074645280838013,5.496214955519161,False
1.6675,203.03106216050506,0.5074645280838013,5.496214947474766,False
1.668,203.03106215248843,0.5074645280838013,5.4962149409582866,False
1.6685,203.03106214177367,0.5074645280838013,5.496214936774201,False
1.669,203.0310621297569,0.5074645280838013,5.49621493542001,False
1.6695,203.03106211797967,0.5074645280838013,5.496214937027515,False
1.67,203.0310621079315,0.5074645280838013,5.496214941351234,False
1.6705,203.03106210086153,0.5074645280838013,5.496214947804853,False
1.671,203.03106209762407,0.5074645280838013,5.496214955540359,False
1.6715,203.03106209857555,0.5074645280838013,5.496214963559177,False
1.672,203.03106210353627,0.5074645280838013,5.496214970840883,False
1.6725,203.031062111821,0.5074645280838013,5.496214976472877,False
1.673,203.0310621223328,0.5074645280838013,5.496214979764512,False
1.6735,203.03106213370793,0.5074645280838013,5.496214980331507,False
1.674,203.0310621444923,0.5074645280838013,5.496214978140367,False
1.6745,203.0310621533273,0.5074645280838013,5.49621497350768,False
1.675,203.03106215912047,0.5074645280838013,5.496214967055045,False
1.6755,203.03106216118036,0.5074645280838013,5.4962149596260055,False
1.676,203.03106215929844,0.5074645280838013,5.496214952175973,False
1.6765,203.03106215376874,0.5074645280838013,5.496214945649586,False
1.677,203.0310621453436,0.5074645280838013,5.496214940861083,False
1.6775,203.03106213513175,0.5074645280838013,5.496214938392957,False
1.678,203.03106212445266,0.5074645280838013,5.496214938525377,False
1.6785,203.03106211466667,0.5074645280838013,5.496214941204921,False
1.679,203.0310621070015,0.5074645280838013,5.496214946056078,False
1.6795,203.03106210239898,0.5074645280838013,5.4962149524333554,False
1.68,203.0310621013993,0.5074645280838013,5.4962149595069025,False
1.6805,203.03106210407847,0.5074645280838013,5.4962149663703075,False
1.681,203.0310621100451,0.5074645280838013,5.496214972156554,False
1.6815,203.0310621184965,0.5074645280838013,5.496214976147378,False
1.682,203.0310621283265,0.5074645280838013,5.49621497786221,False
1.6825,203.0310621382697,0.5074645280838013,5.496214977115736,False
1.683,203.0310621470641,0.5074645280838013,5.496214974037234,False
1.6835,203.0310621536111,0.5074645280838013,5.496214969049771,False
1.684,203.03106215711256,0.5074645280838013,5.496214962812429,False
1.6845,203.0310621571675,0.5074645280838013,5.496214956133415,False
1.685,203.03106215381752,0.5074645280838013,5.496214949865558,False
1.6855,203.0310621475352,0.5074645280838013,5.496214944797549,False
1.686,203.03106213915817,0.5074645280838013,5.4962149415548875,False
1.6865,203.03106212977775,0.5074645280838013,5.496214940522891,False
1.687,203.0310621205971,0.5074645280838013,5.496214941801223,False
1.6875,203.03106211277705,0.5074645280838013,5.49621494519532,False
1.688,203.03106210728973,0.5074645280838013,5.496214950245168,False
1.6885000000000001,203.0310621047978,0.5074645280838013,5.496214956287353,False
1.689,203.031062105575,0.5074645280838013,5.496214962542011,False
1.6895,203.0310621094767,0.5074645280838013,5.496214968213336,False
1.69,203.03106211596437,0.5074645280838013,5.496214972590678,False
1.6905000000000001,203.0310621241792,0.5074645280838013,5.496214975137413,False
1.691,203.03106213305563,0.5074645280838013,5.496214975556516,False
1.6915,203.0310621414592,0.5074645280838013,5.496214973824827,False
1.692,203.03106214833142,0.5074645280838013,5.49621497019213,False
1.6925000000000001,203.0310621528227,0.5074645280838013,5.496214965145663,False
1.693,203.0310621543973,0.5074645280838013,5.496214959345004,False
1.6935,203.03106215289665,0.5074645280838013,5.496214953536049,False
1.694,203.0310621485544,0.5074645280838013,5.496214948455231,False
1.6945000000000001,203.03106214196092,0.5074645280838013,5.496214944736301,False
1.695,203.03106213398365,0.5074645280838013,5.496214942831486,False
1.6955,203.03106212565328,0.5074645280838013,5.496214942956664,False
1.696,203.0310621180307,0.5074645280838013,5.496214945067385,False
1.6965000000000001,203.0310621120721,0.5074645280838013,5.496214948868139,False
1.697,203.03106210850933,0.5074645280838013,5.496214953853353,False
1.6975,203.03106210776028,0.5074645280838013,5.496214959374456,False
1.698,203.03106210988028,0.5074645280838013,5.496214964724063,False
1.6985000000000001,203.03106211456017,0.5074645280838013,5.496214969226494,False
1.699,203.0310621211707,0.5074645280838013,5.496214972322972,False
1.6995,203.03106212884674,0.5074645280838013,5.496214973640812,False
1.7,203.03106213660033,0.5074645280838013,5.496214973038025,False
1.7005000000000001,203.03106214344754,0.5074645280838013,5.496214970618068,False
1.701,203.0310621485333,0.5074645280838013,5.49621496671327,False
1.7015,203.03106215123765,0.5074645280838013,5.496214961839499,False
1.702,203.0310621512514,0.5074645280838013,5.496214956628185,False
1.7025000000000001,203.03106214861074,0.5074645280838013,5.49621495174464,False
1.703,203.03106214368768,0.5074645280838013,5.496214947803268,False
1.7035,203.0310621371385,0.5074645280838013,5.496214945290387,False
1.704,203.03106212981615,0.5074645280838013,5.496214944504399,False
1.7045000000000001,203.0310621226597,0.5074645280838013,5.496214945520612,False
1.705,203.031062116574,0.5074645280838013,5.496214948184829,False
1.7055,203.0310621123153,0.5074645280838013,5.496214952136128,False
1.706,203.0310621103977,0.5074645280838013,5.4962149568555265,False
1.7065000000000001,203.03106211103125,0.5074645280838013,5.496214961734007,False
1.707,203.0310621140997,0.5074645280838013,5.496214966150962,False
1.7075,203.0310621191799,0.5074645280838013,5.496214969553017,False
1.708,203.03106212559945,0.5074645280838013,5.496214971523242,False
1.7085000000000001,203.0310621325259,0.5074645280838013,5.49621497183207,False
1.709,203.03106213907407,0.5074645280838013,5.4962149704637495,False
1.7095,203.03106214441937,0.5074645280838013,5.496214967615346,False
1.71,203.0310621479011,0.5074645280838013,5.496214963668747,False
1.7105000000000001,203.03106214910414,0.5074645280838013,5.49621495913968,False
1.711,203.03106214790822,0.5074645280838013,5.496214954610441,False
1.7115,203.0310621444987,0.5074645280838013,5.496214950655118,False
1.712,203.03106213933884,0.5074645280838013,5.496214947766987,False
1.7125000000000001,203.03106213310744,0.5074645280838013,5.496214946297103,False
1.713,203.03106212660933,0.5074645280838013,5.496214946411803,False
1.7135,203.03106212067198,0.5074645280838013,5.496214948074251,False
1.714,203.03106211604018,0.5074645280838013,5.496214951051912,False
1.7145000000000001,203.03106211328253,0.5074645280838013,5.496214954948822,False
1.715,203.03106211272222,0.5074645280838013,5.496214959258081,False
1.7155,203.03106211439936,0.5074645280838013,5.496214963427663,False
1.716,203.0310621180698,0.5074645280838013,5.4962149669310145,False
1.7165000000000001,203.03106212324022,0.5074645280838013,5.496214969333455,False
1.717,203.03106212923413,0.5074645280838013,5.496214970345973,False
1.7175,203.03106213528017,0.5074645280838013,5.496214969859797,False
1.718,203.0310621406112,0.5074645280838013,5.496214967957665,False
1.7185000000000001,203.03106214456162,0.5074645280838013,5.496214964900634,False
1.719,203.03106214665013,0.5074645280838013,5.496214961092454,False
1.7195,203.03106214663822,0.5074645280838013,5.496214957026414,False
1.72,203.03106214455693,0.5074645280838013,5.496214953221533,False
1.7205000000000001,203.03106214069933,0.5074645280838013,5.496214950156425,False
1.721,203.03106213557928,0.5074645280838013,5.4962149482091815,False
1.7215,203.0310621298636,0.5074645280838013,5.496214947610892,False
1.722,203.03106212428528,0.5074645280838013,5.4962149484183875,False
1.7225000000000001,203.03106211954935,0.5074645280838013,5.496214950509502,False
1.723,203.03106211624421,0.5074645280838013,5.49621495360111,False
1.7235,203.03106211476873,0.5074645280838013,5.496214957287244,False
1.724,203.0310621152842,0.5074645280838013,5.496214961092296,False
1.7245000000000001,203.03106211769713,0.5074645280838013,5.496214964532266,False
1.725,203.031062121675,0.5074645280838013,5.496214967176275,False
1.7255,203.03106212669158,0.5074645280838013,5.4962149687003965,False
1.726,203.0310621320963,0.5074645280838013,5.4962149689272035,False
1.7265000000000001,203.03106213719866,0.5074645280838013,5.49621496784623,False
1.727,203.0310621413562,0.5074645280838013,5.4962149656129125,False
1.7275,203.0310621440552,0.5074645280838013,5.496214962526557,False
1.728,203.03106214497404,0.5074645280838013,5.49621495899039,False
1.7285,203.03106214402143,0.5074645280838013,5.496214955458982,False
1.729,203.03106214134442,0.5074645280838013,5.49621495237988,False
1.7295,203.0310621373066,0.5074645280838013,5.496214950137009,False
1.73,203.03106213243902,0.5074645280838013,5.496214949002887,False
1.7305,203.0310621273703,0.5074645280838013,5.496214949105648,False
1.731,203.0310621227457,0.5074645280838013,5.4962149504148545,False
1.7315,203.03106211914528,0.5074645280838013,5.496214952747572,False
1.732,203.0310621170109,0.5074645280838013,5.4962149557936995,False
1.7325,203.03106211659252,0.5074645280838013,5.49621495915707,False
1.733,203.03106211791902,0.5074645280838013,5.49621496240689,False
1.7335,203.0310621207976,0.5074645280838013,5.496214965132824,False
1.734,203.03106212484153,0.5074645280838013,5.496214966996727,False
1.7345,203.03106212952184,0.5074645280838013,5.496214967774494,False
1.735,203.0310621342363,0.5074645280838013,5.4962149673828335,False
1.7355,203.03106213838691,0.5074645280838013,5.496214965887854,False
1.736,203.03106214145544,0.5074645280838013,5.496214963494591,False
1.7365,203.0310621430682,0.5074645280838013,5.496214960519059,False
1.737,203.03106214304125,0.5074645280838013,5.496214957346615,False
1.7375,203.03106214140112,0.5074645280838013,5.49621495438216,False
1.738,203.03106213837836,0.5074645280838013,5.496214951998527,False
1.7385,203.03106213437567,0.5074645280838013,5.496214950489677,False
1.739,203.03106212991423,0.5074645280838013,5.496214950034533,False
1.7395,203.03106212556597,0.5074645280838013,5.496214950675949,False
1.74,203.03106212188047,0.5074645280838013,5.496214952317173,False
1.7405,203.03106211931552,0.5074645280838013,5.496214954736092,False
1.741,203.0310621181805,0.5074645280838013,5.496214957615142,False
1.7415,203.0310621185991,0.5074645280838013,5.496214960582912,False
1.742,203.03106212049641,0.5074645280838013,5.496214963261974,False
1.7425,203.03106212361106,0.5074645280838013,5.496214965316807,False
1.743,203.0310621275312,0.5074645280838013,5.496214966495748,False
1.7435,203.0310621317485,0.5074645280838013,5.496214966661687,False
1.744,203.03106213572426,0.5074645280838013,5.496214965807864,False
1.7445,203.03106213895794,0.5074645280838013,5.496214964056864,False
1.745,203.03106214105006,0.5074645280838013,5.496214961643273,False
1.7455,203.03106214175156,0.5074645280838013,5.496214958882356,False
1.746,203.0310621409931,0.5074645280838013,5.49621495612896,False
1.7465,203.03106213889131,0.5074645280838013,5.496214953731992,False
1.747,203.0310621357316,0.5074645280838013,5.496214951990262,False
1.7475,203.0310621319293,0.5074645280838013,5.496214951115322,False
1.748,203.03106212797553,0.5074645280838013,5.496214951205867,False
1.7485,203.03106212437353,0.5074645280838013,5.49621495223681,False
1.749,203.0310621215749,0.5074645280838013,5.496214954064237,False
1.7495,203.03106211992312,0.5074645280838013,5.496214956445292,False
1.75,203.03106211961136,0.5074645280838013,5.496214959070358,False
1.7505,203.03106212066027,0.5074645280838013,5.496214961603273,False
1.7510000000000001,203.03106212291775,0.5074645280838013,5.4962149637242685,False
1.7515,203.0310621260806,0.5074645280838013,5.496214965170293,False
1.752,203.0310621297352,0.5074645280838013,5.496214965767571,False
1.7525,203.03106213341138,0.5074645280838013,5.496214965452341,False
1.7530000000000001,203.03106213664284,0.5074645280838013,5.496214964277412,False
1.7535,203.03106213902623,0.5074645280838013,5.496214962403823,False
1.754,203.03106214027144,0.5074645280838013,5.496214960078901,False
1.7545,203.03106214023663,0.5074645280838013,5.496214957603692,False
1.7550000000000001,203.0310621389442,0.5074645280838013,5.496214955294066,False
1.7555,203.03106213657574,0.5074645280838013,5.496214953440446,False
1.756,203.0310621334466,0.5074645280838013,5.496214952271365,False
1.7565,203.03106212996417,0.5074645280838013,5.4962149519253645,False
1.7570000000000001,203.03106212657477,0.5074645280838013,5.496214952434708,False
1.7575,203.0310621237067,0.5074645280838013,5.496214953722797,False
1.758,203.03106212171622,0.5074645280838013,5.496214955615396,False
1.7585,203.03106212084333,0.5074645280838013,5.496214957864089,False
1.7590000000000001,203.03106212118283,0.5074645280838013,5.496214960178813,False
1.7595,203.03106212267463,0.5074645280838013,5.49621496226525,False
1.76,203.03106212511344,0.5074645280838013,5.49621496386214,False
1.7605,203.03106212817679,0.5074645280838013,5.496214964773962,False
1.7610000000000001,203.03106213146756,0.5074645280838013,5.496214964894788,False
1.7615,203.0310621345654,0.5074645280838013,5.496214964220447,False
1.762,203.03106213708043,0.5074645280838013,5.496214962847615,False
1.7625,203.03106213870197,0.5074645280838013,5.496214960960145,False
1.7630000000000001,203.03106213923718,0.5074645280838013,5.496214958804537,False
1.7635,203.03106213863347,0.5074645280838013,5.4962149566577905,False
1.764,203.0310621369834,0.5074645280838013,5.496214954791895,False
1.7645,203.03106213451088,0.5074645280838013,5.496214953439402,False
1.7650000000000001,203.03106213154084,0.5074645280838013,5.496214952764522,False
1.7655,203.0310621284568,0.5074645280838013,5.496214952843256,False
1.766,203.0310621256513,0.5074645280838013,5.4962149536550085,False
1.7665,203.031062123476,0.5074645280838013,5.496214955086563,False
1.7670000000000001,203.0310621221978,0.5074645280838013,5.496214956947727,False
1.7675,203.03106212196602,0.5074645280838013,5.4962149589965374,False
1.768,203.0310621227953,0.5074645280838013,5.4962149609706605,False
1.7685,203.03106212456558,0.5074645280838013,5.496214962620921,False
1.7690000000000001,203.03106212703923,0.5074645280838013,5.4962149637427125,False
1.7695,203.03106212989283,0.5074645280838013,5.496214964201281,False
1.77,203.03106213275933,0.5074645280838013,5.49621496394783,False
1.7705,203.03106213527516,0.5074645280838013,5.496214963024519,False
1.7710000000000001,203.03106213712638,0.5074645280838013,5.496214961557817,False
1.7715,203.03106213808772,0.5074645280838013,5.496214959741282,False
1.772,203.0310621380498,0.5074645280838013,5.496214957810101,False
1.7725,203.03106213703154,0.5074645280838013,5.496214956010677,False
1.7730000000000001,203.0310621351758,0.5074645280838013,5.496214954569239,False
1.7735,203.03106213272963,0.5074645280838013,5.4962149536634595,False
1.774,203.03106213001138,0.5074645280838013,5.4962149534006,False
1.7745,203.0310621273694,0.5074645280838013,5.4962149538049365,False
1.7750000000000001,203.0310621251376,0.5074645280838013,5.496214954815816,False
1.7755,203.03106212359307,0.5074645280838013,5.496214956296556,False
1.776,203.03106212292184,0.5074645280838013,5.4962149580528425,False
1.7765,203.0310621231968,0.5074645280838013,5.496214959858174,False
1.7770000000000001,203.03106212436958,0.5074645280838013,5.496214961483035,False
1.7775,203.0310621262791,0.5074645280838013,5.496214962724008,False
1.778,203.03106212867277,0.5074645280838013,5.496214963429194,False
1.7785,203.03106213124042,0.5074645280838013,5.4962149635167705,False
1.7790000000000001,203.0310621336542,0.5074645280838013,5.49621496298433,False
1.7795,203.03106213561023,0.5074645280838013,5.496214961908087,False
1.78,203.03106213686712,0.5074645280838013,5.496214960432125,False
1.7805,203.0310621372753,0.5074645280838013,5.49621495874915,False
1.7810000000000001,203.03106213679507,0.5074645280838013,5.496214957075407,False
1.7815,203.03106213549972,0.5074645280838013,5.4962149556229205,False
1.782,203.03106213356497,0.5074645280838013,5.496214954572692,False
1.7825,203.03106213124508,0.5074645280838013,5.496214954052172,False
1.7830000000000001,203.0310621288395,0.5074645280838013,5.496214954119884,False
1.7835,203.03106212665438,0.5074645280838013,5.496214954758955,False
1.784,203.03106212496363,0.5074645280838013,5.496214955880335,False
1.7845,203.03106212397452,0.5074645280838013,5.4962149573350825,False
1.7850000000000001,203.03106212380257,0.5074645280838013,5.496214958934111,False
1.7855,203.0310621244581,0.5074645280838013,5.496214960472705,False
1.786,203.0310621258463,0.5074645280838013,5.496214961756685,False
1.7865,203.03106212778096,0.5074645280838013,5.496214962626891,False
1.7870000000000001,203.03106213000913,0.5074645280838013,5.496214962978841,False
1.7875,203.03106213224424,0.5074645280838013,5.496214962775218,False
1.788,203.03106213420287,0.5074645280838013,5.49621496204966,False
1.7885,203.0310621356406,0.5074645280838013,5.4962149609014945,False
1.7890000000000001,203.03106213638262,0.5074645280838013,5.496214959482207,False
1.7895,203.0310621363446,0.5074645280838013,5.496214957975521,False
1.79,203.0310621355424,0.5074645280838013,5.496214956573652,False
1.7905,203.03106213408847,0.5074645280838013,5.496214955452804,False
1.7910000000000001,203.03106213217623,0.5074645280838013,5.4962149547510935,False
1.7915,203.03106213005452,0.5074645280838013,5.496214954551577,False
1.792,203.0310621279953,0.5074645280838013,5.496214954872459,False
1.7925,203.03106212625866,0.5074645280838013,5.49621495566574,False
1.793,203.03106212506017,0.5074645280838013,5.496214956824213,False
1.7935,203.0310621245442,0.5074645280838013,5.496214958195891,False
1.794,203.03106212476652,0.5074645280838013,5.496214959603902,False
1.7945,203.03106212568852,0.5074645280838013,5.496214960869265,False
1.795,203.0310621271836,0.5074645280838013,5.496214961833599,False
1.7955,203.03106212905402,0.5074645280838013,5.496214962378898,False
1.796,203.03106213105747,0.5074645280838013,5.496214962441957,False
1.7965,203.03106213293813,0.5074645280838013,5.496214962021574,False
1.797,203.03106213445935,0.5074645280838013,5.496214961177846,False
1.7975,203.03106213543342,0.5074645280838013,5.496214960023678,False
1.798,203.03106213574446,0.5074645280838013,5.496214958709747,False
1.7985,203.03106213536256,0.5074645280838013,5.49621495740484,False
1.799,203.03106213434575,0.5074645280838013,5.496214956274225,False
1.7995,203.03106213283186,0.5074645280838013,5.4962149554587665,False
1.8,203.0310621310198,0.5074645280838013,5.496214955057393,False
1.8005,203.03106212914346,0.5074645280838013,5.496214955115155,False
1.801,203.03106212744166,0.5074645280838013,5.496214955618257,False
1.8015,203.03106212612755,0.5074645280838013,5.496214956496647,False
1.802,203.03106212536227,0.5074645280838013,5.49621495763371,False
1.8025,203.03106212523508,0.5074645280838013,5.4962149588816755,False
1.803,203.03106212575315,0.5074645280838013,5.496214960080795,False
1.8035,203.03106212684173,0.5074645280838013,5.496214961079755,False
1.804,203.03106212835476,0.5074645280838013,5.496214961754753,False
1.8045,203.03106213009445,0.5074645280838013,5.4962149620248,False
1.805,203.0310621318372,0.5074645280838013,5.496214961861375,False
1.8055,203.03106213336198,0.5074645280838013,5.4962149612912805,False
1.806,203.03106213447862,0.5074645280838013,5.496214960392518,False
1.8065,203.0310621350513,0.5074645280838013,5.496214959283637,False
1.807,203.03106213501516,0.5074645280838013,5.496214958108152,False
1.8075,203.0310621343833,0.5074645280838013,5.496214957015995,False
1.808,203.03106213324418,0.5074645280838013,5.496214956144426,False
1.8085,203.0310621317493,0.5074645280838013,5.496214955600831,False
1.809,203.03106213009326,0.5074645280838013,5.496214955449495,False
1.8095,203.0310621284882,0.5074645280838013,5.496214955704071,False
1.81,203.03106212713686,0.5074645280838013,5.496214956326572,False
1.8105,203.03106212620696,0.5074645280838013,5.496214957232905,False
1.811,203.0310621258104,0.5074645280838013,5.496214958304191,False
1.8115,203.03106212598993,0.5074645280838013,5.496214959402324,False
1.812,203.03106212671474,0.5074645280838013,5.496214960387728,False
1.8125,203.03106212788524,0.5074645280838013,5.496214961137081,False
1.813,203.0310621293468,0.5074645280838013,5.496214961558722,False
1.8135000000000001,203.03106213091002,0.5074645280838013,5.496214961603824,False
1.814,203.03106213237535,0.5074645280838013,5.496214961271972,False
1.8145,203.0310621335584,0.5074645280838013,5.496214960610541,False
1.815,203.03106213431323,0.5074645280838013,5.49621495970802,False
1.8155000000000001,203.03106213455018,0.5074645280838013,5.496214958682203,False
1.816,203.03106213424647,0.5074645280838013,5.496214957664856,False
1.8165,203.03106213344836,0.5074645280838013,5.496214956784804,False
1.817,203.03106213226383,0.5074645280838013,5.496214956151655,False
1.8175000000000001,203.03106213084845,0.5074645280838013,5.4962149558421975,False
1.818,203.03106212938494,0.5074645280838013,5.496214955891105,False
1.8185,203.03106212805955,0.5074645280838013,5.496214956287126,False
1.819,203.0310621270382,0.5074645280838013,5.496214956975165,False
1.8195000000000001,203.03106212644613,0.5074645280838013,5.496214957863907,False
1.82,203.03106212635237,0.5074645280838013,5.496214958837874,False
1.8205,203.03106212676175,0.5074645280838013,5.496214959772406,False
1.821,203.03106212761531,0.5074645280838013,5.496214960549598,False
1.8215000000000001,203.03106212879854,0.5074645280838013,5.496214961073163,False
1.822,203.03106213015693,0.5074645280838013,5.496214961280304,False
1.8225,203.03106213151577,0.5074645280838013,5.496214961149221,False
1.823,203.03106213270283,0.5074645280838013,5.496214960701285,False
1.8235000000000001,203.03106213356998,0.5074645280838013,5.496214959997748,False
1.824,203.0310621340119,0.5074645280838013,5.496214959131388,False
1.8245,203.03106213397854,0.5074645280838013,5.496214958214314,False
1.825,203.03106213348084,0.5074645280838013,5.496214957363479,False
1.8255000000000001,203.03106213258843,0.5074645280838013,5.496214956685799,False
1.826,203.03106213142,0.5074645280838013,5.496214956264721,False
1.8265,203.03106213012748,0.5074645280838013,5.496214956150012,False
1.827,203.03106212887647,0.5074645280838013,5.496214956351892,False
1.8275000000000001,203.03106212782495,0.5074645280838013,5.496214956840321,False
1.828,203.0310621271034,0.5074645280838013,5.4962149575493555,False
1.8285,203.03106212679867,0.5074645280838013,5.496214958386014,False
1.829,203.03106212694345,0.5074645280838013,5.496214959242451,False
1.8295000000000001,203.0310621275131,0.5074645280838013,5.496214960009831,False
1.83,203.03106212842945,0.5074645280838013,5.4962149605921375,False
1.8305,203.03106212957147,0.5074645280838013,5.496214960918162,False
1.831,203.03106213079118,0.5074645280838013,5.496214960950188,False
1.8315000000000001,203.03106213193288,0.5074645280838013,5.496214960688301,False
1.832,203.031062132853,0.5074645280838013,5.496214960169833,False
1.8325,203.03106213343798,0.5074645280838013,5.496214959464112,False
1.833,203.03106213361843,0.5074645280838013,5.49621495866324,False
1.8335000000000001,203.03106213337722,0.5074645280838013,5.496214957870055,False
1.834,203.03106213275078,0.5074645280838013,5.4962149571849865,False
1.8345,203.0310621318239,0.5074645280838013,5.49621495669336,False
1.835,203.0310621307184,0.5074645280838013,5.496214956454768,False
1.8355000000000001,203.03106212957687,0.5074645280838013,5.49621495649588,False
1.836,203.03106212854448,0.5074645280838013,5.496214956807558,False
1.8365,203.0310621277506,0.5074645280838013,5.496214957346492,False
1.837,203.03106212729256,0.5074645280838013,5.4962149580411594,False
1.8375000000000001,203.03106212722363,0.5074645280838013,5.49621495880131,False
1.838,203.03106212754705,0.5074645280838013,5.496214959529662,False
1.8385,203.0310621282163,0.5074645280838013,5.496214960134353,False
1.839,203.03106212914173,0.5074645280838013,5.496214960540468,False
1.8395000000000001,203.03106213020234,0.5074645280838013,5.496214960699328,False
1.84,203.03106213126188,0.5074645280838013,5.496214960594286,False
1.8405,203.031062132186,0.5074645280838013,5.496214960242363,False
1.841,203.03106213285952,0.5074645280838013,5.496214959691649,False
1.8415000000000001,203.03106213320055,0.5074645280838013,5.496214959014749,False
1.842,203.03106213317054,0.5074645280838013,5.496214958299244,False
1.8425,203.03106213277857,0.5074645280838013,5.496214957636371,False
1.843,203.03106213207943,0.5074645280838013,5.496214957109406,False
1.8435000000000001,203.03106213116598,0.5074645280838013,5.496214956783231,False
1.844,203.03106213015704,0.5074645280838013,5.496214956696373,False
1.8445,203.03106212918192,0.5074645280838013,5.496214956856472,False
1.845,203.03106212836371,0.5074645280838013,5.4962149572397525,False
1.8455000000000001,203.03106212780392,0.5074645280838013,5.496214957794486,False
1.846,203.03106212756984,0.5074645280838013,5.496214958447938,False
1.8465,203.03106212768654,0.5074645280838013,5.4962149591158935,False
1.847,203.03106212813435,0.5074645280838013,5.496214959713491,False
1.8475000000000001,203.0310621288518,0.5074645280838013,5.496214960165963,False
1.848,203.03106212974413,0.5074645280838013,5.496214960417999,False
1.8485,203.03106213069583,0.5074645280838013,5.4962149604404855,False
1.849,203.0310621315854,0.5074645280838013,5.496214960233792,False
1.8495000000000001,203.03106213230097,0.5074645280838013,5.496214959827355,False
1.85,203.03106213275427,0.5074645280838013,5.4962149592754965,False
1.8505,203.03106213289152,0.5074645280838013,5.496214958650223,False
1.851,203.03106213269982,0.5074645280838013,5.496214958031826,False
1.8515000000000001,203.03106213220804,0.5074645280838013,5.496214957498591,False
1.852,203.03106213148277,0.5074645280838013,5.496214957116921,False
1.8525,203.03106213061926,0.5074645280838013,5.496214956933052,False
1.853,203.03106212972892,0.5074645280838013,5.496214956967501,False
1.8535000000000001,203.03106212892496,0.5074645280838013,5.4962149572128265,False
1.854,203.03106212830804,0.5074645280838013,5.496214957634962,False
1.8545,203.03106212795376,0.5074645280838013,5.4962149581779105,False
1.855,203.0310621279033,0.5074645280838013,5.496214958771148,False
1.8555000000000001,203.03106212815882,0.5074645280838013,5.496214959338769,False
1.856,203.03106212868357,0.5074645280838013,5.496214959809185,False
1.8565,203.03106212940722,0.5074645280838013,5.496214960124147,False
1.857,203.03106213023534,0.5074645280838013,5.496214960245921,False
1.8575,203.03106213106145,0.5074645280838013,5.496214960161788,False
1.858,203.0310621317808,0.5074645280838013,5.496214959885312,False
1.8585,203.03106213230382,0.5074645280838013,5.496214959454253,False
1.859,203.03106213256692,0.5074645280838013,5.49621495892542,False
1.8595,203.0310621325404,0.5074645280838013,5.496214958367223,False
1.86,203.03106213223174,0.5074645280838013,5.496214957850825,False
1.8605,203.03106213168405,0.5074645280838013,5.496214957441097,False
1.861,203.03106213097004,0.5074645280838013,5.496214957188473,False
1.8615,203.03106213018256,0.5074645280838013,5.496214957122762,False
1.862,203.03106212942257,0.5074645280838013,5.4962149572496655,False
1.8625,203.0310621287859,0.5074645280838013,5.496214957550382,False
1.863,203.03106212835158,0.5074645280838013,5.496214957984352,False
1.8635,203.0310621281718,0.5074645280838013,5.496214958494682,False
1.864,203.03106212826577,0.5074645280838013,5.496214959015617,False
1.8645,203.03106212861772,0.5074645280838013,5.496214959480972,False
1.865,203.03106212917945,0.5074645280838013,5.496214959832538,False
1.8655,203.03106212987672,0.5074645280838013,5.496214960027346,False
1.866,203.0310621306193,0.5074645280838013,5.4962149600429155,False
1.8665,203.03106213131235,0.5074645280838013,5.496214959879796,False
1.867,203.0310621318688,0.5074645280838013,5.496214959561186,False
1.8675,203.03106213221994,0.5074645280838013,5.496214959129661,False
1.868,203.0310621323243,0.5074645280838013,5.49621495864151,False
1.8685,203.03106213217205,0.5074645280838013,5.496214958159398,False
1.869,203.03106213178606,0.5074645280838013,5.496214957744357,False
1.8695,203.0310621312186,0.5074645280838013,5.496214957448049,False
1.87,203.03106213054411,0.5074645280838013,5.496214957306363,False
1.8705,203.03106212984963,0.5074645280838013,5.496214957335084,False
1.871,203.03106212922344,0.5074645280838013,5.496214957528175,False
1.8715,203.031062128744,0.5074645280838013,5.496214957858849,False
1.872,203.03106212847,0.5074645280838013,5.496214958283247,False
1.8725,203.03106212843332,0.5074645280838013,5.49621495874624,False
1.873,203.03106212863517,0.5074645280838013,5.496214959188611,False
1.8735,203.03106212904666,0.5074645280838013,5.496214959554575,False
1.874,203.03106212961268,0.5074645280838013,5.496214959798815,False
1.8745,203.03106213025927,0.5074645280838013,5.49621495989209,False
1.875,203.03106213090334,0.5074645280838013,5.4962149598247105,False
1.8755,203.0310621314633,0.5074645280838013,5.496214959607485,False
1.8760000000000001,203.03106213186942,0.5074645280838013,5.496214959270049,False
1.8765,203.0310621320723,0.5074645280838013,5.49621495885687,False
1.877,203.03106213204916,0.5074645280838013,5.496214958421388,False
1.8775,203.03106213180604,0.5074645280838013,5.496214958019108,False
1.8780000000000001,203.0310621313769,0.5074645280838013,5.496214957700566,False
1.8785,203.03106213081878,0.5074645280838013,5.496214957504951,False
1.879,203.0310621302042,0.5074645280838013,5.496214957455325,False
1.8795,203.03106212961183,0.5074645280838013,5.496214957555932,False
1.8800000000000001,203.03106212911646,0.5074645280838013,5.496214957791901,False
1.8805,203.03106212877958,0.5074645280838013,5.496214958131419,False
1.881,203.03106212864162,0.5074645280838013,5.496214958529984,False
1.8815,203.03106212871728,0.5074645280838013,5.496214958936241,False
1.8820000000000001,203.03106212899394,0.5074645280838013,5.496214959298586,False
1.8825,203.03106212943368,0.5074645280838013,5.4962149595717085,False
1.883,203.0310621299785,0.5074645280838013,5.496214959722247,False
1.8835,203.0310621305578,0.5074645280838013,5.496214959732848,False
1.8840000000000001,203.03106213109777,0.5074645280838013,5.496214959604136,False
1.8845,203.03106213153043,0.5074645280838013,5.496214959354389,False
1.885,203.0310621318025,0.5074645280838013,5.496214959016967,False
1.8855,203.0310621318817,0.5074645280838013,5.49621495863588,False
1.8860000000000001,203.03106213176073,0.5074645280838013,5.496214958260051,False
1.8865,203.03106213145773,0.5074645280838013,5.496214957937047,False
1.887,203.03106213101373,0.5074645280838013,5.49621495770707,False
1.8875,203.03106213048696,0.5074645280838013,5.496214957597952,False
1.8880000000000001,203.03106212994533,0.5074645280838013,5.496214957621831,False
1.8885,203.03106212945778,0.5074645280838013,5.496214957773805,False
1.889,203.0310621290853,0.5074645280838013,5.496214958032793,False
1.8895,203.0310621288735,0.5074645280838013,5.49621495836446,False
1.8900000000000001,203.0310621288469,0.5074645280838013,5.4962149587257505,False
1.8905,203.03106212900636,0.5074645280838013,5.496214959070451,False
1.891,203.031062129329,0.5074645280838013,5.496214959355089,False
1.8915,203.03106212977158,0.5074645280838013,5.496214959544441,False
1.8920000000000001,203.03106213027638,0.5074645280838013,5.496214959615851,False
1.8925,203.0310621307785,0.5074645280838013,5.496214959561924,False
1.893,203.03106213121436,0.5074645280838013,5.496214959391264,False
1.8935,203.0310621315296,0.5074645280838013,5.496214959127145,False
1.8940000000000001,203.031062131686,0.5074645280838013,5.496214958804361,False
1.8945,203.03106213166592,0.5074645280838013,5.496214958464665,False
1.895,203.03106213147447,0.5074645280838013,5.496214958151348,False
1.8955,203.03106213113833,0.5074645280838013,5.496214957903747,False
1.8960000000000001,203.03106213070208,0.5074645280838013,5.49621495775232,False
1.8965,203.03106213022247,0.5074645280838013,5.496214957714904,False
1.897,203.03106212976087,0.5074645280838013,5.496214957794644,False
1.8975,203.03106212937556,0.5074645280838013,5.496214957979781,False
1.8980000000000001,203.03106212911433,0.5074645280838013,5.496214958245355,False
1.8985,203.03106212900852,0.5074645280838013,5.496214958556576,False
1.899,203.03106212906928,0.5074645280838013,5.496214958873353,False
1.8995,203.03106212928668,0.5074645280838013,5.496214959155461,False
1.9000000000000001,203.03106212963093,0.5074645280838013,5.4962149593676175,False
1.9005,203.03106213005657,0.5074645280838013,5.49621495948392,False
1.901,203.03106213050853,0.5074645280838013,5.496214959490976,False
1.9015,203.03106213092912,0.5074645280838013,5.496214959389428,False
1.9020000000000001,203.0310621312655,0.5074645280838013,5.496214959193683,False
1.9025,203.0310621314762,0.5074645280838013,5.496214958929874,False
1.903,203.03106213153632,0.5074645280838013,5.4962149586323985,False
1.9035,203.03106213144025,0.5074645280838013,5.496214958339444,False
1.9040000000000001,203.0310621312025,0.5074645280838013,5.496214958088085,False
1.9045,203.03106213085516,0.5074645280838013,5.496214957909588,False
1.905,203.03106213044376,0.5074645280838013,5.496214957825554,False
1.9055,203.0310621300214,0.5074645280838013,5.496214957845299,False
1.9060000000000001,203.03106212964175,0.5074645280838013,5.496214957964864,False
1.9065,203.0310621293523,0.5074645280838013,5.496214958167692,False
1.907,203.03106212918854,0.5074645280838013,5.496214958426899,False
1.9075,203.03106212916936,0.5074645280838013,5.496214958708832,False
1.9080000000000001,203.03106212929524,0.5074645280838013,5.4962149589774425,False
1.9085,203.03106212954816,0.5074645280838013,5.496214959198864,False
1.909,203.03106212989425,0.5074645280838013,5.496214959345691,False
1.9095,203.03106213028838,0.5074645280838013,5.496214959400371,False
1.9100000000000001,203.03106213067986,0.5074645280838013,5.496214959357262,False
1.9105,203.0310621310191,0.5074645280838013,5.496214959223212,False
1.911,203.0310621312639,0.5074645280838013,5.496214959016493,False
1.9115,203.03106213138454,0.5074645280838013,5.496214958764318,False
1.9120000000000001,203.03106213136743,0.5074645280838013,5.496214958499301,False
1.9125,203.0310621312167,0.5074645280838013,5.496214958255218,False
1.913,203.03106213095333,0.5074645280838013,5.496214958062709,False
1.9135,203.0310621306123,0.5074645280838013,5.496214957945458,False
1.9140000000000001,203.03106213023798,0.5074645280838013,5.496214957917259,False
1.9145,203.0310621298782,0.5074645280838013,5.496214957980432,False
1.915,203.03106212957846,0.5074645280838013,5.496214958125682,False
1.9155,203.0310621293758,0.5074645280838013,5.4962149583334385,False
1.9160000000000001,203.0310621292946,0.5074645280838013,5.496214958576494,False
1.9165,203.0310621293434,0.5074645280838013,5.4962149588235425,False
1.917,203.03106212951425,0.5074645280838013,5.496214959043212,False
1.9175,203.03106212978378,0.5074645280838013,5.496214959208038,False
1.9180000000000001,203.03106213011634,0.5074645280838013,5.4962149592979,False
1.9185,203.031062130469,0.5074645280838013,5.4962149593024625,False
1.919,203.0310621307967,0.5074645280838013,5.496214959222345,False
1.9195,203.03106213105826,0.5074645280838013,5.496214959068897,False
1.92,203.0310621312214,0.5074645280838013,5.4962149588626135,False
1.9205,203.03106213126694,0.5074645280838013,5.496214958630394,False
1.921,203.0310621311907,0.5074645280838013,5.496214958402027,False
1.9215,203.03106213100415,0.5074645280838013,5.496214958206403,False
1.922,203.03106213073235,0.5074645280838013,5.496214958067862,False
1.9225,203.03106213041107,0.5074645280838013,5.496214958003154,False
1.923,203.0310621300817,0.5074645280838013,5.496214958019441,False
1.9235,203.031062129786,0.5074645280838013,5.496214958113526,False
1.924,203.03106212956112,0.5074645280838013,5.496214958272388,False
1.9245,203.03106212943453,0.5074645280838013,5.496214958474969,False
1.925,203.03106212942083,0.5074645280838013,5.4962149586949804,False
1.9255,203.03106212952025,0.5074645280838013,5.496214958904286,False
1.926,203.03106212971855,0.5074645280838013,5.496214959076511,False
1.9265,203.03106212998918,0.5074645280838013,5.4962149591903415,False
1.927,203.0310621302968,0.5074645280838013,5.496214959232182,False
1.9275,203.03106213060195,0.5074645280838013,5.4962149591977445,False
1.928,203.031062130866,0.5074645280838013,5.496214959092471,False
1.9285,203.03106213105605,0.5074645280838013,5.496214958930697,False
1.929,203.03106213114904,0.5074645280838013,5.496214958733713,False
1.9295,203.03106213113452,0.5074645280838013,5.4962149585269975,False
1.93,203.03106213101594,0.5074645280838013,5.496214958336881,False
1.9305,203.0310621308097,0.5074645280838013,5.4962149581872275,False
1.931,203.03106213054318,0.5074645280838013,5.496214958096434,False
1.9315,203.03106213025103,0.5074645280838013,5.496214958075191,False
1.932,203.03106212997068,0.5074645280838013,5.496214958125203,False
1.9325,203.03106212973745,0.5074645280838013,5.496214958239127,False
1.933,203.03106212958025,0.5074645280838013,5.496214958401627,False
1.9335,203.03106212951792,0.5074645280838013,5.496214958591428,False
1.934,203.03106212955706,0.5074645280838013,5.4962149587840905,False
1.9345,203.03106212969126,0.5074645280838013,5.49621495895514,False
1.935,203.03106212990224,0.5074645280838013,5.496214959083203,False
1.9355,203.03106213016207,0.5074645280838013,5.496214959152651,False
1.936,203.03106213043716,0.5074645280838013,5.496214959155514,False
1.9365,203.03106213069245,0.5074645280838013,5.496214959092358,False
1.937,203.03106213089586,0.5074645280838013,5.496214958972121,False
1.9375,203.0310621310223,0.5074645280838013,5.496214958810846,False
1.938,203.03106213105687,0.5074645280838013,5.496214958629559,False
1.9385000000000001,203.03106213099653,0.5074645280838013,5.496214958451508,False
1.939,203.03106213085013,0.5074645280838013,5.496214958299217,False
1.9395,203.0310621306375,0.5074645280838013,5.496214958191635,False
1.94,203.03106213038657,0.5074645280838013,5.496214958141764,False
1.9405000000000001,203.03106213012958,0.5074645280838013,5.496214958155118,False
1.941,203.0310621298993,0.5074645280838013,5.496214958229121,False
1.9415,203.03106212972452,0.5074645280838013,5.496214958353528,False
1.942,203.0310621296266,0.5074645280838013,5.4962149585118585,False
1.9425000000000001,203.03106212961686,0.5074645280838013,5.496214958683561,False
1.943,203.03106212969527,0.5074645280838013,5.496214958846687,False
1.9435,203.0310621298507,0.5074645280838013,5.496214958980679,False
1.944,203.03106213006234,0.5074645280838013,5.496214959068971,False
1.9445000000000001,203.0310621303026,0.5074645280838013,5.496214959101007,False
1.945,203.03106213054056,0.5074645280838013,5.496214959073516,False
1.9455,203.03106213074614,0.5074645280838013,5.496214958990821,False
1.946,203.03106213089367,0.5074645280838013,5.49621495886419,False
1.9465000000000001,203.03106213096535,0.5074645280838013,5.496214958710293,False
1.947,203.0310621309531,0.5074645280838013,5.496214958549025,False
1.9475,203.03106213085974,0.5074645280838013,5.496214958400926,False
1.948,203.0310621306982,0.5074645280838013,5.496214958284579,False
1.9485000000000001,203.03106213048986,0.5074645280838013,5.496214958214282,False
1.949,203.03106213026186,0.5074645280838013,5.496214958198311,False
1.9495,203.03106213004335,0.5074645280838013,5.496214958237912,False
1.95,203.03106212986188,0.5074645280838013,5.4962149583272915,False
1.9505000000000001,203.03106212973998,0.5074645280838013,5.496214958454415,False
1.951,203.03106212969223,0.5074645280838013,5.49621495860263,False
1.9515,203.03106212972364,0.5074645280838013,5.49621495875286,False
1.952,203.03106212982908,0.5074645280838013,5.496214958886031,False
1.9525000000000001,203.0310621299942,0.5074645280838013,5.496214958985508,False
1.953,203.0310621301972,0.5074645280838013,5.496214959039149,False
1.9535,203.0310621304118,0.5074645280838013,5.496214959040804,False
1.954,203.03106213061068,0.5074645280838013,5.496214958990998,False
1.9545000000000001,203.0310621307688,0.5074645280838013,5.4962149588967675,False
1.955,203.0310621308667,0.5074645280838013,5.496214958770685,False
1.9555,203.03106213089288,0.5074645280838013,5.496214958629178,False
1.956,203.031062130845,0.5074645280838013,5.496214958490401,False
1.9565000000000001,203.0310621307301,0.5074645280838013,5.496214958371901,False
1.957,203.03106213056378,0.5074645280838013,5.496214958288422,False
1.9575,203.03106213036781,0.5074645280838013,5.496214958250047,False
1.958,203.03106213016747,0.5074645280838013,5.496214958261001,False
1.9585000000000001,203.0310621299882,0.5074645280838013,5.496214958319206,False
1.959,203.0310621298524,0.5074645280838013,5.496214958416621,False
1.9595,203.03106212977673,0.5074645280838013,5.496214958540341,False
1.96,203.03106212976985,0.5074645280838013,5.496214958674311,False
1.9605000000000001,203.03106212983175,0.5074645280838013,5.49621495880141,False
1.961,203.03106212995357,0.5074645280838013,5.496214958905626,False
1.9615,203.031062130119,0.5074645280838013,5.4962149589740745,False
1.962,203.0310621303066,0.5074645280838013,5.496214958998569,False
1.9625000000000001,203.03106213049213,0.5074645280838013,5.496214958976623,False
1.963,203.03106213065212,0.5074645280838013,5.4962149589116756,False
1.9635,203.03106213076666,0.5074645280838013,5.496214958812566,False
1.964,203.03106213082188,0.5074645280838013,5.496214958692343,False
1.9645000000000001,203.03106213081165,0.5074645280838013,5.49621495856654,False
1.965,203.0310621307381,0.5074645280838013,5.4962149584511835,False
1.9655,203.03106213061153,0.5074645280838013,5.496214958360755,False
1.966,203.03106213044867,0.5074645280838013,5.496214958306361,False
1.9665000000000001,203.03106213027075,0.5074645280838013,5.496214958294392,False
1.967,203.0310621301005,0.5074645280838013,5.496214958325757,False
1.9675,203.0310621299594,0.5074645280838013,5.49621495839587,False
1.968,203.03106212986486,0.5074645280838013,5.496214958495305,False
1.9685000000000001,203.03106212982826,0.5074645280838013,5.496214958611043,False
1.969,203.03106212985344,0.5074645280838013,5.496214958728183,False
1.9695,203.03106212993632,0.5074645280838013,5.496214958831855,False
1.97,203.03106213006552,0.5074645280838013,5.496214958909113,False
1.9705000000000001,203.0310621302241,0.5074645280838013,5.496214958950545,False
1.971,203.0310621303915,0.5074645280838013,5.496214958951395,False
1.9715,203.03106213054645,0.5074645280838013,5.49621495891213,False
1.972,203.0310621306694,0.5074645280838013,5.496214958838282,False
1.9725000000000001,203.03106213074523,0.5074645280838013,5.496214958739702,False
1.973,203.031062130765,0.5074645280838013,5.496214958629239,False
1.9735,203.03106213072704,0.5074645280838013,5.4962149585210565,False
1.974,203.0310621306369,0.5074645280838013,5.496214958428837,False
1.9745000000000001,203.03106213050677,0.5074645280838013,5.496214958364043,False
1.975,203.0310621303537,0.5074645280838013,5.4962149583345115,False
1.9755,203.03106213019743,0.5074645280838013,5.496214958343484,False
1.976,203.03106213005782,0.5074645280838013,5.496214958389284,False
1.9765000000000001,203.03106212995232,0.5074645280838013,5.496214958465578,False
1.977,203.03106212989377,0.5074645280838013,5.49621495856228,False
1.9775,203.03106212988902,0.5074645280838013,5.4962149586668465,False
1.978,203.0310621299379,0.5074645280838013,5.496214958765907,False
1.9785000000000001,203.03106213003343,0.5074645280838013,5.496214958846977,False
1.979,203.03106213016284,0.5074645280838013,5.496214958900034,False
1.9795,203.03106213030924,0.5074645280838013,5.496214958918755,False
1.98,203.03106213045396,0.5074645280838013,5.4962149589012395,False
1.9805000000000001,203.0310621305785,0.5074645280838013,5.496214958850216,False
1.981,203.0310621306674,0.5074645280838013,5.496214958772631,False
1.9815,203.03106213071,0.5074645280838013,5.496214958678694,False
1.982,203.03106213070149,0.5074645280838013,5.496214958580531,False
1.9825000000000002,203.0310621306436,0.5074645280838013,5.496214958490649,False
1.983,203.0310621305444,0.5074645280838013,5.496214958420329,False
1.9835,203.0310621304171,0.5074645280838013,5.496214958378215,False
1.984,203.03106213027817,0.5074645280838013,5.496214958369242,False
1.9845,203.03106213014544,0.5074645280838013,5.49621495839408,False
1.985,203.0310621300356,0.5074645280838013,5.4962149584491105,False
1.9855,203.03106212996227,0.5074645280838013,5.496214958526924,False
1.986,203.03106212993424,0.5074645280838013,5.496214958617344,False
1.9865,203.03106212995445,0.5074645280838013,5.496214958708724,False
1.987,203.0310621300196,0.5074645280838013,5.496214958789466,False
1.9875,203.0310621301208,0.5074645280838013,5.496214958849488,False
1.988,203.03106213024475,0.5074645280838013,5.496214958881479,False
1.9885,203.0310621303754,0.5074645280838013,5.496214958881772,False
1.989,203.0310621304961,0.5074645280838013,5.4962149588507785,False
1.9895,203.03106213059172,0.5074645280838013,5.496214958792871,False
1.99,203.03106213065038,0.5074645280838013,5.496214958715773,False
1.9905,203.03106213066533,0.5074645280838013,5.49621495862952,False
1.991,203.03106213063518,0.5074645280838013,5.4962149585451785,False
1.9915,203.0310621305644,0.5074645280838013,5.496214958473409,False
1.992,203.03106213046254,0.5074645280838013,5.496214958423137,False
1.9925,203.031062130343,0.5074645280838013,5.496214958400431,False
1.993,203.03106213022116,0.5074645280838013,5.496214958407768,False
1.9935,203.03106213011245,0.5074645280838013,5.496214958443806,False
1.994,203.03106213003045,0.5074645280838013,5.496214958503571,False
1.9945,203.03106212998523,0.5074645280838013,5.496214958579158,False
1.995,203.03106212998205,0.5074645280838013,5.496214958660763,False
1.9955,203.03106213002067,0.5074645280838013,5.496214958737945,False
1.996,203.0310621300956,0.5074645280838013,5.496214958800978,False
1.9965,203.03106213019677,0.5074645280838013,5.496214958842086,False
1.997,203.03106213031108,0.5074645280838013,5.496214958856357,False
1.9975,203.0310621304238,0.5074645280838013,5.496214958842375,False
1.998,203.03106213052072,0.5074645280838013,5.496214958802304,False
1.9985,203.03106213058973,0.5074645280838013,5.496214958741585,False
1.999,203.0310621306225,0.5074645280838013,5.496214958668211,False
1.9995,203.03106213061542,0.5074645280838013,5.4962149585916515,False
2.0,203.03106213056986,0.5074645280838013,5.496214958521655,False
