time_s,output_voltage_V,duty_cycle,inductor_current_A,bound_hit
0.0005,189.76457458980144,0.5828600233164771,19.393480201543174,False
0.001,195.98460415662777,0.527460249523289,24.361479100861242,False
0.0015,203.7963960810248,0.48665841215405825,22.889670403242008,False
0.002,209.9278435731674,0.4545567361381363,15.66328618095616,False
0.0025,211.60610484306787,0.4417420302708295,5.713308965552778,False
0.003,208.37768990542753,0.4535232402887328,0.0,False
0.0035,203.58005769663504,0.48530407329699426,0.0,False
0.004,199.82742954323083,0.5086949071437065,0.508101753871716,False
0.0045000000000000005,196.80605711271792,0.5169754095287716,2.8715421914008084,False
0.005,195.21920625535842,0.5240850954441801,6.640190063968135,False
0.0055,195.39682059152375,0.5233297233016608,10.513602749870703,False
0.006,197.15409417959495,0.5150770452517149,13.219513923829915,False
0.006500000000000001,199.8202468774589,0.502086458974805,13.875817534002724,False
0.007,202.38482437638785,0.4889290329388198,12.313525497219278,False
0.0075,203.85329372178649,0.48061154419031354,9.221813625602888,False
0.008,203.71121247949534,0.4803360355698223,5.905574150619906,False
0.0085,202.17098305934903,0.48783325881027534,3.6919664501232523,False
0.009000000000000001,199.99150523513185,0.4992868972573891,3.3086879279440136,False
0.0095,198.04648253412074,0.5095946468575132,4.657166149448147,False
0.01,196.9792932554915,0.5152395210133718,7.045441356550146,False
0.0105,197.06099494536014,0.5150770557666466,9.549358366671852,False
0.011,198.17458074239738,0.5097738153380993,11.302209413789676,False
0.0115,199.86723300592405,0.5013979379524187,11.73271695442259,False
0.012,201.4869755695519,0.4930204523032445,10.754696919755528,False
0.0125,202.4210045831192,0.48777392872323644,8.81737069342348,False
0.013000000000000001,202.35784952507407,0.4875608831490657,6.730883847656928,False
0.0135,201.41507827380258,0.49214655847978506,5.3103055230837555,False
0.014,200.0439320378128,0.4992661429169792,5.023262733309523,False
0.0145,198.79327620806635,0.5058757214457502,5.845110441716083,False
0.015,198.09191341276292,0.5096511603319379,7.358058133115241,False
0.0155,198.13069335484542,0.5096582681875281,8.96268761047087,False
0.016,198.83552156126444,0.5062767897507658,10.087958798210991,False
0.0165,199.90827105794983,0.5009162108285569,10.366498224116393,False
0.017,200.9314262131001,0.4955989064223147,9.752495902757543,False
0.0175,201.52418723473474,0.4922924308886215,8.535694675220563,False
0.018000000000000002,201.49531089922993,0.49213923488794814,7.221380566147425,False
0.0185,200.91246485713992,0.49496910442635494,6.314681817531813,False
0.019,200.0491362984691,0.4994165140649802,6.114307394420495,False
0.0195,199.25006769520866,0.5036277413213966,6.61985601260138,False
0.02,198.79499324105072,0.5060993741835723,7.5762511824307195,False
0.0205,198.81309437803571,0.5061568271006002,8.599451395038107,False
0.021,199.25812909720847,0.5040147325453208,9.318871827257901,False
0.021500000000000002,199.93711510361294,0.5006013028050249,9.499000778045009,False
0.022,200.58400351395656,0.4972300514678801,9.113872342173947,False
0.0225,200.96054641092528,0.4951408199844002,8.348593167336587,False
0.023,200.94776335335297,0.4950308015372836,7.51947060430438,False
0.0235,200.58541751969878,0.49678669190858243,6.941840724286267,False
0.024,200.0413936389794,0.49957463043266814,6.806189640330657,False
0.0245,199.53251564731133,0.502250560745465,7.118801868663583,False
0.025,199.23920526346524,0.5038509234567204,7.722641891161433,False
0.025500000000000002,199.24700250596618,0.5039145901654343,8.37325201246966,False
0.026000000000000002,199.5273671066389,0.50256341587901,8.832312512744172,False
0.0265,199.95673398224602,0.500396979439691,8.949112412400199,False
0.027,200.36609363317285,0.49826021255926956,8.707952460467741,False
0.0275,200.60564436395595,0.49693628226940767,8.226269873697985,False
0.028,200.6006207476415,0.49685687806665507,7.70260377172764,False
0.0285,200.37464330797792,0.4979500227494101,7.334834685145433,False
0.029,200.03162800820064,0.4997017811864475,7.244392971907449,False
0.029500000000000002,199.70813013973589,0.5014000684916978,7.4382661895223245,False
0.03,199.51977560132343,0.5024300989164263,7.819230686693662,False
0.0305,199.52248896306875,0.5024853495784407,8.232242307621693,False
0.031,199.69880355990833,0.5016354434251138,8.524883838152292,False
0.0315,199.97015224951238,0.500263343532132,8.600814289470202,False
0.032,200.22937693668936,0.49890908007011653,8.450044949776956,False
0.0325,200.38196724474912,0.49806818361100635,8.146726224449363,False
0.033,200.38061592800895,0.4980109108155807,7.8157049799125184,False
0.0335,200.23942926534247,0.49869283667374237,7.581591664762677,False
0.034,200.02306977183684,0.49979519032706987,7.52179817036693,False
0.0345,199.8176295581405,0.5008723708941488,7.642227568285162,False
0.035,199.69693279212967,0.5015330537222917,7.882465838680158,False
0.035500000000000004,199.69726351927653,0.5015766002962626,8.144385155487864,False
0.036000000000000004,199.80800165975788,0.5010429775736864,8.330838300374612,False
0.0365,199.97941451100732,0.500175146463231,8.380282911552746,False
0.037,200.143643045406,0.4993168132065975,8.286145927382012,False
0.0375,200.24092711304746,0.4987818568057134,8.095095718373265,False
0.038,200.2411968310146,0.4987407757893004,7.8857331297452715,False
0.0385,200.15289431887743,0.49916668831759153,7.736708495865649,False
0.039,200.0163914198604,0.4998610456493663,7.6973774066437475,False
0.0395,199.88600505519435,0.5005440574003747,7.772250183259842,False
0.04,199.8087642207459,0.5009669671244397,7.923698355280134,False
0.0405,199.80809951352884,0.5009996109895983,8.08969511480613,False
0.041,199.87758757630226,0.5006649792737582,8.208452519327963,False
0.0415,199.98583841179297,0.5001165753868873,8.24067660078948,False
0.042,200.08991367203768,0.4995725562331443,8.18195867364831,False
0.0425,200.15197233395313,0.49923187445395406,8.061606953714946,False
0.043000000000000003,200.1528455893181,0.49920264350857957,7.929143948701981,False
0.043500000000000004,200.0975863567266,0.499468841476978,7.834284233909741,False
0.044,200.01145371113455,0.4999064676920615,7.808498308830506,False
0.0445,199.92873368255326,0.5003394671173264,7.855067445219381,False
0.045,199.87934424069445,0.5006098330306105,7.950520906852306,False
0.0455,199.8783709391404,0.5006335728144112,8.055682045897777,False
0.046,199.9219462003611,0.5004239022332504,8.131305064195828,False
0.0465,199.99029449616867,0.5000775544596039,8.152310303435517,False
0.047,200.05626056142185,0.4997327520873958,8.115713859210487,False
0.0475,200.09586158809645,0.4995156523310727,8.039894415748062,False
0.048,200.0968560014791,0.49949503457749034,7.956067890257525,False
0.0485,200.06226453714274,0.49966147165929786,7.895687722884389,False
0.049,200.00791138864173,0.4999373897898404,7.878821288693684,False
0.0495,199.95544532379293,0.5002118592622067,7.907790464194859,False
0.05,199.92388243872873,0.5003845633383791,7.967942517058751,False
0.0505,199.92291682214847,0.5004014814887447,8.034545428114713,False
0.051000000000000004,199.9502293879999,0.5002701855318372,8.082692951479919,False
0.051500000000000004,199.9933769530627,0.5000515333216875,8.096382260487971,False
0.052000000000000005,200.0351920139266,0.4998330003740047,8.073587720521882,False
0.0525,200.06046657490418,0.499694601776251,8.025822472801726,False
0.053,200.0613745443131,0.49968018264962044,7.972768319990304,False
0.0535,200.03971789955304,0.49978426283073485,7.934336619355594,False
0.054,200.00541794727584,0.4999582624834727,7.923323517404355,False
0.0545,199.97214664257797,0.5001322277979335,7.941343830141655,False
0.055,199.95198403521542,0.5002424875770471,7.97924527474976,False
0.0555,199.95115172273725,0.5002543703486697,8.021419732026613,False
0.056,199.9682647709636,0.5001721886936539,8.052070017474968,False
0.0565,199.99550008538472,0.5000341891279841,8.06098733113826,False
0.057,200.02200712056083,0.499895689358572,8.04679707554834,False
0.0575,200.03813910158092,0.4998074446031451,8.016706254451881,False
0.058,200.0388897273444,0.4997974394854187,7.983126137536489,False
0.0585,200.02533081239795,0.49986252770663164,7.9586658099030005,False
0.059000000000000004,200.00368560937972,0.4999722679229898,7.951484617196543,False
0.059500000000000004,199.98258935413756,0.5000825235226979,7.962692600488593,False
0.06,199.96971313414588,0.5001528901891799,7.986571646264382,False
0.0605,199.9690464718785,0.5001611450035376,8.013273818603196,False
0.061,199.97976577297644,0.5001097229761228,8.032783233067024,False
0.0615,199.996955379276,0.500022643158401,8.038588530079549,False
0.062,200.01375855190093,0.4999348696828045,8.029758856891778,False
0.0625,200.02405503687868,0.4998785990675616,8.010803202144045,False
0.063,200.02464132670767,0.4998717056149741,7.989548593192997,False
0.0635,200.0161526396192,0.4999124077526567,7.973981474735078,False
0.064,200.00249357627862,0.4999816236165028,7.969304304347574,False
0.0645,199.98911845425712,0.5000514970360498,7.976273751950078,False
0.065,199.9808973633341,0.5000963918540751,7.991316933710501,False
0.0655,199.98038696732402,0.5001020768833856,8.008221285748503,False
0.066,199.98709970752668,0.5000699107025995,8.020638052147305,False
0.0665,199.99794804841542,0.5000149699521413,8.024414836432097,False
0.067,200.0085996266311,0.4999593465352801,8.018923089821548,False
0.0675,200.0151711908082,0.4999234643518169,8.006982620312789,False
0.068,200.01561256599874,0.4999187445159911,7.993529550398099,False
0.0685,200.01029860118442,0.4999441945977825,7.983622949476807,False
0.069,200.00167942261777,0.49998785127109674,7.980579711563518,False
0.0695,199.99320022474163,0.5000321303765571,7.984912342491902,False
0.07,199.98795230196515,0.5000607676913628,7.994388391894594,False
0.07050000000000001,199.98757333517813,0.500064655415076,8.005089139680306,False
0.07100000000000001,199.99177614577675,0.500044539446826,8.012991028830942,False
0.07150000000000001,199.99862201668438,0.5000098799304362,8.015446388966229,False
0.07200000000000001,200.00537387676934,0.49997463221099303,8.012032128655765,False
0.0725,200.0095677508506,0.49995175194274527,8.004511073200756,False
0.073,200.00989155282048,0.4999485382153059,7.995996160077489,False
0.0735,200.00656536597307,0.4999644494144453,7.989692253622683,False
0.074,200.00112669255012,0.4999919847095215,7.987713911785407,False
0.0745,199.9957516579799,0.5000200430734912,7.990406502955824,False
0.075,199.9924022068494,0.5000383069310886,7.99637523043157,False
0.0755,199.9921269925268,0.5000409499704866,8.00314850926118,False
0.076,199.9947578283129,0.5000283728186266,8.008176725498405,False
0.0765,199.99907763899142,0.5000065098148615,8.00977187883143,False
0.077,200.00335736682138,0.4999841749786289,8.007650067693598,False
0.0775,200.0060335870707,0.4999695862825109,8.002913006897662,False
0.078,200.00626662908365,0.499967408755942,7.997523795011601,False
0.0785,200.00418494046784,0.4999773547448939,7.993512705109134,False
0.079,200.0007533151091,0.49999472138529555,7.992227673510246,False
0.0795,199.99734625144552,0.5000125002143851,7.993900463017473,False
0.08,199.99520880376184,0.5000241465123838,7.9976597378890935,False
0.0805,199.99501226172902,0.5000259343966112,8.001946767852589,False
0.081,199.9966587767633,0.5000180724819336,8.005146099557997,False
0.0815,199.99938444513205,0.5000042825540157,8.006181692565393,False
0.082,200.00209707113942,0.4999901307235051,8.004863615071052,False
0.0825,200.00380466276067,0.49998082955026146,8.001880221266983,False
0.083,200.00396992608455,0.49997936051045255,7.998469440741741,False
0.0835,200.00266729946566,0.4999855765964066,7.995917433155332,False
0.084,200.00050216457444,0.4999965293739666,7.9950833682883875,False
0.0845,199.99834266246768,0.500007794125723,7.996122219724327,False
0.085,199.99697883965135,0.5000152196236936,7.998489746267307,False
0.0855,199.99684031339135,0.500016423823539,8.001202991465606,False
0.08600000000000001,199.9978705991538,0.5000115104343319,8.003238477632399,False
0.08650000000000001,199.9995903068662,0.5000028131755646,8.003910345497399,False
0.08700000000000001,200.0013095741967,0.4999938467273852,8.003091886315042,False
0.08750000000000001,200.00239900480557,0.49998791719279845,8.0012130768129,False
0.088,200.00251483511414,0.49998692993877,7.999054517242565,False
0.0885,200.00169984060622,0.49999081416550456,7.9974309578843945,False
0.089,200.00033385168538,0.4999977215257434,7.996889978420134,False
0.0895,199.99896516948738,0.5000048585629331,7.997534885797276,False
0.09,199.99809507893423,0.5000095923669241,7.999025805631288,False
0.0905,199.99799847033478,0.5000104003760966,8.00074291490078,False
0.091,199.99864304075498,0.5000073303551795,8.002037830748147,False
0.0915,199.99972799196007,0.5000018453995464,8.002473439969991,False
0.092,200.0008176138468,0.49999616464243735,8.001965431481192,False
0.0925,200.00151258595528,0.4999923848959348,8.000782322423174,False
0.093,200.00159299762686,0.49999172370118417,7.999416309024206,False
0.0935,200.00108317811532,0.499994150346834,7.998383497767123,False
0.094,200.00022141922076,0.4999985062413529,7.99803284718099,False
0.0945,199.99935400211066,0.5000030278428234,7.998433035316101,False
0.095,199.99879897083375,0.5000060453279986,7.999371855467668,False
0.0955,199.9987321790129,0.5000065856882384,8.000458491441877,False
0.096,199.9991353631747,0.5000046678664164,8.001282212525073,False
0.0965,199.999819810556,0.5000012089867354,8.001564466278833,False
0.097,200.00051034710953,0.4999976100851045,8.001249287121244,False
0.0975,200.0009536361444,0.4999952009416387,8.000504321637571,False
0.098,200.00100901862402,0.49999475948355016,7.999639899562476,False
0.0985,200.00069015693137,0.49999627520283724,7.998982937312843,False
0.099,200.00014653093783,0.49999902195003443,7.998755795724505,False
0.0995,199.99959682524053,0.5000018864226359,7.999004020743028,False
0.1,199.99924281257563,0.5000038096579873,7.99959514540274,False
0.1005,199.99919696979495,0.5000041699523388,8.000282764683948,False
0.101,199.99944911813938,0.5000029721624423,8.00080670843801,False
0.1015,199.99988088011332,0.5000007910897037,8.00098948603966,False
0.10200000000000001,200.00031847849763,0.4999985112109238,8.000794029462023,False
0.10250000000000001,200.00060119973014,0.4999969758162927,8.000324982397066,False
0.10300000000000001,200.00063908944037,0.49999668188750845,7.999777996316589,False
0.10350000000000001,200.0004396964855,0.4999976284267058,7.999360140263573,False
0.10400000000000001,200.00009677863406,0.49999936037612647,7.999213091724855,False
0.1045,199.99974843352214,0.5000011749522588,7.999366989700749,False
0.105,199.99952266160685,0.5000024006228408,7.999739162065915,False
0.1055,199.99949139107062,0.5000026402138835,8.000174263177483,False
0.106,199.9996490530894,0.5000018922911657,8.00050750194157,False
0.1065,199.99992140049153,0.500000517053959,8.000625794572562,False
0.107,200.0001986959713,0.49999907283973494,8.00050463932639,False
0.1075,200.00037899025978,0.49999809439878806,8.000209338132596,False
0.108,200.00040476457897,0.4999978991887346,7.9998632346550185,False
0.1085,200.00028010189314,0.4999984901551981,7.9995974805147005,False
0.109,200.00006380260115,0.49999958216428636,7.99950233703578,False
0.1095,199.99984306990441,0.5000007315979108,7.9995977083183,False
0.11,199.9996990999098,0.5000015126326953,7.999832011019751,False
0.1105,199.9996778824963,0.5000016715732873,8.000107313894109,False
0.111,199.99977644569748,0.5000012046620073,8.000319244253236,False
0.1115,199.9999482272747,0.5000003375842584,8.000395760620558,False
0.112,200.0001239337847,0.4999994227769625,8.000320697711368,False
0.1125,200.000238896779,0.49999879931979885,8.000134796540149,False
0.113,200.00025634318013,0.4999986699689376,7.999915811351486,False
0.1135,200.00017841759112,0.49999903885186364,7.99974680590444,False
0.114,200.00004199227618,0.49999972733190234,7.999685279320789,False
0.1145,199.9999021297866,0.5000004553980328,7.9997443525492375,False
0.115,199.99981033330857,0.5000009530471905,7.999891847896355,False
0.1155,199.99979600337335,0.5000010582545886,8.00006603253348,False
0.116,199.99985760859278,0.5000007668400769,8.000200804029712,False
0.1165,199.9999659524686,0.5000002201873894,8.00025027186397,False
0.117,200.00007728212867,0.49999964075092956,8.000203789181928,False
0.11750000000000001,200.0001505793078,0.4999992435261519,8.000086767363971,False
0.11800000000000001,200.00016233772826,0.4999991579937998,7.999948218649209,False
0.11850000000000001,200.00011363666786,0.4999993881977876,7.999840748223766,False
0.11900000000000001,200.00002759487177,0.49999982223816164,7.999800981269299,False
0.11950000000000001,199.99993897857323,0.5000002833815952,7.999837552764183,False
0.12,199.99988045472185,0.5000006004356359,7.9999303952785,False
0.1205,199.99987081561466,0.5000006699361557,8.000040596799511,False
0.121,199.99990931318075,0.5000004880982011,8.000126294766053,False
0.1215,199.999977642403,0.5000001434802356,8.000158259624927,False
0.122,200.0000481785765,0.49999977648513183,8.00012949026137,False
0.1225,200.00009490581834,0.4999995234247477,8.000055832417985,False
0.123,200.00010280059206,0.49999946697506253,7.999968178936321,False
0.1235,200.00007237008415,0.49999961060095305,7.999899843632295,False
0.124,200.000018107759,0.49999988421744446,7.999874153451845,False
0.1245,199.9999619636975,0.5000001762824622,7.99989678236243,False
0.125,199.99992465643018,0.5000003782591141,7.999955218660656,False
0.1255,199.99991819582146,0.5000004240872921,8.000024936516633,False
0.126,199.99994224831022,0.5000003106510943,8.00007942577859,False
0.1265,199.99998533893464,0.5000000934123792,8.00010007068554,False
0.127,200.00003002693504,0.49999986098192806,8.00008227426889,False
0.1275,200.000059812603,0.49999969977987235,8.000035914821243,False
0.128,200.00006509539267,0.4999996625895805,7.999980463141744,False
0.1285,200.00004608504113,0.4999997521766208,7.999937015172166,False
0.129,200.000011866494,0.49999992465215487,7.999920426709568,False
0.1295,199.99997629746576,0.5000001096222031,7.999934420741811,False
0.13,199.99995251765517,0.5000002382774673,7.999971198512078,False
0.1305,199.9999482012327,0.5000002684452562,8.000015302634111,False
0.131,199.99996322557752,0.500000197698006,8.000049945962457,False
0.1315,199.99999039829993,0.5000000607646403,8.000063273555183,False
0.132,200.00001870883014,0.49999991356588663,8.000052271159104,False
0.1325,200.0000376933442,0.4999998108882031,8.000023095259953,False
0.133,200.00004121766656,0.49999978642610055,7.999988016917028,False
0.1335,200.00002934416267,0.499999842292032,7.999960394458343,False
0.134,200.00000776677928,0.49999995100605593,7.999949687957297,False
0.1345,199.99998523382146,0.5000000681450985,7.999958337019415,False
0.135,199.99997007803535,0.5000001500883303,7.999981481884144,False
0.1355,199.9999672024144,0.500000169916237,8.000009381169754,False
0.136,199.99997658532376,0.5000001258044025,8.000031405204842,False
0.1365,199.99999371927066,0.5000000394958318,8.00004000517694,False
0.137,200.00001165351924,0.4999999462791499,8.000033207152285,False
0.1375,200.00002375245577,0.4999998808846649,8.000014846985092,False
0.138,200.00002609727105,0.4999998648187068,7.9999926577545395,False
0.1385,200.00001868292225,0.4999998996472277,7.99997509777675,False
0.139,200.00000507756815,0.499999968167053,7.9999681906220825,False
0.1395,199.9999908036731,0.500000042345948,7.999973532942225,False
0.14,199.99998114529188,0.5000000945324661,7.999988097258206,False
0.1405,199.99997923447714,0.5000001075456203,8.000005744861507,False
0.14100000000000001,199.9999850929379,0.5000000800486388,8.000019745346208,False
0.14150000000000001,199.9999958962124,0.500000025652137,8.000025292323027,False
0.14200000000000002,200.0000072566879,0.4999999666236594,8.000021094671357,False
0.14250000000000002,200.00001496662966,0.4999999249783346,8.000009541664562,False
0.14300000000000002,200.00001652286525,0.49999991444138386,7.999995506283814,False
0.14350000000000002,200.00001189404895,0.49999993614867827,7.999984343958784,False
0.14400000000000002,200.0000033158801,0.4999999793323228,7.999979889773592,False
0.1445,199.99999427428725,0.5000000263041566,7.999983187483583,False
0.145,199.9999881198739,0.5000000595367176,7.999992351616188,False
0.1455,199.99998685312767,0.5000000680658537,8.00000351400454,False
0.146,199.99999051017835,0.500000050930393,8.000012413357874,False
0.1465,199.9999973214305,0.5000000166488616,8.000015989680364,False
0.147,200.00000451737873,0.4999999792715554,8.000013399412333,False
0.1475,200.0000094299833,0.4999999527528712,8.000006130338678,False
0.148,200.00001046054297,0.4999999458510976,7.999997252956332,False
0.1485,200.00000757141314,0.4999999593766642,7.999990157918316,False
0.149,200.00000216321223,0.4999999865907959,7.99998728673001,False
0.1495,199.99999643623312,0.5000000163330018,7.999989320971804,False
0.15,199.99999251496936,0.5000000374937038,7.999995086752024,False
0.1505,199.9999916769859,0.5000000430769163,8.000002146793713,False
0.151,199.99999395930953,0.5000000324015259,8.000007803235444,False
0.1515,199.9999982534068,0.500000010798158,8.00001010809574,False
0.152,200.00000281123326,0.49999998713171856,8.000008510808334,False
0.1525,200.00000594112933,0.49999997024680887,8.000003937522338,False
0.153,200.00000662219125,0.4999999657315611,7.999998322850219,False
0.1535,200.000004819333,0.4999999741567678,7.999993813391373,False
0.154,200.000001409883,0.4999999913058776,7.999991963331217,False
0.1545,199.99999778257433,0.5000000101374836,7.999993217295009,False
0.155,199.9999952843977,0.5000000236102767,7.999996844648373,False
0.1555,199.9999947311303,0.5000000272608051,8.000001309799266,False
0.156,199.9999961551613,0.500000020611977,8.000004904791567,False
0.1565,199.99999886217216,0.500000006998957,8.00000638965471,False
0.157,200.00000174890002,0.49999999201465833,8.000005405404105,False
0.1575,200.0000037428122,0.4999999812646924,8.00000252838641,False
0.158,200.00000419206367,0.4999999783140843,7.999998977452242,False
0.1585,200.00000306732744,0.4999999835606739,7.9999961115323615,False
0.159,200.00000091806743,0.49999999436655973,7.999994919887496,False
0.1595,199.99999862074614,0.5000000062894114,7.9999956922895015,False
0.16,199.99999702934946,0.5000000148666395,7.99999797413547,False
0.1605,199.99999666471504,0.5000000172508898,8.000000797999105,False
0.161,199.99999755300496,0.5000000131111245,8.000003082664735,False
0.1615,199.99999925940594,0.5000000045336572,8.000004038907106,False
0.162,200.00000108764183,0.4999999950468852,8.000003432875307,False
0.1625,200.00000235774993,0.49999998820339775,8.000001623114546,False
0.163,200.00000265358312,0.4999999862772871,7.999999377477565,False
0.1635,200.00000195207724,0.4999999895434722,7.99999755620959,False
0.164,200.00000059730442,0.4999999963519594,7.999996788935692,False
0.1645,199.99999914239046,0.5000000039003002,7.999997264336337,False
0.165,199.9999981287297,0.5000000093603744,7.9999986996507095,False
0.1655,199.99999788881098,0.50000001091599,8.00000048543922,False
0.166,199.99999844277298,0.5000000083392444,8.000001937275481,False
0.1665,199.99999951835866,0.5000000029350005,8.000002552870221,False
0.167,200.00000067616787,0.49999999692908553,8.000002180020573,False
0.1675,200.00000148514167,0.4999999925728603,8.000001041701895,False
0.168,200.00000167964,0.4999999913167766,7.999999621614148,False
0.1685,200.00000124221825,0.4999999933494492,7.9999984642924975,False
0.169,200.00000038829927,0.4999999976390028,7.999997970434659,False
0.1695,199.99999946693524,0.500000002417611,7.999998262792509,False
0.17,199.99999882133127,0.5000000058930753,7.999999165550949,False
0.1705,199.99999866371226,0.5000000069070645,8.000000294813645,False
0.171,199.9999990090881,0.5000000053037164,8.000001217349373,False
0.1715,199.99999968701283,0.5000000018989923,8.000001613511008,False
0.17200000000000001,200.00000042020898,0.4999999980969369,8.000001384318608,False
0.17250000000000001,200.00000093542323,0.49999999532421596,8.000000668389285,False
0.17300000000000001,200.00000106311052,0.4999999945058471,7.999999770403507,False
0.17350000000000002,200.00000079042982,0.4999999957704446,7.999999035035068,False
0.17400000000000002,200.0000002522352,0.4999999984728122,7.999998717269586,False
0.17450000000000002,199.99999966878516,0.500000001497845,7.999998896903061,False
0.17500000000000002,199.99999925763578,0.5000000037098714,7.999999464656173,False
0.17550000000000002,199.9999991542314,0.5000000043702139,8.000000178722589,False
0.176,199.9999993695033,0.500000003372881,8.000000764887133,False
0.1765,199.99999979676147,0.5000000012280172,8.00000101974935,False
0.177,200.00000026104337,0.49999999882123697,8.000000878991312,False
0.1775,200.00000058913977,0.49999999705656006,8.000000428755936,False
0.178,200.00000067285168,0.49999999652384364,7.999999860946773,False
0.1785,200.0000005029138,0.4999999973103293,7.999999393720983,False
0.179,200.0000001637306,0.4999999990126741,7.9999991893264415,False
0.1795,199.99999979428162,0.5000000009275356,7.99999929959569,False
0.18,199.99999953246726,0.5000000023353038,7.9999996566303615,False
0.1805,199.999999464719,0.5000000027649713,8.00000010813356,False
0.181,199.99999959886037,0.5000000021448118,8.000000480548334,False
0.1815,199.99999986812006,0.5000000007937098,8.000000644455774,False
0.182,200.00000016210276,0.4999999992702432,8.00000055809269,False
0.1825,200.0000003710206,0.4999999981472215,8.000000274971866,False
0.183,200.00000042583267,0.49999999780074045,7.999999915955857,False
0.1835,200.00000031995512,0.49999999828970426,7.999999619117633,False
0.184,200.0000001062075,0.49999999936201606,7.999999487687628,False
0.1845,199.99999987227864,0.5000000005740737,7.999999555310007,False
0.185,199.9999997055738,0.5000000014699257,7.999999779813862,False
0.1855,199.99999966124102,0.5000000017492716,8.000000065284596,False
0.186,199.99999974480397,0.5000000013637828,8.000000301879611,False
0.1865,199.99999991448146,0.5000000005127493,8.000000407259332,False
0.187,200.00000010062172,0.499999999548458,8.000000354324891,False
0.1875,200.00000023363995,0.49999999883383794,8.000000176305972,False
0.188,200.00000026948672,0.49999999860866196,7.999999949317413,False
0.1885,200.00000020354017,0.49999999891254504,7.999999760742345,False
0.189,200.0000000688487,0.49999999958795127,7.999999676256008,False
0.1895,199.9999999207363,0.5000000003551145,7.99999971768154,False
0.19,199.9999998145999,0.5000000009251544,7.999999858837446,False
0.1905,199.99999978562286,0.5000000011066305,8.000000039322343,False
0.191,199.9999998376628,0.5000000008671001,8.000000189621195,False
0.1915,199.9999999445803,0.5000000003310875,8.000000257351724,False
0.192,200.00000006243246,0.4999999997207609,8.000000224942026,False
0.1925,200.00000014711782,0.49999999926605854,8.000000113018215,False
0.193,200.0000001705354,0.49999999911982795,7.999999969511348,False
0.1935,200.0000001294725,0.4999999993086155,7.999999849721401,False
0.194,200.0000000446032,0.49999999973399656,7.9999997954275655,False
0.1945,199.99999995083016,0.5000000002195438,7.999999820776282,False
0.195,199.9999998832619,0.5000000005822374,7.9999999095196905,False
0.1955,199.99999986434202,0.5000000007000468,8.000000023623207,False
0.196,199.9999998967408,0.5000000005512675,8.000000119095674,False
0.1965,199.99999996410747,0.5000000002136895,8.000000162615317,False
0.197,200.00000003872026,0.4999999998274159,8.000000142795232,False
0.1975,200.00000009263007,0.49999999953811886,8.000000072432954,False
0.198,200.00000010791223,0.49999999944322304,7.999999981709427,False
0.1985,200.00000008235153,0.4999999995604614,7.999999905619225,False
0.199,200.00000002887884,0.49999999982835425,7.999999870738109,False
0.1995,199.99999996951206,0.5000000001356478,7.999999886230488,False
0.2,199.9999999265006,0.5000000003663972,7.999999942017633,False
0.2005,199.9999999141597,0.5000000004428233,8.000000014150931,False
0.201,199.999999934324,0.500000000350449,8.000000074792874,False
0.2015,199.99999997676767,0.5000000001378593,8.00000010274821,False
0.202,200.00000002400316,0.4999999998933994,8.000000090642398,False
0.2025,200.00000005831868,0.49999999970935294,8.000000046412216,False
0.203,200.00000006828196,0.4999999996478123,7.999999989060529,False
0.20350000000000001,200.0000000523761,0.4999999997205888,7.999999940731321,False
0.20400000000000001,200.00000001868727,0.4999999998892883,7.999999918328159,False
0.20450000000000002,199.99999998110462,0.5000000000837597,7.999999927784482,False
0.20500000000000002,199.9999999537274,0.5000000002305527,7.999999962851003,False
0.20550000000000002,199.99999994568546,0.5000000002801002,8.000000008449625,False
0.20600000000000002,199.99999995823129,0.5000000002227697,8.000000046965528,False
0.20650000000000002,199.99999998497066,0.5000000000889004,8.000000064917957,False
0.20700000000000002,200.0000000148728,0.49999999993419797,8.000000057533807,False
0.20750000000000002,200.00000003671394,0.4999999998171194,8.000000029732963,False
0.20800000000000002,200.00000004320358,0.49999999977723586,7.999999993479433,False
0.2085,200.00000003330896,0.49999999982239324,7.999999962784782,False
0.209,200.00000001208585,0.49999999992862043,7.999999948399769,False
0.2095,199.99999998829495,0.5000000000516855,7.99999995416373,False
0.21,199.99999997087062,0.5000000001450624,7.999999976203754,False
0.2105,199.9999999656348,0.5000000001771634,8.000000005027145,False
0.211,199.99999997343787,0.5000000001415976,8.0000000294884,False
0.2115,199.9999999902825,0.5000000000573058,8.000000041014099,False
0.212,200.00000000921088,0.4999999999594089,8.000000036516424,False
0.2125,200.00000002311117,0.4999999998849376,8.000000019043892,False
0.213,200.00000002733458,0.4999999998591052,7.999999996128211,False
0.2135,200.00000002118145,0.4999999998871127,7.999999976634786,False
0.214,200.00000000781236,0.49999999995399774,7.999999967400666,False
0.2145,199.99999999275278,0.5000000000318713,7.999999970908728,False
0.215,199.99999998166393,0.500000000091265,7.999999984760031,False
0.2155,199.99999997825793,0.5000000001120504,8.000000002978716,False
0.216,199.99999998310952,0.5000000000899966,8.00000001851297,False
0.2165,199.9999999937201,0.5000000000369252,8.000000025910705,False
0.217,200.00000000570142,0.499999999974979,8.000000023175508,False
0.2175,200.0000000145473,0.4999999999276123,8.000000012195223,False
0.218,200.00000001729356,0.4999999999108899,7.999999997710959,False
0.2185,200.0000000134685,0.4999999999282537,7.999999985331946,False
0.219,200.00000000504735,0.4999999999703639,7.999999979405827,False
0.2195,199.99999999551517,0.5000000000196397,7.9999999815375915,False
0.22,199.99999998845885,0.5000000000574143,7.999999990241806,False
0.2205,199.999999986245,0.5000000000708648,8.000000001756868,False
0.221,199.99999998926046,0.5000000000571958,8.000000011621326,False
0.2215,199.99999999594374,0.5000000000237833,8.000000016368235,False
0.222,200.00000000352725,0.4999999999845876,8.000000014707581,False
0.2225,200.000000009156,0.49999999995446354,8.000000007807904,False
0.223,200.00000001094037,0.4999999999436453,7.999999998653462,False
0.2235,200.00000000856338,0.49999999995440453,7.999999990792882,False
0.224,200.00000000325937,0.4999999999809151,7.999999986990732,False
0.2245,199.99999999722618,0.5000000000120928,7.9999999882838475,False
0.225,199.99999999273632,0.5000000000361157,7.99999999375304,False
0.2255,199.99999999129847,0.5000000000448152,8.000000001030708,False
0.226,199.999999993172,0.5000000000363469,8.000000007294316,False
0.2265,199.99999999738128,0.500000000015313,8.000000010339495,False
0.227,200.00000000218097,0.4999999999905137,8.000000009333052,False
0.2275,200.0000000057623,0.499999999971357,8.00000000499792,False
0.228,200.00000000692077,0.4999999999643622,7.999999999212369,False
0.2285,200.00000000544424,0.49999999997102607,7.999999994221341,False
0.229,200.0000000021038,0.49999999998771416,7.999999991782516,False
0.2295,199.99999999828546,0.5000000000074398,7.999999992565412,False
0.23,199.99999999542885,0.5000000000227158,7.9999999960015264,False
0.2305,199.99999999449565,0.5000000000283396,8.000000000600828,False
0.231,199.99999999565915,0.500000000023096,8.00000000457774,False
0.2315,199.99999999831005,0.5000000000098566,8.000000006530877,False
0.232,200.00000000134767,0.4999999999941664,8.000000005922198,False
0.2325,200.00000000362616,0.49999999998198497,8.000000003198705,False
0.233,200.0000000043778,0.4999999999774644,7.999999999542488,False
0.2335,200.00000000346097,0.4999999999815894,7.999999996373639,False
0.234,200.00000000135734,0.4999999999920937,7.999999994809641,False
0.23450000000000001,199.99999999894086,0.5000000000045732,7.999999995282639,False
0.23500000000000001,199.99999999712352,0.5000000000142865,7.99999999744122,False
0.23550000000000001,199.99999999651826,0.5000000000179201,8.000000000347722,False
0.23600000000000002,199.9999999972406,0.5000000000146753,8.000000002872634,False
0.23650000000000002,199.9999999989099,0.5000000000063417,8.000000004124981,False
0.23700000000000002,200.00000000083224,0.49999999999641576,8.000000003757641,False
0.23750000000000002,200.0000000022817,0.4999999999886705,8.000000002046828,False
0.23800000000000002,200.00000000276904,0.49999999998575057,7.999999999736388,False
0.23850000000000002,200.00000000220004,0.49999999998830247,7.999999997724598,False
0.23900000000000002,200.0000000008754,0.4999999999949135,7.999999996721827,False
0.23950000000000002,199.99999999934616,0.5000000000028084,7.99999999700692,False
0.24,199.9999999981901,0.5000000000089844,7.999999998362821,False
0.2405,199.99999999779774,0.5000000000113308,8.000000000199448,False
0.241,199.99999999824595,0.5000000000093242,8.000000001802427,False
0.2415,199.9999999992971,0.5000000000040794,8.000000002605313,False
0.242,200.00000000051364,0.4999999999977999,8.000000002384182,False
0.2425,200.00000000143567,0.4999999999928752,8.000000001309559,False
0.243,200.0000000017515,0.49999999999099004,7.9999999998495746,False
0.2435,200.0000000013985,0.4999999999925677,7.999999998572347,False
0.244,200.0000000005644,0.4999999999967284,7.999999997929499,False
0.2445,199.99999999959667,0.5000000000017228,7.999999998100876,False
0.245,199.99999999886123,0.5000000000056495,7.999999998952478,False
0.2455,199.99999999860705,0.5000000000071646,8.000000000113078,False
0.246,199.99999999888504,0.500000000005924,8.000000001130706,False
0.2465,199.9999999995469,0.5000000000026233,8.000000001645352,False
0.247,200.00000000031665,0.49999999999865097,8.000000001512605,False
0.2475,200.00000000090313,0.4999999999955207,8.000000000837792,False
0.248,200.00000000110768,0.49999999999430367,7.999999999915333,False
0.2485,200.0000000008888,0.49999999999527844,7.99999999910459,False
0.249,200.00000000036368,0.4999999999978967,7.999999998692621,False
0.2495,199.9999999997514,0.5000000000010558,7.999999998795347,False
0.25,199.99999999928372,0.5000000000035517,7.999999999330093,False
0.2505,199.99999999911915,0.500000000004529,8.000000000063299,False
0.251,199.99999999929145,0.500000000003763,8.000000000709194,False
0.2515,199.99999999970805,0.5000000000016864,8.000000001038979,False
0.252,200.0000000001951,0.49999999999917416,8.000000000959588,False
0.2525,200.00000000056815,0.499999999997184,8.000000000535866,False
0.253,200.00000000070057,0.4999999999963984,7.999999999953001,False
0.2535,200.00000000056494,0.49999999999700045,7.999999999438333,False
0.254,200.0000000002343,0.49999999999864775,7.9999999991743165,False
0.2545,199.99999999984684,0.5000000000006464,7.999999999235709,False
0.255,199.99999999954935,0.5000000000022332,7.999999999571544,False
0.2555,199.99999999944288,0.5000000000028637,8.000000000034847,False
0.256,199.99999999954966,0.5000000000023905,8.000000000444857,False
0.2565,199.99999999981193,0.5000000000010838,8.000000000656154,False
0.257,200.0000000001202,0.4999999999994948,8.000000000608795,False
0.2575,200.0000000003574,0.49999999999822897,8.000000000342641,False
0.258,200.0000000004431,0.49999999999772327,7.9999999999743965,False
0.2585,200.00000000035902,0.49999999999809425,7.999999999647671,False
0.259,200.00000000015086,0.4999999999991313,7.9999999994785655,False
0.2595,199.9999999999057,0.5000000000003955,7.999999999515167,False
0.26,199.99999999971652,0.5000000000014041,7.999999999726056,False
0.2605,199.99999999964774,0.5000000000018104,8.00000000001877,False
0.261,199.9999999997139,0.5000000000015179,8.000000000278918,False
0.2615,199.99999999987904,0.5000000000006959,8.000000000414198,False
0.262,200.00000000007395,0.49999999999969075,8.000000000385963,False
0.2625,200.0000000002248,0.4999999999988872,8.000000000218918,False
0.263,200.00000000028007,0.4999999999985608,7.999999999986302,False
0.2635,200.000000000228,0.4999999999987905,7.999999999779085,False
0.264,200.00000000009697,0.4999999999994425,7.999999999670861,False
0.2645,199.99999999994193,0.5000000000002419,7.999999999692644,False
0.265,199.9999999998217,0.5000000000008825,7.999999999825035,False
0.2655,199.99999999977726,0.5000000000011441,8.000000000009912,False
0.266,199.9999999998183,0.500000000000964,8.000000000174994,False
0.2665,199.99999999992227,0.5000000000004463,8.000000000261522,False
0.267,200.00000000004556,0.4999999999998107,8.00000000024472,False
0.2675,200.00000000014143,0.49999999999930034,8.000000000139813,False
0.268,200.00000000017707,0.4999999999990902,7.999999999992867,False
0.2685,200.00000000014487,0.49999999999923234,7.999999999861435,False
0.269,200.0000000000624,0.4999999999996419,7.9999999997921245,False
0.2695,199.9999999999643,0.5000000000001474,7.999999999804981,False
0.27,199.99999999988782,0.5000000000005549,7.999999999888122,False
0.2705,199.99999999985909,0.5000000000007235,8.000000000004965,False
0.271,199.9999999998845,0.5000000000006126,8.000000000109795,False
0.2715,199.99999999994998,0.5000000000002867,8.000000000165217,False
0.272,200.000000000028,0.4999999999998844,8.000000000155287,False
0.2725,200.00000000008893,0.4999999999995602,8.00000000008942,False
0.273,200.000000000112,0.499999999999425,7.999999999996594,False
0.2735,200.00000000009206,0.49999999999951206,7.9999999999131255,False
0.274,200.00000000004016,0.4999999999997702,7.99999999986876,False
0.2745,199.9999999999781,0.5000000000000898,7.999999999876316,False
0.275,199.99999999992949,0.5000000000003487,7.999999999928498,False
0.2755,199.99999999991093,0.5000000000004571,8.000000000002272,False
0.276,199.99999999992662,0.500000000000389,8.000000000068784,False
0.2765,199.9999999999678,0.5000000000001841,8.000000000104277,False
0.277,200.00000000001714,0.49999999999992994,8.000000000098503,False
0.2775,200.00000000005593,0.4999999999997238,8.000000000057186,False
0.278,200.0000000000709,0.4999999999996363,7.999999999998503,False
0.2785,200.00000000005855,0.4999999999996894,7.999999999945425,False
0.279,200.00000000002578,0.49999999999985245,7.999999999917016,False
0.2795,199.99999999998647,0.5000000000000553,7.999999999921523,False
0.28,199.99999999995558,0.5000000000002196,7.999999999954353,False
0.2805,199.99999999994367,0.5000000000002892,8.000000000001002,False
0.281,199.99999999995342,0.5000000000002467,8.000000000043169,False
0.28150000000000003,199.99999999997934,0.5000000000001178,8.000000000065839,False
0.28200000000000003,200.00000000001052,0.49999999999995726,8.000000000062442,False
0.28250000000000003,200.00000000003516,0.4999999999998265,8.000000000036536,False
0.28300000000000003,200.0000000000448,0.49999999999977024,7.999999999999485,False
0.28350000000000003,200.00000000003718,0.49999999999980305,7.999999999965846,False
0.28400000000000003,200.00000000001663,0.49999999999990524,7.99999999994765,False
0.28450000000000003,199.9999999999918,0.5000000000000331,7.999999999950199,False
0.28500000000000003,199.9999999999721,0.5000000000001376,7.999999999970735,False
0.28550000000000003,199.99999999996427,0.500000000000183,8.000000000000233,False
0.28600000000000003,199.9999999999703,0.5000000000001577,8.000000000027132,False
0.28650000000000003,199.9999999999867,0.5000000000000759,8.000000000041698,False
0.28700000000000003,200.0000000000065,0.49999999999997374,8.0000000000397,False
0.28750000000000003,200.0000000000222,0.49999999999989037,8.000000000023334,False
0.28800000000000003,200.00000000002842,0.4999999999998544,7.99999999999986,False
0.2885,200.00000000002365,0.49999999999987454,7.999999999978449,False
0.289,200.00000000001063,0.49999999999993944,7.999999999966828,False
0.2895,199.99999999999486,0.5000000000000207,7.999999999968388,False
0.29,199.99999999998235,0.5000000000000872,7.999999999981394,False
0.2905,199.99999999997746,0.5000000000001159,8.00000000000006,False
0.291,199.99999999998118,0.5000000000000993,8.000000000017021,False
0.2915,199.9999999999915,0.5000000000000485,8.000000000026304,False
0.292,200.000000000004,0.49999999999998396,8.000000000025134,False
0.2925,200.00000000001398,0.49999999999993117,8.000000000014866,False
0.293,200.00000000001796,0.49999999999990785,8.000000000000027,False
0.2935,200.00000000001504,0.49999999999992056,7.9999999999864615,False
0.294,200.00000000000682,0.499999999999961,7.999999999979005,False
0.2945,199.99999999999682,0.5000000000000125,7.999999999979915,False
0.295,199.9999999999889,0.5000000000000551,7.999999999988114,False
0.2955,199.99999999998576,0.5000000000000732,7.9999999999999,False
0.296,199.99999999998806,0.5000000000000628,8.000000000010631,False
0.2965,199.99999999999446,0.500000000000031,8.000000000016566,False
0.297,200.00000000000236,0.49999999999999095,8.00000000001599,False
0.2975,200.0000000000087,0.4999999999999571,8.000000000009623,False
0.298,200.0000000000113,0.4999999999999421,8.000000000000298,False
0.2985,200.00000000000955,0.49999999999994943,7.999999999991678,False
0.299,200.00000000000446,0.4999999999999748,7.999999999986878,False
0.2995,199.99999999999824,0.500000000000007,7.99999999998728,False
0.3,199.99999999999312,0.5000000000000335,7.999999999992263,False
0.3005,199.999999999991,0.5000000000000462,7.999999999999684,False
0.301,199.99999999999238,0.5000000000000404,8.000000000006562,False
0.3015,199.99999999999642,0.5000000000000202,8.000000000010397,False
0.302,200.00000000000142,0.49999999999999456,8.00000000001008,False
0.3025,200.00000000000546,0.4999999999999731,8.000000000006096,False
0.303,200.00000000000702,0.4999999999999634,8.000000000000224,False
0.3035,200.00000000000594,0.4999999999999689,7.999999999994908,False
0.304,200.0000000000028,0.49999999999998423,7.999999999991908,False
0.3045,199.9999999999989,0.5000000000000041,7.999999999992136,False
0.305,199.99999999999577,0.500000000000021,7.9999999999952385,False
0.3055,199.99999999999446,0.5000000000000284,7.999999999999806,False
0.306,199.99999999999528,0.5000000000000249,8.000000000004038,False
0.3065,199.99999999999775,0.5000000000000127,8.000000000006432,False
0.307,200.00000000000088,0.49999999999999684,8.000000000006276,False
0.3075,200.00000000000338,0.4999999999999832,8.000000000003778,False
0.308,200.0000000000044,0.49999999999997735,8.00000000000014,False
0.3085,200.00000000000372,0.4999999999999803,7.99999999999678,False
0.309,200.00000000000173,0.4999999999999902,7.999999999994916,False
0.3095,199.99999999999926,0.5000000000000028,7.999999999995091,False
0.31,199.99999999999733,0.5000000000000134,7.99999999999708,False
0.3105,199.9999999999965,0.5000000000000178,7.9999999999999405,False
0.311,199.99999999999704,0.5000000000000157,8.0000000000026,False
0.3115,199.9999999999986,0.5000000000000078,8.000000000004084,False
0.312,200.0000000000006,0.49999999999999795,8.000000000003975,False
0.3125,200.0000000000022,0.49999999999998923,8.00000000000237,False
0.313,200.0000000000028,0.49999999999998546,8.000000000000027,False
0.3135,200.0000000000024,0.49999999999998757,7.9999999999978995,False
0.314,200.0000000000011,0.4999999999999936,7.999999999996685,False
0.3145,199.9999999999995,0.5000000000000018,7.999999999996809,False
0.315,199.99999999999824,0.5000000000000089,7.999999999998126,False
0.3155,199.99999999999773,0.5000000000000115,7.999999999999987,False
0.316,199.9999999999981,0.5000000000000101,8.000000000001709,False
0.3165,199.99999999999912,0.5000000000000049,8.000000000002649,False
0.317,200.00000000000037,0.49999999999999856,8.000000000002553,False
0.3175,200.0000000000014,0.4999999999999932,8.000000000001549,False
0.318,200.00000000000182,0.49999999999999073,8.00000000000005,False
0.3185,200.00000000000153,0.49999999999999184,7.999999999998651,False
0.319,200.00000000000074,0.49999999999999595,7.999999999997886,False
0.3195,199.99999999999963,0.5000000000000009,7.999999999997938,False
0.32,199.99999999999883,0.5000000000000061,7.999999999998842,False
0.3205,199.99999999999852,0.5000000000000075,8.00000000000006,False
0.321,199.99999999999878,0.5000000000000066,8.000000000001174,False
0.3215,199.9999999999995,0.5000000000000031,8.000000000001773,False
0.322,200.00000000000034,0.49999999999999867,8.000000000001647,False
0.3225,200.000000000001,0.49999999999999506,8.00000000000091,False
0.323,200.00000000000122,0.4999999999999937,7.999999999999897,False
0.3235,200.000000000001,0.4999999999999948,7.999999999999001,False
0.324,200.00000000000043,0.4999999999999976,7.999999999998535,False
0.3245,199.99999999999983,0.500000000000001,7.9999999999986136,False
0.325,199.99999999999926,0.5000000000000032,7.999999999999095,False
0.3255,199.999999999999,0.500000000000005,7.999999999999899,False
0.326,199.99999999999912,0.5000000000000046,8.000000000000673,False
0.3265,199.99999999999955,0.5000000000000026,8.000000000001151,False
0.327,200.0000000000001,0.49999999999999967,8.000000000001158,False
0.3275,200.0000000000006,0.49999999999999706,8.000000000000728,False
0.328,200.0000000000008,0.49999999999999584,8.00000000000006,False
0.3285,200.00000000000068,0.4999999999999964,7.999999999999452,False
0.329,200.0000000000004,0.49999999999999817,7.999999999999107,False
0.3295,199.99999999999983,0.4999999999999999,7.99999999999906,False
0.33,199.9999999999995,0.5000000000000031,7.99999999999951,False
0.3305,199.99999999999937,0.5000000000000033,8.000000000000046,False
0.331,199.9999999999995,0.5000000000000027,8.000000000000504,False
0.3315,199.99999999999977,0.5000000000000013,8.000000000000755,False
0.332,200.00000000000006,0.49999999999999956,8.00000000000073,False
0.3325,200.00000000000034,0.49999999999999856,8.000000000000517,False
0.333,200.0000000000005,0.49999999999999756,8.000000000000123,False
0.3335,200.0000000000005,0.49999999999999745,7.999999999999696,False
0.334,200.00000000000023,0.4999999999999982,7.999999999999393,False
0.3345,199.99999999999994,0.5000000000000004,7.999999999999419,False
0.335,199.99999999999966,0.5000000000000014,7.99999999999963,False
0.3355,199.99999999999957,0.5000000000000024,8.000000000000014,False
0.336,199.9999999999996,0.5000000000000019,8.000000000000352,False
0.3365,199.9999999999999,0.5000000000000012,8.00000000000056,False
0.337,200.00000000000017,0.4999999999999991,8.000000000000455,False
0.3375,200.00000000000034,0.49999999999999817,8.000000000000181,False
0.338,200.00000000000034,0.49999999999999806,7.9999999999998614,False
0.3385,200.00000000000026,0.4999999999999988,7.999999999999633,False
0.339,199.99999999999997,0.4999999999999995,7.9999999999995515,False
0.3395,199.99999999999974,0.5000000000000013,7.999999999999745,False
0.34,199.99999999999974,0.5000000000000019,8.000000000000028,False
0.3405,199.99999999999974,0.5000000000000009,8.000000000000188,False
0.341,199.99999999999983,0.5000000000000009,8.000000000000346,False
0.3415,200.0000000000001,0.5000000000000002,8.00000000000038,False
0.342,200.00000000000023,0.49999999999999833,8.00000000000014,False
0.3425,200.00000000000023,0.4999999999999987,7.999999999999927,False
0.343,200.00000000000023,0.4999999999999992,7.999999999999776,False
0.3435,200.00000000000009,0.4999999999999992,7.999999999999634,False
0.34400000000000003,199.9999999999998,0.5000000000000003,7.9999999999996865,False
0.34450000000000003,199.99999999999977,0.5000000000000019,7.999999999999961,False
0.34500000000000003,199.99999999999977,0.500000000000001,8.000000000000139,False
0.34550000000000003,199.99999999999977,0.5000000000000009,8.000000000000298,False
0.34600000000000003,200.00000000000006,0.5000000000000009,8.00000000000042,False
0.34650000000000003,200.00000000000026,0.49999999999999856,8.00000000000021,False
0.34700000000000003,200.00000000000026,0.4999999999999982,7.999999999999943,False
0.34750000000000003,200.00000000000026,0.4999999999999991,7.9999999999997655,False
0.34800000000000003,200.00000000000009,0.4999999999999991,7.999999999999602,False
0.34850000000000003,199.9999999999998,0.5000000000000004,7.9999999999996625,False
0.34900000000000003,199.99999999999974,0.5000000000000019,7.999999999999944,False
0.34950000000000003,199.99999999999974,0.5000000000000011,8.00000000000014,False
0.35000000000000003,199.99999999999974,0.5000000000000009,8.0000000000003,False
0.35050000000000003,200.00000000000003,0.5000000000000009,8.000000000000428,False
0.35100000000000003,200.00000000000026,0.4999999999999986,8.000000000000236,False
0.35150000000000003,200.00000000000026,0.4999999999999981,7.999999999999952,False
0.352,200.00000000000026,0.4999999999999991,7.999999999999774,False
0.3525,200.00000000000009,0.4999999999999991,7.999999999999611,False
0.353,199.9999999999998,0.5000000000000004,7.999999999999671,False
0.3535,199.99999999999974,0.5000000000000019,7.999999999999953,False
0.354,199.99999999999974,0.5000000000000011,8.00000000000015,False
0.3545,199.99999999999974,0.5000000000000009,8.000000000000309,False
0.355,200.00000000000003,0.5000000000000009,8.000000000000437,False
0.3555,200.00000000000026,0.4999999999999986,8.000000000000245,False
0.356,200.00000000000026,0.4999999999999981,7.999999999999961,False
0.3565,200.00000000000026,0.4999999999999991,7.999999999999783,False
0.357,200.0000000000001,0.4999999999999991,7.999999999999615,False
0.3575,199.99999999999983,0.5000000000000002,7.999999999999644,False
0.358,199.99999999999974,0.5000000000000019,7.999999999999923,False
0.3585,199.99999999999974,0.5000000000000012,8.000000000000133,False
0.359,199.99999999999974,0.5000000000000009,8.000000000000293,False
0.3595,200.0,0.5000000000000009,8.000000000000428,False
0.36,200.00000000000026,0.4999999999999989,8.000000000000265,False
0.3605,200.00000000000026,0.499999999999998,7.99999999999998,False
0.361,200.00000000000026,0.4999999999999991,7.999999999999802,False
0.3615,200.00000000000014,0.4999999999999991,7.9999999999996305,False
0.362,199.99999999999986,0.5,7.999999999999628,False
0.3625,199.99999999999974,0.5000000000000018,7.999999999999888,False
0.363,199.99999999999974,0.5000000000000014,8.000000000000119,False
0.3635,199.99999999999974,0.5000000000000009,8.000000000000279,False
0.364,200.0,0.5000000000000009,8.000000000000414,False
0.3645,200.00000000000023,0.4999999999999989,8.00000000000025,False
0.365,200.00000000000023,0.4999999999999982,7.999999999999985,False
0.3655,200.00000000000023,0.4999999999999992,7.999999999999834,False
0.366,200.0000000000002,0.4999999999999992,7.999999999999683,False
0.3665,199.99999999999991,0.49999999999999944,7.999999999999601,False
0.367,199.99999999999977,0.5000000000000016,7.999999999999828,False
0.3675,199.99999999999977,0.5000000000000014,8.000000000000048,False
0.368,199.99999999999977,0.5000000000000009,8.000000000000208,False
0.3685,199.9999999999999,0.5000000000000009,8.00000000000036,False
0.369,200.00000000000017,0.49999999999999983,8.00000000000033,False
0.3695,200.00000000000023,0.49999999999999817,8.000000000000068,False
0.37,200.00000000000023,0.49999999999999895,7.999999999999878,False
0.3705,200.00000000000023,0.4999999999999992,7.999999999999727,False
0.371,200.0,0.4999999999999992,7.9999999999996,False
0.3715,199.99999999999977,0.500000000000001,7.999999999999747,False
0.372,199.99999999999977,0.5000000000000019,8.000000000000023,False
0.3725,199.99999999999977,0.5000000000000009,8.000000000000183,False
0.373,199.99999999999983,0.5000000000000009,8.000000000000341,False
0.3735,200.0000000000001,0.5000000000000003,8.00000000000039,False
0.374,200.00000000000026,0.49999999999999833,8.000000000000151,False
0.3745,200.00000000000026,0.4999999999999985,7.999999999999902,False
0.375,200.00000000000026,0.4999999999999991,7.999999999999725,False
0.3755,200.00000000000003,0.4999999999999991,7.999999999999573,False
0.376,199.99999999999974,0.5000000000000009,7.999999999999697,False
0.3765,199.99999999999972,0.5000000000000021,8.000000000000016,False
0.377,199.99999999999972,0.5000000000000011,8.00000000000023,False
0.3775,199.9999999999999,0.500000000000001,8.000000000000409,False
0.378,200.00000000000017,0.4999999999999996,8.000000000000355,False
0.3785,200.00000000000026,0.49999999999999817,8.000000000000092,False
0.379,200.00000000000026,0.4999999999999987,7.999999999999874,False
0.3795,200.00000000000026,0.4999999999999991,7.999999999999696,False
0.38,199.99999999999997,0.4999999999999991,7.9999999999995595,False
0.3805,199.99999999999974,0.5000000000000013,7.999999999999753,False
0.381,199.99999999999974,0.5000000000000019,8.000000000000037,False
0.3815,199.99999999999974,0.5000000000000009,8.000000000000197,False
0.382,199.99999999999983,0.5000000000000009,8.000000000000355,False
0.3825,200.0000000000001,0.5000000000000002,8.000000000000389,False
0.383,200.00000000000026,0.49999999999999833,8.00000000000015,False
0.3835,200.00000000000026,0.4999999999999985,7.9999999999999005,False
0.384,200.00000000000026,0.4999999999999991,7.999999999999723,False
0.3845,200.0,0.4999999999999991,7.999999999999578,False
0.385,199.99999999999977,0.5000000000000011,7.99999999999974,False
0.3855,199.99999999999977,0.5000000000000019,8.000000000000016,False
0.386,199.99999999999977,0.5000000000000009,8.000000000000176,False
0.3865,199.99999999999983,0.5000000000000009,8.000000000000334,False
0.387,200.0000000000001,0.5000000000000003,8.000000000000384,False
0.3875,200.00000000000023,0.49999999999999833,8.000000000000144,False
0.388,200.00000000000023,0.4999999999999987,7.999999999999931,False
0.3885,200.00000000000023,0.4999999999999992,7.99999999999978,False
0.389,200.0000000000001,0.4999999999999992,7.999999999999634,False
0.3895,199.99999999999983,0.5000000000000001,7.9999999999996545,False
0.39,199.99999999999974,0.5000000000000019,7.999999999999933,False
0.3905,199.99999999999974,0.5000000000000012,8.000000000000144,False
0.391,199.99999999999974,0.5000000000000009,8.000000000000304,False
0.3915,200.00000000000003,0.5000000000000009,8.000000000000432,False
0.392,200.00000000000026,0.4999999999999986,8.00000000000024,False
0.3925,200.00000000000026,0.4999999999999981,7.999999999999956,False
0.393,200.00000000000026,0.4999999999999991,7.999999999999778,False
0.3935,200.0000000000001,0.4999999999999991,7.99999999999961,False
0.394,199.99999999999983,0.5000000000000002,7.9999999999996385,False
0.3945,199.99999999999974,0.5000000000000019,7.999999999999917,False
0.395,199.99999999999974,0.5000000000000012,8.000000000000126,False
0.3955,199.99999999999974,0.5000000000000009,8.000000000000286,False
0.396,200.0,0.5000000000000009,8.000000000000421,False
0.3965,200.00000000000023,0.4999999999999989,8.000000000000258,False
0.397,200.00000000000023,0.4999999999999982,7.999999999999992,False
0.3975,200.00000000000023,0.4999999999999992,7.999999999999841,False
0.398,200.00000000000023,0.4999999999999992,7.99999999999969,False
0.3985,199.99999999999994,0.4999999999999992,7.999999999999576,False
0.399,199.99999999999974,0.5000000000000014,7.999999999999784,False
0.3995,199.99999999999974,0.5000000000000018,8.000000000000052,False
0.4,199.99999999999974,0.5000000000000009,8.000000000000211,False
0.4005,199.99999999999986,0.5000000000000009,8.000000000000368,False
0.401,200.00000000000014,0.5,8.00000000000037,False
0.4015,200.00000000000026,0.4999999999999983,8.00000000000011,False
0.402,200.00000000000026,0.4999999999999986,7.9999999999998925,False
0.4025,200.00000000000026,0.4999999999999991,7.999999999999715,False
0.403,200.0,0.4999999999999991,7.99999999999957,False
0.4035,199.99999999999974,0.5000000000000011,7.999999999999733,False
0.404,199.99999999999974,0.500000000000002,8.000000000000025,False
0.4045,199.99999999999974,0.5000000000000009,8.000000000000185,False
0.405,199.99999999999983,0.5000000000000009,8.000000000000343,False
0.4055,200.0000000000001,0.5000000000000002,8.000000000000377,False
0.406,200.00000000000023,0.49999999999999833,8.000000000000137,False
0.40650000000000003,200.00000000000023,0.4999999999999987,7.999999999999924,False
0.40700000000000003,200.00000000000023,0.4999999999999992,7.999999999999773,False
0.40750000000000003,200.00000000000009,0.4999999999999992,7.9999999999996305,False
0.40800000000000003,199.9999999999998,0.5000000000000003,7.999999999999683,False
0.40850000000000003,199.99999999999977,0.5000000000000019,7.999999999999957,False
0.40900000000000003,199.99999999999977,0.500000000000001,8.000000000000135,False
0.40950000000000003,199.99999999999977,0.5000000000000009,8.000000000000295,False
0.41000000000000003,200.00000000000003,0.5000000000000009,8.000000000000423,False
0.41050000000000003,200.00000000000026,0.4999999999999988,8.000000000000243,False
0.41100000000000003,200.00000000000026,0.4999999999999981,7.999999999999959,False
0.41150000000000003,200.00000000000026,0.4999999999999991,7.9999999999997815,False
0.41200000000000003,200.0000000000001,0.4999999999999991,7.999999999999614,False
0.41250000000000003,199.99999999999983,0.5000000000000002,7.999999999999642,False
0.41300000000000003,199.99999999999974,0.5000000000000019,7.999999999999921,False
0.41350000000000003,199.99999999999974,0.5000000000000012,8.000000000000131,False
0.41400000000000003,199.99999999999974,0.5000000000000009,8.000000000000291,False
0.41450000000000004,200.0,0.5000000000000009,8.000000000000426,False
0.41500000000000004,200.00000000000026,0.4999999999999989,8.000000000000263,False
0.41550000000000004,200.00000000000026,0.499999999999998,7.999999999999978,False
0.41600000000000004,200.00000000000026,0.4999999999999991,7.9999999999998,False
0.4165,200.00000000000014,0.4999999999999991,7.999999999999629,False
0.417,199.99999999999986,0.5,7.999999999999626,False
0.4175,199.99999999999974,0.5000000000000018,7.999999999999886,False
0.418,199.99999999999974,0.5000000000000014,8.000000000000117,False
0.4185,199.99999999999974,0.5000000000000009,8.000000000000277,False
0.419,199.99999999999997,0.5000000000000009,8.000000000000417,False
0.4195,200.00000000000026,0.49999999999999906,8.000000000000288,False
0.42,200.00000000000026,0.49999999999999784,7.999999999999968,False
0.4205,200.00000000000026,0.4999999999999991,7.99999999999979,False
0.421,200.0000000000001,0.4999999999999991,7.9999999999996225,False
0.4215,199.99999999999983,0.5000000000000002,7.999999999999651,False
0.422,199.99999999999974,0.5000000000000019,7.99999999999993,False
0.4225,199.99999999999974,0.5000000000000012,8.00000000000014,False
0.423,199.99999999999974,0.5000000000000009,8.0000000000003,False
0.4235,200.00000000000003,0.5000000000000009,8.000000000000428,False
0.424,200.00000000000026,0.4999999999999986,8.000000000000236,False
0.4245,200.00000000000026,0.4999999999999981,7.999999999999952,False
0.425,200.00000000000026,0.4999999999999991,7.999999999999774,False
0.4255,200.00000000000009,0.4999999999999991,7.999999999999611,False
0.426,199.9999999999998,0.5000000000000004,7.999999999999671,False
0.4265,199.99999999999974,0.5000000000000019,7.999999999999953,False
0.427,199.99999999999974,0.5000000000000011,8.00000000000015,False
0.4275,199.99999999999974,0.5000000000000009,8.000000000000309,False
0.428,200.00000000000003,0.5000000000000009,8.000000000000437,False
0.4285,200.00000000000026,0.4999999999999986,8.000000000000245,False
0.429,200.00000000000026,0.4999999999999981,7.999999999999961,False
0.4295,200.00000000000026,0.4999999999999991,7.999999999999783,False
0.43,200.0000000000001,0.4999999999999991,7.999999999999615,False
0.4305,199.99999999999983,0.5000000000000002,7.999999999999644,False
0.431,199.99999999999974,0.5000000000000019,7.999999999999923,False
0.4315,199.99999999999974,0.5000000000000012,8.000000000000133,False
0.432,199.99999999999974,0.5000000000000009,8.000000000000293,False
0.4325,200.0,0.5000000000000009,8.000000000000428,False
0.433,200.00000000000026,0.4999999999999989,8.000000000000265,False
0.4335,200.00000000000026,0.499999999999998,7.99999999999998,False
0.434,200.00000000000026,0.4999999999999991,7.999999999999802,False
0.4345,200.00000000000014,0.4999999999999991,7.9999999999996305,False
0.435,199.99999999999986,0.5,7.999999999999628,False
0.4355,199.99999999999974,0.5000000000000018,7.999999999999888,False
0.436,199.99999999999974,0.5000000000000014,8.000000000000119,False
0.4365,199.99999999999974,0.5000000000000009,8.000000000000279,False
0.437,200.0,0.5000000000000009,8.000000000000414,False
0.4375,200.00000000000023,0.4999999999999989,8.00000000000025,False
0.438,200.00000000000023,0.4999999999999982,7.999999999999985,False
0.4385,200.00000000000023,0.4999999999999992,7.999999999999834,False
0.439,200.0000000000002,0.4999999999999992,7.999999999999683,False
0.4395,199.99999999999991,0.49999999999999944,7.999999999999601,False
0.44,199.99999999999977,0.5000000000000016,7.999999999999828,False
0.4405,199.99999999999977,0.5000000000000014,8.000000000000048,False
0.441,199.99999999999977,0.5000000000000009,8.000000000000208,False
0.4415,199.9999999999999,0.5000000000000009,8.00000000000036,False
0.442,200.00000000000017,0.49999999999999983,8.00000000000033,False
0.4425,200.00000000000023,0.49999999999999817,8.000000000000068,False
0.443,200.00000000000023,0.49999999999999895,7.999999999999878,False
0.4435,200.00000000000023,0.4999999999999992,7.999999999999727,False
0.444,200.0,0.4999999999999992,7.9999999999996,False
0.4445,199.99999999999977,0.500000000000001,7.999999999999747,False
0.445,199.99999999999977,0.5000000000000019,8.000000000000023,False
0.4455,199.99999999999977,0.5000000000000009,8.000000000000183,False
0.446,199.99999999999983,0.5000000000000009,8.000000000000341,False
0.4465,200.0000000000001,0.5000000000000003,8.00000000000039,False
0.447,200.00000000000026,0.49999999999999833,8.000000000000151,False
0.4475,200.00000000000026,0.4999999999999985,7.999999999999902,False
0.448,200.00000000000026,0.4999999999999991,7.999999999999725,False
0.4485,200.00000000000003,0.4999999999999991,7.999999999999573,False
0.449,199.99999999999974,0.5000000000000009,7.999999999999697,False
0.4495,199.99999999999972,0.5000000000000021,8.000000000000016,False
0.45,199.99999999999972,0.5000000000000011,8.00000000000023,False
0.4505,199.9999999999999,0.500000000000001,8.000000000000409,False
0.451,200.00000000000017,0.4999999999999996,8.000000000000355,False
0.4515,200.00000000000026,0.49999999999999817,8.000000000000092,False
0.452,200.00000000000026,0.4999999999999987,7.999999999999874,False
0.4525,200.00000000000026,0.4999999999999991,7.999999999999696,False
0.453,199.99999999999997,0.4999999999999991,7.9999999999995595,False
0.4535,199.99999999999974,0.5000000000000013,7.999999999999753,False
0.454,199.99999999999974,0.5000000000000019,8.000000000000037,False
0.4545,199.99999999999974,0.5000000000000009,8.000000000000197,False
0.455,199.99999999999983,0.5000000000000009,8.000000000000355,False
0.4555,200.0000000000001,0.5000000000000002,8.000000000000389,False
0.456,200.00000000000026,0.49999999999999833,8.00000000000015,False
0.4565,200.00000000000026,0.4999999999999985,7.9999999999999005,False
0.457,200.00000000000026,0.4999999999999991,7.999999999999723,False
0.4575,200.0,0.4999999999999991,7.999999999999578,False
0.458,199.99999999999977,0.5000000000000011,7.99999999999974,False
0.4585,199.99999999999977,0.5000000000000019,8.000000000000016,False
0.459,199.99999999999977,0.5000000000000009,8.000000000000176,False
0.4595,199.99999999999983,0.5000000000000009,8.000000000000334,False
0.46,200.0000000000001,0.5000000000000003,8.000000000000384,False
0.4605,200.00000000000023,0.49999999999999833,8.000000000000144,False
0.461,200.00000000000023,0.4999999999999987,7.999999999999931,False
0.4615,200.00000000000023,0.4999999999999992,7.99999999999978,False
0.462,200.0000000000001,0.4999999999999992,7.999999999999634,False
0.4625,199.99999999999983,0.5000000000000001,7.9999999999996545,False
0.463,199.99999999999974,0.5000000000000019,7.999999999999933,False
0.4635,199.99999999999974,0.5000000000000012,8.000000000000144,False
0.464,199.99999999999974,0.5000000000000009,8.000000000000304,False
0.4645,200.00000000000003,0.5000000000000009,8.000000000000432,False
0.465,200.00000000000026,0.4999999999999986,8.00000000000024,False
0.4655,200.00000000000026,0.4999999999999981,7.999999999999956,False
0.466,200.00000000000026,0.4999999999999991,7.999999999999778,False
0.4665,200.0000000000001,0.4999999999999991,7.99999999999961,False
0.467,199.99999999999983,0.5000000000000002,7.9999999999996385,False
0.4675,199.99999999999974,0.5000000000000019,7.999999999999917,False
0.468,199.99999999999974,0.5000000000000012,8.000000000000126,False
0.4685,199.99999999999974,0.5000000000000009,8.000000000000286,False
0.46900000000000003,200.0,0.5000000000000009,8.000000000000421,False
0.46950000000000003,200.00000000000023,0.4999999999999989,8.000000000000258,False
0.47000000000000003,200.00000000000023,0.4999999999999982,7.999999999999992,False
0.47050000000000003,200.00000000000023,0.4999999999999992,7.999999999999841,False
0.47100000000000003,200.00000000000023,0.4999999999999992,7.99999999999969,False
0.47150000000000003,199.99999999999994,0.4999999999999992,7.999999999999576,False
0.47200000000000003,199.99999999999974,0.5000000000000014,7.999999999999784,False
0.47250000000000003,199.99999999999974,0.5000000000000018,8.000000000000052,False
0.47300000000000003,199.99999999999974,0.5000000000000009,8.000000000000211,False
0.47350000000000003,199.99999999999986,0.5000000000000009,8.000000000000368,False
0.47400000000000003,200.00000000000014,0.5,8.00000000000037,False
0.47450000000000003,200.00000000000026,0.4999999999999983,8.00000000000011,False
0.47500000000000003,200.00000000000026,0.4999999999999986,7.9999999999998925,False
0.47550000000000003,200.00000000000026,0.4999999999999991,7.999999999999715,False
0.47600000000000003,200.0,0.4999999999999991,7.99999999999957,False
0.47650000000000003,199.99999999999974,0.5000000000000011,7.999999999999733,False
0.47700000000000004,199.99999999999974,0.500000000000002,8.000000000000025,False
0.47750000000000004,199.99999999999974,0.5000000000000009,8.000000000000185,False
0.47800000000000004,199.99999999999983,0.5000000000000009,8.000000000000343,False
0.47850000000000004,200.0000000000001,0.5000000000000002,8.000000000000377,False
0.47900000000000004,200.00000000000023,0.49999999999999833,8.000000000000137,False
0.47950000000000004,200.00000000000023,0.4999999999999987,7.999999999999924,False
0.48,200.00000000000023,0.4999999999999992,7.999999999999773,False
0.4805,200.00000000000009,0.4999999999999992,7.9999999999996305,False
0.481,199.9999999999998,0.5000000000000003,7.999999999999683,False
0.4815,199.99999999999977,0.5000000000000019,7.999999999999957,False
0.482,199.99999999999977,0.500000000000001,8.000000000000135,False
0.4825,199.99999999999977,0.5000000000000009,8.000000000000295,False
0.483,200.00000000000003,0.5000000000000009,8.000000000000423,False
0.4835,200.00000000000026,0.4999999999999988,8.000000000000243,False
0.484,200.00000000000026,0.4999999999999981,7.999999999999959,False
0.4845,200.00000000000026,0.4999999999999991,7.9999999999997815,False
0.485,200.0000000000001,0.4999999999999991,7.999999999999614,False
0.4855,199.99999999999983,0.5000000000000002,7.999999999999642,False
0.486,199.99999999999974,0.5000000000000019,7.999999999999921,False
0.4865,199.99999999999974,0.5000000000000012,8.000000000000131,False
0.487,199.99999999999974,0.5000000000000009,8.000000000000291,False
0.4875,200.0,0.5000000000000009,8.000000000000426,False
0.488,200.00000000000026,0.4999999999999989,8.000000000000263,False
0.4885,200.00000000000026,0.499999999999998,7.999999999999978,False
0.489,200.00000000000026,0.4999999999999991,7.9999999999998,False
0.4895,200.00000000000014,0.4999999999999991,7.999999999999629,False
0.49,199.99999999999986,0.5,7.999999999999626,False
0.4905,199.99999999999974,0.5000000000000018,7.999999999999886,False
0.491,199.99999999999974,0.5000000000000014,8.000000000000117,False
0.4915,199.99999999999974,0.5000000000000009,8.000000000000277,False
0.492,199.99999999999997,0.5000000000000009,8.000000000000417,False
0.4925,200.00000000000026,0.49999999999999906,8.000000000000288,False
0.493,200.00000000000026,0.49999999999999784,7.999999999999968,False
0.4935,200.00000000000026,0.4999999999999991,7.99999999999979,False
0.494,200.0000000000001,0.4999999999999991,7.9999999999996225,False
0.4945,199.99999999999983,0.5000000000000002,7.999999999999651,False
0.495,199.99999999999974,0.5000000000000019,7.99999999999993,False
0.4955,199.99999999999974,0.5000000000000012,8.00000000000014,False
0.496,199.99999999999974,0.5000000000000009,8.0000000000003,False
0.4965,200.00000000000003,0.5000000000000009,8.000000000000428,False
0.497,200.00000000000026,0.4999999999999986,8.000000000000236,False
0.4975,200.00000000000026,0.4999999999999981,7.999999999999952,False
0.498,200.00000000000026,0.4999999999999991,7.999999999999774,False
0.4985,200.00000000000009,0.4999999999999991,7.999999999999611,False
0.499,199.9999999999998,0.5000000000000004,7.999999999999671,False
0.4995,199.99999999999974,0.5000000000000019,7.999999999999953,False
0.5,199.99999999999974,0.5000000000000011,8.00000000000015,False
0.5005000000000001,199.99999999999974,0.5000000000000009,8.000000000000309,False
0.501,200.00000000000003,0.5000000000000009,8.000000000000437,False
0.5015000000000001,200.00000000000026,0.4999999999999986,8.000000000000245,False
0.502,200.00000000000026,0.4999999999999981,7.999999999999961,False
0.5025000000000001,200.00000000000026,0.4999999999999991,7.999999999999783,False
0.503,200.0000000000001,0.4999999999999991,7.999999999999615,False
0.5035000000000001,199.99999999999983,0.5000000000000002,7.999999999999644,False
0.504,199.99999999999974,0.5000000000000019,7.999999999999923,False
0.5045000000000001,199.99999999999974,0.5000000000000012,8.000000000000133,False
0.505,199.99999999999974,0.5000000000000009,8.000000000000293,False
0.5055000000000001,200.0,0.5000000000000009,8.000000000000428,False
0.506,200.00000000000026,0.4999999999999989,8.000000000000265,False
0.5065000000000001,200.00000000000026,0.499999999999998,7.99999999999998,False
0.507,200.00000000000026,0.4999999999999991,7.999999999999802,False
0.5075000000000001,200.00000000000014,0.4999999999999991,7.9999999999996305,False
0.508,199.99999999999986,0.5,7.999999999999628,False
0.5085000000000001,199.99999999999974,0.5000000000000018,7.999999999999888,False
0.509,199.99999999999974,0.5000000000000014,8.000000000000119,False
0.5095000000000001,199.99999999999974,0.5000000000000009,8.000000000000279,False
0.51,200.0,0.5000000000000009,8.000000000000414,False
0.5105000000000001,200.00000000000023,0.4999999999999989,8.00000000000025,False
0.511,200.00000000000023,0.4999999999999982,7.999999999999985,False
0.5115000000000001,200.00000000000023,0.4999999999999992,7.999999999999834,False
0.512,200.0000000000002,0.4999999999999992,7.999999999999683,False
0.5125,199.99999999999991,0.49999999999999944,7.999999999999601,False
0.513,199.99999999999977,0.5000000000000016,7.999999999999828,False
0.5135,199.99999999999977,0.5000000000000014,8.000000000000048,False
0.514,199.99999999999977,0.5000000000000009,8.000000000000208,False
0.5145,199.9999999999999,0.5000000000000009,8.00000000000036,False
0.515,200.00000000000017,0.49999999999999983,8.00000000000033,False
0.5155,200.00000000000023,0.49999999999999817,8.000000000000068,False
0.516,200.00000000000023,0.49999999999999895,7.999999999999878,False
0.5165,200.00000000000023,0.4999999999999992,7.999999999999727,False
0.517,200.0,0.4999999999999992,7.9999999999996,False
0.5175,199.99999999999977,0.500000000000001,7.999999999999747,False
0.518,199.99999999999977,0.5000000000000019,8.000000000000023,False
0.5185,199.99999999999977,0.5000000000000009,8.000000000000183,False
0.519,199.99999999999983,0.5000000000000009,8.000000000000341,False
0.5195,200.0000000000001,0.5000000000000003,8.00000000000039,False
0.52,200.00000000000026,0.49999999999999833,8.000000000000151,False
0.5205,200.00000000000026,0.4999999999999985,7.999999999999902,False
0.521,200.00000000000026,0.4999999999999991,7.999999999999725,False
0.5215,200.00000000000003,0.4999999999999991,7.999999999999573,False
0.522,199.99999999999974,0.5000000000000009,7.999999999999697,False
0.5225,199.99999999999972,0.5000000000000021,8.000000000000016,False
0.523,199.99999999999972,0.5000000000000011,8.00000000000023,False
0.5235,199.9999999999999,0.500000000000001,8.000000000000409,False
0.524,200.00000000000017,0.4999999999999996,8.000000000000355,False
0.5245,200.00000000000026,0.49999999999999817,8.000000000000092,False
0.525,200.00000000000026,0.4999999999999987,7.999999999999874,False
0.5255,200.00000000000026,0.4999999999999991,7.999999999999696,False
0.526,199.99999999999997,0.4999999999999991,7.9999999999995595,False
0.5265,199.99999999999974,0.5000000000000013,7.999999999999753,False
0.527,199.99999999999974,0.5000000000000019,8.000000000000037,False
0.5275,199.99999999999974,0.5000000000000009,8.000000000000197,False
0.528,199.99999999999983,0.5000000000000009,8.000000000000355,False
0.5285,200.0000000000001,0.5000000000000002,8.000000000000389,False
0.529,200.00000000000026,0.49999999999999833,8.00000000000015,False
0.5295,200.00000000000026,0.4999999999999985,7.9999999999999005,False
0.53,200.00000000000026,0.4999999999999991,7.999999999999723,False
0.5305,200.0,0.4999999999999991,7.999999999999578,False
0.531,199.99999999999977,0.5000000000000011,7.99999999999974,False
0.5315,199.99999999999977,0.5000000000000019,8.000000000000016,False
0.532,199.99999999999977,0.5000000000000009,8.000000000000176,False
0.5325,199.99999999999983,0.5000000000000009,8.000000000000334,False
0.533,200.0000000000001,0.5000000000000003,8.000000000000384,False
0.5335,200.00000000000023,0.49999999999999833,8.000000000000144,False
0.534,200.00000000000023,0.4999999999999987,7.999999999999931,False
0.5345,200.00000000000023,0.4999999999999992,7.99999999999978,False
0.535,200.0000000000001,0.4999999999999992,7.999999999999634,False
0.5355,199.99999999999983,0.5000000000000001,7.9999999999996545,False
0.536,199.99999999999974,0.5000000000000019,7.999999999999933,False
0.5365,199.99999999999974,0.5000000000000012,8.000000000000144,False
0.537,199.99999999999974,0.5000000000000009,8.000000000000304,False
0.5375,200.00000000000003,0.5000000000000009,8.000000000000432,False
0.538,200.00000000000026,0.4999999999999986,8.00000000000024,False
0.5385,200.00000000000026,0.4999999999999981,7.999999999999956,False
0.539,200.00000000000026,0.4999999999999991,7.999999999999778,False
0.5395,200.0000000000001,0.4999999999999991,7.99999999999961,False
0.54,199.99999999999983,0.5000000000000002,7.9999999999996385,False
0.5405,199.99999999999974,0.5000000000000019,7.999999999999917,False
0.541,199.99999999999974,0.5000000000000012,8.000000000000126,False
0.5415,199.99999999999974,0.5000000000000009,8.000000000000286,False
0.542,200.0,0.5000000000000009,8.000000000000421,False
0.5425,200.00000000000023,0.4999999999999989,8.000000000000258,False
0.543,200.00000000000023,0.4999999999999982,7.999999999999992,False
0.5435,200.00000000000023,0.4999999999999992,7.999999999999841,False
0.544,200.00000000000023,0.4999999999999992,7.99999999999969,False
0.5445,199.99999999999994,0.4999999999999992,7.999999999999576,False
0.545,199.99999999999974,0.5000000000000014,7.999999999999784,False
0.5455,199.99999999999974,0.5000000000000018,8.000000000000052,False
0.546,199.99999999999974,0.5000000000000009,8.000000000000211,False
0.5465,199.99999999999986,0.5000000000000009,8.000000000000368,False
0.547,200.00000000000014,0.5,8.00000000000037,False
0.5475,200.00000000000026,0.4999999999999983,8.00000000000011,False
0.548,200.00000000000026,0.4999999999999986,7.9999999999998925,False
0.5485,200.00000000000026,0.4999999999999991,7.999999999999715,False
0.549,200.0,0.4999999999999991,7.99999999999957,False
0.5495,199.99999999999974,0.5000000000000011,7.999999999999733,False
0.55,199.99999999999974,0.500000000000002,8.000000000000025,False
0.5505,199.99999999999974,0.5000000000000009,8.000000000000185,False
0.551,199.99999999999983,0.5000000000000009,8.000000000000343,False
0.5515,200.0000000000001,0.5000000000000002,8.000000000000377,False
0.552,200.00000000000023,0.49999999999999833,8.000000000000137,False
0.5525,200.00000000000023,0.4999999999999987,7.999999999999924,False
0.553,200.00000000000023,0.4999999999999992,7.999999999999773,False
0.5535,200.00000000000009,0.4999999999999992,7.9999999999996305,False
0.554,199.9999999999998,0.5000000000000003,7.999999999999683,False
0.5545,199.99999999999977,0.5000000000000019,7.999999999999957,False
0.555,199.99999999999977,0.500000000000001,8.000000000000135,False
0.5555,199.99999999999977,0.5000000000000009,8.000000000000295,False
0.556,200.00000000000003,0.5000000000000009,8.000000000000423,False
0.5565,200.00000000000026,0.4999999999999988,8.000000000000243,False
0.557,200.00000000000026,0.4999999999999981,7.999999999999959,False
0.5575,200.00000000000026,0.4999999999999991,7.9999999999997815,False
0.558,200.0000000000001,0.4999999999999991,7.999999999999614,False
0.5585,199.99999999999983,0.5000000000000002,7.999999999999642,False
0.559,199.99999999999974,0.5000000000000019,7.999999999999921,False
0.5595,199.99999999999974,0.5000000000000012,8.000000000000131,False
0.56,199.99999999999974,0.5000000000000009,8.000000000000291,False
0.5605,200.0,0.5000000000000009,8.000000000000426,False
0.561,200.00000000000026,0.4999999999999989,8.000000000000263,False
0.5615,200.00000000000026,0.499999999999998,7.999999999999978,False
0.562,200.00000000000026,0.4999999999999991,7.9999999999998,False
0.5625,200.00000000000014,0.4999999999999991,7.999999999999629,False
0.5630000000000001,199.99999999999986,0.5,7.999999999999626,False
0.5635,199.99999999999974,0.5000000000000018,7.999999999999886,False
0.5640000000000001,199.99999999999974,0.5000000000000014,8.000000000000117,False
0.5645,199.99999999999974,0.5000000000000009,8.000000000000277,False
0.5650000000000001,199.99999999999997,0.5000000000000009,8.000000000000417,False
0.5655,200.00000000000026,0.49999999999999906,8.000000000000288,False
0.5660000000000001,200.00000000000026,0.49999999999999784,7.999999999999968,False
0.5665,200.00000000000026,0.4999999999999991,7.99999999999979,False
0.5670000000000001,200.0000000000001,0.4999999999999991,7.9999999999996225,False
0.5675,199.99999999999983,0.5000000000000002,7.999999999999651,False
0.5680000000000001,199.99999999999974,0.5000000000000019,7.99999999999993,False
0.5685,199.99999999999974,0.5000000000000012,8.00000000000014,False
0.5690000000000001,199.99999999999974,0.5000000000000009,8.0000000000003,False
0.5695,200.00000000000003,0.5000000000000009,8.000000000000428,False
0.5700000000000001,200.00000000000026,0.4999999999999986,8.000000000000236,False
0.5705,200.00000000000026,0.4999999999999981,7.999999999999952,False
0.5710000000000001,200.00000000000026,0.4999999999999991,7.999999999999774,False
0.5715,200.00000000000009,0.4999999999999991,7.999999999999611,False
0.5720000000000001,199.9999999999998,0.5000000000000004,7.999999999999671,False
0.5725,199.99999999999974,0.5000000000000019,7.999999999999953,False
0.5730000000000001,199.99999999999974,0.5000000000000011,8.00000000000015,False
0.5735,199.99999999999974,0.5000000000000009,8.000000000000309,False
0.5740000000000001,200.00000000000003,0.5000000000000009,8.000000000000437,False
0.5745,200.00000000000026,0.4999999999999986,8.000000000000245,False
0.5750000000000001,200.00000000000026,0.4999999999999981,7.999999999999961,False
0.5755,200.00000000000026,0.4999999999999991,7.999999999999783,False
0.5760000000000001,200.0000000000001,0.4999999999999991,7.999999999999615,False
0.5765,199.99999999999983,0.5000000000000002,7.999999999999644,False
0.577,199.99999999999974,0.5000000000000019,7.999999999999923,False
0.5775,199.99999999999974,0.5000000000000012,8.000000000000133,False
0.578,199.99999999999974,0.5000000000000009,8.000000000000293,False
0.5785,200.0,0.5000000000000009,8.000000000000428,False
0.579,200.00000000000026,0.4999999999999989,8.000000000000265,False
0.5795,200.00000000000026,0.499999999999998,7.99999999999998,False
0.58,200.00000000000026,0.4999999999999991,7.999999999999802,False
0.5805,200.00000000000014,0.4999999999999991,7.9999999999996305,False
0.581,199.99999999999986,0.5,7.999999999999628,False
0.5815,199.99999999999974,0.5000000000000018,7.999999999999888,False
0.582,199.99999999999974,0.5000000000000014,8.000000000000119,False
0.5825,199.99999999999974,0.5000000000000009,8.000000000000279,False
0.583,200.0,0.5000000000000009,8.000000000000414,False
0.5835,200.00000000000023,0.4999999999999989,8.00000000000025,False
0.584,200.00000000000023,0.4999999999999982,7.999999999999985,False
0.5845,200.00000000000023,0.4999999999999992,7.999999999999834,False
0.585,200.0000000000002,0.4999999999999992,7.999999999999683,False
0.5855,199.99999999999991,0.49999999999999944,7.999999999999601,False
0.586,199.99999999999977,0.5000000000000016,7.999999999999828,False
0.5865,199.99999999999977,0.5000000000000014,8.000000000000048,False
0.587,199.99999999999977,0.5000000000000009,8.000000000000208,False
0.5875,199.9999999999999,0.5000000000000009,8.00000000000036,False
0.588,200.00000000000017,0.49999999999999983,8.00000000000033,False
0.5885,200.00000000000023,0.49999999999999817,8.000000000000068,False
0.589,200.00000000000023,0.49999999999999895,7.999999999999878,False
0.5895,200.00000000000023,0.4999999999999992,7.999999999999727,False
0.59,200.0,0.4999999999999992,7.9999999999996,False
0.5905,199.99999999999977,0.500000000000001,7.999999999999747,False
0.591,199.99999999999977,0.5000000000000019,8.000000000000023,False
0.5915,199.99999999999977,0.5000000000000009,8.000000000000183,False
0.592,199.99999999999983,0.5000000000000009,8.000000000000341,False
0.5925,200.0000000000001,0.5000000000000003,8.00000000000039,False
0.593,200.00000000000026,0.49999999999999833,8.000000000000151,False
0.5935,200.00000000000026,0.4999999999999985,7.999999999999902,False
0.594,200.00000000000026,0.4999999999999991,7.999999999999725,False
0.5945,200.00000000000003,0.4999999999999991,7.999999999999573,False
0.595,199.99999999999974,0.5000000000000009,7.999999999999697,False
0.5955,199.99999999999972,0.5000000000000021,8.000000000000016,False
0.596,199.99999999999972,0.5000000000000011,8.00000000000023,False
0.5965,199.9999999999999,0.500000000000001,8.000000000000409,False
0.597,200.00000000000017,0.4999999999999996,8.000000000000355,False
0.5975,200.00000000000026,0.49999999999999817,8.000000000000092,False
0.598,200.00000000000026,0.4999999999999987,7.999999999999874,False
0.5985,200.00000000000026,0.4999999999999991,7.999999999999696,False
0.599,199.99999999999997,0.4999999999999991,7.9999999999995595,False
0.5995,199.99999999999974,0.5000000000000013,7.999999999999753,False
0.6,199.99999999999974,0.5000000000000019,8.000000000000037,False
0.6005,199.99999999999974,0.5000000000000009,8.000000000000197,False
0.601,199.99999999999983,0.5000000000000009,8.000000000000355,False
0.6015,200.0000000000001,0.5000000000000002,8.000000000000389,False
0.602,200.00000000000026,0.49999999999999833,8.00000000000015,False
0.6025,200.00000000000026,0.4999999999999985,7.9999999999999005,False
0.603,200.00000000000026,0.4999999999999991,7.999999999999723,False
0.6035,200.0,0.4999999999999991,7.999999999999578,False
0.604,199.99999999999977,0.5000000000000011,7.99999999999974,False
0.6045,199.99999999999977,0.5000000000000019,8.000000000000016,False
0.605,199.99999999999977,0.5000000000000009,8.000000000000176,False
0.6055,199.99999999999983,0.5000000000000009,8.000000000000334,False
0.606,200.0000000000001,0.5000000000000003,8.000000000000384,False
0.6065,200.00000000000023,0.49999999999999833,8.000000000000144,False
0.607,200.00000000000023,0.4999999999999987,7.999999999999931,False
0.6075,200.00000000000023,0.4999999999999992,7.99999999999978,False
0.608,200.0000000000001,0.4999999999999992,7.999999999999634,False
0.6085,199.99999999999983,0.5000000000000001,7.9999999999996545,False
0.609,199.99999999999974,0.5000000000000019,7.999999999999933,False
0.6095,199.99999999999974,0.5000000000000012,8.000000000000144,False
0.61,199.99999999999974,0.5000000000000009,8.000000000000304,False
0.6105,200.00000000000003,0.5000000000000009,8.000000000000432,False
0.611,200.00000000000026,0.4999999999999986,8.00000000000024,False
0.6115,200.00000000000026,0.4999999999999981,7.999999999999956,False
0.612,200.00000000000026,0.4999999999999991,7.999999999999778,False
0.6125,200.0000000000001,0.4999999999999991,7.99999999999961,False
0.613,199.99999999999983,0.5000000000000002,7.9999999999996385,False
0.6135,199.99999999999974,0.5000000000000019,7.999999999999917,False
0.614,199.99999999999974,0.5000000000000012,8.000000000000126,False
0.6145,199.99999999999974,0.5000000000000009,8.000000000000286,False
0.615,200.0,0.5000000000000009,8.000000000000421,False
0.6155,200.00000000000023,0.4999999999999989,8.000000000000258,False
0.616,200.00000000000023,0.4999999999999982,7.999999999999992,False
0.6165,200.00000000000023,0.4999999999999992,7.999999999999841,False
0.617,200.00000000000023,0.4999999999999992,7.99999999999969,False
0.6175,199.99999999999994,0.4999999999999992,7.999999999999576,False
0.618,199.99999999999974,0.5000000000000014,7.999999999999784,False
0.6185,199.99999999999974,0.5000000000000018,8.000000000000052,False
0.619,199.99999999999974,0.5000000000000009,8.000000000000211,False
0.6195,199.99999999999986,0.5000000000000009,8.000000000000368,False
0.62,200.00000000000014,0.5,8.00000000000037,False
0.6205,200.00000000000026,0.4999999999999983,8.00000000000011,False
0.621,200.00000000000026,0.4999999999999986,7.9999999999998925,False
0.6215,200.00000000000026,0.4999999999999991,7.999999999999715,False
0.622,200.0,0.4999999999999991,7.99999999999957,False
0.6225,199.99999999999974,0.5000000000000011,7.999999999999733,False
0.623,199.99999999999974,0.500000000000002,8.000000000000025,False
0.6235,199.99999999999974,0.5000000000000009,8.000000000000185,False
0.624,199.99999999999983,0.5000000000000009,8.000000000000343,False
0.6245,200.0000000000001,0.5000000000000002,8.000000000000377,False
0.625,200.00000000000023,0.49999999999999833,8.000000000000137,False
0.6255000000000001,200.00000000000023,0.4999999999999987,7.999999999999924,False
0.626,200.00000000000023,0.4999999999999992,7.999999999999773,False
0.6265000000000001,200.00000000000009,0.4999999999999992,7.9999999999996305,False
0.627,199.9999999999998,0.5000000000000003,7.999999999999683,False
0.6275000000000001,199.99999999999977,0.5000000000000019,7.999999999999957,False
0.628,199.99999999999977,0.500000000000001,8.000000000000135,False
0.6285000000000001,199.99999999999977,0.5000000000000009,8.000000000000295,False
0.629,200.00000000000003,0.5000000000000009,8.000000000000423,False
0.6295000000000001,200.00000000000026,0.4999999999999988,8.000000000000243,False
0.63,200.00000000000026,0.4999999999999981,7.999999999999959,False
0.6305000000000001,200.00000000000026,0.4999999999999991,7.9999999999997815,False
0.631,200.0000000000001,0.4999999999999991,7.999999999999614,False
0.6315000000000001,199.99999999999983,0.5000000000000002,7.999999999999642,False
0.632,199.99999999999974,0.5000000000000019,7.999999999999921,False
0.6325000000000001,199.99999999999974,0.5000000000000012,8.000000000000131,False
0.633,199.99999999999974,0.5000000000000009,8.000000000000291,False
0.6335000000000001,200.0,0.5000000000000009,8.000000000000426,False
0.634,200.00000000000026,0.4999999999999989,8.000000000000263,False
0.6345000000000001,200.00000000000026,0.499999999999998,7.999999999999978,False
0.635,200.00000000000026,0.4999999999999991,7.9999999999998,False
0.6355000000000001,200.00000000000014,0.4999999999999991,7.999999999999629,False
0.636,199.99999999999986,0.5,7.999999999999626,False
0.6365000000000001,199.99999999999974,0.5000000000000018,7.999999999999886,False
0.637,199.99999999999974,0.5000000000000014,8.000000000000117,False
0.6375000000000001,199.99999999999974,0.5000000000000009,8.000000000000277,False
0.638,199.99999999999997,0.5000000000000009,8.000000000000417,False
0.6385000000000001,200.00000000000026,0.49999999999999906,8.000000000000288,False
0.639,200.00000000000026,0.49999999999999784,7.999999999999968,False
0.6395000000000001,200.00000000000026,0.4999999999999991,7.99999999999979,False
0.64,200.0000000000001,0.4999999999999991,7.9999999999996225,False
0.6405,199.99999999999983,0.5000000000000002,7.999999999999651,False
0.641,199.99999999999974,0.5000000000000019,7.99999999999993,False
0.6415,199.99999999999974,0.5000000000000012,8.00000000000014,False
0.642,199.99999999999974,0.5000000000000009,8.0000000000003,False
0.6425,200.00000000000003,0.5000000000000009,8.000000000000428,False
0.643,200.00000000000026,0.4999999999999986,8.000000000000236,False
0.6435,200.00000000000026,0.4999999999999981,7.999999999999952,False
0.644,200.00000000000026,0.4999999999999991,7.999999999999774,False
0.6445,200.00000000000009,0.4999999999999991,7.999999999999611,False
0.645,199.9999999999998,0.5000000000000004,7.999999999999671,False
0.6455,199.99999999999974,0.5000000000000019,7.999999999999953,False
0.646,199.99999999999974,0.5000000000000011,8.00000000000015,False
0.6465,199.99999999999974,0.5000000000000009,8.000000000000309,False
0.647,200.00000000000003,0.5000000000000009,8.000000000000437,False
0.6475,200.00000000000026,0.4999999999999986,8.000000000000245,False
0.648,200.00000000000026,0.4999999999999981,7.999999999999961,False
0.6485,200.00000000000026,0.4999999999999991,7.999999999999783,False
0.649,200.0000000000001,0.4999999999999991,7.999999999999615,False
0.6495,199.99999999999983,0.5000000000000002,7.999999999999644,False
0.65,199.99999999999974,0.5000000000000019,7.999999999999923,False
0.6505,199.99999999999974,0.5000000000000012,8.000000000000133,False
0.651,199.99999999999974,0.5000000000000009,8.000000000000293,False
0.6515,200.0,0.5000000000000009,8.000000000000428,False
0.652,200.00000000000026,0.4999999999999989,8.000000000000265,False
0.6525,200.00000000000026,0.499999999999998,7.99999999999998,False
0.653,200.00000000000026,0.4999999999999991,7.999999999999802,False
0.6535,200.00000000000014,0.4999999999999991,7.9999999999996305,False
0.654,199.99999999999986,0.5,7.999999999999628,False
0.6545,199.99999999999974,0.5000000000000018,7.999999999999888,False
0.655,199.99999999999974,0.5000000000000014,8.000000000000119,False
0.6555,199.99999999999974,0.5000000000000009,8.000000000000279,False
0.656,200.0,0.5000000000000009,8.000000000000414,False
0.6565,200.00000000000023,0.4999999999999989,8.00000000000025,False
0.657,200.00000000000023,0.4999999999999982,7.999999999999985,False
0.6575,200.00000000000023,0.4999999999999992,7.999999999999834,False
0.658,200.0000000000002,0.4999999999999992,7.999999999999683,False
0.6585,199.99999999999991,0.49999999999999944,7.999999999999601,False
0.659,199.99999999999977,0.5000000000000016,7.999999999999828,False
0.6595,199.99999999999977,0.5000000000000014,8.000000000000048,False
0.66,199.99999999999977,0.5000000000000009,8.000000000000208,False
0.6605,199.9999999999999,0.5000000000000009,8.00000000000036,False
0.661,200.00000000000017,0.49999999999999983,8.00000000000033,False
0.6615,200.00000000000023,0.49999999999999817,8.000000000000068,False
0.662,200.00000000000023,0.49999999999999895,7.999999999999878,False
0.6625,200.00000000000023,0.4999999999999992,7.999999999999727,False
0.663,200.0,0.4999999999999992,7.9999999999996,False
0.6635,199.99999999999977,0.500000000000001,7.999999999999747,False
0.664,199.99999999999977,0.5000000000000019,8.000000000000023,False
0.6645,199.99999999999977,0.5000000000000009,8.000000000000183,False
0.665,199.99999999999983,0.5000000000000009,8.000000000000341,False
0.6655,200.0000000000001,0.5000000000000003,8.00000000000039,False
0.666,200.00000000000026,0.49999999999999833,8.000000000000151,False
0.6665,200.00000000000026,0.4999999999999985,7.999999999999902,False
0.667,200.00000000000026,0.4999999999999991,7.999999999999725,False
0.6675,200.00000000000003,0.4999999999999991,7.999999999999573,False
0.668,199.99999999999974,0.5000000000000009,7.999999999999697,False
0.6685,199.99999999999972,0.5000000000000021,8.000000000000016,False
0.669,199.99999999999972,0.5000000000000011,8.00000000000023,False
0.6695,199.9999999999999,0.500000000000001,8.000000000000409,False
0.67,200.00000000000017,0.4999999999999996,8.000000000000355,False
0.6705,200.00000000000026,0.49999999999999817,8.000000000000092,False
0.671,200.00000000000026,0.4999999999999987,7.999999999999874,False
0.6715,200.00000000000026,0.4999999999999991,7.999999999999696,False
0.672,199.99999999999997,0.4999999999999991,7.9999999999995595,False
0.6725,199.99999999999974,0.5000000000000013,7.999999999999753,False
0.673,199.99999999999974,0.5000000000000019,8.000000000000037,False
0.6735,199.99999999999974,0.5000000000000009,8.000000000000197,False
0.674,199.99999999999983,0.5000000000000009,8.000000000000355,False
0.6745,200.0000000000001,0.5000000000000002,8.000000000000389,False
0.675,200.00000000000026,0.49999999999999833,8.00000000000015,False
0.6755,200.00000000000026,0.4999999999999985,7.9999999999999005,False
0.676,200.00000000000026,0.4999999999999991,7.999999999999723,False
0.6765,200.0,0.4999999999999991,7.999999999999578,False
0.677,199.99999999999977,0.5000000000000011,7.99999999999974,False
0.6775,199.99999999999977,0.5000000000000019,8.000000000000016,False
0.678,199.99999999999977,0.5000000000000009,8.000000000000176,False
0.6785,199.99999999999983,0.5000000000000009,8.000000000000334,False
0.679,200.0000000000001,0.5000000000000003,8.000000000000384,False
0.6795,200.00000000000023,0.49999999999999833,8.000000000000144,False
0.68,200.00000000000023,0.4999999999999987,7.999999999999931,False
0.6805,200.00000000000023,0.4999999999999992,7.99999999999978,False
0.681,200.0000000000001,0.4999999999999992,7.999999999999634,False
0.6815,199.99999999999983,0.5000000000000001,7.9999999999996545,False
0.682,199.99999999999974,0.5000000000000019,7.999999999999933,False
0.6825,199.99999999999974,0.5000000000000012,8.000000000000144,False
0.683,199.99999999999974,0.5000000000000009,8.000000000000304,False
0.6835,200.00000000000003,0.5000000000000009,8.000000000000432,False
0.684,200.00000000000026,0.4999999999999986,8.00000000000024,False
0.6845,200.00000000000026,0.4999999999999981,7.999999999999956,False
0.685,200.00000000000026,0.4999999999999991,7.999999999999778,False
0.6855,200.0000000000001,0.4999999999999991,7.99999999999961,False
0.686,199.99999999999983,0.5000000000000002,7.9999999999996385,False
0.6865,199.99999999999974,0.5000000000000019,7.999999999999917,False
0.687,199.99999999999974,0.5000000000000012,8.000000000000126,False
0.6875,199.99999999999974,0.5000000000000009,8.000000000000286,False
0.6880000000000001,200.0,0.5000000000000009,8.000000000000421,False
0.6885,200.00000000000023,0.4999999999999989,8.000000000000258,False
0.6890000000000001,200.00000000000023,0.4999999999999982,7.999999999999992,False
0.6895,200.00000000000023,0.4999999999999992,7.999999999999841,False
0.6900000000000001,200.00000000000023,0.4999999999999992,7.99999999999969,False
0.6905,199.99999999999994,0.4999999999999992,7.999999999999576,False
0.6910000000000001,199.99999999999974,0.5000000000000014,7.999999999999784,False
0.6915,199.99999999999974,0.5000000000000018,8.000000000000052,False
0.6920000000000001,199.99999999999974,0.5000000000000009,8.000000000000211,False
0.6925,199.99999999999986,0.5000000000000009,8.000000000000368,False
0.6930000000000001,200.00000000000014,0.5,8.00000000000037,False
0.6935,200.00000000000026,0.4999999999999983,8.00000000000011,False
0.6940000000000001,200.00000000000026,0.4999999999999986,7.9999999999998925,False
0.6945,200.00000000000026,0.4999999999999991,7.999999999999715,False
0.6950000000000001,200.0,0.4999999999999991,7.99999999999957,False
0.6955,199.99999999999974,0.5000000000000011,7.999999999999733,False
0.6960000000000001,199.99999999999974,0.500000000000002,8.000000000000025,False
0.6965,199.99999999999974,0.5000000000000009,8.000000000000185,False
0.6970000000000001,199.99999999999983,0.5000000000000009,8.000000000000343,False
0.6975,200.0000000000001,0.5000000000000002,8.000000000000377,False
0.6980000000000001,200.00000000000023,0.49999999999999833,8.000000000000137,False
0.6985,200.00000000000023,0.4999999999999987,7.999999999999924,False
0.6990000000000001,200.00000000000023,0.4999999999999992,7.999999999999773,False
0.6995,200.00000000000009,0.4999999999999992,7.9999999999996305,False
0.7000000000000001,199.9999999999998,0.5000000000000003,7.999999999999683,False
0.7005,199.99999999999977,0.5000000000000019,7.999999999999957,False
0.7010000000000001,199.99999999999977,0.500000000000001,8.000000000000135,False
0.7015,199.99999999999977,0.5000000000000009,8.000000000000295,False
0.7020000000000001,200.00000000000003,0.5000000000000009,8.000000000000423,False
0.7025,200.00000000000026,0.4999999999999988,8.000000000000243,False
0.7030000000000001,200.00000000000026,0.4999999999999981,7.999999999999959,False
0.7035,200.00000000000026,0.4999999999999991,7.9999999999997815,False
0.704,200.0000000000001,0.4999999999999991,7.999999999999614,False
0.7045,199.99999999999983,0.5000000000000002,7.999999999999642,False
0.705,199.99999999999974,0.5000000000000019,7.999999999999921,False
0.7055,199.99999999999974,0.5000000000000012,8.000000000000131,False
0.706,199.99999999999974,0.5000000000000009,8.000000000000291,False
0.7065,200.0,0.5000000000000009,8.000000000000426,False
0.707,200.00000000000026,0.4999999999999989,8.000000000000263,False
0.7075,200.00000000000026,0.499999999999998,7.999999999999978,False
0.708,200.00000000000026,0.4999999999999991,7.9999999999998,False
0.7085,200.00000000000014,0.4999999999999991,7.999999999999629,False
0.709,199.99999999999986,0.5,7.999999999999626,False
0.7095,199.99999999999974,0.5000000000000018,7.999999999999886,False
0.71,199.99999999999974,0.5000000000000014,8.000000000000117,False
0.7105,199.99999999999974,0.5000000000000009,8.000000000000277,False
0.711,199.99999999999997,0.5000000000000009,8.000000000000417,False
0.7115,200.00000000000026,0.49999999999999906,8.000000000000288,False
0.712,200.00000000000026,0.49999999999999784,7.999999999999968,False
0.7125,200.00000000000026,0.4999999999999991,7.99999999999979,False
0.713,200.0000000000001,0.4999999999999991,7.9999999999996225,False
0.7135,199.99999999999983,0.5000000000000002,7.999999999999651,False
0.714,199.99999999999974,0.5000000000000019,7.99999999999993,False
0.7145,199.99999999999974,0.5000000000000012,8.00000000000014,False
0.715,199.99999999999974,0.5000000000000009,8.0000000000003,False
0.7155,200.00000000000003,0.5000000000000009,8.000000000000428,False
0.716,200.00000000000026,0.4999999999999986,8.000000000000236,False
0.7165,200.00000000000026,0.4999999999999981,7.999999999999952,False
0.717,200.00000000000026,0.4999999999999991,7.999999999999774,False
0.7175,200.00000000000009,0.4999999999999991,7.999999999999611,False
0.718,199.9999999999998,0.5000000000000004,7.999999999999671,False
0.7185,199.99999999999974,0.5000000000000019,7.999999999999953,False
0.719,199.99999999999974,0.5000000000000011,8.00000000000015,False
0.7195,199.99999999999974,0.5000000000000009,8.000000000000309,False
0.72,200.00000000000003,0.5000000000000009,8.000000000000437,False
0.7205,200.00000000000026,0.4999999999999986,8.000000000000245,False
0.721,200.00000000000026,0.4999999999999981,7.999999999999961,False
0.7215,200.00000000000026,0.4999999999999991,7.999999999999783,False
0.722,200.0000000000001,0.4999999999999991,7.999999999999615,False
0.7225,199.99999999999983,0.5000000000000002,7.999999999999644,False
0.723,199.99999999999974,0.5000000000000019,7.999999999999923,False
0.7235,199.99999999999974,0.5000000000000012,8.000000000000133,False
0.724,199.99999999999974,0.5000000000000009,8.000000000000293,False
0.7245,200.0,0.5000000000000009,8.000000000000428,False
0.725,200.00000000000026,0.4999999999999989,8.000000000000265,False
0.7255,200.00000000000026,0.499999999999998,7.99999999999998,False
0.726,200.00000000000026,0.4999999999999991,7.999999999999802,False
0.7265,200.00000000000014,0.4999999999999991,7.9999999999996305,False
0.727,199.99999999999986,0.5,7.999999999999628,False
0.7275,199.99999999999974,0.5000000000000018,7.999999999999888,False
0.728,199.99999999999974,0.5000000000000014,8.000000000000119,False
0.7285,199.99999999999974,0.5000000000000009,8.000000000000279,False
0.729,200.0,0.5000000000000009,8.000000000000414,False
0.7295,200.00000000000023,0.4999999999999989,8.00000000000025,False
0.73,200.00000000000023,0.4999999999999982,7.999999999999985,False
0.7305,200.00000000000023,0.4999999999999992,7.999999999999834,False
0.731,200.0000000000002,0.4999999999999992,7.999999999999683,False
0.7315,199.99999999999991,0.49999999999999944,7.999999999999601,False
0.732,199.99999999999977,0.5000000000000016,7.999999999999828,False
0.7325,199.99999999999977,0.5000000000000014,8.000000000000048,False
0.733,199.99999999999977,0.5000000000000009,8.000000000000208,False
0.7335,199.9999999999999,0.5000000000000009,8.00000000000036,False
0.734,200.00000000000017,0.49999999999999983,8.00000000000033,False
0.7345,200.00000000000023,0.49999999999999817,8.000000000000068,False
0.735,200.00000000000023,0.49999999999999895,7.999999999999878,False
0.7355,200.00000000000023,0.4999999999999992,7.999999999999727,False
0.736,200.0,0.4999999999999992,7.9999999999996,False
0.7365,199.99999999999977,0.500000000000001,7.999999999999747,False
0.737,199.99999999999977,0.5000000000000019,8.000000000000023,False
0.7375,199.99999999999977,0.5000000000000009,8.000000000000183,False
0.738,199.99999999999983,0.5000000000000009,8.000000000000341,False
0.7385,200.0000000000001,0.5000000000000003,8.00000000000039,False
0.739,200.00000000000026,0.49999999999999833,8.000000000000151,False
0.7395,200.00000000000026,0.4999999999999985,7.999999999999902,False
0.74,200.00000000000026,0.4999999999999991,7.999999999999725,False
0.7405,200.00000000000003,0.4999999999999991,7.999999999999573,False
0.741,199.99999999999974,0.5000000000000009,7.999999999999697,False
0.7415,199.99999999999972,0.5000000000000021,8.000000000000016,False
0.742,199.99999999999972,0.5000000000000011,8.00000000000023,False
0.7425,199.9999999999999,0.500000000000001,8.000000000000409,False
0.743,200.00000000000017,0.4999999999999996,8.000000000000355,False
0.7435,200.00000000000026,0.49999999999999817,8.000000000000092,False
0.744,200.00000000000026,0.4999999999999987,7.999999999999874,False
0.7445,200.00000000000026,0.4999999999999991,7.999999999999696,False
0.745,199.99999999999997,0.4999999999999991,7.9999999999995595,False
0.7455,199.99999999999974,0.5000000000000013,7.999999999999753,False
0.746,199.99999999999974,0.5000000000000019,8.000000000000037,False
0.7465,199.99999999999974,0.5000000000000009,8.000000000000197,False
0.747,199.99999999999983,0.5000000000000009,8.000000000000355,False
0.7475,200.0000000000001,0.5000000000000002,8.000000000000389,False
0.748,200.00000000000026,0.49999999999999833,8.00000000000015,False
0.7485,200.00000000000026,0.4999999999999985,7.9999999999999005,False
0.749,200.00000000000026,0.4999999999999991,7.999999999999723,False
0.7495,200.0,0.4999999999999991,7.999999999999578,False
0.75,199.99999999999977,0.5000000000000011,7.99999999999974,False
0.7505000000000001,199.99999999999977,0.5000000000000019,8.000000000000016,False
0.751,199.99999999999977,0.5000000000000009,8.000000000000176,False
0.7515000000000001,199.99999999999983,0.5000000000000009,8.000000000000334,False
0.752,200.0000000000001,0.5000000000000003,8.000000000000384,False
0.7525000000000001,200.00000000000023,0.49999999999999833,8.000000000000144,False
0.753,200.00000000000023,0.4999999999999987,7.999999999999931,False
0.7535000000000001,200.00000000000023,0.4999999999999992,7.99999999999978,False
0.754,200.0000000000001,0.4999999999999992,7.999999999999634,False
0.7545000000000001,199.99999999999983,0.5000000000000001,7.9999999999996545,False
0.755,199.99999999999974,0.5000000000000019,7.999999999999933,False
0.7555000000000001,199.99999999999974,0.5000000000000012,8.000000000000144,False
0.756,199.99999999999974,0.5000000000000009,8.000000000000304,False
0.7565000000000001,200.00000000000003,0.5000000000000009,8.000000000000432,False
0.757,200.00000000000026,0.4999999999999986,8.00000000000024,False
0.7575000000000001,200.00000000000026,0.4999999999999981,7.999999999999956,False
0.758,200.00000000000026,0.4999999999999991,7.999999999999778,False
0.7585000000000001,200.0000000000001,0.4999999999999991,7.99999999999961,False
0.759,199.99999999999983,0.5000000000000002,7.9999999999996385,False
0.7595000000000001,199.99999999999974,0.5000000000000019,7.999999999999917,False
0.76,199.99999999999974,0.5000000000000012,8.000000000000126,False
0.7605000000000001,199.99999999999974,0.5000000000000009,8.000000000000286,False
0.761,200.0,0.5000000000000009,8.000000000000421,False
0.7615000000000001,200.00000000000023,0.4999999999999989,8.000000000000258,False
0.762,200.00000000000023,0.4999999999999982,7.999999999999992,False
0.7625000000000001,200.00000000000023,0.4999999999999992,7.999999999999841,False
0.763,200.00000000000023,0.4999999999999992,7.99999999999969,False
0.7635000000000001,199.99999999999994,0.4999999999999992,7.999999999999576,False
0.764,199.99999999999974,0.5000000000000014,7.999999999999784,False
0.7645000000000001,199.99999999999974,0.5000000000000018,8.000000000000052,False
0.765,199.99999999999974,0.5000000000000009,8.000000000000211,False
0.7655000000000001,199.99999999999986,0.5000000000000009,8.000000000000368,False
0.766,200.00000000000014,0.5,8.00000000000037,False
0.7665000000000001,200.00000000000026,0.4999999999999983,8.00000000000011,False
0.767,200.00000000000026,0.4999999999999986,7.9999999999998925,False
0.7675000000000001,200.00000000000026,0.4999999999999991,7.999999999999715,False
0.768,200.0,0.4999999999999991,7.99999999999957,False
0.7685,199.99999999999974,0.5000000000000011,7.999999999999733,False
0.769,199.99999999999974,0.500000000000002,8.000000000000025,False
0.7695,199.99999999999974,0.5000000000000009,8.000000000000185,False
0.77,199.99999999999983,0.5000000000000009,8.000000000000343,False
0.7705,200.0000000000001,0.5000000000000002,8.000000000000377,False
0.771,200.00000000000023,0.49999999999999833,8.000000000000137,False
0.7715,200.00000000000023,0.4999999999999987,7.999999999999924,False
0.772,200.00000000000023,0.4999999999999992,7.999999999999773,False
0.7725,200.00000000000009,0.4999999999999992,7.9999999999996305,False
0.773,199.9999999999998,0.5000000000000003,7.999999999999683,False
0.7735,199.99999999999977,0.5000000000000019,7.999999999999957,False
0.774,199.99999999999977,0.500000000000001,8.000000000000135,False
0.7745,199.99999999999977,0.5000000000000009,8.000000000000295,False
0.775,200.00000000000003,0.5000000000000009,8.000000000000423,False
0.7755,200.00000000000026,0.4999999999999988,8.000000000000243,False
0.776,200.00000000000026,0.4999999999999981,7.999999999999959,False
0.7765,200.00000000000026,0.4999999999999991,7.9999999999997815,False
0.777,200.0000000000001,0.4999999999999991,7.999999999999614,False
0.7775,199.99999999999983,0.5000000000000002,7.999999999999642,False
0.778,199.99999999999974,0.5000000000000019,7.999999999999921,False
0.7785,199.99999999999974,0.5000000000000012,8.000000000000131,False
0.779,199.99999999999974,0.5000000000000009,8.000000000000291,False
0.7795,200.0,0.5000000000000009,8.000000000000426,False
0.78,200.00000000000026,0.4999999999999989,8.000000000000263,False
0.7805,200.00000000000026,0.499999999999998,7.999999999999978,False
0.781,200.00000000000026,0.4999999999999991,7.9999999999998,False
0.7815,200.00000000000014,0.4999999999999991,7.999999999999629,False
0.782,199.99999999999986,0.5,7.999999999999626,False
0.7825,199.99999999999974,0.5000000000000018,7.999999999999886,False
0.783,199.99999999999974,0.5000000000000014,8.000000000000117,False
0.7835,199.99999999999974,0.5000000000000009,8.000000000000277,False
0.784,199.99999999999997,0.5000000000000009,8.000000000000417,False
0.7845,200.00000000000026,0.49999999999999906,8.000000000000288,False
0.785,200.00000000000026,0.49999999999999784,7.999999999999968,False
0.7855,200.00000000000026,0.4999999999999991,7.99999999999979,False
0.786,200.0000000000001,0.4999999999999991,7.9999999999996225,False
0.7865,199.99999999999983,0.5000000000000002,7.999999999999651,False
0.787,199.99999999999974,0.5000000000000019,7.99999999999993,False
0.7875,199.99999999999974,0.5000000000000012,8.00000000000014,False
0.788,199.99999999999974,0.5000000000000009,8.0000000000003,False
0.7885,200.00000000000003,0.5000000000000009,8.000000000000428,False
0.789,200.00000000000026,0.4999999999999986,8.000000000000236,False
0.7895,200.00000000000026,0.4999999999999981,7.999999999999952,False
0.79,200.00000000000026,0.4999999999999991,7.999999999999774,False
0.7905,200.00000000000009,0.4999999999999991,7.999999999999611,False
0.791,199.9999999999998,0.5000000000000004,7.999999999999671,False
0.7915,199.99999999999974,0.5000000000000019,7.999999999999953,False
0.792,199.99999999999974,0.5000000000000011,8.00000000000015,False
0.7925,199.99999999999974,0.5000000000000009,8.000000000000309,False
0.793,200.00000000000003,0.5000000000000009,8.000000000000437,False
0.7935,200.00000000000026,0.4999999999999986,8.000000000000245,False
0.794,200.00000000000026,0.4999999999999981,7.999999999999961,False
0.7945,200.00000000000026,0.4999999999999991,7.999999999999783,False
0.795,200.0000000000001,0.4999999999999991,7.999999999999615,False
0.7955,199.99999999999983,0.5000000000000002,7.999999999999644,False
0.796,199.99999999999974,0.5000000000000019,7.999999999999923,False
0.7965,199.99999999999974,0.5000000000000012,8.000000000000133,False
0.797,199.99999999999974,0.5000000000000009,8.000000000000293,False
0.7975,200.0,0.5000000000000009,8.000000000000428,False
0.798,200.00000000000026,0.4999999999999989,8.000000000000265,False
0.7985,200.00000000000026,0.499999999999998,7.99999999999998,False
0.799,200.00000000000026,0.4999999999999991,7.999999999999802,False
0.7995,200.00000000000014,0.4999999999999991,7.9999999999996305,False
0.8,199.99999999999986,0.5,7.999999999999628,False
0.8005,199.99999999999974,0.5000000000000018,7.999999999999888,False
0.801,199.99999999999974,0.5000000000000014,8.000000000000119,False
0.8015,199.99999999999974,0.5000000000000009,8.000000000000279,False
0.802,200.0,0.5000000000000009,8.000000000000414,False
0.8025,200.00000000000023,0.4999999999999989,8.00000000000025,False
0.803,200.00000000000023,0.4999999999999982,7.999999999999985,False
0.8035,200.00000000000023,0.4999999999999992,7.999999999999834,False
0.804,200.0000000000002,0.4999999999999992,7.999999999999683,False
0.8045,199.99999999999991,0.49999999999999944,7.999999999999601,False
0.805,199.99999999999977,0.5000000000000016,7.999999999999828,False
0.8055,199.99999999999977,0.5000000000000014,8.000000000000048,False
0.806,199.99999999999977,0.5000000000000009,8.000000000000208,False
0.8065,199.9999999999999,0.5000000000000009,8.00000000000036,False
0.807,200.00000000000017,0.49999999999999983,8.00000000000033,False
0.8075,200.00000000000023,0.49999999999999817,8.000000000000068,False
0.808,200.00000000000023,0.49999999999999895,7.999999999999878,False
0.8085,200.00000000000023,0.4999999999999992,7.999999999999727,False
0.809,200.0,0.4999999999999992,7.9999999999996,False
0.8095,199.99999999999977,0.500000000000001,7.999999999999747,False
0.81,199.99999999999977,0.5000000000000019,8.000000000000023,False
0.8105,199.99999999999977,0.5000000000000009,8.000000000000183,False
0.811,199.99999999999983,0.5000000000000009,8.000000000000341,False
0.8115,200.0000000000001,0.5000000000000003,8.00000000000039,False
0.812,200.00000000000026,0.49999999999999833,8.000000000000151,False
0.8125,200.00000000000026,0.4999999999999985,7.999999999999902,False
0.8130000000000001,200.00000000000026,0.4999999999999991,7.999999999999725,False
0.8135,200.00000000000003,0.4999999999999991,7.999999999999573,False
0.8140000000000001,199.99999999999974,0.5000000000000009,7.999999999999697,False
0.8145,199.99999999999972,0.5000000000000021,8.000000000000016,False
0.8150000000000001,199.99999999999972,0.5000000000000011,8.00000000000023,False
0.8155,199.9999999999999,0.500000000000001,8.000000000000409,False
0.8160000000000001,200.00000000000017,0.4999999999999996,8.000000000000355,False
0.8165,200.00000000000026,0.49999999999999817,8.000000000000092,False
0.8170000000000001,200.00000000000026,0.4999999999999987,7.999999999999874,False
0.8175,200.00000000000026,0.4999999999999991,7.999999999999696,False
0.8180000000000001,199.99999999999997,0.4999999999999991,7.9999999999995595,False
0.8185,199.99999999999974,0.5000000000000013,7.999999999999753,False
0.8190000000000001,199.99999999999974,0.5000000000000019,8.000000000000037,False
0.8195,199.99999999999974,0.5000000000000009,8.000000000000197,False
0.8200000000000001,199.99999999999983,0.5000000000000009,8.000000000000355,False
0.8205,200.0000000000001,0.5000000000000002,8.000000000000389,False
0.8210000000000001,200.00000000000026,0.49999999999999833,8.00000000000015,False
0.8215,200.00000000000026,0.4999999999999985,7.9999999999999005,False
0.8220000000000001,200.00000000000026,0.4999999999999991,7.999999999999723,False
0.8225,200.0,0.4999999999999991,7.999999999999578,False
0.8230000000000001,199.99999999999977,0.5000000000000011,7.99999999999974,False
0.8235,199.99999999999977,0.5000000000000019,8.000000000000016,False
0.8240000000000001,199.99999999999977,0.5000000000000009,8.000000000000176,False
0.8245,199.99999999999983,0.5000000000000009,8.000000000000334,False
0.8250000000000001,200.0000000000001,0.5000000000000003,8.000000000000384,False
0.8255,200.00000000000023,0.49999999999999833,8.000000000000144,False
0.8260000000000001,200.00000000000023,0.4999999999999987,7.999999999999931,False
0.8265,200.00000000000023,0.4999999999999992,7.99999999999978,False
0.8270000000000001,200.0000000000001,0.4999999999999992,7.999999999999634,False
0.8275,199.99999999999983,0.5000000000000001,7.9999999999996545,False
0.8280000000000001,199.99999999999974,0.5000000000000019,7.999999999999933,False
0.8285,199.99999999999974,0.5000000000000012,8.000000000000144,False
0.8290000000000001,199.99999999999974,0.5000000000000009,8.000000000000304,False
0.8295,200.00000000000003,0.5000000000000009,8.000000000000432,False
0.8300000000000001,200.00000000000026,0.4999999999999986,8.00000000000024,False
0.8305,200.00000000000026,0.4999999999999981,7.999999999999956,False
0.8310000000000001,200.00000000000026,0.4999999999999991,7.999999999999778,False
0.8315,200.0000000000001,0.4999999999999991,7.99999999999961,False
0.8320000000000001,199.99999999999983,0.5000000000000002,7.9999999999996385,False
0.8325,199.99999999999974,0.5000000000000019,7.999999999999917,False
0.833,199.99999999999974,0.5000000000000012,8.000000000000126,False
0.8335,199.99999999999974,0.5000000000000009,8.000000000000286,False
0.834,200.0,0.5000000000000009,8.000000000000421,False
0.8345,200.00000000000023,0.4999999999999989,8.000000000000258,False
0.835,200.00000000000023,0.4999999999999982,7.999999999999992,False
0.8355,200.00000000000023,0.4999999999999992,7.999999999999841,False
0.836,200.00000000000023,0.4999999999999992,7.99999999999969,False
0.8365,199.99999999999994,0.4999999999999992,7.999999999999576,False
0.837,199.99999999999974,0.5000000000000014,7.999999999999784,False
0.8375,199.99999999999974,0.5000000000000018,8.000000000000052,False
0.838,199.99999999999974,0.5000000000000009,8.000000000000211,False
0.8385,199.99999999999986,0.5000000000000009,8.000000000000368,False
0.839,200.00000000000014,0.5,8.00000000000037,False
0.8395,200.00000000000026,0.4999999999999983,8.00000000000011,False
0.84,200.00000000000026,0.4999999999999986,7.9999999999998925,False
0.8405,200.00000000000026,0.4999999999999991,7.999999999999715,False
0.841,200.0,0.4999999999999991,7.99999999999957,False
0.8415,199.99999999999974,0.5000000000000011,7.999999999999733,False
0.842,199.99999999999974,0.500000000000002,8.000000000000025,False
0.8425,199.99999999999974,0.5000000000000009,8.000000000000185,False
0.843,199.99999999999983,0.5000000000000009,8.000000000000343,False
0.8435,200.0000000000001,0.5000000000000002,8.000000000000377,False
0.844,200.00000000000023,0.49999999999999833,8.000000000000137,False
0.8445,200.00000000000023,0.4999999999999987,7.999999999999924,False
0.845,200.00000000000023,0.4999999999999992,7.999999999999773,False
0.8455,200.00000000000009,0.4999999999999992,7.9999999999996305,False
0.846,199.9999999999998,0.5000000000000003,7.999999999999683,False
0.8465,199.99999999999977,0.5000000000000019,7.999999999999957,False
0.847,199.99999999999977,0.500000000000001,8.000000000000135,False
0.8475,199.99999999999977,0.5000000000000009,8.000000000000295,False
0.848,200.00000000000003,0.5000000000000009,8.000000000000423,False
0.8485,200.00000000000026,0.4999999999999988,8.000000000000243,False
0.849,200.00000000000026,0.4999999999999981,7.999999999999959,False
0.8495,200.00000000000026,0.4999999999999991,7.9999999999997815,False
0.85,200.0000000000001,0.4999999999999991,7.999999999999614,False
0.8505,199.99999999999983,0.5000000000000002,7.999999999999642,False
0.851,199.99999999999974,0.5000000000000019,7.999999999999921,False
0.8515,199.99999999999974,0.5000000000000012,8.000000000000131,False
0.852,199.99999999999974,0.5000000000000009,8.000000000000291,False
0.8525,200.0,0.5000000000000009,8.000000000000426,False
0.853,200.00000000000026,0.4999999999999989,8.000000000000263,False
0.8535,200.00000000000026,0.499999999999998,7.999999999999978,False
0.854,200.00000000000026,0.4999999999999991,7.9999999999998,False
0.8545,200.00000000000014,0.4999999999999991,7.999999999999629,False
0.855,199.99999999999986,0.5,7.999999999999626,False
0.8555,199.99999999999974,0.5000000000000018,7.999999999999886,False
0.856,199.99999999999974,0.5000000000000014,8.000000000000117,False
0.8565,199.99999999999974,0.5000000000000009,8.000000000000277,False
0.857,199.99999999999997,0.5000000000000009,8.000000000000417,False
0.8575,200.00000000000026,0.49999999999999906,8.000000000000288,False
0.858,200.00000000000026,0.49999999999999784,7.999999999999968,False
0.8585,200.00000000000026,0.4999999999999991,7.99999999999979,False
0.859,200.0000000000001,0.4999999999999991,7.9999999999996225,False
0.8595,199.99999999999983,0.5000000000000002,7.999999999999651,False
0.86,199.99999999999974,0.5000000000000019,7.99999999999993,False
0.8605,199.99999999999974,0.5000000000000012,8.00000000000014,False
0.861,199.99999999999974,0.5000000000000009,8.0000000000003,False
0.8615,200.00000000000003,0.5000000000000009,8.000000000000428,False
0.862,200.00000000000026,0.4999999999999986,8.000000000000236,False
0.8625,200.00000000000026,0.4999999999999981,7.999999999999952,False
0.863,200.00000000000026,0.4999999999999991,7.999999999999774,False
0.8635,200.00000000000009,0.4999999999999991,7.999999999999611,False
0.864,199.9999999999998,0.5000000000000004,7.999999999999671,False
0.8645,199.99999999999974,0.5000000000000019,7.999999999999953,False
0.865,199.99999999999974,0.5000000000000011,8.00000000000015,False
0.8655,199.99999999999974,0.5000000000000009,8.000000000000309,False
0.866,200.00000000000003,0.5000000000000009,8.000000000000437,False
0.8665,200.00000000000026,0.4999999999999986,8.000000000000245,False
0.867,200.00000000000026,0.4999999999999981,7.999999999999961,False
0.8675,200.00000000000026,0.4999999999999991,7.999999999999783,False
0.868,200.0000000000001,0.4999999999999991,7.999999999999615,False
0.8685,199.99999999999983,0.5000000000000002,7.999999999999644,False
0.869,199.99999999999974,0.5000000000000019,7.999999999999923,False
0.8695,199.99999999999974,0.5000000000000012,8.000000000000133,False
0.87,199.99999999999974,0.5000000000000009,8.000000000000293,False
0.8705,200.0,0.5000000000000009,8.000000000000428,False
0.871,200.00000000000026,0.4999999999999989,8.000000000000265,False
0.8715,200.00000000000026,0.499999999999998,7.99999999999998,False
0.872,200.00000000000026,0.4999999999999991,7.999999999999802,False
0.8725,200.00000000000014,0.4999999999999991,7.9999999999996305,False
0.873,199.99999999999986,0.5,7.999999999999628,False
0.8735,199.99999999999974,0.5000000000000018,7.999999999999888,False
0.874,199.99999999999974,0.5000000000000014,8.000000000000119,False
0.8745,199.99999999999974,0.5000000000000009,8.000000000000279,False
0.875,200.0,0.5000000000000009,8.000000000000414,False
0.8755000000000001,200.00000000000023,0.4999999999999989,8.00000000000025,False
0.876,200.00000000000023,0.4999999999999982,7.999999999999985,False
0.8765000000000001,200.00000000000023,0.4999999999999992,7.999999999999834,False
0.877,200.0000000000002,0.4999999999999992,7.999999999999683,False
0.8775000000000001,199.99999999999991,0.49999999999999944,7.999999999999601,False
0.878,199.99999999999977,0.5000000000000016,7.999999999999828,False
0.8785000000000001,199.99999999999977,0.5000000000000014,8.000000000000048,False
0.879,199.99999999999977,0.5000000000000009,8.000000000000208,False
0.8795000000000001,199.9999999999999,0.5000000000000009,8.00000000000036,False
0.88,200.00000000000017,0.49999999999999983,8.00000000000033,False
0.8805000000000001,200.00000000000023,0.49999999999999817,8.000000000000068,False
0.881,200.00000000000023,0.49999999999999895,7.999999999999878,False
0.8815000000000001,200.00000000000023,0.4999999999999992,7.999999999999727,False
0.882,200.0,0.4999999999999992,7.9999999999996,False
0.8825000000000001,199.99999999999977,0.500000000000001,7.999999999999747,False
0.883,199.99999999999977,0.5000000000000019,8.000000000000023,False
0.8835000000000001,199.99999999999977,0.5000000000000009,8.000000000000183,False
0.884,199.99999999999983,0.5000000000000009,8.000000000000341,False
0.8845000000000001,200.0000000000001,0.5000000000000003,8.00000000000039,False
0.885,200.00000000000026,0.49999999999999833,8.000000000000151,False
0.8855000000000001,200.00000000000026,0.4999999999999985,7.999999999999902,False
0.886,200.00000000000026,0.4999999999999991,7.999999999999725,False
0.8865000000000001,200.00000000000003,0.4999999999999991,7.999999999999573,False
0.887,199.99999999999974,0.5000000000000009,7.999999999999697,False
0.8875000000000001,199.99999999999972,0.5000000000000021,8.000000000000016,False
0.888,199.99999999999972,0.5000000000000011,8.00000000000023,False
0.8885000000000001,199.9999999999999,0.500000000000001,8.000000000000409,False
0.889,200.00000000000017,0.4999999999999996,8.000000000000355,False
0.8895000000000001,200.00000000000026,0.49999999999999817,8.000000000000092,False
0.89,200.00000000000026,0.4999999999999987,7.999999999999874,False
0.8905000000000001,200.00000000000026,0.4999999999999991,7.999999999999696,False
0.891,199.99999999999997,0.4999999999999991,7.9999999999995595,False
0.8915000000000001,199.99999999999974,0.5000000000000013,7.999999999999753,False
0.892,199.99999999999974,0.5000000000000019,8.000000000000037,False
0.8925000000000001,199.99999999999974,0.5000000000000009,8.000000000000197,False
0.893,199.99999999999983,0.5000000000000009,8.000000000000355,False
0.8935000000000001,200.0000000000001,0.5000000000000002,8.000000000000389,False
0.894,200.00000000000026,0.49999999999999833,8.00000000000015,False
0.8945000000000001,200.00000000000026,0.4999999999999985,7.9999999999999005,False
0.895,200.00000000000026,0.4999999999999991,7.999999999999723,False
0.8955000000000001,200.0,0.4999999999999991,7.999999999999578,False
0.896,199.99999999999977,0.5000000000000011,7.99999999999974,False
0.8965,199.99999999999977,0.5000000000000019,8.000000000000016,False
0.897,199.99999999999977,0.5000000000000009,8.000000000000176,False
0.8975,199.99999999999983,0.5000000000000009,8.000000000000334,False
0.898,200.0000000000001,0.5000000000000003,8.000000000000384,False
0.8985,200.00000000000023,0.49999999999999833,8.000000000000144,False
0.899,200.00000000000023,0.4999999999999987,7.999999999999931,False
0.8995,200.00000000000023,0.4999999999999992,7.99999999999978,False
0.9,200.0000000000001,0.4999999999999992,7.999999999999634,False
0.9005,199.99999999999983,0.5000000000000001,7.9999999999996545,False
0.901,199.99999999999974,0.5000000000000019,7.999999999999933,False
0.9015,199.99999999999974,0.5000000000000012,8.000000000000144,False
0.902,199.99999999999974,0.5000000000000009,8.000000000000304,False
0.9025,200.00000000000003,0.5000000000000009,8.000000000000432,False
0.903,200.00000000000026,0.4999999999999986,8.00000000000024,False
0.9035,200.00000000000026,0.4999999999999981,7.999999999999956,False
0.904,200.00000000000026,0.4999999999999991,7.999999999999778,False
0.9045,200.0000000000001,0.4999999999999991,7.99999999999961,False
0.905,199.99999999999983,0.5000000000000002,7.9999999999996385,False
0.9055,199.99999999999974,0.5000000000000019,7.999999999999917,False
0.906,199.99999999999974,0.5000000000000012,8.000000000000126,False
0.9065,199.99999999999974,0.5000000000000009,8.000000000000286,False
0.907,200.0,0.5000000000000009,8.000000000000421,False
0.9075,200.00000000000023,0.4999999999999989,8.000000000000258,False
0.908,200.00000000000023,0.4999999999999982,7.999999999999992,False
0.9085,200.00000000000023,0.4999999999999992,7.999999999999841,False
0.909,200.00000000000023,0.4999999999999992,7.99999999999969,False
0.9095,199.99999999999994,0.4999999999999992,7.999999999999576,False
0.91,199.99999999999974,0.5000000000000014,7.999999999999784,False
0.9105,199.99999999999974,0.5000000000000018,8.000000000000052,False
0.911,199.99999999999974,0.5000000000000009,8.000000000000211,False
0.9115,199.99999999999986,0.5000000000000009,8.000000000000368,False
0.912,200.00000000000014,0.5,8.00000000000037,False
0.9125,200.00000000000026,0.4999999999999983,8.00000000000011,False
0.913,200.00000000000026,0.4999999999999986,7.9999999999998925,False
0.9135,200.00000000000026,0.4999999999999991,7.999999999999715,False
0.914,200.0,0.4999999999999991,7.99999999999957,False
0.9145,199.99999999999974,0.5000000000000011,7.999999999999733,False
0.915,199.99999999999974,0.500000000000002,8.000000000000025,False
0.9155,199.99999999999974,0.5000000000000009,8.000000000000185,False
0.916,199.99999999999983,0.5000000000000009,8.000000000000343,False
0.9165,200.0000000000001,0.5000000000000002,8.000000000000377,False
0.917,200.00000000000023,0.49999999999999833,8.000000000000137,False
0.9175,200.00000000000023,0.4999999999999987,7.999999999999924,False
0.918,200.00000000000023,0.4999999999999992,7.999999999999773,False
0.9185,200.00000000000009,0.4999999999999992,7.9999999999996305,False
0.919,199.9999999999998,0.5000000000000003,7.999999999999683,False
0.9195,199.99999999999977,0.5000000000000019,7.999999999999957,False
0.92,199.99999999999977,0.500000000000001,8.000000000000135,False
0.9205,199.99999999999977,0.5000000000000009,8.000000000000295,False
0.921,200.00000000000003,0.5000000000000009,8.000000000000423,False
0.9215,200.00000000000026,0.4999999999999988,8.000000000000243,False
0.922,200.00000000000026,0.4999999999999981,7.999999999999959,False
0.9225,200.00000000000026,0.4999999999999991,7.9999999999997815,False
0.923,200.0000000000001,0.4999999999999991,7.999999999999614,False
0.9235,199.99999999999983,0.5000000000000002,7.999999999999642,False
0.924,199.99999999999974,0.5000000000000019,7.999999999999921,False
0.9245,199.99999999999974,0.5000000000000012,8.000000000000131,False
0.925,199.99999999999974,0.5000000000000009,8.000000000000291,False
0.9255,200.0,0.5000000000000009,8.000000000000426,False
0.926,200.00000000000026,0.4999999999999989,8.000000000000263,False
0.9265,200.00000000000026,0.499999999999998,7.999999999999978,False
0.927,200.00000000000026,0.4999999999999991,7.9999999999998,False
0.9275,200.00000000000014,0.4999999999999991,7.999999999999629,False
0.928,199.99999999999986,0.5,7.999999999999626,False
0.9285,199.99999999999974,0.5000000000000018,7.999999999999886,False
0.929,199.99999999999974,0.5000000000000014,8.000000000000117,False
0.9295,199.99999999999974,0.5000000000000009,8.000000000000277,False
0.93,199.99999999999997,0.5000000000000009,8.000000000000417,False
0.9305,200.00000000000026,0.49999999999999906,8.000000000000288,False
0.931,200.00000000000026,0.49999999999999784,7.999999999999968,False
0.9315,200.00000000000026,0.4999999999999991,7.99999999999979,False
0.932,200.0000000000001,0.4999999999999991,7.9999999999996225,False
0.9325,199.99999999999983,0.5000000000000002,7.999999999999651,False
0.933,199.99999999999974,0.5000000000000019,7.99999999999993,False
0.9335,199.99999999999974,0.5000000000000012,8.00000000000014,False
0.934,199.99999999999974,0.5000000000000009,8.0000000000003,False
0.9345,200.00000000000003,0.5000000000000009,8.000000000000428,False
0.935,200.00000000000026,0.4999999999999986,8.000000000000236,False
0.9355,200.00000000000026,0.4999999999999981,7.999999999999952,False
0.936,200.00000000000026,0.4999999999999991,7.999999999999774,False
0.9365,200.00000000000009,0.4999999999999991,7.999999999999611,False
0.937,199.9999999999998,0.5000000000000004,7.999999999999671,False
0.9375,199.99999999999974,0.5000000000000019,7.999999999999953,False
0.9380000000000001,199.99999999999974,0.5000000000000011,8.00000000000015,False
0.9385,199.99999999999974,0.5000000000000009,8.000000000000309,False
0.9390000000000001,200.00000000000003,0.5000000000000009,8.000000000000437,False
0.9395,200.00000000000026,0.4999999999999986,8.000000000000245,False
0.9400000000000001,200.00000000000026,0.4999999999999981,7.999999999999961,False
0.9405,200.00000000000026,0.4999999999999991,7.999999999999783,False
0.9410000000000001,200.0000000000001,0.4999999999999991,7.999999999999615,False
0.9415,199.99999999999983,0.5000000000000002,7.999999999999644,False
0.9420000000000001,199.99999999999974,0.5000000000000019,7.999999999999923,False
0.9425,199.99999999999974,0.5000000000000012,8.000000000000133,False
0.9430000000000001,199.99999999999974,0.5000000000000009,8.000000000000293,False
0.9435,200.0,0.5000000000000009,8.000000000000428,False
0.9440000000000001,200.00000000000026,0.4999999999999989,8.000000000000265,False
0.9445,200.00000000000026,0.499999999999998,7.99999999999998,False
0.9450000000000001,200.00000000000026,0.4999999999999991,7.999999999999802,False
0.9455,200.00000000000014,0.4999999999999991,7.9999999999996305,False
0.9460000000000001,199.99999999999986,0.5,7.999999999999628,False
0.9465,199.99999999999974,0.5000000000000018,7.999999999999888,False
0.9470000000000001,199.99999999999974,0.5000000000000014,8.000000000000119,False
0.9475,199.99999999999974,0.5000000000000009,8.000000000000279,False
0.9480000000000001,200.0,0.5000000000000009,8.000000000000414,False
0.9485,200.00000000000023,0.4999999999999989,8.00000000000025,False
0.9490000000000001,200.00000000000023,0.4999999999999982,7.999999999999985,False
0.9495,200.00000000000023,0.4999999999999992,7.999999999999834,False
0.9500000000000001,200.0000000000002,0.4999999999999992,7.999999999999683,False
0.9505,199.99999999999991,0.49999999999999944,7.999999999999601,False
0.9510000000000001,199.99999999999977,0.5000000000000016,7.999999999999828,False
0.9515,199.99999999999977,0.5000000000000014,8.000000000000048,False
0.9520000000000001,199.99999999999977,0.5000000000000009,8.000000000000208,False
0.9525,199.9999999999999,0.5000000000000009,8.00000000000036,False
0.9530000000000001,200.00000000000017,0.49999999999999983,8.00000000000033,False
0.9535,200.00000000000023,0.49999999999999817,8.000000000000068,False
0.9540000000000001,200.00000000000023,0.49999999999999895,7.999999999999878,False
0.9545,200.00000000000023,0.4999999999999992,7.999999999999727,False
0.9550000000000001,200.0,0.4999999999999992,7.9999999999996,False
0.9555,199.99999999999977,0.500000000000001,7.999999999999747,False
0.9560000000000001,199.99999999999977,0.5000000000000019,8.000000000000023,False
0.9565,199.99999999999977,0.5000000000000009,8.000000000000183,False
0.9570000000000001,199.99999999999983,0.5000000000000009,8.000000000000341,False
0.9575,200.0000000000001,0.5000000000000003,8.00000000000039,False
0.9580000000000001,200.00000000000026,0.49999999999999833,8.000000000000151,False
0.9585,200.00000000000026,0.4999999999999985,7.999999999999902,False
0.9590000000000001,200.00000000000026,0.4999999999999991,7.999999999999725,False
0.9595,200.00000000000003,0.4999999999999991,7.999999999999573,False
0.96,199.99999999999974,0.5000000000000009,7.999999999999697,False
0.9605,199.99999999999972,0.5000000000000021,8.000000000000016,False
0.961,199.99999999999972,0.5000000000000011,8.00000000000023,False
0.9615,199.9999999999999,0.500000000000001,8.000000000000409,False
0.962,200.00000000000017,0.4999999999999996,8.000000000000355,False
0.9625,200.00000000000026,0.49999999999999817,8.000000000000092,False
0.963,200.00000000000026,0.4999999999999987,7.999999999999874,False
0.9635,200.00000000000026,0.4999999999999991,7.999999999999696,False
0.964,199.99999999999997,0.4999999999999991,7.9999999999995595,False
0.9645,199.99999999999974,0.5000000000000013,7.999999999999753,False
0.965,199.99999999999974,0.5000000000000019,8.000000000000037,False
0.9655,199.99999999999974,0.5000000000000009,8.000000000000197,False
0.966,199.99999999999983,0.5000000000000009,8.000000000000355,False
0.9665,200.0000000000001,0.5000000000000002,8.000000000000389,False
0.967,200.00000000000026,0.49999999999999833,8.00000000000015,False
0.9675,200.00000000000026,0.4999999999999985,7.9999999999999005,False
0.968,200.00000000000026,0.4999999999999991,7.999999999999723,False
0.9685,200.0,0.4999999999999991,7.999999999999578,False
0.969,199.99999999999977,0.5000000000000011,7.99999999999974,False
0.9695,199.99999999999977,0.5000000000000019,8.000000000000016,False
0.97,199.99999999999977,0.5000000000000009,8.000000000000176,False
0.9705,199.99999999999983,0.5000000000000009,8.000000000000334,False
0.971,200.0000000000001,0.5000000000000003,8.000000000000384,False
0.9715,200.00000000000023,0.49999999999999833,8.000000000000144,False
0.972,200.00000000000023,0.4999999999999987,7.999999999999931,False
0.9725,200.00000000000023,0.4999999999999992,7.99999999999978,False
0.973,200.0000000000001,0.4999999999999992,7.999999999999634,False
0.9735,199.99999999999983,0.5000000000000001,7.9999999999996545,False
0.974,199.99999999999974,0.5000000000000019,7.999999999999933,False
0.9745,199.99999999999974,0.5000000000000012,8.000000000000144,False
0.975,199.99999999999974,0.5000000000000009,8.000000000000304,False
0.9755,200.00000000000003,0.5000000000000009,8.000000000000432,False
0.976,200.00000000000026,0.4999999999999986,8.00000000000024,False
0.9765,200.00000000000026,0.4999999999999981,7.999999999999956,False
0.977,200.00000000000026,0.4999999999999991,7.999999999999778,False
0.9775,200.0000000000001,0.4999999999999991,7.99999999999961,False
0.978,199.99999999999983,0.5000000000000002,7.9999999999996385,False
0.9785,199.99999999999974,0.5000000000000019,7.999999999999917,False
0.979,199.99999999999974,0.5000000000000012,8.000000000000126,False
0.9795,199.99999999999974,0.5000000000000009,8.000000000000286,False
0.98,200.0,0.5000000000000009,8.000000000000421,False
0.9805,200.00000000000023,0.4999999999999989,8.000000000000258,False
0.981,200.00000000000023,0.4999999999999982,7.999999999999992,False
0.9815,200.00000000000023,0.4999999999999992,7.999999999999841,False
0.982,200.00000000000023,0.4999999999999992,7.99999999999969,False
0.9825,199.99999999999994,0.4999999999999992,7.999999999999576,False
0.983,199.99999999999974,0.5000000000000014,7.999999999999784,False
0.9835,199.99999999999974,0.5000000000000018,8.000000000000052,False
0.984,199.99999999999974,0.5000000000000009,8.000000000000211,False
0.9845,199.99999999999986,0.5000000000000009,8.000000000000368,False
0.985,200.00000000000014,0.5,8.00000000000037,False
0.9855,200.00000000000026,0.4999999999999983,8.00000000000011,False
0.986,200.00000000000026,0.4999999999999986,7.9999999999998925,False
0.9865,200.00000000000026,0.4999999999999991,7.999999999999715,False
0.987,200.0,0.4999999999999991,7.99999999999957,False
0.9875,199.99999999999974,0.5000000000000011,7.999999999999733,False
0.988,199.99999999999974,0.500000000000002,8.000000000000025,False
0.9885,199.99999999999974,0.5000000000000009,8.000000000000185,False
0.989,199.99999999999983,0.5000000000000009,8.000000000000343,False
0.9895,200.0000000000001,0.5000000000000002,8.000000000000377,False
0.99,200.00000000000023,0.49999999999999833,8.000000000000137,False
0.9905,200.00000000000023,0.4999999999999987,7.999999999999924,False
0.991,200.00000000000023,0.4999999999999992,7.999999999999773,False
0.9915,200.00000000000009,0.4999999999999992,7.9999999999996305,False
0.992,199.9999999999998,0.5000000000000003,7.999999999999683,False
0.9925,199.99999999999977,0.5000000000000019,7.999999999999957,False
0.993,199.99999999999977,0.500000000000001,8.000000000000135,False
0.9935,199.99999999999977,0.5000000000000009,8.000000000000295,False
0.994,200.00000000000003,0.5000000000000009,8.000000000000423,False
0.9945,200.00000000000026,0.4999999999999988,8.000000000000243,False
0.995,200.00000000000026,0.4999999999999981,7.999999999999959,False
0.9955,200.00000000000026,0.4999999999999991,7.9999999999997815,False
0.996,200.0000000000001,0.4999999999999991,7.999999999999614,False
0.9965,199.99999999999983,0.5000000000000002,7.999999999999642,False
0.997,199.99999999999974,0.5000000000000019,7.999999999999921,False
0.9975,199.99999999999974,0.5000000000000012,8.000000000000131,False
0.998,199.99999999999974,0.5000000000000009,8.000000000000291,False
0.9985,200.0,0.5000000000000009,8.000000000000426,False
0.999,200.00000000000026,0.4999999999999989,8.000000000000263,False
0.9995,200.00000000000026,0.499999999999998,7.999999999999978,False
1.0,200.00000000000026,0.4999999999999991,7.9999999999998,False
1.0005,200.00000000000014,0.4999999999999991,7.999999999999629,False
1.0010000000000001,199.99999999999986,0.5,7.999999999999626,False
1.0015,199.99999999999974,0.5000000000000018,7.999999999999886,False
1.002,199.99999999999974,0.5000000000000014,8.000000000000117,False
1.0025,199.99999999999974,0.5000000000000009,8.000000000000277,False
1.0030000000000001,199.99999999999997,0.5000000000000009,8.000000000000417,False
1.0035,200.00000000000026,0.49999999999999906,8.000000000000288,False
1.004,200.00000000000026,0.49999999999999784,7.999999999999968,False
1.0045,200.00000000000026,0.4999999999999991,7.99999999999979,False
1.0050000000000001,200.0000000000001,0.4999999999999991,7.9999999999996225,False
1.0055,199.99999999999983,0.5000000000000002,7.999999999999651,False
1.006,199.99999999999974,0.5000000000000019,7.99999999999993,False
1.0065,199.99999999999974,0.5000000000000012,8.00000000000014,False
1.0070000000000001,199.99999999999974,0.5000000000000009,8.0000000000003,False
1.0075,200.00000000000003,0.5000000000000009,8.000000000000428,False
1.008,200.00000000000026,0.4999999999999986,8.000000000000236,False
1.0085,200.00000000000026,0.4999999999999981,7.999999999999952,False
1.0090000000000001,200.00000000000026,0.4999999999999991,7.999999999999774,False
1.0095,200.00000000000009,0.4999999999999991,7.999999999999611,False
1.01,199.9999999999998,0.5000000000000004,7.999999999999671,False
1.0105,199.99999999999974,0.5000000000000019,7.999999999999953,False
1.0110000000000001,199.99999999999974,0.5000000000000011,8.00000000000015,False
1.0115,199.99999999999974,0.5000000000000009,8.000000000000309,False
1.012,200.00000000000003,0.5000000000000009,8.000000000000437,False
1.0125,200.00000000000026,0.4999999999999986,8.000000000000245,False
1.0130000000000001,200.00000000000026,0.4999999999999981,7.999999999999961,False
1.0135,200.00000000000026,0.4999999999999991,7.999999999999783,False
1.014,200.0000000000001,0.4999999999999991,7.999999999999615,False
1.0145,199.99999999999983,0.5000000000000002,7.999999999999644,False
1.0150000000000001,199.99999999999974,0.5000000000000019,7.999999999999923,False
1.0155,199.99999999999974,0.5000000000000012,8.000000000000133,False
1.016,199.99999999999974,0.5000000000000009,8.000000000000293,False
1.0165,200.0,0.5000000000000009,8.000000000000428,False
1.0170000000000001,200.00000000000026,0.4999999999999989,8.000000000000265,False
1.0175,200.00000000000026,0.499999999999998,7.99999999999998,False
1.018,200.00000000000026,0.4999999999999991,7.999999999999802,False
1.0185,200.00000000000014,0.4999999999999991,7.9999999999996305,False
1.0190000000000001,199.99999999999986,0.5,7.999999999999628,False
1.0195,199.99999999999974,0.5000000000000018,7.999999999999888,False
1.02,199.99999999999974,0.5000000000000014,8.000000000000119,False
1.0205,199.99999999999974,0.5000000000000009,8.000000000000279,False
1.0210000000000001,200.0,0.5000000000000009,8.000000000000414,False
1.0215,200.00000000000023,0.4999999999999989,8.00000000000025,False
1.022,200.00000000000023,0.4999999999999982,7.999999999999985,False
1.0225,200.00000000000023,0.4999999999999992,7.999999999999834,False
1.0230000000000001,200.0000000000002,0.4999999999999992,7.999999999999683,False
1.0235,199.99999999999991,0.49999999999999944,7.999999999999601,False
1.024,199.99999999999977,0.5000000000000016,7.999999999999828,False
1.0245,199.99999999999977,0.5000000000000014,8.000000000000048,False
1.025,199.99999999999977,0.5000000000000009,8.000000000000208,False
1.0255,199.9999999999999,0.5000000000000009,8.00000000000036,False
1.026,200.00000000000017,0.49999999999999983,8.00000000000033,False
1.0265,200.00000000000023,0.49999999999999817,8.000000000000068,False
1.027,200.00000000000023,0.49999999999999895,7.999999999999878,False
1.0275,200.00000000000023,0.4999999999999992,7.999999999999727,False
1.028,200.0,0.4999999999999992,7.9999999999996,False
1.0285,199.99999999999977,0.500000000000001,7.999999999999747,False
1.029,199.99999999999977,0.5000000000000019,8.000000000000023,False
1.0295,199.99999999999977,0.5000000000000009,8.000000000000183,False
1.03,199.99999999999983,0.5000000000000009,8.000000000000341,False
1.0305,200.0000000000001,0.5000000000000003,8.00000000000039,False
1.031,200.00000000000026,0.49999999999999833,8.000000000000151,False
1.0315,200.00000000000026,0.4999999999999985,7.999999999999902,False
1.032,200.00000000000026,0.4999999999999991,7.999999999999725,False
1.0325,200.00000000000003,0.4999999999999991,7.999999999999573,False
1.033,199.99999999999974,0.5000000000000009,7.999999999999697,False
1.0335,199.99999999999972,0.5000000000000021,8.000000000000016,False
1.034,199.99999999999972,0.5000000000000011,8.00000000000023,False
1.0345,199.9999999999999,0.500000000000001,8.000000000000409,False
1.035,200.00000000000017,0.4999999999999996,8.000000000000355,False
1.0355,200.00000000000026,0.49999999999999817,8.000000000000092,False
1.036,200.00000000000026,0.4999999999999987,7.999999999999874,False
1.0365,200.00000000000026,0.4999999999999991,7.999999999999696,False
1.037,199.99999999999997,0.4999999999999991,7.9999999999995595,False
1.0375,199.99999999999974,0.5000000000000013,7.999999999999753,False
1.038,199.99999999999974,0.5000000000000019,8.000000000000037,False
1.0385,199.99999999999974,0.5000000000000009,8.000000000000197,False
1.039,199.99999999999983,0.5000000000000009,8.000000000000355,False
1.0395,200.0000000000001,0.5000000000000002,8.000000000000389,False
1.04,200.00000000000026,0.49999999999999833,8.00000000000015,False
1.0405,200.00000000000026,0.4999999999999985,7.9999999999999005,False
1.041,200.00000000000026,0.4999999999999991,7.999999999999723,False
1.0415,200.0,0.4999999999999991,7.999999999999578,False
1.042,199.99999999999977,0.5000000000000011,7.99999999999974,False
1.0425,199.99999999999977,0.5000000000000019,8.000000000000016,False
1.043,199.99999999999977,0.5000000000000009,8.000000000000176,False
1.0435,199.99999999999983,0.5000000000000009,8.000000000000334,False
1.044,200.0000000000001,0.5000000000000003,8.000000000000384,False
1.0445,200.00000000000023,0.49999999999999833,8.000000000000144,False
1.045,200.00000000000023,0.4999999999999987,7.999999999999931,False
1.0455,200.00000000000023,0.4999999999999992,7.99999999999978,False
1.046,200.0000000000001,0.4999999999999992,7.999999999999634,False
1.0465,199.99999999999983,0.5000000000000001,7.9999999999996545,False
1.047,199.99999999999974,0.5000000000000019,7.999999999999933,False
1.0475,199.99999999999974,0.5000000000000012,8.000000000000144,False
1.048,199.99999999999974,0.5000000000000009,8.000000000000304,False
1.0485,200.00000000000003,0.5000000000000009,8.000000000000432,False
1.049,200.00000000000026,0.4999999999999986,8.00000000000024,False
1.0495,200.00000000000026,0.4999999999999981,7.999999999999956,False
1.05,200.00000000000026,0.4999999999999991,7.999999999999778,False
1.0505,200.0000000000001,0.4999999999999991,7.99999999999961,False
1.051,199.99999999999983,0.5000000000000002,7.9999999999996385,False
1.0515,199.99999999999974,0.5000000000000019,7.999999999999917,False
1.052,199.99999999999974,0.5000000000000012,8.000000000000126,False
1.0525,199.99999999999974,0.5000000000000009,8.000000000000286,False
1.053,200.0,0.5000000000000009,8.000000000000421,False
1.0535,200.00000000000023,0.4999999999999989,8.000000000000258,False
1.054,200.00000000000023,0.4999999999999982,7.999999999999992,False
1.0545,200.00000000000023,0.4999999999999992,7.999999999999841,False
1.055,200.00000000000023,0.4999999999999992,7.99999999999969,False
1.0555,199.99999999999994,0.4999999999999992,7.999999999999576,False
1.056,199.99999999999974,0.5000000000000014,7.999999999999784,False
1.0565,199.99999999999974,0.5000000000000018,8.000000000000052,False
1.057,199.99999999999974,0.5000000000000009,8.000000000000211,False
1.0575,199.99999999999986,0.5000000000000009,8.000000000000368,False
1.058,200.00000000000014,0.5,8.00000000000037,False
1.0585,200.00000000000026,0.4999999999999983,8.00000000000011,False
1.059,200.00000000000026,0.4999999999999986,7.9999999999998925,False
1.0595,200.00000000000026,0.4999999999999991,7.999999999999715,False
1.06,200.0,0.4999999999999991,7.99999999999957,False
1.0605,199.99999999999974,0.5000000000000011,7.999999999999733,False
1.061,199.99999999999974,0.500000000000002,8.000000000000025,False
1.0615,199.99999999999974,0.5000000000000009,8.000000000000185,False
1.062,199.99999999999983,0.5000000000000009,8.000000000000343,False
1.0625,200.0000000000001,0.5000000000000002,8.000000000000377,False
1.063,200.00000000000023,0.49999999999999833,8.000000000000137,False
1.0635000000000001,200.00000000000023,0.4999999999999987,7.999999999999924,False
1.064,200.00000000000023,0.4999999999999992,7.999999999999773,False
1.0645,200.00000000000009,0.4999999999999992,7.9999999999996305,False
1.065,199.9999999999998,0.5000000000000003,7.999999999999683,False
1.0655000000000001,199.99999999999977,0.5000000000000019,7.999999999999957,False
1.066,199.99999999999977,0.500000000000001,8.000000000000135,False
1.0665,199.99999999999977,0.5000000000000009,8.000000000000295,False
1.067,200.00000000000003,0.5000000000000009,8.000000000000423,False
1.0675000000000001,200.00000000000026,0.4999999999999988,8.000000000000243,False
1.068,200.00000000000026,0.4999999999999981,7.999999999999959,False
1.0685,200.00000000000026,0.4999999999999991,7.9999999999997815,False
1.069,200.0000000000001,0.4999999999999991,7.999999999999614,False
1.0695000000000001,199.99999999999983,0.5000000000000002,7.999999999999642,False
1.07,199.99999999999974,0.5000000000000019,7.999999999999921,False
1.0705,199.99999999999974,0.5000000000000012,8.000000000000131,False
1.071,199.99999999999974,0.5000000000000009,8.000000000000291,False
1.0715000000000001,200.0,0.5000000000000009,8.000000000000426,False
1.072,200.00000000000026,0.4999999999999989,8.000000000000263,False
1.0725,200.00000000000026,0.499999999999998,7.999999999999978,False
1.073,200.00000000000026,0.4999999999999991,7.9999999999998,False
1.0735000000000001,200.00000000000014,0.4999999999999991,7.999999999999629,False
1.074,199.99999999999986,0.5,7.999999999999626,False
1.0745,199.99999999999974,0.5000000000000018,7.999999999999886,False
1.075,199.99999999999974,0.5000000000000014,8.000000000000117,False
1.0755000000000001,199.99999999999974,0.5000000000000009,8.000000000000277,False
1.076,199.99999999999997,0.5000000000000009,8.000000000000417,False
1.0765,200.00000000000026,0.49999999999999906,8.000000000000288,False
1.077,200.00000000000026,0.49999999999999784,7.999999999999968,False
1.0775000000000001,200.00000000000026,0.4999999999999991,7.99999999999979,False
1.078,200.0000000000001,0.4999999999999991,7.9999999999996225,False
1.0785,199.99999999999983,0.5000000000000002,7.999999999999651,False
1.079,199.99999999999974,0.5000000000000019,7.99999999999993,False
1.0795000000000001,199.99999999999974,0.5000000000000012,8.00000000000014,False
1.08,199.99999999999974,0.5000000000000009,8.0000000000003,False
1.0805,200.00000000000003,0.5000000000000009,8.000000000000428,False
1.081,200.00000000000026,0.4999999999999986,8.000000000000236,False
1.0815000000000001,200.00000000000026,0.4999999999999981,7.999999999999952,False
1.082,200.00000000000026,0.4999999999999991,7.999999999999774,False
1.0825,200.00000000000009,0.4999999999999991,7.999999999999611,False
1.083,199.9999999999998,0.5000000000000004,7.999999999999671,False
1.0835000000000001,199.99999999999974,0.5000000000000019,7.999999999999953,False
1.084,199.99999999999974,0.5000000000000011,8.00000000000015,False
1.0845,199.99999999999974,0.5000000000000009,8.000000000000309,False
1.085,200.00000000000003,0.5000000000000009,8.000000000000437,False
1.0855000000000001,200.00000000000026,0.4999999999999986,8.000000000000245,False
1.086,200.00000000000026,0.4999999999999981,7.999999999999961,False
1.0865,200.00000000000026,0.4999999999999991,7.999999999999783,False
1.087,200.0000000000001,0.4999999999999991,7.999999999999615,False
1.0875000000000001,199.99999999999983,0.5000000000000002,7.999999999999644,False
1.088,199.99999999999974,0.5000000000000019,7.999999999999923,False
1.0885,199.99999999999974,0.5000000000000012,8.000000000000133,False
1.089,199.99999999999974,0.5000000000000009,8.000000000000293,False
1.0895,200.0,0.5000000000000009,8.000000000000428,False
1.09,200.00000000000026,0.4999999999999989,8.000000000000265,False
1.0905,200.00000000000026,0.499999999999998,7.99999999999998,False
1.091,200.00000000000026,0.4999999999999991,7.999999999999802,False
1.0915,200.00000000000014,0.4999999999999991,7.9999999999996305,False
1.092,199.99999999999986,0.5,7.999999999999628,False
1.0925,199.99999999999974,0.5000000000000018,7.999999999999888,False
1.093,199.99999999999974,0.5000000000000014,8.000000000000119,False
1.0935,199.99999999999974,0.5000000000000009,8.000000000000279,False
1.094,200.0,0.5000000000000009,8.000000000000414,False
1.0945,200.00000000000023,0.4999999999999989,8.00000000000025,False
1.095,200.00000000000023,0.4999999999999982,7.999999999999985,False
1.0955,200.00000000000023,0.4999999999999992,7.999999999999834,False
1.096,200.0000000000002,0.4999999999999992,7.999999999999683,False
1.0965,199.99999999999991,0.49999999999999944,7.999999999999601,False
1.097,199.99999999999977,0.5000000000000016,7.999999999999828,False
1.0975,199.99999999999977,0.5000000000000014,8.000000000000048,False
1.098,199.99999999999977,0.5000000000000009,8.000000000000208,False
1.0985,199.9999999999999,0.5000000000000009,8.00000000000036,False
1.099,200.00000000000017,0.49999999999999983,8.00000000000033,False
1.0995,200.00000000000023,0.49999999999999817,8.000000000000068,False
1.1,200.00000000000023,0.49999999999999895,7.999999999999878,False
1.1005,200.00000000000023,0.4999999999999992,7.999999999999727,False
1.101,200.0,0.4999999999999992,7.9999999999996,False
1.1015,199.99999999999977,0.500000000000001,7.999999999999747,False
1.102,199.99999999999977,0.5000000000000019,8.000000000000023,False
1.1025,199.99999999999977,0.5000000000000009,8.000000000000183,False
1.103,199.99999999999983,0.5000000000000009,8.000000000000341,False
1.1035,200.0000000000001,0.5000000000000003,8.00000000000039,False
1.104,200.00000000000026,0.49999999999999833,8.000000000000151,False
1.1045,200.00000000000026,0.4999999999999985,7.999999999999902,False
1.105,200.00000000000026,0.4999999999999991,7.999999999999725,False
1.1055,200.00000000000003,0.4999999999999991,7.999999999999573,False
1.106,199.99999999999974,0.5000000000000009,7.999999999999697,False
1.1065,199.99999999999972,0.5000000000000021,8.000000000000016,False
1.107,199.99999999999972,0.5000000000000011,8.00000000000023,False
1.1075,199.9999999999999,0.500000000000001,8.000000000000409,False
1.108,200.00000000000017,0.4999999999999996,8.000000000000355,False
1.1085,200.00000000000026,0.49999999999999817,8.000000000000092,False
1.109,200.00000000000026,0.4999999999999987,7.999999999999874,False
1.1095,200.00000000000026,0.4999999999999991,7.999999999999696,False
1.11,199.99999999999997,0.4999999999999991,7.9999999999995595,False
1.1105,199.99999999999974,0.5000000000000013,7.999999999999753,False
1.111,199.99999999999974,0.5000000000000019,8.000000000000037,False
1.1115,199.99999999999974,0.5000000000000009,8.000000000000197,False
1.112,199.99999999999983,0.5000000000000009,8.000000000000355,False
1.1125,200.0000000000001,0.5000000000000002,8.000000000000389,False
1.113,200.00000000000026,0.49999999999999833,8.00000000000015,False
1.1135,200.00000000000026,0.4999999999999985,7.9999999999999005,False
1.114,200.00000000000026,0.4999999999999991,7.999999999999723,False
1.1145,200.0,0.4999999999999991,7.999999999999578,False
1.115,199.99999999999977,0.5000000000000011,7.99999999999974,False
1.1155,199.99999999999977,0.5000000000000019,8.000000000000016,False
1.116,199.99999999999977,0.5000000000000009,8.000000000000176,False
1.1165,199.99999999999983,0.5000000000000009,8.000000000000334,False
1.117,200.0000000000001,0.5000000000000003,8.000000000000384,False
1.1175,200.00000000000023,0.49999999999999833,8.000000000000144,False
1.118,200.00000000000023,0.4999999999999987,7.999999999999931,False
1.1185,200.00000000000023,0.4999999999999992,7.99999999999978,False
1.119,200.0000000000001,0.4999999999999992,7.999999999999634,False
1.1195,199.99999999999983,0.5000000000000001,7.9999999999996545,False
1.12,199.99999999999974,0.5000000000000019,7.999999999999933,False
1.1205,199.99999999999974,0.5000000000000012,8.000000000000144,False
1.121,199.99999999999974,0.5000000000000009,8.000000000000304,False
1.1215,200.00000000000003,0.5000000000000009,8.000000000000432,False
1.122,200.00000000000026,0.4999999999999986,8.00000000000024,False
1.1225,200.00000000000026,0.4999999999999981,7.999999999999956,False
1.123,200.00000000000026,0.4999999999999991,7.999999999999778,False
1.1235,200.0000000000001,0.4999999999999991,7.99999999999961,False
1.124,199.99999999999983,0.5000000000000002,7.9999999999996385,False
1.1245,199.99999999999974,0.5000000000000019,7.999999999999917,False
1.125,199.99999999999974,0.5000000000000012,8.000000000000126,False
1.1255,199.99999999999974,0.5000000000000009,8.000000000000286,False
1.1260000000000001,200.0,0.5000000000000009,8.000000000000421,False
1.1265,200.00000000000023,0.4999999999999989,8.000000000000258,False
1.127,200.00000000000023,0.4999999999999982,7.999999999999992,False
1.1275,200.00000000000023,0.4999999999999992,7.999999999999841,False
1.1280000000000001,200.00000000000023,0.4999999999999992,7.99999999999969,False
1.1285,199.99999999999994,0.4999999999999992,7.999999999999576,False
1.129,199.99999999999974,0.5000000000000014,7.999999999999784,False
1.1295,199.99999999999974,0.5000000000000018,8.000000000000052,False
1.1300000000000001,199.99999999999974,0.5000000000000009,8.000000000000211,False
1.1305,199.99999999999986,0.5000000000000009,8.000000000000368,False
1.131,200.00000000000014,0.5,8.00000000000037,False
1.1315,200.00000000000026,0.4999999999999983,8.00000000000011,False
1.1320000000000001,200.00000000000026,0.4999999999999986,7.9999999999998925,False
1.1325,200.00000000000026,0.4999999999999991,7.999999999999715,False
1.133,200.0,0.4999999999999991,7.99999999999957,False
1.1335,199.99999999999974,0.5000000000000011,7.999999999999733,False
1.1340000000000001,199.99999999999974,0.500000000000002,8.000000000000025,False
1.1345,199.99999999999974,0.5000000000000009,8.000000000000185,False
1.135,199.99999999999983,0.5000000000000009,8.000000000000343,False
1.1355,200.0000000000001,0.5000000000000002,8.000000000000377,False
1.1360000000000001,200.00000000000023,0.49999999999999833,8.000000000000137,False
1.1365,200.00000000000023,0.4999999999999987,7.999999999999924,False
1.137,200.00000000000023,0.4999999999999992,7.999999999999773,False
1.1375,200.00000000000009,0.4999999999999992,7.9999999999996305,False
1.1380000000000001,199.9999999999998,0.5000000000000003,7.999999999999683,False
1.1385,199.99999999999977,0.5000000000000019,7.999999999999957,False
1.139,199.99999999999977,0.500000000000001,8.000000000000135,False
1.1395,199.99999999999977,0.5000000000000009,8.000000000000295,False
1.1400000000000001,200.00000000000003,0.5000000000000009,8.000000000000423,False
1.1405,200.00000000000026,0.4999999999999988,8.000000000000243,False
1.141,200.00000000000026,0.4999999999999981,7.999999999999959,False
1.1415,200.00000000000026,0.4999999999999991,7.9999999999997815,False
1.1420000000000001,200.0000000000001,0.4999999999999991,7.999999999999614,False
1.1425,199.99999999999983,0.5000000000000002,7.999999999999642,False
1.143,199.99999999999974,0.5000000000000019,7.999999999999921,False
1.1435,199.99999999999974,0.5000000000000012,8.000000000000131,False
1.1440000000000001,199.99999999999974,0.5000000000000009,8.000000000000291,False
1.1445,200.0,0.5000000000000009,8.000000000000426,False
1.145,200.00000000000026,0.4999999999999989,8.000000000000263,False
1.1455,200.00000000000026,0.499999999999998,7.999999999999978,False
1.1460000000000001,200.00000000000026,0.4999999999999991,7.9999999999998,False
1.1465,200.00000000000014,0.4999999999999991,7.999999999999629,False
1.147,199.99999999999986,0.5,7.999999999999626,False
1.1475,199.99999999999974,0.5000000000000018,7.999999999999886,False
1.1480000000000001,199.99999999999974,0.5000000000000014,8.000000000000117,False
1.1485,199.99999999999974,0.5000000000000009,8.000000000000277,False
1.149,199.99999999999997,0.5000000000000009,8.000000000000417,False
1.1495,200.00000000000026,0.49999999999999906,8.000000000000288,False
1.1500000000000001,200.00000000000026,0.49999999999999784,7.999999999999968,False
1.1505,200.00000000000026,0.4999999999999991,7.99999999999979,False
1.151,200.0000000000001,0.4999999999999991,7.9999999999996225,False
1.1515,199.99999999999983,0.5000000000000002,7.999999999999651,False
1.1520000000000001,199.99999999999974,0.5000000000000019,7.99999999999993,False
1.1525,199.99999999999974,0.5000000000000012,8.00000000000014,False
1.153,199.99999999999974,0.5000000000000009,8.0000000000003,False
1.1535,200.00000000000003,0.5000000000000009,8.000000000000428,False
1.154,200.00000000000026,0.4999999999999986,8.000000000000236,False
1.1545,200.00000000000026,0.4999999999999981,7.999999999999952,False
1.155,200.00000000000026,0.4999999999999991,7.999999999999774,False
1.1555,200.00000000000009,0.4999999999999991,7.999999999999611,False
1.156,199.9999999999998,0.5000000000000004,7.999999999999671,False
1.1565,199.99999999999974,0.5000000000000019,7.999999999999953,False
1.157,199.99999999999974,0.5000000000000011,8.00000000000015,False
1.1575,199.99999999999974,0.5000000000000009,8.000000000000309,False
1.158,200.00000000000003,0.5000000000000009,8.000000000000437,False
1.1585,200.00000000000026,0.4999999999999986,8.000000000000245,False
1.159,200.00000000000026,0.4999999999999981,7.999999999999961,False
1.1595,200.00000000000026,0.4999999999999991,7.999999999999783,False
1.16,200.0000000000001,0.4999999999999991,7.999999999999615,False
1.1605,199.99999999999983,0.5000000000000002,7.999999999999644,False
1.161,199.99999999999974,0.5000000000000019,7.999999999999923,False
1.1615,199.99999999999974,0.5000000000000012,8.000000000000133,False
1.162,199.99999999999974,0.5000000000000009,8.000000000000293,False
1.1625,200.0,0.5000000000000009,8.000000000000428,False
1.163,200.00000000000026,0.4999999999999989,8.000000000000265,False
1.1635,200.00000000000026,0.499999999999998,7.99999999999998,False
1.164,200.00000000000026,0.4999999999999991,7.999999999999802,False
1.1645,200.00000000000014,0.4999999999999991,7.9999999999996305,False
1.165,199.99999999999986,0.5,7.999999999999628,False
1.1655,199.99999999999974,0.5000000000000018,7.999999999999888,False
1.166,199.99999999999974,0.5000000000000014,8.000000000000119,False
1.1665,199.99999999999974,0.5000000000000009,8.000000000000279,False
1.167,200.0,0.5000000000000009,8.000000000000414,False
1.1675,200.00000000000023,0.4999999999999989,8.00000000000025,False
1.168,200.00000000000023,0.4999999999999982,7.999999999999985,False
1.1685,200.00000000000023,0.4999999999999992,7.999999999999834,False
1.169,200.0000000000002,0.4999999999999992,7.999999999999683,False
1.1695,199.99999999999991,0.49999999999999944,7.999999999999601,False
1.17,199.99999999999977,0.5000000000000016,7.999999999999828,False
1.1705,199.99999999999977,0.5000000000000014,8.000000000000048,False
1.171,199.99999999999977,0.5000000000000009,8.000000000000208,False
1.1715,199.9999999999999,0.5000000000000009,8.00000000000036,False
1.172,200.00000000000017,0.49999999999999983,8.00000000000033,False
1.1725,200.00000000000023,0.49999999999999817,8.000000000000068,False
1.173,200.00000000000023,0.49999999999999895,7.999999999999878,False
1.1735,200.00000000000023,0.4999999999999992,7.999999999999727,False
1.174,200.0,0.4999999999999992,7.9999999999996,False
1.1745,199.99999999999977,0.500000000000001,7.999999999999747,False
1.175,199.99999999999977,0.5000000000000019,8.000000000000023,False
1.1755,199.99999999999977,0.5000000000000009,8.000000000000183,False
1.176,199.99999999999983,0.5000000000000009,8.000000000000341,False
1.1765,200.0000000000001,0.5000000000000003,8.00000000000039,False
1.177,200.00000000000026,0.49999999999999833,8.000000000000151,False
1.1775,200.00000000000026,0.4999999999999985,7.999999999999902,False
1.178,200.00000000000026,0.4999999999999991,7.999999999999725,False
1.1785,200.00000000000003,0.4999999999999991,7.999999999999573,False
1.179,199.99999999999974,0.5000000000000009,7.999999999999697,False
1.1795,199.99999999999972,0.5000000000000021,8.000000000000016,False
1.18,199.99999999999972,0.5000000000000011,8.00000000000023,False
1.1805,199.9999999999999,0.500000000000001,8.000000000000409,False
1.181,200.00000000000017,0.4999999999999996,8.000000000000355,False
1.1815,200.00000000000026,0.49999999999999817,8.000000000000092,False
1.182,200.00000000000026,0.4999999999999987,7.999999999999874,False
1.1825,200.00000000000026,0.4999999999999991,7.999999999999696,False
1.183,199.99999999999997,0.4999999999999991,7.9999999999995595,False
1.1835,199.99999999999974,0.5000000000000013,7.999999999999753,False
1.184,199.99999999999974,0.5000000000000019,8.000000000000037,False
1.1845,199.99999999999974,0.5000000000000009,8.000000000000197,False
1.185,199.99999999999983,0.5000000000000009,8.000000000000355,False
1.1855,200.0000000000001,0.5000000000000002,8.000000000000389,False
1.186,200.00000000000026,0.49999999999999833,8.00000000000015,False
1.1865,200.00000000000026,0.4999999999999985,7.9999999999999005,False
1.187,200.00000000000026,0.4999999999999991,7.999999999999723,False
1.1875,200.0,0.4999999999999991,7.999999999999578,False
1.188,199.99999999999977,0.5000000000000011,7.99999999999974,False
1.1885000000000001,199.99999999999977,0.5000000000000019,8.000000000000016,False
1.189,199.99999999999977,0.5000000000000009,8.000000000000176,False
1.1895,199.99999999999983,0.5000000000000009,8.000000000000334,False
1.19,200.0000000000001,0.5000000000000003,8.000000000000384,False
1.1905000000000001,200.00000000000023,0.49999999999999833,8.000000000000144,False
1.191,200.00000000000023,0.4999999999999987,7.999999999999931,False
1.1915,200.00000000000023,0.4999999999999992,7.99999999999978,False
1.192,200.0000000000001,0.4999999999999992,7.999999999999634,False
1.1925000000000001,199.99999999999983,0.5000000000000001,7.9999999999996545,False
1.193,199.99999999999974,0.5000000000000019,7.999999999999933,False
1.1935,199.99999999999974,0.5000000000000012,8.000000000000144,False
1.194,199.99999999999974,0.5000000000000009,8.000000000000304,False
1.1945000000000001,200.00000000000003,0.5000000000000009,8.000000000000432,False
1.195,200.00000000000026,0.4999999999999986,8.00000000000024,False
1.1955,200.00000000000026,0.4999999999999981,7.999999999999956,False
1.196,200.00000000000026,0.4999999999999991,7.999999999999778,False
1.1965000000000001,200.0000000000001,0.4999999999999991,7.99999999999961,False
1.197,199.99999999999983,0.5000000000000002,7.9999999999996385,False
1.1975,199.99999999999974,0.5000000000000019,7.999999999999917,False
1.198,199.99999999999974,0.5000000000000012,8.000000000000126,False
1.1985000000000001,199.99999999999974,0.5000000000000009,8.000000000000286,False
1.199,200.0,0.5000000000000009,8.000000000000421,False
1.1995,200.00000000000023,0.4999999999999989,8.000000000000258,False
1.2,200.00000000000023,0.4999999999999982,7.999999999999992,False
1.2005000000000001,200.00000000000023,0.4999999999999992,7.999999999999841,False
1.201,200.00000000000023,0.4999999999999992,7.99999999999969,False
1.2015,199.99999999999994,0.4999999999999992,7.999999999999576,False
1.202,199.99999999999974,0.5000000000000014,7.999999999999784,False
1.2025000000000001,199.99999999999974,0.5000000000000018,8.000000000000052,False
1.203,199.99999999999974,0.5000000000000009,8.000000000000211,False
1.2035,199.99999999999986,0.5000000000000009,8.000000000000368,False
1.204,200.00000000000014,0.5,8.00000000000037,False
1.2045000000000001,200.00000000000026,0.4999999999999983,8.00000000000011,False
1.205,200.00000000000026,0.4999999999999986,7.9999999999998925,False
1.2055,200.00000000000026,0.4999999999999991,7.999999999999715,False
1.206,200.0,0.4999999999999991,7.99999999999957,False
1.2065000000000001,199.99999999999974,0.5000000000000011,7.999999999999733,False
1.207,199.99999999999974,0.500000000000002,8.000000000000025,False
1.2075,199.99999999999974,0.5000000000000009,8.000000000000185,False
1.208,199.99999999999983,0.5000000000000009,8.000000000000343,False
1.2085000000000001,200.0000000000001,0.5000000000000002,8.000000000000377,False
1.209,200.00000000000023,0.49999999999999833,8.000000000000137,False
1.2095,200.00000000000023,0.4999999999999987,7.999999999999924,False
1.21,200.00000000000023,0.4999999999999992,7.999999999999773,False
1.2105000000000001,200.00000000000009,0.4999999999999992,7.9999999999996305,False
1.211,199.9999999999998,0.5000000000000003,7.999999999999683,False
1.2115,199.99999999999977,0.5000000000000019,7.999999999999957,False
1.212,199.99999999999977,0.500000000000001,8.000000000000135,False
1.2125000000000001,199.99999999999977,0.5000000000000009,8.000000000000295,False
1.213,200.00000000000003,0.5000000000000009,8.000000000000423,False
1.2135,200.00000000000026,0.4999999999999988,8.000000000000243,False
1.214,200.00000000000026,0.4999999999999981,7.999999999999959,False
1.2145000000000001,200.00000000000026,0.4999999999999991,7.9999999999997815,False
1.215,200.0000000000001,0.4999999999999991,7.999999999999614,False
1.2155,199.99999999999983,0.5000000000000002,7.999999999999642,False
1.216,199.99999999999974,0.5000000000000019,7.999999999999921,False
1.2165,199.99999999999974,0.5000000000000012,8.000000000000131,False
1.217,199.99999999999974,0.5000000000000009,8.000000000000291,False
1.2175,200.0,0.5000000000000009,8.000000000000426,False
1.218,200.00000000000026,0.4999999999999989,8.000000000000263,False
1.2185,200.00000000000026,0.499999999999998,7.999999999999978,False
1.219,200.00000000000026,0.4999999999999991,7.9999999999998,False
1.2195,200.00000000000014,0.4999999999999991,7.999999999999629,False
1.22,199.99999999999986,0.5,7.999999999999626,False
1.2205,199.99999999999974,0.5000000000000018,7.999999999999886,False
1.221,199.99999999999974,0.5000000000000014,8.000000000000117,False
1.2215,199.99999999999974,0.5000000000000009,8.000000000000277,False
1.222,199.99999999999997,0.5000000000000009,8.000000000000417,False
1.2225,200.00000000000026,0.49999999999999906,8.000000000000288,False
1.223,200.00000000000026,0.49999999999999784,7.999999999999968,False
1.2235,200.00000000000026,0.4999999999999991,7.99999999999979,False
1.224,200.0000000000001,0.4999999999999991,7.9999999999996225,False
1.2245,199.99999999999983,0.5000000000000002,7.999999999999651,False
1.225,199.99999999999974,0.5000000000000019,7.99999999999993,False
1.2255,199.99999999999974,0.5000000000000012,8.00000000000014,False
1.226,199.99999999999974,0.5000000000000009,8.0000000000003,False
1.2265,200.00000000000003,0.5000000000000009,8.000000000000428,False
1.227,200.00000000000026,0.4999999999999986,8.000000000000236,False
1.2275,200.00000000000026,0.4999999999999981,7.999999999999952,False
1.228,200.00000000000026,0.4999999999999991,7.999999999999774,False
1.2285,200.00000000000009,0.4999999999999991,7.999999999999611,False
1.229,199.9999999999998,0.5000000000000004,7.999999999999671,False
1.2295,199.99999999999974,0.5000000000000019,7.999999999999953,False
1.23,199.99999999999974,0.5000000000000011,8.00000000000015,False
1.2305,199.99999999999974,0.5000000000000009,8.000000000000309,False
1.231,200.00000000000003,0.5000000000000009,8.000000000000437,False
1.2315,200.00000000000026,0.4999999999999986,8.000000000000245,False
1.232,200.00000000000026,0.4999999999999981,7.999999999999961,False
1.2325,200.00000000000026,0.4999999999999991,7.999999999999783,False
1.233,200.0000000000001,0.4999999999999991,7.999999999999615,False
1.2335,199.99999999999983,0.5000000000000002,7.999999999999644,False
1.234,199.99999999999974,0.5000000000000019,7.999999999999923,False
1.2345,199.99999999999974,0.5000000000000012,8.000000000000133,False
1.235,199.99999999999974,0.5000000000000009,8.000000000000293,False
1.2355,200.0,0.5000000000000009,8.000000000000428,False
1.236,200.00000000000026,0.4999999999999989,8.000000000000265,False
1.2365,200.00000000000026,0.499999999999998,7.99999999999998,False
1.237,200.00000000000026,0.4999999999999991,7.999999999999802,False
1.2375,200.00000000000014,0.4999999999999991,7.9999999999996305,False
1.238,199.99999999999986,0.5,7.999999999999628,False
1.2385,199.99999999999974,0.5000000000000018,7.999999999999888,False
1.239,199.99999999999974,0.5000000000000014,8.000000000000119,False
1.2395,199.99999999999974,0.5000000000000009,8.000000000000279,False
1.24,200.0,0.5000000000000009,8.000000000000414,False
1.2405,200.00000000000023,0.4999999999999989,8.00000000000025,False
1.241,200.00000000000023,0.4999999999999982,7.999999999999985,False
1.2415,200.00000000000023,0.4999999999999992,7.999999999999834,False
1.242,200.0000000000002,0.4999999999999992,7.999999999999683,False
1.2425,199.99999999999991,0.49999999999999944,7.999999999999601,False
1.243,199.99999999999977,0.5000000000000016,7.999999999999828,False
1.2435,199.99999999999977,0.5000000000000014,8.000000000000048,False
1.244,199.99999999999977,0.5000000000000009,8.000000000000208,False
1.2445,199.9999999999999,0.5000000000000009,8.00000000000036,False
1.245,200.00000000000017,0.49999999999999983,8.00000000000033,False
1.2455,200.00000000000023,0.49999999999999817,8.000000000000068,False
1.246,200.00000000000023,0.49999999999999895,7.999999999999878,False
1.2465,200.00000000000023,0.4999999999999992,7.999999999999727,False
1.247,200.0,0.4999999999999992,7.9999999999996,False
1.2475,199.99999999999977,0.500000000000001,7.999999999999747,False
1.248,199.99999999999977,0.5000000000000019,8.000000000000023,False
1.2485,199.99999999999977,0.5000000000000009,8.000000000000183,False
1.249,199.99999999999983,0.5000000000000009,8.000000000000341,False
1.2495,200.0000000000001,0.5000000000000003,8.00000000000039,False
1.25,200.00000000000026,0.49999999999999833,8.000000000000151,False
1.2505,200.00000000000026,0.4999999999999985,7.999999999999902,False
1.2510000000000001,200.00000000000026,0.4999999999999991,7.999999999999725,False
1.2515,200.00000000000003,0.4999999999999991,7.999999999999573,False
1.252,199.99999999999974,0.5000000000000009,7.999999999999697,False
1.2525,199.99999999999972,0.5000000000000021,8.000000000000016,False
1.2530000000000001,199.99999999999972,0.5000000000000011,8.00000000000023,False
1.2535,199.9999999999999,0.500000000000001,8.000000000000409,False
1.254,200.00000000000017,0.4999999999999996,8.000000000000355,False
1.2545,200.00000000000026,0.49999999999999817,8.000000000000092,False
1.2550000000000001,200.00000000000026,0.4999999999999987,7.999999999999874,False
1.2555,200.00000000000026,0.4999999999999991,7.999999999999696,False
1.256,199.99999999999997,0.4999999999999991,7.9999999999995595,False
1.2565,199.99999999999974,0.5000000000000013,7.999999999999753,False
1.2570000000000001,199.99999999999974,0.5000000000000019,8.000000000000037,False
1.2575,199.99999999999974,0.5000000000000009,8.000000000000197,False
1.258,199.99999999999983,0.5000000000000009,8.000000000000355,False
1.2585,200.0000000000001,0.5000000000000002,8.000000000000389,False
1.2590000000000001,200.00000000000026,0.49999999999999833,8.00000000000015,False
1.2595,200.00000000000026,0.4999999999999985,7.9999999999999005,False
1.26,200.00000000000026,0.4999999999999991,7.999999999999723,False
1.2605,200.0,0.4999999999999991,7.999999999999578,False
1.2610000000000001,199.99999999999977,0.5000000000000011,7.99999999999974,False
1.2615,199.99999999999977,0.5000000000000019,8.000000000000016,False
1.262,199.99999999999977,0.5000000000000009,8.000000000000176,False
1.2625,199.99999999999983,0.5000000000000009,8.000000000000334,False
1.2630000000000001,200.0000000000001,0.5000000000000003,8.000000000000384,False
1.2635,200.00000000000023,0.49999999999999833,8.000000000000144,False
1.264,200.00000000000023,0.4999999999999987,7.999999999999931,False
1.2645,200.00000000000023,0.4999999999999992,7.99999999999978,False
1.2650000000000001,200.0000000000001,0.4999999999999992,7.999999999999634,False
1.2655,199.99999999999983,0.5000000000000001,7.9999999999996545,False
1.266,199.99999999999974,0.5000000000000019,7.999999999999933,False
1.2665,199.99999999999974,0.5000000000000012,8.000000000000144,False
1.2670000000000001,199.99999999999974,0.5000000000000009,8.000000000000304,False
1.2675,200.00000000000003,0.5000000000000009,8.000000000000432,False
1.268,200.00000000000026,0.4999999999999986,8.00000000000024,False
1.2685,200.00000000000026,0.4999999999999981,7.999999999999956,False
1.2690000000000001,200.00000000000026,0.4999999999999991,7.999999999999778,False
1.2695,200.0000000000001,0.4999999999999991,7.99999999999961,False
1.27,199.99999999999983,0.5000000000000002,7.9999999999996385,False
1.2705,199.99999999999974,0.5000000000000019,7.999999999999917,False
1.2710000000000001,199.99999999999974,0.5000000000000012,8.000000000000126,False
1.2715,199.99999999999974,0.5000000000000009,8.000000000000286,False
1.272,200.0,0.5000000000000009,8.000000000000421,False
1.2725,200.00000000000023,0.4999999999999989,8.000000000000258,False
1.2730000000000001,200.00000000000023,0.4999999999999982,7.999999999999992,False
1.2735,200.00000000000023,0.4999999999999992,7.999999999999841,False
1.274,200.00000000000023,0.4999999999999992,7.99999999999969,False
1.2745,199.99999999999994,0.4999999999999992,7.999999999999576,False
1.2750000000000001,199.99999999999974,0.5000000000000014,7.999999999999784,False
1.2755,199.99999999999974,0.5000000000000018,8.000000000000052,False
1.276,199.99999999999974,0.5000000000000009,8.000000000000211,False
1.2765,199.99999999999986,0.5000000000000009,8.000000000000368,False
1.2770000000000001,200.00000000000014,0.5,8.00000000000037,False
1.2775,200.00000000000026,0.4999999999999983,8.00000000000011,False
1.278,200.00000000000026,0.4999999999999986,7.9999999999998925,False
1.2785,200.00000000000026,0.4999999999999991,7.999999999999715,False
1.2790000000000001,200.0,0.4999999999999991,7.99999999999957,False
1.2795,199.99999999999974,0.5000000000000011,7.999999999999733,False
1.28,199.99999999999974,0.500000000000002,8.000000000000025,False
1.2805,199.99999999999974,0.5000000000000009,8.000000000000185,False
1.281,199.99999999999983,0.5000000000000009,8.000000000000343,False
1.2815,200.0000000000001,0.5000000000000002,8.000000000000377,False
1.282,200.00000000000023,0.49999999999999833,8.000000000000137,False
1.2825,200.00000000000023,0.4999999999999987,7.999999999999924,False
1.283,200.00000000000023,0.4999999999999992,7.999999999999773,False
1.2835,200.00000000000009,0.4999999999999992,7.9999999999996305,False
1.284,199.9999999999998,0.5000000000000003,7.999999999999683,False
1.2845,199.99999999999977,0.5000000000000019,7.999999999999957,False
1.285,199.99999999999977,0.500000000000001,8.000000000000135,False
1.2855,199.99999999999977,0.5000000000000009,8.000000000000295,False
1.286,200.00000000000003,0.5000000000000009,8.000000000000423,False
1.2865,200.00000000000026,0.4999999999999988,8.000000000000243,False
1.287,200.00000000000026,0.4999999999999981,7.999999999999959,False
1.2875,200.00000000000026,0.4999999999999991,7.9999999999997815,False
1.288,200.0000000000001,0.4999999999999991,7.999999999999614,False
1.2885,199.99999999999983,0.5000000000000002,7.999999999999642,False
1.289,199.99999999999974,0.5000000000000019,7.999999999999921,False
1.2895,199.99999999999974,0.5000000000000012,8.000000000000131,False
1.29,199.99999999999974,0.5000000000000009,8.000000000000291,False
1.2905,200.0,0.5000000000000009,8.000000000000426,False
1.291,200.00000000000026,0.4999999999999989,8.000000000000263,False
1.2915,200.00000000000026,0.499999999999998,7.999999999999978,False
1.292,200.00000000000026,0.4999999999999991,7.9999999999998,False
1.2925,200.00000000000014,0.4999999999999991,7.999999999999629,False
1.293,199.99999999999986,0.5,7.999999999999626,False
1.2935,199.99999999999974,0.5000000000000018,7.999999999999886,False
1.294,199.99999999999974,0.5000000000000014,8.000000000000117,False
1.2945,199.99999999999974,0.5000000000000009,8.000000000000277,False
1.295,199.99999999999997,0.5000000000000009,8.000000000000417,False
1.2955,200.00000000000026,0.49999999999999906,8.000000000000288,False
1.296,200.00000000000026,0.49999999999999784,7.999999999999968,False
1.2965,200.00000000000026,0.4999999999999991,7.99999999999979,False
1.297,200.0000000000001,0.4999999999999991,7.9999999999996225,False
1.2975,199.99999999999983,0.5000000000000002,7.999999999999651,False
1.298,199.99999999999974,0.5000000000000019,7.99999999999993,False
1.2985,199.99999999999974,0.5000000000000012,8.00000000000014,False
1.299,199.99999999999974,0.5000000000000009,8.0000000000003,False
1.2995,200.00000000000003,0.5000000000000009,8.000000000000428,False
1.3,200.00000000000026,0.4999999999999986,8.000000000000236,False
1.3005,200.00000000000026,0.4999999999999981,7.999999999999952,False
1.301,200.00000000000026,0.4999999999999991,7.999999999999774,False
1.3015,200.00000000000009,0.4999999999999991,7.999999999999611,False
1.302,199.9999999999998,0.5000000000000004,7.999999999999671,False
1.3025,199.99999999999974,0.5000000000000019,7.999999999999953,False
1.303,199.99999999999974,0.5000000000000011,8.00000000000015,False
1.3035,199.99999999999974,0.5000000000000009,8.000000000000309,False
1.304,200.00000000000003,0.5000000000000009,8.000000000000437,False
1.3045,200.00000000000026,0.4999999999999986,8.000000000000245,False
1.305,200.00000000000026,0.4999999999999981,7.999999999999961,False
1.3055,200.00000000000026,0.4999999999999991,7.999999999999783,False
1.306,200.0000000000001,0.4999999999999991,7.999999999999615,False
1.3065,199.99999999999983,0.5000000000000002,7.999999999999644,False
1.307,199.99999999999974,0.5000000000000019,7.999999999999923,False
1.3075,199.99999999999974,0.5000000000000012,8.000000000000133,False
1.308,199.99999999999974,0.5000000000000009,8.000000000000293,False
1.3085,200.0,0.5000000000000009,8.000000000000428,False
1.309,200.00000000000026,0.4999999999999989,8.000000000000265,False
1.3095,200.00000000000026,0.499999999999998,7.99999999999998,False
1.31,200.00000000000026,0.4999999999999991,7.999999999999802,False
1.3105,200.00000000000014,0.4999999999999991,7.9999999999996305,False
1.311,199.99999999999986,0.5,7.999999999999628,False
1.3115,199.99999999999974,0.5000000000000018,7.999999999999888,False
1.312,199.99999999999974,0.5000000000000014,8.000000000000119,False
1.3125,199.99999999999974,0.5000000000000009,8.000000000000279,False
1.313,200.0,0.5000000000000009,8.000000000000414,False
1.3135000000000001,200.00000000000023,0.4999999999999989,8.00000000000025,False
1.314,200.00000000000023,0.4999999999999982,7.999999999999985,False
1.3145,200.00000000000023,0.4999999999999992,7.999999999999834,False
1.315,200.0000000000002,0.4999999999999992,7.999999999999683,False
1.3155000000000001,199.99999999999991,0.49999999999999944,7.999999999999601,False
1.316,199.99999999999977,0.5000000000000016,7.999999999999828,False
1.3165,199.99999999999977,0.5000000000000014,8.000000000000048,False
1.317,199.99999999999977,0.5000000000000009,8.000000000000208,False
1.3175000000000001,199.9999999999999,0.5000000000000009,8.00000000000036,False
1.318,200.00000000000017,0.49999999999999983,8.00000000000033,False
1.3185,200.00000000000023,0.49999999999999817,8.000000000000068,False
1.319,200.00000000000023,0.49999999999999895,7.999999999999878,False
1.3195000000000001,200.00000000000023,0.4999999999999992,7.999999999999727,False
1.32,200.0,0.4999999999999992,7.9999999999996,False
1.3205,199.99999999999977,0.500000000000001,7.999999999999747,False
1.321,199.99999999999977,0.5000000000000019,8.000000000000023,False
1.3215000000000001,199.99999999999977,0.5000000000000009,8.000000000000183,False
1.322,199.99999999999983,0.5000000000000009,8.000000000000341,False
1.3225,200.0000000000001,0.5000000000000003,8.00000000000039,False
1.323,200.00000000000026,0.49999999999999833,8.000000000000151,False
1.3235000000000001,200.00000000000026,0.4999999999999985,7.999999999999902,False
1.324,200.00000000000026,0.4999999999999991,7.999999999999725,False
1.3245,200.00000000000003,0.4999999999999991,7.999999999999573,False
1.325,199.99999999999974,0.5000000000000009,7.999999999999697,False
1.3255000000000001,199.99999999999972,0.5000000000000021,8.000000000000016,False
1.326,199.99999999999972,0.5000000000000011,8.00000000000023,False
1.3265,199.9999999999999,0.500000000000001,8.000000000000409,False
1.327,200.00000000000017,0.4999999999999996,8.000000000000355,False
1.3275000000000001,200.00000000000026,0.49999999999999817,8.000000000000092,False
1.328,200.00000000000026,0.4999999999999987,7.999999999999874,False
1.3285,200.00000000000026,0.4999999999999991,7.999999999999696,False
1.329,199.99999999999997,0.4999999999999991,7.9999999999995595,False
1.3295000000000001,199.99999999999974,0.5000000000000013,7.999999999999753,False
1.33,199.99999999999974,0.5000000000000019,8.000000000000037,False
1.3305,199.99999999999974,0.5000000000000009,8.000000000000197,False
1.331,199.99999999999983,0.5000000000000009,8.000000000000355,False
1.3315000000000001,200.0000000000001,0.5000000000000002,8.000000000000389,False
1.332,200.00000000000026,0.49999999999999833,8.00000000000015,False
1.3325,200.00000000000026,0.4999999999999985,7.9999999999999005,False
1.333,200.00000000000026,0.4999999999999991,7.999999999999723,False
1.3335000000000001,200.0,0.4999999999999991,7.999999999999578,False
1.334,199.99999999999977,0.5000000000000011,7.99999999999974,False
1.3345,199.99999999999977,0.5000000000000019,8.000000000000016,False
1.335,199.99999999999977,0.5000000000000009,8.000000000000176,False
1.3355000000000001,199.99999999999983,0.5000000000000009,8.000000000000334,False
1.336,200.0000000000001,0.5000000000000003,8.000000000000384,False
1.3365,200.00000000000023,0.49999999999999833,8.000000000000144,False
1.337,200.00000000000023,0.4999999999999987,7.999999999999931,False
1.3375000000000001,200.00000000000023,0.4999999999999992,7.99999999999978,False
1.338,200.0000000000001,0.4999999999999992,7.999999999999634,False
1.3385,199.99999999999983,0.5000000000000001,7.9999999999996545,False
1.339,199.99999999999974,0.5000000000000019,7.999999999999933,False
1.3395000000000001,199.99999999999974,0.5000000000000012,8.000000000000144,False
1.34,199.99999999999974,0.5000000000000009,8.000000000000304,False
1.3405,200.00000000000003,0.5000000000000009,8.000000000000432,False
1.341,200.00000000000026,0.4999999999999986,8.00000000000024,False
1.3415000000000001,200.00000000000026,0.4999999999999981,7.999999999999956,False
1.342,200.00000000000026,0.4999999999999991,7.999999999999778,False
1.3425,200.0000000000001,0.4999999999999991,7.99999999999961,False
1.343,199.99999999999983,0.5000000000000002,7.9999999999996385,False
1.3435000000000001,199.99999999999974,0.5000000000000019,7.999999999999917,False
1.344,199.99999999999974,0.5000000000000012,8.000000000000126,False
1.3445,199.99999999999974,0.5000000000000009,8.000000000000286,False
1.345,200.0,0.5000000000000009,8.000000000000421,False
1.3455,200.00000000000023,0.4999999999999989,8.000000000000258,False
1.346,200.00000000000023,0.4999999999999982,7.999999999999992,False
1.3465,200.00000000000023,0.4999999999999992,7.999999999999841,False
1.347,200.00000000000023,0.4999999999999992,7.99999999999969,False
1.3475,199.99999999999994,0.4999999999999992,7.999999999999576,False
1.348,199.99999999999974,0.5000000000000014,7.999999999999784,False
1.3485,199.99999999999974,0.5000000000000018,8.000000000000052,False
1.349,199.99999999999974,0.5000000000000009,8.000000000000211,False
1.3495,199.99999999999986,0.5000000000000009,8.000000000000368,False
1.35,200.00000000000014,0.5,8.00000000000037,False
1.3505,200.00000000000026,0.4999999999999983,8.00000000000011,False
1.351,200.00000000000026,0.4999999999999986,7.9999999999998925,False
1.3515,200.00000000000026,0.4999999999999991,7.999999999999715,False
1.352,200.0,0.4999999999999991,7.99999999999957,False
1.3525,199.99999999999974,0.5000000000000011,7.999999999999733,False
1.353,199.99999999999974,0.500000000000002,8.000000000000025,False
1.3535,199.99999999999974,0.5000000000000009,8.000000000000185,False
1.354,199.99999999999983,0.5000000000000009,8.000000000000343,False
1.3545,200.0000000000001,0.5000000000000002,8.000000000000377,False
1.355,200.00000000000023,0.49999999999999833,8.000000000000137,False
1.3555,200.00000000000023,0.4999999999999987,7.999999999999924,False
1.356,200.00000000000023,0.4999999999999992,7.999999999999773,False
1.3565,200.00000000000009,0.4999999999999992,7.9999999999996305,False
1.357,199.9999999999998,0.5000000000000003,7.999999999999683,False
1.3575,199.99999999999977,0.5000000000000019,7.999999999999957,False
1.358,199.99999999999977,0.500000000000001,8.000000000000135,False
1.3585,199.99999999999977,0.5000000000000009,8.000000000000295,False
1.359,200.00000000000003,0.5000000000000009,8.000000000000423,False
1.3595,200.00000000000026,0.4999999999999988,8.000000000000243,False
1.36,200.00000000000026,0.4999999999999981,7.999999999999959,False
1.3605,200.00000000000026,0.4999999999999991,7.9999999999997815,False
1.361,200.0000000000001,0.4999999999999991,7.999999999999614,False
1.3615,199.99999999999983,0.5000000000000002,7.999999999999642,False
1.362,199.99999999999974,0.5000000000000019,7.999999999999921,False
1.3625,199.99999999999974,0.5000000000000012,8.000000000000131,False
1.363,199.99999999999974,0.5000000000000009,8.000000000000291,False
1.3635,200.0,0.5000000000000009,8.000000000000426,False
1.364,200.00000000000026,0.4999999999999989,8.000000000000263,False
1.3645,200.00000000000026,0.499999999999998,7.999999999999978,False
1.365,200.00000000000026,0.4999999999999991,7.9999999999998,False
1.3655,200.00000000000014,0.4999999999999991,7.999999999999629,False
1.366,199.99999999999986,0.5,7.999999999999626,False
1.3665,199.99999999999974,0.5000000000000018,7.999999999999886,False
1.367,199.99999999999974,0.5000000000000014,8.000000000000117,False
1.3675,199.99999999999974,0.5000000000000009,8.000000000000277,False
1.368,199.99999999999997,0.5000000000000009,8.000000000000417,False
1.3685,200.00000000000026,0.49999999999999906,8.000000000000288,False
1.369,200.00000000000026,0.49999999999999784,7.999999999999968,False
1.3695,200.00000000000026,0.4999999999999991,7.99999999999979,False
1.37,200.0000000000001,0.4999999999999991,7.9999999999996225,False
1.3705,199.99999999999983,0.5000000000000002,7.999999999999651,False
1.371,199.99999999999974,0.5000000000000019,7.99999999999993,False
1.3715,199.99999999999974,0.5000000000000012,8.00000000000014,False
1.372,199.99999999999974,0.5000000000000009,8.0000000000003,False
1.3725,200.00000000000003,0.5000000000000009,8.000000000000428,False
1.373,200.00000000000026,0.4999999999999986,8.000000000000236,False
1.3735,200.00000000000026,0.4999999999999981,7.999999999999952,False
1.374,200.00000000000026,0.4999999999999991,7.999999999999774,False
1.3745,200.00000000000009,0.4999999999999991,7.999999999999611,False
1.375,199.9999999999998,0.5000000000000004,7.999999999999671,False
1.3755,199.99999999999974,0.5000000000000019,7.999999999999953,False
1.3760000000000001,199.99999999999974,0.5000000000000011,8.00000000000015,False
1.3765,199.99999999999974,0.5000000000000009,8.000000000000309,False
1.377,200.00000000000003,0.5000000000000009,8.000000000000437,False
1.3775,200.00000000000026,0.4999999999999986,8.000000000000245,False
1.3780000000000001,200.00000000000026,0.4999999999999981,7.999999999999961,False
1.3785,200.00000000000026,0.4999999999999991,7.999999999999783,False
1.379,200.0000000000001,0.4999999999999991,7.999999999999615,False
1.3795,199.99999999999983,0.5000000000000002,7.999999999999644,False
1.3800000000000001,199.99999999999974,0.5000000000000019,7.999999999999923,False
1.3805,199.99999999999974,0.5000000000000012,8.000000000000133,False
1.381,199.99999999999974,0.5000000000000009,8.000000000000293,False
1.3815,200.0,0.5000000000000009,8.000000000000428,False
1.3820000000000001,200.00000000000026,0.4999999999999989,8.000000000000265,False
1.3825,200.00000000000026,0.499999999999998,7.99999999999998,False
1.383,200.00000000000026,0.4999999999999991,7.999999999999802,False
1.3835,200.00000000000014,0.4999999999999991,7.9999999999996305,False
1.3840000000000001,199.99999999999986,0.5,7.999999999999628,False
1.3845,199.99999999999974,0.5000000000000018,7.999999999999888,False
1.385,199.99999999999974,0.5000000000000014,8.000000000000119,False
1.3855,199.99999999999974,0.5000000000000009,8.000000000000279,False
1.3860000000000001,200.0,0.5000000000000009,8.000000000000414,False
1.3865,200.00000000000023,0.4999999999999989,8.00000000000025,False
1.387,200.00000000000023,0.4999999999999982,7.999999999999985,False
1.3875,200.00000000000023,0.4999999999999992,7.999999999999834,False
1.3880000000000001,200.0000000000002,0.4999999999999992,7.999999999999683,False
1.3885,199.99999999999991,0.49999999999999944,7.999999999999601,False
1.389,199.99999999999977,0.5000000000000016,7.999999999999828,False
1.3895,199.99999999999977,0.5000000000000014,8.000000000000048,False
1.3900000000000001,199.99999999999977,0.5000000000000009,8.000000000000208,False
1.3905,199.9999999999999,0.5000000000000009,8.00000000000036,False
1.391,200.00000000000017,0.49999999999999983,8.00000000000033,False
1.3915,200.00000000000023,0.49999999999999817,8.000000000000068,False
1.3920000000000001,200.00000000000023,0.49999999999999895,7.999999999999878,False
1.3925,200.00000000000023,0.4999999999999992,7.999999999999727,False
1.393,200.0,0.4999999999999992,7.9999999999996,False
1.3935,199.99999999999977,0.500000000000001,7.999999999999747,False
1.3940000000000001,199.99999999999977,0.5000000000000019,8.000000000000023,False
1.3945,199.99999999999977,0.5000000000000009,8.000000000000183,False
1.395,199.99999999999983,0.5000000000000009,8.000000000000341,False
1.3955,200.0000000000001,0.5000000000000003,8.00000000000039,False
1.3960000000000001,200.00000000000026,0.49999999999999833,8.000000000000151,False
1.3965,200.00000000000026,0.4999999999999985,7.999999999999902,False
1.397,200.00000000000026,0.4999999999999991,7.999999999999725,False
1.3975,200.00000000000003,0.4999999999999991,7.999999999999573,False
1.3980000000000001,199.99999999999974,0.5000000000000009,7.999999999999697,False
1.3985,199.99999999999972,0.5000000000000021,8.000000000000016,False
1.399,199.99999999999972,0.5000000000000011,8.00000000000023,False
1.3995,199.9999999999999,0.500000000000001,8.000000000000409,False
1.4000000000000001,200.00000000000017,0.4999999999999996,8.000000000000355,False
1.4005,200.00000000000026,0.49999999999999817,8.000000000000092,False
1.401,200.00000000000026,0.4999999999999987,7.999999999999874,False
1.4015,200.00000000000026,0.4999999999999991,7.999999999999696,False
1.4020000000000001,199.99999999999997,0.4999999999999991,7.9999999999995595,False
1.4025,199.99999999999974,0.5000000000000013,7.999999999999753,False
1.403,199.99999999999974,0.5000000000000019,8.000000000000037,False
1.4035,199.99999999999974,0.5000000000000009,8.000000000000197,False
1.4040000000000001,199.99999999999983,0.5000000000000009,8.000000000000355,False
1.4045,200.0000000000001,0.5000000000000002,8.000000000000389,False
1.405,200.00000000000026,0.49999999999999833,8.00000000000015,False
1.4055,200.00000000000026,0.4999999999999985,7.9999999999999005,False
1.4060000000000001,200.00000000000026,0.4999999999999991,7.999999999999723,False
1.4065,200.0,0.4999999999999991,7.999999999999578,False
1.407,199.99999999999977,0.5000000000000011,7.99999999999974,False
1.4075,199.99999999999977,0.5000000000000019,8.000000000000016,False
1.408,199.99999999999977,0.5000000000000009,8.000000000000176,False
1.4085,199.99999999999983,0.5000000000000009,8.000000000000334,False
1.409,200.0000000000001,0.5000000000000003,8.000000000000384,False
1.4095,200.00000000000023,0.49999999999999833,8.000000000000144,False
1.41,200.00000000000023,0.4999999999999987,7.999999999999931,False
1.4105,200.00000000000023,0.4999999999999992,7.99999999999978,False
1.411,200.0000000000001,0.4999999999999992,7.999999999999634,False
1.4115,199.99999999999983,0.5000000000000001,7.9999999999996545,False
1.412,199.99999999999974,0.5000000000000019,7.999999999999933,False
1.4125,199.99999999999974,0.5000000000000012,8.000000000000144,False
1.413,199.99999999999974,0.5000000000000009,8.000000000000304,False
1.4135,200.00000000000003,0.5000000000000009,8.000000000000432,False
1.414,200.00000000000026,0.4999999999999986,8.00000000000024,False
1.4145,200.00000000000026,0.4999999999999981,7.999999999999956,False
1.415,200.00000000000026,0.4999999999999991,7.999999999999778,False
1.4155,200.0000000000001,0.4999999999999991,7.99999999999961,False
1.416,199.99999999999983,0.5000000000000002,7.9999999999996385,False
1.4165,199.99999999999974,0.5000000000000019,7.999999999999917,False
1.417,199.99999999999974,0.5000000000000012,8.000000000000126,False
1.4175,199.99999999999974,0.5000000000000009,8.000000000000286,False
1.418,200.0,0.5000000000000009,8.000000000000421,False
1.4185,200.00000000000023,0.4999999999999989,8.000000000000258,False
1.419,200.00000000000023,0.4999999999999982,7.999999999999992,False
1.4195,200.00000000000023,0.4999999999999992,7.999999999999841,False
1.42,200.00000000000023,0.4999999999999992,7.99999999999969,False
1.4205,199.99999999999994,0.4999999999999992,7.999999999999576,False
1.421,199.99999999999974,0.5000000000000014,7.999999999999784,False
1.4215,199.99999999999974,0.5000000000000018,8.000000000000052,False
1.422,199.99999999999974,0.5000000000000009,8.000000000000211,False
1.4225,199.99999999999986,0.5000000000000009,8.000000000000368,False
1.423,200.00000000000014,0.5,8.00000000000037,False
1.4235,200.00000000000026,0.4999999999999983,8.00000000000011,False
1.424,200.00000000000026,0.4999999999999986,7.9999999999998925,False
1.4245,200.00000000000026,0.4999999999999991,7.999999999999715,False
1.425,200.0,0.4999999999999991,7.99999999999957,False
1.4255,199.99999999999974,0.5000000000000011,7.999999999999733,False
1.426,199.99999999999974,0.500000000000002,8.000000000000025,False
1.4265,199.99999999999974,0.5000000000000009,8.000000000000185,False
1.427,199.99999999999983,0.5000000000000009,8.000000000000343,False
1.4275,200.0000000000001,0.5000000000000002,8.000000000000377,False
1.428,200.00000000000023,0.49999999999999833,8.000000000000137,False
1.4285,200.00000000000023,0.4999999999999987,7.999999999999924,False
1.429,200.00000000000023,0.4999999999999992,7.999999999999773,False
1.4295,200.00000000000009,0.4999999999999992,7.9999999999996305,False
1.43,199.9999999999998,0.5000000000000003,7.999999999999683,False
1.4305,199.99999999999977,0.5000000000000019,7.999999999999957,False
1.431,199.99999999999977,0.500000000000001,8.000000000000135,False
1.4315,199.99999999999977,0.5000000000000009,8.000000000000295,False
1.432,200.00000000000003,0.5000000000000009,8.000000000000423,False
1.4325,200.00000000000026,0.4999999999999988,8.000000000000243,False
1.433,200.00000000000026,0.4999999999999981,7.999999999999959,False
1.4335,200.00000000000026,0.4999999999999991,7.9999999999997815,False
1.434,200.0000000000001,0.4999999999999991,7.999999999999614,False
1.4345,199.99999999999983,0.5000000000000002,7.999999999999642,False
1.435,199.99999999999974,0.5000000000000019,7.999999999999921,False
1.4355,199.99999999999974,0.5000000000000012,8.000000000000131,False
1.436,199.99999999999974,0.5000000000000009,8.000000000000291,False
1.4365,200.0,0.5000000000000009,8.000000000000426,False
1.437,200.00000000000026,0.4999999999999989,8.000000000000263,False
1.4375,200.00000000000026,0.499999999999998,7.999999999999978,False
1.438,200.00000000000026,0.4999999999999991,7.9999999999998,False
1.4385000000000001,200.00000000000014,0.4999999999999991,7.999999999999629,False
1.439,199.99999999999986,0.5,7.999999999999626,False
1.4395,199.99999999999974,0.5000000000000018,7.999999999999886,False
1.44,199.99999999999974,0.5000000000000014,8.000000000000117,False
1.4405000000000001,199.99999999999974,0.5000000000000009,8.000000000000277,False
1.441,199.99999999999997,0.5000000000000009,8.000000000000417,False
1.4415,200.00000000000026,0.49999999999999906,8.000000000000288,False
1.442,200.00000000000026,0.49999999999999784,7.999999999999968,False
1.4425000000000001,200.00000000000026,0.4999999999999991,7.99999999999979,False
1.443,200.0000000000001,0.4999999999999991,7.9999999999996225,False
1.4435,199.99999999999983,0.5000000000000002,7.999999999999651,False
1.444,199.99999999999974,0.5000000000000019,7.99999999999993,False
1.4445000000000001,199.99999999999974,0.5000000000000012,8.00000000000014,False
1.445,199.99999999999974,0.5000000000000009,8.0000000000003,False
1.4455,200.00000000000003,0.5000000000000009,8.000000000000428,False
1.446,200.00000000000026,0.4999999999999986,8.000000000000236,False
1.4465000000000001,200.00000000000026,0.4999999999999981,7.999999999999952,False
1.447,200.00000000000026,0.4999999999999991,7.999999999999774,False
1.4475,200.00000000000009,0.4999999999999991,7.999999999999611,False
1.448,199.9999999999998,0.5000000000000004,7.999999999999671,False
1.4485000000000001,199.99999999999974,0.5000000000000019,7.999999999999953,False
1.449,199.99999999999974,0.5000000000000011,8.00000000000015,False
1.4495,199.99999999999974,0.5000000000000009,8.000000000000309,False
1.45,200.00000000000003,0.5000000000000009,8.000000000000437,False
1.4505000000000001,200.00000000000026,0.4999999999999986,8.000000000000245,False
1.451,200.00000000000026,0.4999999999999981,7.999999999999961,False
1.4515,200.00000000000026,0.4999999999999991,7.999999999999783,False
1.452,200.0000000000001,0.4999999999999991,7.999999999999615,False
1.4525000000000001,199.99999999999983,0.5000000000000002,7.999999999999644,False
1.453,199.99999999999974,0.5000000000000019,7.999999999999923,False
1.4535,199.99999999999974,0.5000000000000012,8.000000000000133,False
1.454,199.99999999999974,0.5000000000000009,8.000000000000293,False
1.4545000000000001,200.0,0.5000000000000009,8.000000000000428,False
1.455,200.00000000000026,0.4999999999999989,8.000000000000265,False
1.4555,200.00000000000026,0.499999999999998,7.99999999999998,False
1.456,200.00000000000026,0.4999999999999991,7.999999999999802,False
1.4565000000000001,200.00000000000014,0.4999999999999991,7.9999999999996305,False
1.457,199.99999999999986,0.5,7.999999999999628,False
1.4575,199.99999999999974,0.5000000000000018,7.999999999999888,False
1.458,199.99999999999974,0.5000000000000014,8.000000000000119,False
1.4585000000000001,199.99999999999974,0.5000000000000009,8.000000000000279,False
1.459,200.0,0.5000000000000009,8.000000000000414,False
1.4595,200.00000000000023,0.4999999999999989,8.00000000000025,False
1.46,200.00000000000023,0.4999999999999982,7.999999999999985,False
1.4605000000000001,200.00000000000023,0.4999999999999992,7.999999999999834,False
1.461,200.0000000000002,0.4999999999999992,7.999999999999683,False
1.4615,199.99999999999991,0.49999999999999944,7.999999999999601,False
1.462,199.99999999999977,0.5000000000000016,7.999999999999828,False
1.4625000000000001,199.99999999999977,0.5000000000000014,8.000000000000048,False
1.463,199.99999999999977,0.5000000000000009,8.000000000000208,False
1.4635,199.9999999999999,0.5000000000000009,8.00000000000036,False
1.464,200.00000000000017,0.49999999999999983,8.00000000000033,False
1.4645000000000001,200.00000000000023,0.49999999999999817,8.000000000000068,False
1.465,200.00000000000023,0.49999999999999895,7.999999999999878,False
1.4655,200.00000000000023,0.4999999999999992,7.999999999999727,False
1.466,200.0,0.4999999999999992,7.9999999999996,False
1.4665000000000001,199.99999999999977,0.500000000000001,7.999999999999747,False
1.467,199.99999999999977,0.5000000000000019,8.000000000000023,False
1.4675,199.99999999999977,0.5000000000000009,8.000000000000183,False
1.468,199.99999999999983,0.5000000000000009,8.000000000000341,False
1.4685000000000001,200.0000000000001,0.5000000000000003,8.00000000000039,False
1.469,200.00000000000026,0.49999999999999833,8.000000000000151,False
1.4695,200.00000000000026,0.4999999999999985,7.999999999999902,False
1.47,200.00000000000026,0.4999999999999991,7.999999999999725,False
1.4705000000000001,200.00000000000003,0.4999999999999991,7.999999999999573,False
1.471,199.99999999999974,0.5000000000000009,7.999999999999697,False
1.4715,199.99999999999972,0.5000000000000021,8.000000000000016,False
1.472,199.99999999999972,0.5000000000000011,8.00000000000023,False
1.4725,199.9999999999999,0.500000000000001,8.000000000000409,False
1.473,200.00000000000017,0.4999999999999996,8.000000000000355,False
1.4735,200.00000000000026,0.49999999999999817,8.000000000000092,False
1.474,200.00000000000026,0.4999999999999987,7.999999999999874,False
1.4745,200.00000000000026,0.4999999999999991,7.999999999999696,False
1.475,199.99999999999997,0.4999999999999991,7.9999999999995595,False
1.4755,199.99999999999974,0.5000000000000013,7.999999999999753,False
1.476,199.99999999999974,0.5000000000000019,8.000000000000037,False
1.4765,199.99999999999974,0.5000000000000009,8.000000000000197,False
1.477,199.99999999999983,0.5000000000000009,8.000000000000355,False
1.4775,200.0000000000001,0.5000000000000002,8.000000000000389,False
1.478,200.00000000000026,0.49999999999999833,8.00000000000015,False
1.4785,200.00000000000026,0.4999999999999985,7.9999999999999005,False
1.479,200.00000000000026,0.4999999999999991,7.999999999999723,False
1.4795,200.0,0.4999999999999991,7.999999999999578,False
1.48,199.99999999999977,0.5000000000000011,7.99999999999974,False
1.4805,199.99999999999977,0.5000000000000019,8.000000000000016,False
1.481,199.99999999999977,0.5000000000000009,8.000000000000176,False
1.4815,199.99999999999983,0.5000000000000009,8.000000000000334,False
1.482,200.0000000000001,0.5000000000000003,8.000000000000384,False
1.4825,200.00000000000023,0.49999999999999833,8.000000000000144,False
1.483,200.00000000000023,0.4999999999999987,7.999999999999931,False
1.4835,200.00000000000023,0.4999999999999992,7.99999999999978,False
1.484,200.0000000000001,0.4999999999999992,7.999999999999634,False
1.4845,199.99999999999983,0.5000000000000001,7.9999999999996545,False
1.485,199.99999999999974,0.5000000000000019,7.999999999999933,False
1.4855,199.99999999999974,0.5000000000000012,8.000000000000144,False
1.486,199.99999999999974,0.5000000000000009,8.000000000000304,False
1.4865,200.00000000000003,0.5000000000000009,8.000000000000432,False
1.487,200.00000000000026,0.4999999999999986,8.00000000000024,False
1.4875,200.00000000000026,0.4999999999999981,7.999999999999956,False
1.488,200.00000000000026,0.4999999999999991,7.999999999999778,False
1.4885,200.0000000000001,0.4999999999999991,7.99999999999961,False
1.489,199.99999999999983,0.5000000000000002,7.9999999999996385,False
1.4895,199.99999999999974,0.5000000000000019,7.999999999999917,False
1.49,199.99999999999974,0.5000000000000012,8.000000000000126,False
1.4905,199.99999999999974,0.5000000000000009,8.000000000000286,False
1.491,200.0,0.5000000000000009,8.000000000000421,False
1.4915,200.00000000000023,0.4999999999999989,8.000000000000258,False
1.492,200.00000000000023,0.4999999999999982,7.999999999999992,False
1.4925,200.00000000000023,0.4999999999999992,7.999999999999841,False
1.493,200.00000000000023,0.4999999999999992,7.99999999999969,False
1.4935,199.99999999999994,0.4999999999999992,7.999999999999576,False
1.494,199.99999999999974,0.5000000000000014,7.999999999999784,False
1.4945,199.99999999999974,0.5000000000000018,8.000000000000052,False
1.495,199.99999999999974,0.5000000000000009,8.000000000000211,False
1.4955,199.99999999999986,0.5000000000000009,8.000000000000368,False
1.496,200.00000000000014,0.5,8.00000000000037,False
1.4965,200.00000000000026,0.4999999999999983,8.00000000000011,False
1.497,200.00000000000026,0.4999999999999986,7.9999999999998925,False
1.4975,200.00000000000026,0.4999999999999991,7.999999999999715,False
1.498,200.0,0.4999999999999991,7.99999999999957,False
1.4985,199.99999999999974,0.5000000000000011,7.999999999999733,False
1.499,199.99999999999974,0.500000000000002,8.000000000000025,False
1.4995,199.99999999999974,0.5000000000000009,8.000000000000185,False
1.5,199.99999999999983,0.5000000000000009,8.000000000000343,False
1.5005,200.0000000000001,0.5000000000000002,8.000000000000377,False
1.5010000000000001,200.00000000000023,0.49999999999999833,8.000000000000137,False
1.5015,200.00000000000023,0.4999999999999987,7.999999999999924,False
1.502,200.00000000000023,0.4999999999999992,7.999999999999773,False
1.5025,200.00000000000009,0.4999999999999992,7.9999999999996305,False
1.5030000000000001,199.9999999999998,0.5000000000000003,7.999999999999683,False
1.5035,199.99999999999977,0.5000000000000019,7.999999999999957,False
1.504,199.99999999999977,0.500000000000001,8.000000000000135,False
1.5045,199.99999999999977,0.5000000000000009,8.000000000000295,False
1.5050000000000001,200.00000000000003,0.5000000000000009,8.000000000000423,False
1.5055,200.00000000000026,0.4999999999999988,8.000000000000243,False
1.506,200.00000000000026,0.4999999999999981,7.999999999999959,False
1.5065,200.00000000000026,0.4999999999999991,7.9999999999997815,False
1.5070000000000001,200.0000000000001,0.4999999999999991,7.999999999999614,False
1.5075,199.99999999999983,0.5000000000000002,7.999999999999642,False
1.508,199.99999999999974,0.5000000000000019,7.999999999999921,False
1.5085,199.99999999999974,0.5000000000000012,8.000000000000131,False
1.5090000000000001,199.99999999999974,0.5000000000000009,8.000000000000291,False
1.5095,200.0,0.5000000000000009,8.000000000000426,False
1.51,200.00000000000026,0.4999999999999989,8.000000000000263,False
1.5105,200.00000000000026,0.499999999999998,7.999999999999978,False
1.5110000000000001,200.00000000000026,0.4999999999999991,7.9999999999998,False
1.5115,200.00000000000014,0.4999999999999991,7.999999999999629,False
1.512,199.99999999999986,0.5,7.999999999999626,False
1.5125,199.99999999999974,0.5000000000000018,7.999999999999886,False
1.5130000000000001,199.99999999999974,0.5000000000000014,8.000000000000117,False
1.5135,199.99999999999974,0.5000000000000009,8.000000000000277,False
1.514,199.99999999999997,0.5000000000000009,8.000000000000417,False
1.5145,200.00000000000026,0.49999999999999906,8.000000000000288,False
1.5150000000000001,200.00000000000026,0.49999999999999784,7.999999999999968,False
1.5155,200.00000000000026,0.4999999999999991,7.99999999999979,False
1.516,200.0000000000001,0.4999999999999991,7.9999999999996225,False
1.5165,199.99999999999983,0.5000000000000002,7.999999999999651,False
1.5170000000000001,199.99999999999974,0.5000000000000019,7.99999999999993,False
1.5175,199.99999999999974,0.5000000000000012,8.00000000000014,False
1.518,199.99999999999974,0.5000000000000009,8.0000000000003,False
1.5185,200.00000000000003,0.5000000000000009,8.000000000000428,False
1.5190000000000001,200.00000000000026,0.4999999999999986,8.000000000000236,False
1.5195,200.00000000000026,0.4999999999999981,7.999999999999952,False
1.52,200.00000000000026,0.4999999999999991,7.999999999999774,False
1.5205,200.00000000000009,0.4999999999999991,7.999999999999611,False
1.5210000000000001,199.9999999999998,0.5000000000000004,7.999999999999671,False
1.5215,199.99999999999974,0.5000000000000019,7.999999999999953,False
1.522,199.99999999999974,0.5000000000000011,8.00000000000015,False
1.5225,199.99999999999974,0.5000000000000009,8.000000000000309,False
1.5230000000000001,200.00000000000003,0.5000000000000009,8.000000000000437,False
1.5235,200.00000000000026,0.4999999999999986,8.000000000000245,False
1.524,200.00000000000026,0.4999999999999981,7.999999999999961,False
1.5245,200.00000000000026,0.4999999999999991,7.999999999999783,False
1.5250000000000001,200.0000000000001,0.4999999999999991,7.999999999999615,False
1.5255,199.99999999999983,0.5000000000000002,7.999999999999644,False
1.526,199.99999999999974,0.5000000000000019,7.999999999999923,False
1.5265,199.99999999999974,0.5000000000000012,8.000000000000133,False
1.5270000000000001,199.99999999999974,0.5000000000000009,8.000000000000293,False
1.5275,200.0,0.5000000000000009,8.000000000000428,False
1.528,200.00000000000026,0.4999999999999989,8.000000000000265,False
1.5285,200.00000000000026,0.499999999999998,7.99999999999998,False
1.5290000000000001,200.00000000000026,0.4999999999999991,7.999999999999802,False
1.5295,200.00000000000014,0.4999999999999991,7.9999999999996305,False
1.53,199.99999999999986,0.5,7.999999999999628,False
1.5305,199.99999999999974,0.5000000000000018,7.999999999999888,False
1.5310000000000001,199.99999999999974,0.5000000000000014,8.000000000000119,False
1.5315,199.99999999999974,0.5000000000000009,8.000000000000279,False
1.532,200.0,0.5000000000000009,8.000000000000414,False
1.5325,200.00000000000023,0.4999999999999989,8.00000000000025,False
1.5330000000000001,200.00000000000023,0.4999999999999982,7.999999999999985,False
1.5335,200.00000000000023,0.4999999999999992,7.999999999999834,False
1.534,200.0000000000002,0.4999999999999992,7.999999999999683,False
1.5345,199.99999999999991,0.49999999999999944,7.999999999999601,False
1.5350000000000001,199.99999999999977,0.5000000000000016,7.999999999999828,False
1.5355,199.99999999999977,0.5000000000000014,8.000000000000048,False
1.536,199.99999999999977,0.5000000000000009,8.000000000000208,False
1.5365,199.9999999999999,0.5000000000000009,8.00000000000036,False
1.537,200.00000000000017,0.49999999999999983,8.00000000000033,False
1.5375,200.00000000000023,0.49999999999999817,8.000000000000068,False
1.538,200.00000000000023,0.49999999999999895,7.999999999999878,False
1.5385,200.00000000000023,0.4999999999999992,7.999999999999727,False
1.539,200.0,0.4999999999999992,7.9999999999996,False
1.5395,199.99999999999977,0.500000000000001,7.999999999999747,False
1.54,199.99999999999977,0.5000000000000019,8.000000000000023,False
1.5405,199.99999999999977,0.5000000000000009,8.000000000000183,False
1.541,199.99999999999983,0.5000000000000009,8.000000000000341,False
1.5415,200.0000000000001,0.5000000000000003,8.00000000000039,False
1.542,200.00000000000026,0.49999999999999833,8.000000000000151,False
1.5425,200.00000000000026,0.4999999999999985,7.999999999999902,False
1.543,200.00000000000026,0.4999999999999991,7.999999999999725,False
1.5435,200.00000000000003,0.4999999999999991,7.999999999999573,False
1.544,199.99999999999974,0.5000000000000009,7.999999999999697,False
1.5445,199.99999999999972,0.5000000000000021,8.000000000000016,False
1.545,199.99999999999972,0.5000000000000011,8.00000000000023,False
1.5455,199.9999999999999,0.500000000000001,8.000000000000409,False
1.546,200.00000000000017,0.4999999999999996,8.000000000000355,False
1.5465,200.00000000000026,0.49999999999999817,8.000000000000092,False
1.547,200.00000000000026,0.4999999999999987,7.999999999999874,False
1.5475,200.00000000000026,0.4999999999999991,7.999999999999696,False
1.548,199.99999999999997,0.4999999999999991,7.9999999999995595,False
1.5485,199.99999999999974,0.5000000000000013,7.999999999999753,False
1.549,199.99999999999974,0.5000000000000019,8.000000000000037,False
1.5495,199.99999999999974,0.5000000000000009,8.000000000000197,False
1.55,199.99999999999983,0.5000000000000009,8.000000000000355,False
1.5505,200.0000000000001,0.5000000000000002,8.000000000000389,False
1.551,200.00000000000026,0.49999999999999833,8.00000000000015,False
1.5515,200.00000000000026,0.4999999999999985,7.9999999999999005,False
1.552,200.00000000000026,0.4999999999999991,7.999999999999723,False
1.5525,200.0,0.4999999999999991,7.999999999999578,False
1.553,199.99999999999977,0.5000000000000011,7.99999999999974,False
1.5535,199.99999999999977,0.5000000000000019,8.000000000000016,False
1.554,199.99999999999977,0.5000000000000009,8.000000000000176,False
1.5545,199.99999999999983,0.5000000000000009,8.000000000000334,False
1.555,200.0000000000001,0.5000000000000003,8.000000000000384,False
1.5555,200.00000000000023,0.49999999999999833,8.000000000000144,False
1.556,200.00000000000023,0.4999999999999987,7.999999999999931,False
1.5565,200.00000000000023,0.4999999999999992,7.99999999999978,False
1.557,200.0000000000001,0.4999999999999992,7.999999999999634,False
1.5575,199.99999999999983,0.5000000000000001,7.9999999999996545,False
1.558,199.99999999999974,0.5000000000000019,7.999999999999933,False
1.5585,199.99999999999974,0.5000000000000012,8.000000000000144,False
1.559,199.99999999999974,0.5000000000000009,8.000000000000304,False
1.5595,200.00000000000003,0.5000000000000009,8.000000000000432,False
1.56,200.00000000000026,0.4999999999999986,8.00000000000024,False
1.5605,200.00000000000026,0.4999999999999981,7.999999999999956,False
1.561,200.00000000000026,0.4999999999999991,7.999999999999778,False
1.5615,200.0000000000001,0.4999999999999991,7.99999999999961,False
1.562,199.99999999999983,0.5000000000000002,7.9999999999996385,False
1.5625,199.99999999999974,0.5000000000000019,7.999999999999917,False
1.563,199.99999999999974,0.5000000000000012,8.000000000000126,False
1.5635000000000001,199.99999999999974,0.5000000000000009,8.000000000000286,False
1.564,200.0,0.5000000000000009,8.000000000000421,False
1.5645,200.00000000000023,0.4999999999999989,8.000000000000258,False
1.565,200.00000000000023,0.4999999999999982,7.999999999999992,False
1.5655000000000001,200.00000000000023,0.4999999999999992,7.999999999999841,False
1.566,200.00000000000023,0.4999999999999992,7.99999999999969,False
1.5665,199.99999999999994,0.4999999999999992,7.999999999999576,False
1.567,199.99999999999974,0.5000000000000014,7.999999999999784,False
1.5675000000000001,199.99999999999974,0.5000000000000018,8.000000000000052,False
1.568,199.99999999999974,0.5000000000000009,8.000000000000211,False
1.5685,199.99999999999986,0.5000000000000009,8.000000000000368,False
1.569,200.00000000000014,0.5,8.00000000000037,False
1.5695000000000001,200.00000000000026,0.4999999999999983,8.00000000000011,False
1.57,200.00000000000026,0.4999999999999986,7.9999999999998925,False
1.5705,200.00000000000026,0.4999999999999991,7.999999999999715,False
1.571,200.0,0.4999999999999991,7.99999999999957,False
1.5715000000000001,199.99999999999974,0.5000000000000011,7.999999999999733,False
1.572,199.99999999999974,0.500000000000002,8.000000000000025,False
1.5725,199.99999999999974,0.5000000000000009,8.000000000000185,False
1.573,199.99999999999983,0.5000000000000009,8.000000000000343,False
1.5735000000000001,200.0000000000001,0.5000000000000002,8.000000000000377,False
1.574,200.00000000000023,0.49999999999999833,8.000000000000137,False
1.5745,200.00000000000023,0.4999999999999987,7.999999999999924,False
1.575,200.00000000000023,0.4999999999999992,7.999999999999773,False
1.5755000000000001,200.00000000000009,0.4999999999999992,7.9999999999996305,False
1.576,199.9999999999998,0.5000000000000003,7.999999999999683,False
1.5765,199.99999999999977,0.5000000000000019,7.999999999999957,False
1.577,199.99999999999977,0.500000000000001,8.000000000000135,False
1.5775000000000001,199.99999999999977,0.5000000000000009,8.000000000000295,False
1.578,200.00000000000003,0.5000000000000009,8.000000000000423,False
1.5785,200.00000000000026,0.4999999999999988,8.000000000000243,False
1.579,200.00000000000026,0.4999999999999981,7.999999999999959,False
1.5795000000000001,200.00000000000026,0.4999999999999991,7.9999999999997815,False
1.58,200.0000000000001,0.4999999999999991,7.999999999999614,False
1.5805,199.99999999999983,0.5000000000000002,7.999999999999642,False
1.581,199.99999999999974,0.5000000000000019,7.999999999999921,False
1.5815000000000001,199.99999999999974,0.5000000000000012,8.000000000000131,False
1.582,199.99999999999974,0.5000000000000009,8.000000000000291,False
1.5825,200.0,0.5000000000000009,8.000000000000426,False
1.583,200.00000000000026,0.4999999999999989,8.000000000000263,False
1.5835000000000001,200.00000000000026,0.499999999999998,7.999999999999978,False
1.584,200.00000000000026,0.4999999999999991,7.9999999999998,False
1.5845,200.00000000000014,0.4999999999999991,7.999999999999629,False
1.585,199.99999999999986,0.5,7.999999999999626,False
1.5855000000000001,199.99999999999974,0.5000000000000018,7.999999999999886,False
1.586,199.99999999999974,0.5000000000000014,8.000000000000117,False
1.5865,199.99999999999974,0.5000000000000009,8.000000000000277,False
1.587,199.99999999999997,0.5000000000000009,8.000000000000417,False
1.5875000000000001,200.00000000000026,0.49999999999999906,8.000000000000288,False
1.588,200.00000000000026,0.49999999999999784,7.999999999999968,False
1.5885,200.00000000000026,0.4999999999999991,7.99999999999979,False
1.589,200.0000000000001,0.4999999999999991,7.9999999999996225,False
1.5895000000000001,199.99999999999983,0.5000000000000002,7.999999999999651,False
1.59,199.99999999999974,0.5000000000000019,7.99999999999993,False
1.5905,199.99999999999974,0.5000000000000012,8.00000000000014,False
1.591,199.99999999999974,0.5000000000000009,8.0000000000003,False
1.5915000000000001,200.00000000000003,0.5000000000000009,8.000000000000428,False
1.592,200.00000000000026,0.4999999999999986,8.000000000000236,False
1.5925,200.00000000000026,0.4999999999999981,7.999999999999952,False
1.593,200.00000000000026,0.4999999999999991,7.999999999999774,False
1.5935000000000001,200.00000000000009,0.4999999999999991,7.999999999999611,False
1.594,199.9999999999998,0.5000000000000004,7.999999999999671,False
1.5945,199.99999999999974,0.5000000000000019,7.999999999999953,False
1.595,199.99999999999974,0.5000000000000011,8.00000000000015,False
1.5955000000000001,199.99999999999974,0.5000000000000009,8.000000000000309,False
1.596,200.00000000000003,0.5000000000000009,8.000000000000437,False
1.5965,200.00000000000026,0.4999999999999986,8.000000000000245,False
1.597,200.00000000000026,0.4999999999999981,7.999999999999961,False
1.5975000000000001,200.00000000000026,0.4999999999999991,7.999999999999783,False
1.598,200.0000000000001,0.4999999999999991,7.999999999999615,False
1.5985,199.99999999999983,0.5000000000000002,7.999999999999644,False
1.599,199.99999999999974,0.5000000000000019,7.999999999999923,False
1.5995000000000001,199.99999999999974,0.5000000000000012,8.000000000000133,False
1.6,199.99999999999974,0.5000000000000009,8.000000000000293,False
1.6005,200.0,0.5000000000000009,8.000000000000428,False
1.601,200.00000000000026,0.4999999999999989,8.000000000000265,False
1.6015,200.00000000000026,0.499999999999998,7.99999999999998,False
1.602,200.00000000000026,0.4999999999999991,7.999999999999802,False
1.6025,200.00000000000014,0.4999999999999991,7.9999999999996305,False
1.603,199.99999999999986,0.5,7.999999999999628,False
1.6035,199.99999999999974,0.5000000000000018,7.999999999999888,False
1.604,199.99999999999974,0.5000000000000014,8.000000000000119,False
1.6045,199.99999999999974,0.5000000000000009,8.000000000000279,False
1.605,200.0,0.5000000000000009,8.000000000000414,False
1.6055,200.00000000000023,0.4999999999999989,8.00000000000025,False
1.606,200.00000000000023,0.4999999999999982,7.999999999999985,False
1.6065,200.00000000000023,0.4999999999999992,7.999999999999834,False
1.607,200.0000000000002,0.4999999999999992,7.999999999999683,False
1.6075,199.99999999999991,0.49999999999999944,7.999999999999601,False
1.608,199.99999999999977,0.5000000000000016,7.999999999999828,False
1.6085,199.99999999999977,0.5000000000000014,8.000000000000048,False
1.609,199.99999999999977,0.5000000000000009,8.000000000000208,False
1.6095,199.9999999999999,0.5000000000000009,8.00000000000036,False
1.61,200.00000000000017,0.49999999999999983,8.00000000000033,False
1.6105,200.00000000000023,0.49999999999999817,8.000000000000068,False
1.611,200.00000000000023,0.49999999999999895,7.999999999999878,False
1.6115,200.00000000000023,0.4999999999999992,7.999999999999727,False
1.612,200.0,0.4999999999999992,7.9999999999996,False
1.6125,199.99999999999977,0.500000000000001,7.999999999999747,False
1.613,199.99999999999977,0.5000000000000019,8.000000000000023,False
1.6135,199.99999999999977,0.5000000000000009,8.000000000000183,False
1.614,199.99999999999983,0.5000000000000009,8.000000000000341,False
1.6145,200.0000000000001,0.5000000000000003,8.00000000000039,False
1.615,200.00000000000026,0.49999999999999833,8.000000000000151,False
1.6155,200.00000000000026,0.4999999999999985,7.999999999999902,False
1.616,200.00000000000026,0.4999999999999991,7.999999999999725,False
1.6165,200.00000000000003,0.4999999999999991,7.999999999999573,False
1.617,199.99999999999974,0.5000000000000009,7.999999999999697,False
1.6175,199.99999999999972,0.5000000000000021,8.000000000000016,False
1.618,199.99999999999972,0.5000000000000011,8.00000000000023,False
1.6185,199.9999999999999,0.500000000000001,8.000000000000409,False
1.619,200.00000000000017,0.4999999999999996,8.000000000000355,False
1.6195,200.00000000000026,0.49999999999999817,8.000000000000092,False
1.62,200.00000000000026,0.4999999999999987,7.999999999999874,False
1.6205,200.00000000000026,0.4999999999999991,7.999999999999696,False
1.621,199.99999999999997,0.4999999999999991,7.9999999999995595,False
1.6215,199.99999999999974,0.5000000000000013,7.999999999999753,False
1.622,199.99999999999974,0.5000000000000019,8.000000000000037,False
1.6225,199.99999999999974,0.5000000000000009,8.000000000000197,False
1.623,199.99999999999983,0.5000000000000009,8.000000000000355,False
1.6235,200.0000000000001,0.5000000000000002,8.000000000000389,False
1.624,200.00000000000026,0.49999999999999833,8.00000000000015,False
1.6245,200.00000000000026,0.4999999999999985,7.9999999999999005,False
1.625,200.00000000000026,0.4999999999999991,7.999999999999723,False
1.6255,200.0,0.4999999999999991,7.999999999999578,False
1.6260000000000001,199.99999999999977,0.5000000000000011,7.99999999999974,False
1.6265,199.99999999999977,0.5000000000000019,8.000000000000016,False
1.627,199.99999999999977,0.5000000000000009,8.000000000000176,False
1.6275,199.99999999999983,0.5000000000000009,8.000000000000334,False
1.6280000000000001,200.0000000000001,0.5000000000000003,8.000000000000384,False
1.6285,200.00000000000023,0.49999999999999833,8.000000000000144,False
1.629,200.00000000000023,0.4999999999999987,7.999999999999931,False
1.6295,200.00000000000023,0.4999999999999992,7.99999999999978,False
1.6300000000000001,200.0000000000001,0.4999999999999992,7.999999999999634,False
1.6305,199.99999999999983,0.5000000000000001,7.9999999999996545,False
1.631,199.99999999999974,0.5000000000000019,7.999999999999933,False
1.6315,199.99999999999974,0.5000000000000012,8.000000000000144,False
1.6320000000000001,199.99999999999974,0.5000000000000009,8.000000000000304,False
1.6325,200.00000000000003,0.5000000000000009,8.000000000000432,False
1.633,200.00000000000026,0.4999999999999986,8.00000000000024,False
1.6335,200.00000000000026,0.4999999999999981,7.999999999999956,False
1.6340000000000001,200.00000000000026,0.4999999999999991,7.999999999999778,False
1.6345,200.0000000000001,0.4999999999999991,7.99999999999961,False
1.635,199.99999999999983,0.5000000000000002,7.9999999999996385,False
1.6355,199.99999999999974,0.5000000000000019,7.999999999999917,False
1.6360000000000001,199.99999999999974,0.5000000000000012,8.000000000000126,False
1.6365,199.99999999999974,0.5000000000000009,8.000000000000286,False
1.637,200.0,0.5000000000000009,8.000000000000421,False
1.6375,200.00000000000023,0.4999999999999989,8.000000000000258,False
1.6380000000000001,200.00000000000023,0.4999999999999982,7.999999999999992,False
1.6385,200.00000000000023,0.4999999999999992,7.999999999999841,False
1.639,200.00000000000023,0.4999999999999992,7.99999999999969,False
1.6395,199.99999999999994,0.4999999999999992,7.999999999999576,False
1.6400000000000001,199.99999999999974,0.5000000000000014,7.999999999999784,False
1.6405,199.99999999999974,0.5000000000000018,8.000000000000052,False
1.641,199.99999999999974,0.5000000000000009,8.000000000000211,False
1.6415,199.99999999999986,0.5000000000000009,8.000000000000368,False
1.6420000000000001,200.00000000000014,0.5,8.00000000000037,False
1.6425,200.00000000000026,0.4999999999999983,8.00000000000011,False
1.643,200.00000000000026,0.4999999999999986,7.9999999999998925,False
1.6435,200.00000000000026,0.4999999999999991,7.999999999999715,False
1.6440000000000001,200.0,0.4999999999999991,7.99999999999957,False
1.6445,199.99999999999974,0.5000000000000011,7.999999999999733,False
1.645,199.99999999999974,0.500000000000002,8.000000000000025,False
1.6455,199.99999999999974,0.5000000000000009,8.000000000000185,False
1.6460000000000001,199.99999999999983,0.5000000000000009,8.000000000000343,False
1.6465,200.0000000000001,0.5000000000000002,8.000000000000377,False
1.647,200.00000000000023,0.49999999999999833,8.000000000000137,False
1.6475,200.00000000000023,0.4999999999999987,7.999999999999924,False
1.6480000000000001,200.00000000000023,0.4999999999999992,7.999999999999773,False
1.6485,200.00000000000009,0.4999999999999992,7.9999999999996305,False
1.649,199.9999999999998,0.5000000000000003,7.999999999999683,False
1.6495,199.99999999999977,0.5000000000000019,7.999999999999957,False
1.6500000000000001,199.99999999999977,0.500000000000001,8.000000000000135,False
1.6505,199.99999999999977,0.5000000000000009,8.000000000000295,False
1.651,200.00000000000003,0.5000000000000009,8.000000000000423,False
1.6515,200.00000000000026,0.4999999999999988,8.000000000000243,False
1.6520000000000001,200.00000000000026,0.4999999999999981,7.999999999999959,False
1.6525,200.00000000000026,0.4999999999999991,7.9999999999997815,False
1.653,200.0000000000001,0.4999999999999991,7.999999999999614,False
1.6535,199.99999999999983,0.5000000000000002,7.999999999999642,False
1.6540000000000001,199.99999999999974,0.5000000000000019,7.999999999999921,False
1.6545,199.99999999999974,0.5000000000000012,8.000000000000131,False
1.655,199.99999999999974,0.5000000000000009,8.000000000000291,False
1.6555,200.0,0.5000000000000009,8.000000000000426,False
1.6560000000000001,200.00000000000026,0.4999999999999989,8.000000000000263,False
1.6565,200.00000000000026,0.499999999999998,7.999999999999978,False
1.657,200.00000000000026,0.4999999999999991,7.9999999999998,False
1.6575,200.00000000000014,0.4999999999999991,7.999999999999629,False
1.6580000000000001,199.99999999999986,0.5,7.999999999999626,False
1.6585,199.99999999999974,0.5000000000000018,7.999999999999886,False
1.659,199.99999999999974,0.5000000000000014,8.000000000000117,False
1.6595,199.99999999999974,0.5000000000000009,8.000000000000277,False
1.6600000000000001,199.99999999999997,0.5000000000000009,8.000000000000417,False
1.6605,200.00000000000026,0.49999999999999906,8.000000000000288,False
1.661,200.00000000000026,0.49999999999999784,7.999999999999968,False
1.6615,200.00000000000026,0.4999999999999991,7.99999999999979,False
1.6620000000000001,200.0000000000001,0.4999999999999991,7.9999999999996225,False
1.6625,199.99999999999983,0.5000000000000002,7.999999999999651,False
1.663,199.99999999999974,0.5000000000000019,7.99999999999993,False
1.6635,199.99999999999974,0.5000000000000012,8.00000000000014,False
1.6640000000000001,199.99999999999974,0.5000000000000009,8.0000000000003,False
1.6645,200.00000000000003,0.5000000000000009,8.000000000000428,False
1.665,200.00000000000026,0.4999999999999986,8.000000000000236,False
1.6655,200.00000000000026,0.4999999999999981,7.999999999999952,False
1.666,200.00000000000026,0.4999999999999991,7.999999999999774,False
1.6665,200.00000000000009,0.4999999999999991,7.999999999999611,False
1.667,199.9999999999998,0.5000000000000004,7.999999999999671,False
1.6675,199.99999999999974,0.5000000000000019,7.999999999999953,False
1.668,199.99999999999974,0.5000000000000011,8.00000000000015,False
1.6685,199.99999999999974,0.5000000000000009,8.000000000000309,False
1.669,200.00000000000003,0.5000000000000009,8.000000000000437,False
1.6695,200.00000000000026,0.4999999999999986,8.000000000000245,False
1.67,200.00000000000026,0.4999999999999981,7.999999999999961,False
1.6705,200.00000000000026,0.4999999999999991,7.999999999999783,False
1.671,200.0000000000001,0.4999999999999991,7.999999999999615,False
1.6715,199.99999999999983,0.5000000000000002,7.999999999999644,False
1.672,199.99999999999974,0.5000000000000019,7.999999999999923,False
1.6725,199.99999999999974,0.5000000000000012,8.000000000000133,False
1.673,199.99999999999974,0.5000000000000009,8.000000000000293,False
1.6735,200.0,0.5000000000000009,8.000000000000428,False
1.674,200.00000000000026,0.4999999999999989,8.000000000000265,False
1.6745,200.00000000000026,0.499999999999998,7.99999999999998,False
1.675,200.00000000000026,0.4999999999999991,7.999999999999802,False
1.6755,200.00000000000014,0.4999999999999991,7.9999999999996305,False
1.676,199.99999999999986,0.5,7.999999999999628,False
1.6765,199.99999999999974,0.5000000000000018,7.999999999999888,False
1.677,199.99999999999974,0.5000000000000014,8.000000000000119,False
1.6775,199.99999999999974,0.5000000000000009,8.000000000000279,False
1.678,200.0,0.5000000000000009,8.000000000000414,False
1.6785,200.00000000000023,0.4999999999999989,8.00000000000025,False
1.679,200.00000000000023,0.4999999999999982,7.999999999999985,False
1.6795,200.00000000000023,0.4999999999999992,7.999999999999834,False
1.68,200.0000000000002,0.4999999999999992,7.999999999999683,False
1.6805,199.99999999999991,0.49999999999999944,7.999999999999601,False
1.681,199.99999999999977,0.5000000000000016,7.999999999999828,False
1.6815,199.99999999999977,0.5000000000000014,8.000000000000048,False
1.682,199.99999999999977,0.5000000000000009,8.000000000000208,False
1.6825,199.9999999999999,0.5000000000000009,8.00000000000036,False
1.683,200.00000000000017,0.49999999999999983,8.00000000000033,False
1.6835,200.00000000000023,0.49999999999999817,8.000000000000068,False
1.684,200.00000000000023,0.49999999999999895,7.999999999999878,False
1.6845,200.00000000000023,0.4999999999999992,7.999999999999727,False
1.685,200.0,0.4999999999999992,7.9999999999996,False
1.6855,199.99999999999977,0.500000000000001,7.999999999999747,False
1.686,199.99999999999977,0.5000000000000019,8.000000000000023,False
1.6865,199.99999999999977,0.5000000000000009,8.000000000000183,False
1.687,199.99999999999983,0.5000000000000009,8.000000000000341,False
1.6875,200.0000000000001,0.5000000000000003,8.00000000000039,False
1.688,200.00000000000026,0.49999999999999833,8.000000000000151,False
1.6885000000000001,200.00000000000026,0.4999999999999985,7.999999999999902,False
1.689,200.00000000000026,0.4999999999999991,7.999999999999725,False
1.6895,200.00000000000003,0.4999999999999991,7.999999999999573,False
1.69,199.99999999999974,0.5000000000000009,7.999999999999697,False
1.6905000000000001,199.99999999999972,0.5000000000000021,8.000000000000016,False
1.691,199.99999999999972,0.5000000000000011,8.00000000000023,False
1.6915,199.9999999999999,0.500000000000001,8.000000000000409,False
1.692,200.00000000000017,0.4999999999999996,8.000000000000355,False
1.6925000000000001,200.00000000000026,0.49999999999999817,8.000000000000092,False
1.693,200.00000000000026,0.4999999999999987,7.999999999999874,False
1.6935,200.00000000000026,0.4999999999999991,7.999999999999696,False
1.694,199.99999999999997,0.4999999999999991,7.9999999999995595,False
1.6945000000000001,199.99999999999974,0.5000000000000013,7.999999999999753,False
1.695,199.99999999999974,0.5000000000000019,8.000000000000037,False
1.6955,199.99999999999974,0.5000000000000009,8.000000000000197,False
1.696,199.99999999999983,0.5000000000000009,8.000000000000355,False
1.6965000000000001,200.0000000000001,0.5000000000000002,8.000000000000389,False
1.697,200.00000000000026,0.49999999999999833,8.00000000000015,False
1.6975,200.00000000000026,0.4999999999999985,7.9999999999999005,False
1.698,200.00000000000026,0.4999999999999991,7.999999999999723,False
1.6985000000000001,200.0,0.4999999999999991,7.999999999999578,False
1.699,199.99999999999977,0.5000000000000011,7.99999999999974,False
1.6995,199.99999999999977,0.5000000000000019,8.000000000000016,False
1.7,199.99999999999977,0.5000000000000009,8.000000000000176,False
1.7005000000000001,199.99999999999983,0.5000000000000009,8.000000000000334,False
1.701,200.0000000000001,0.5000000000000003,8.000000000000384,False
1.7015,200.00000000000023,0.49999999999999833,8.000000000000144,False
1.702,200.00000000000023,0.4999999999999987,7.999999999999931,False
1.7025000000000001,200.00000000000023,0.4999999999999992,7.99999999999978,False
1.703,200.0000000000001,0.4999999999999992,7.999999999999634,False
1.7035,199.99999999999983,0.5000000000000001,7.9999999999996545,False
1.704,199.99999999999974,0.5000000000000019,7.999999999999933,False
1.7045000000000001,199.99999999999974,0.5000000000000012,8.000000000000144,False
1.705,199.99999999999974,0.5000000000000009,8.000000000000304,False
1.7055,200.00000000000003,0.5000000000000009,8.000000000000432,False
1.706,200.00000000000026,0.4999999999999986,8.00000000000024,False
1.7065000000000001,200.00000000000026,0.4999999999999981,7.999999999999956,False
1.707,200.00000000000026,0.4999999999999991,7.999999999999778,False
1.7075,200.0000000000001,0.4999999999999991,7.99999999999961,False
1.708,199.99999999999983,0.5000000000000002,7.9999999999996385,False
1.7085000000000001,199.99999999999974,0.5000000000000019,7.999999999999917,False
1.709,199.99999999999974,0.5000000000000012,8.000000000000126,False
1.7095,199.99999999999974,0.5000000000000009,8.000000000000286,False
1.71,200.0,0.5000000000000009,8.000000000000421,False
1.7105000000000001,200.00000000000023,0.4999999999999989,8.000000000000258,False
1.711,200.00000000000023,0.4999999999999982,7.999999999999992,False
1.7115,200.00000000000023,0.4999999999999992,7.999999999999841,False
1.712,200.00000000000023,0.4999999999999992,7.99999999999969,False
1.7125000000000001,199.99999999999994,0.4999999999999992,7.999999999999576,False
1.713,199.99999999999974,0.5000000000000014,7.999999999999784,False
1.7135,199.99999999999974,0.5000000000000018,8.000000000000052,False
1.714,199.99999999999974,0.5000000000000009,8.000000000000211,False
1.7145000000000001,199.99999999999986,0.5000000000000009,8.000000000000368,False
1.715,200.00000000000014,0.5,8.00000000000037,False
1.7155,200.00000000000026,0.4999999999999983,8.00000000000011,False
1.716,200.00000000000026,0.4999999999999986,7.9999999999998925,False
1.7165000000000001,200.00000000000026,0.4999999999999991,7.999999999999715,False
1.717,200.0,0.4999999999999991,7.99999999999957,False
1.7175,199.99999999999974,0.5000000000000011,7.999999999999733,False
1.718,199.99999999999974,0.500000000000002,8.000000000000025,False
1.7185000000000001,199.99999999999974,0.5000000000000009,8.000000000000185,False
1.719,199.99999999999983,0.5000000000000009,8.000000000000343,False
1.7195,200.0000000000001,0.5000000000000002,8.000000000000377,False
1.72,200.00000000000023,0.49999999999999833,8.000000000000137,False
1.7205000000000001,200.00000000000023,0.4999999999999987,7.999999999999924,False
1.721,200.00000000000023,0.4999999999999992,7.999999999999773,False
1.7215,200.00000000000009,0.4999999999999992,7.9999999999996305,False
1.722,199.9999999999998,0.5000000000000003,7.999999999999683,False
1.7225000000000001,199.99999999999977,0.5000000000000019,7.999999999999957,False
1.723,199.99999999999977,0.500000000000001,8.000000000000135,False
1.7235,199.99999999999977,0.5000000000000009,8.000000000000295,False
1.724,200.00000000000003,0.5000000000000009,8.000000000000423,False
1.7245000000000001,200.00000000000026,0.4999999999999988,8.000000000000243,False
1.725,200.00000000000026,0.4999999999999981,7.999999999999959,False
1.7255,200.00000000000026,0.4999999999999991,7.9999999999997815,False
1.726,200.0000000000001,0.4999999999999991,7.999999999999614,False
1.7265000000000001,199.99999999999983,0.5000000000000002,7.999999999999642,False
1.727,199.99999999999974,0.5000000000000019,7.999999999999921,False
1.7275,199.99999999999974,0.5000000000000012,8.000000000000131,False
1.728,199.99999999999974,0.5000000000000009,8.000000000000291,False
1.7285,200.0,0.5000000000000009,8.000000000000426,False
1.729,200.00000000000026,0.4999999999999989,8.000000000000263,False
1.7295,200.00000000000026,0.499999999999998,7.999999999999978,False
1.73,200.00000000000026,0.4999999999999991,7.9999999999998,False
1.7305,200.00000000000014,0.4999999999999991,7.999999999999629,False
1.731,199.99999999999986,0.5,7.999999999999626,False
1.7315,199.99999999999974,0.5000000000000018,7.999999999999886,False
1.732,199.99999999999974,0.5000000000000014,8.000000000000117,False
1.7325,199.99999999999974,0.5000000000000009,8.000000000000277,False
1.733,199.99999999999997,0.5000000000000009,8.000000000000417,False
1.7335,200.00000000000026,0.49999999999999906,8.000000000000288,False
1.734,200.00000000000026,0.49999999999999784,7.999999999999968,False
1.7345,200.00000000000026,0.4999999999999991,7.99999999999979,False
1.735,200.0000000000001,0.4999999999999991,7.9999999999996225,False
1.7355,199.99999999999983,0.5000000000000002,7.999999999999651,False
1.736,199.99999999999974,0.5000000000000019,7.99999999999993,False
1.7365,199.99999999999974,0.5000000000000012,8.00000000000014,False
1.737,199.99999999999974,0.5000000000000009,8.0000000000003,False
1.7375,200.00000000000003,0.5000000000000009,8.000000000000428,False
1.738,200.00000000000026,0.4999999999999986,8.000000000000236,False
1.7385,200.00000000000026,0.4999999999999981,7.999999999999952,False
1.739,200.00000000000026,0.4999999999999991,7.999999999999774,False
1.7395,200.00000000000009,0.4999999999999991,7.999999999999611,False
1.74,199.9999999999998,0.5000000000000004,7.999999999999671,False
1.7405,199.99999999999974,0.5000000000000019,7.999999999999953,False
1.741,199.99999999999974,0.5000000000000011,8.00000000000015,False
1.7415,199.99999999999974,0.5000000000000009,8.000000000000309,False
1.742,200.00000000000003,0.5000000000000009,8.000000000000437,False
1.7425,200.00000000000026,0.4999999999999986,8.000000000000245,False
1.743,200.00000000000026,0.4999999999999981,7.999999999999961,False
1.7435,200.00000000000026,0.4999999999999991,7.999999999999783,False
1.744,200.0000000000001,0.4999999999999991,7.999999999999615,False
1.7445,199.99999999999983,0.5000000000000002,7.999999999999644,False
1.745,199.99999999999974,0.5000000000000019,7.999999999999923,False
1.7455,199.99999999999974,0.5000000000000012,8.000000000000133,False
1.746,199.99999999999974,0.5000000000000009,8.000000000000293,False
1.7465,200.0,0.5000000000000009,8.000000000000428,False
1.747,200.00000000000026,0.4999999999999989,8.000000000000265,False
1.7475,200.00000000000026,0.499999999999998,7.99999999999998,False
1.748,200.00000000000026,0.4999999999999991,7.999999999999802,False
1.7485,200.00000000000014,0.4999999999999991,7.9999999999996305,False
1.749,199.99999999999986,0.5,7.999999999999628,False
1.7495,199.99999999999974,0.5000000000000018,7.999999999999888,False
1.75,199.99999999999974,0.5000000000000014,8.000000000000119,False
1.7505,199.99999999999974,0.5000000000000009,8.000000000000279,False
1.7510000000000001,200.0,0.5000000000000009,8.000000000000414,False
1.7515,200.00000000000023,0.4999999999999989,8.00000000000025,False
1.752,200.00000000000023,0.4999999999999982,7.999999999999985,False
1.7525,200.00000000000023,0.4999999999999992,7.999999999999834,False
1.7530000000000001,200.0000000000002,0.4999999999999992,7.999999999999683,False
1.7535,199.99999999999991,0.49999999999999944,7.999999999999601,False
1.754,199.99999999999977,0.5000000000000016,7.999999999999828,False
1.7545,199.99999999999977,0.5000000000000014,8.000000000000048,False
1.7550000000000001,199.99999999999977,0.5000000000000009,8.000000000000208,False
1.7555,199.9999999999999,0.5000000000000009,8.00000000000036,False
1.756,200.00000000000017,0.49999999999999983,8.00000000000033,False
1.7565,200.00000000000023,0.49999999999999817,8.000000000000068,False
1.7570000000000001,200.00000000000023,0.49999999999999895,7.999999999999878,False
1.7575,200.00000000000023,0.4999999999999992,7.999999999999727,False
1.758,200.0,0.4999999999999992,7.9999999999996,False
1.7585,199.99999999999977,0.500000000000001,7.999999999999747,False
1.7590000000000001,199.99999999999977,0.5000000000000019,8.000000000000023,False
1.7595,199.99999999999977,0.5000000000000009,8.000000000000183,False
1.76,199.99999999999983,0.5000000000000009,8.000000000000341,False
1.7605,200.0000000000001,0.5000000000000003,8.00000000000039,False
1.7610000000000001,200.00000000000026,0.49999999999999833,8.000000000000151,False
1.7615,200.00000000000026,0.4999999999999985,7.999999999999902,False
1.762,200.00000000000026,0.4999999999999991,7.999999999999725,False
1.7625,200.00000000000003,0.4999999999999991,7.999999999999573,False
1.7630000000000001,199.99999999999974,0.5000000000000009,7.999999999999697,False
1.7635,199.99999999999972,0.5000000000000021,8.000000000000016,False
1.764,199.99999999999972,0.5000000000000011,8.00000000000023,False
1.7645,199.9999999999999,0.500000000000001,8.000000000000409,False
1.7650000000000001,200.00000000000017,0.4999999999999996,8.000000000000355,False
1.7655,200.00000000000026,0.49999999999999817,8.000000000000092,False
1.766,200.00000000000026,0.4999999999999987,7.999999999999874,False
1.7665,200.00000000000026,0.4999999999999991,7.999999999999696,False
1.7670000000000001,199.99999999999997,0.4999999999999991,7.9999999999995595,False
1.7675,199.99999999999974,0.5000000000000013,7.999999999999753,False
1.768,199.99999999999974,0.5000000000000019,8.000000000000037,False
1.7685,199.99999999999974,0.5000000000000009,8.000000000000197,False
1.7690000000000001,199.99999999999983,0.5000000000000009,8.000000000000355,False
1.7695,200.0000000000001,0.5000000000000002,8.000000000000389,False
1.77,200.00000000000026,0.49999999999999833,8.00000000000015,False
1.7705,200.00000000000026,0.4999999999999985,7.9999999999999005,False
1.7710000000000001,200.00000000000026,0.4999999999999991,7.999999999999723,False
1.7715,200.0,0.4999999999999991,7.999999999999578,False
1.772,199.99999999999977,0.5000000000000011,7.99999999999974,False
1.7725,199.99999999999977,0.5000000000000019,8.000000000000016,False
1.7730000000000001,199.99999999999977,0.5000000000000009,8.000000000000176,False
1.7735,199.99999999999983,0.5000000000000009,8.000000000000334,False
1.774,200.0000000000001,0.5000000000000003,8.000000000000384,False
1.7745,200.00000000000023,0.49999999999999833,8.000000000000144,False
1.7750000000000001,200.00000000000023,0.4999999999999987,7.999999999999931,False
1.7755,200.00000000000023,0.4999999999999992,7.99999999999978,False
1.776,200.0000000000001,0.4999999999999992,7.999999999999634,False
1.7765,199.99999999999983,0.5000000000000001,7.9999999999996545,False
1.7770000000000001,199.99999999999974,0.5000000000000019,7.999999999999933,False
1.7775,199.99999999999974,0.5000000000000012,8.000000000000144,False
1.778,199.99999999999974,0.5000000000000009,8.000000000000304,False
1.7785,200.00000000000003,0.5000000000000009,8.000000000000432,False
1.7790000000000001,200.00000000000026,0.4999999999999986,8.00000000000024,False
1.7795,200.00000000000026,0.4999999999999981,7.999999999999956,False
1.78,200.00000000000026,0.4999999999999991,7.999999999999778,False
1.7805,200.0000000000001,0.4999999999999991,7.99999999999961,False
1.7810000000000001,199.99999999999983,0.5000000000000002,7.9999999999996385,False
1.7815,199.99999999999974,0.5000000000000019,7.999999999999917,False
1.782,199.99999999999974,0.5000000000000012,8.000000000000126,False
1.7825,199.99999999999974,0.5000000000000009,8.000000000000286,False
1.7830000000000001,200.0,0.5000000000000009,8.000000000000421,False
1.7835,200.00000000000023,0.4999999999999989,8.000000000000258,False
1.784,200.00000000000023,0.4999999999999982,7.999999999999992,False
1.7845,200.00000000000023,0.4999999999999992,7.999999999999841,False
1.7850000000000001,200.00000000000023,0.4999999999999992,7.99999999999969,False
1.7855,199.99999999999994,0.4999999999999992,7.999999999999576,False
1.786,199.99999999999974,0.5000000000000014,7.999999999999784,False
1.7865,199.99999999999974,0.5000000000000018,8.000000000000052,False
1.7870000000000001,199.99999999999974,0.5000000000000009,8.000000000000211,False
1.7875,199.99999999999986,0.5000000000000009,8.000000000000368,False
1.788,200.00000000000014,0.5,8.00000000000037,False
1.7885,200.00000000000026,0.4999999999999983,8.00000000000011,False
1.7890000000000001,200.00000000000026,0.4999999999999986,7.9999999999998925,False
1.7895,200.00000000000026,0.4999999999999991,7.999999999999715,False
1.79,200.0,0.4999999999999991,7.99999999999957,False
1.7905,199.99999999999974,0.5000000000000011,7.999999999999733,False
1.7910000000000001,199.99999999999974,0.500000000000002,8.000000000000025,False
1.7915,199.99999999999974,0.5000000000000009,8.000000000000185,False
1.792,199.99999999999983,0.5000000000000009,8.000000000000343,False
1.7925,200.0000000000001,0.5000000000000002,8.000000000000377,False
1.793,200.00000000000023,0.49999999999999833,8.000000000000137,False
1.7935,200.00000000000023,0.4999999999999987,7.999999999999924,False
1.794,200.00000000000023,0.4999999999999992,7.999999999999773,False
1.7945,200.00000000000009,0.4999999999999992,7.9999999999996305,False
1.795,199.9999999999998,0.5000000000000003,7.999999999999683,False
1.7955,199.99999999999977,0.5000000000000019,7.999999999999957,False
1.796,199.99999999999977,0.500000000000001,8.000000000000135,False
1.7965,199.99999999999977,0.5000000000000009,8.000000000000295,False
1.797,200.00000000000003,0.5000000000000009,8.000000000000423,False
1.7975,200.00000000000026,0.4999999999999988,8.000000000000243,False
1.798,200.00000000000026,0.4999999999999981,7.999999999999959,False
1.7985,200.00000000000026,0.4999999999999991,7.9999999999997815,False
1.799,200.0000000000001,0.4999999999999991,7.999999999999614,False
1.7995,199.99999999999983,0.5000000000000002,7.999999999999642,False
1.8,199.99999999999974,0.5000000000000019,7.999999999999921,False
1.8005,199.99999999999974,0.5000000000000012,8.000000000000131,False
1.801,199.99999999999974,0.5000000000000009,8.000000000000291,False
1.8015,200.0,0.5000000000000009,8.000000000000426,False
1.802,200.00000000000026,0.4999999999999989,8.000000000000263,False
1.8025,200.00000000000026,0.499999999999998,7.999999999999978,False
1.803,200.00000000000026,0.4999999999999991,7.9999999999998,False
1.8035,200.00000000000014,0.4999999999999991,7.999999999999629,False
1.804,199.99999999999986,0.5,7.999999999999626,False
1.8045,199.99999999999974,0.5000000000000018,7.999999999999886,False
1.805,199.99999999999974,0.5000000000000014,8.000000000000117,False
1.8055,199.99999999999974,0.5000000000000009,8.000000000000277,False
1.806,199.99999999999997,0.5000000000000009,8.000000000000417,False
1.8065,200.00000000000026,0.49999999999999906,8.000000000000288,False
1.807,200.00000000000026,0.49999999999999784,7.999999999999968,False
1.8075,200.00000000000026,0.4999999999999991,7.99999999999979,False
1.808,200.0000000000001,0.4999999999999991,7.9999999999996225,False
1.8085,199.99999999999983,0.5000000000000002,7.999999999999651,False
1.809,199.99999999999974,0.5000000000000019,7.99999999999993,False
1.8095,199.99999999999974,0.5000000000000012,8.00000000000014,False
1.81,199.99999999999974,0.5000000000000009,8.0000000000003,False
1.8105,200.00000000000003,0.5000000000000009,8.000000000000428,False
1.811,200.00000000000026,0.4999999999999986,8.000000000000236,False
1.8115,200.00000000000026,0.4999999999999981,7.999999999999952,False
1.812,200.00000000000026,0.4999999999999991,7.999999999999774,False
1.8125,200.00000000000009,0.4999999999999991,7.999999999999611,False
1.813,199.9999999999998,0.5000000000000004,7.999999999999671,False
1.8135000000000001,199.99999999999974,0.5000000000000019,7.999999999999953,False
1.814,199.99999999999974,0.5000000000000011,8.00000000000015,False
1.8145,199.99999999999974,0.5000000000000009,8.000000000000309,False
1.815,200.00000000000003,0.5000000000000009,8.000000000000437,False
1.8155000000000001,200.00000000000026,0.4999999999999986,8.000000000000245,False
1.816,200.00000000000026,0.4999999999999981,7.999999999999961,False
1.8165,200.00000000000026,0.4999999999999991,7.999999999999783,False
1.817,200.0000000000001,0.4999999999999991,7.999999999999615,False
1.8175000000000001,199.99999999999983,0.5000000000000002,7.999999999999644,False
1.818,199.99999999999974,0.5000000000000019,7.999999999999923,False
1.8185,199.99999999999974,0.5000000000000012,8.000000000000133,False
1.819,199.99999999999974,0.5000000000000009,8.000000000000293,False
1.8195000000000001,200.0,0.5000000000000009,8.000000000000428,False
1.82,200.00000000000026,0.4999999999999989,8.000000000000265,False
1.8205,200.00000000000026,0.499999999999998,7.99999999999998,False
1.821,200.00000000000026,0.4999999999999991,7.999999999999802,False
1.8215000000000001,200.00000000000014,0.4999999999999991,7.9999999999996305,False
1.822,199.99999999999986,0.5,7.999999999999628,False
1.8225,199.99999999999974,0.5000000000000018,7.999999999999888,False
1.823,199.99999999999974,0.5000000000000014,8.000000000000119,False
1.8235000000000001,199.99999999999974,0.5000000000000009,8.000000000000279,False
1.824,200.0,0.5000000000000009,8.000000000000414,False
1.8245,200.00000000000023,0.4999999999999989,8.00000000000025,False
1.825,200.00000000000023,0.4999999999999982,7.999999999999985,False
1.8255000000000001,200.00000000000023,0.4999999999999992,7.999999999999834,False
1.826,200.0000000000002,0.4999999999999992,7.999999999999683,False
1.8265,199.99999999999991,0.49999999999999944,7.999999999999601,False
1.827,199.99999999999977,0.5000000000000016,7.999999999999828,False
1.8275000000000001,199.99999999999977,0.5000000000000014,8.000000000000048,False
1.828,199.99999999999977,0.5000000000000009,8.000000000000208,False
1.8285,199.9999999999999,0.5000000000000009,8.00000000000036,False
1.829,200.00000000000017,0.49999999999999983,8.00000000000033,False
1.8295000000000001,200.00000000000023,0.49999999999999817,8.000000000000068,False
1.83,200.00000000000023,0.49999999999999895,7.999999999999878,False
1.8305,200.00000000000023,0.4999999999999992,7.999999999999727,False
1.831,200.0,0.4999999999999992,7.9999999999996,False
1.8315000000000001,199.99999999999977,0.500000000000001,7.999999999999747,False
1.832,199.99999999999977,0.5000000000000019,8.000000000000023,False
1.8325,199.99999999999977,0.5000000000000009,8.000000000000183,False
1.833,199.99999999999983,0.5000000000000009,8.000000000000341,False
1.8335000000000001,200.0000000000001,0.5000000000000003,8.00000000000039,False
1.834,200.00000000000026,0.49999999999999833,8.000000000000151,False
1.8345,200.00000000000026,0.4999999999999985,7.999999999999902,False
1.835,200.00000000000026,0.4999999999999991,7.999999999999725,False
1.8355000000000001,200.00000000000003,0.4999999999999991,7.999999999999573,False
1.836,199.99999999999974,0.5000000000000009,7.999999999999697,False
1.8365,199.99999999999972,0.5000000000000021,8.000000000000016,False
1.837,199.99999999999972,0.5000000000000011,8.00000000000023,False
1.8375000000000001,199.9999999999999,0.500000000000001,8.000000000000409,False
1.838,200.00000000000017,0.4999999999999996,8.000000000000355,False
1.8385,200.00000000000026,0.49999999999999817,8.000000000000092,False
1.839,200.00000000000026,0.4999999999999987,7.999999999999874,False
1.8395000000000001,200.00000000000026,0.4999999999999991,7.999999999999696,False
1.84,199.99999999999997,0.4999999999999991,7.9999999999995595,False
1.8405,199.99999999999974,0.5000000000000013,7.999999999999753,False
1.841,199.99999999999974,0.5000000000000019,8.000000000000037,False
1.8415000000000001,199.99999999999974,0.5000000000000009,8.000000000000197,False
1.842,199.99999999999983,0.5000000000000009,8.000000000000355,False
1.8425,200.0000000000001,0.5000000000000002,8.000000000000389,False
1.843,200.00000000000026,0.49999999999999833,8.00000000000015,False
1.8435000000000001,200.00000000000026,0.4999999999999985,7.9999999999999005,False
1.844,200.00000000000026,0.4999999999999991,7.999999999999723,False
1.8445,200.0,0.4999999999999991,7.999999999999578,False
1.845,199.99999999999977,0.5000000000000011,7.99999999999974,False
1.8455000000000001,199.99999999999977,0.5000000000000019,8.000000000000016,False
1.846,199.99999999999977,0.5000000000000009,8.000000000000176,False
1.8465,199.99999999999983,0.5000000000000009,8.000000000000334,False
1.847,200.0000000000001,0.5000000000000003,8.000000000000384,False
1.8475000000000001,200.00000000000023,0.49999999999999833,8.000000000000144,False
1.848,200.00000000000023,0.4999999999999987,7.999999999999931,False
1.8485,200.00000000000023,0.4999999999999992,7.99999999999978,False
1.849,200.0000000000001,0.4999999999999992,7.999999999999634,False
1.8495000000000001,199.99999999999983,0.5000000000000001,7.9999999999996545,False
1.85,199.99999999999974,0.5000000000000019,7.999999999999933,False
1.8505,199.99999999999974,0.5000000000000012,8.000000000000144,False
1.851,199.99999999999974,0.5000000000000009,8.000000000000304,False
1.8515000000000001,200.00000000000003,0.5000000000000009,8.000000000000432,False
1.852,200.00000000000026,0.4999999999999986,8.00000000000024,False
1.8525,200.00000000000026,0.4999999999999981,7.999999999999956,False
1.853,200.00000000000026,0.4999999999999991,7.999999999999778,False
1.8535000000000001,200.0000000000001,0.4999999999999991,7.99999999999961,False
1.854,199.99999999999983,0.5000000000000002,7.9999999999996385,False
1.8545,199.99999999999974,0.5000000000000019,7.999999999999917,False
1.855,199.99999999999974,0.5000000000000012,8.000000000000126,False
1.8555000000000001,199.99999999999974,0.5000000000000009,8.000000000000286,False
1.856,200.0,0.5000000000000009,8.000000000000421,False
1.8565,200.00000000000023,0.4999999999999989,8.000000000000258,False
1.857,200.00000000000023,0.4999999999999982,7.999999999999992,False
1.8575,200.00000000000023,0.4999999999999992,7.999999999999841,False
1.858,200.00000000000023,0.4999999999999992,7.99999999999969,False
1.8585,199.99999999999994,0.4999999999999992,7.999999999999576,False
1.859,199.99999999999974,0.5000000000000014,7.999999999999784,False
1.8595,199.99999999999974,0.5000000000000018,8.000000000000052,False
1.86,199.99999999999974,0.5000000000000009,8.000000000000211,False
1.8605,199.99999999999986,0.5000000000000009,8.000000000000368,False
1.861,200.00000000000014,0.5,8.00000000000037,False
1.8615,200.00000000000026,0.4999999999999983,8.00000000000011,False
1.862,200.00000000000026,0.4999999999999986,7.9999999999998925,False
1.8625,200.00000000000026,0.4999999999999991,7.999999999999715,False
1.863,200.0,0.4999999999999991,7.99999999999957,False
1.8635,199.99999999999974,0.5000000000000011,7.999999999999733,False
1.864,199.99999999999974,0.500000000000002,8.000000000000025,False
1.8645,199.99999999999974,0.5000000000000009,8.000000000000185,False
1.865,199.99999999999983,0.5000000000000009,8.000000000000343,False
1.8655,200.0000000000001,0.5000000000000002,8.000000000000377,False
1.866,200.00000000000023,0.49999999999999833,8.000000000000137,False
1.8665,200.00000000000023,0.4999999999999987,7.999999999999924,False
1.867,200.00000000000023,0.4999999999999992,7.999999999999773,False
1.8675,200.00000000000009,0.4999999999999992,7.9999999999996305,False
1.868,199.9999999999998,0.5000000000000003,7.999999999999683,False
1.8685,199.99999999999977,0.5000000000000019,7.999999999999957,False
1.869,199.99999999999977,0.500000000000001,8.000000000000135,False
1.8695,199.99999999999977,0.5000000000000009,8.000000000000295,False
1.87,200.00000000000003,0.5000000000000009,8.000000000000423,False
1.8705,200.00000000000026,0.4999999999999988,8.000000000000243,False
1.871,200.00000000000026,0.4999999999999981,7.999999999999959,False
1.8715,200.00000000000026,0.4999999999999991,7.9999999999997815,False
1.872,200.0000000000001,0.4999999999999991,7.999999999999614,False
1.8725,199.99999999999983,0.5000000000000002,7.999999999999642,False
1.873,199.99999999999974,0.5000000000000019,7.999999999999921,False
1.8735,199.99999999999974,0.5000000000000012,8.000000000000131,False
1.874,199.99999999999974,0.5000000000000009,8.000000000000291,False
1.8745,200.0,0.5000000000000009,8.000000000000426,False
1.875,200.00000000000026,0.4999999999999989,8.000000000000263,False
1.8755,200.00000000000026,0.499999999999998,7.999999999999978,False
1.8760000000000001,200.00000000000026,0.4999999999999991,7.9999999999998,False
1.8765,200.00000000000014,0.4999999999999991,7.999999999999629,False
1.877,199.99999999999986,0.5,7.999999999999626,False
1.8775,199.99999999999974,0.5000000000000018,7.999999999999886,False
1.8780000000000001,199.99999999999974,0.5000000000000014,8.000000000000117,False
1.8785,199.99999999999974,0.5000000000000009,8.000000000000277,False
1.879,199.99999999999997,0.5000000000000009,8.000000000000417,False
1.8795,200.00000000000026,0.49999999999999906,8.000000000000288,False
1.8800000000000001,200.00000000000026,0.49999999999999784,7.999999999999968,False
1.8805,200.00000000000026,0.4999999999999991,7.99999999999979,False
1.881,200.0000000000001,0.4999999999999991,7.9999999999996225,False
1.8815,199.99999999999983,0.5000000000000002,7.999999999999651,False
1.8820000000000001,199.99999999999974,0.5000000000000019,7.99999999999993,False
1.8825,199.99999999999974,0.5000000000000012,8.00000000000014,False
1.883,199.99999999999974,0.5000000000000009,8.0000000000003,False
1.8835,200.00000000000003,0.5000000000000009,8.000000000000428,False
1.8840000000000001,200.00000000000026,0.4999999999999986,8.000000000000236,False
1.8845,200.00000000000026,0.4999999999999981,7.999999999999952,False
1.885,200.00000000000026,0.4999999999999991,7.999999999999774,False
1.8855,200.00000000000009,0.4999999999999991,7.999999999999611,False
1.8860000000000001,199.9999999999998,0.5000000000000004,7.999999999999671,False
1.8865,199.99999999999974,0.5000000000000019,7.999999999999953,False
1.887,199.99999999999974,0.5000000000000011,8.00000000000015,False
1.8875,199.99999999999974,0.5000000000000009,8.000000000000309,False
1.8880000000000001,200.00000000000003,0.5000000000000009,8.000000000000437,False
1.8885,200.00000000000026,0.4999999999999986,8.000000000000245,False
1.889,200.00000000000026,0.4999999999999981,7.999999999999961,False
1.8895,200.00000000000026,0.4999999999999991,7.999999999999783,False
1.8900000000000001,200.0000000000001,0.4999999999999991,7.999999999999615,False
1.8905,199.99999999999983,0.5000000000000002,7.999999999999644,False
1.891,199.99999999999974,0.5000000000000019,7.999999999999923,False
1.8915,199.99999999999974,0.5000000000000012,8.000000000000133,False
1.8920000000000001,199.99999999999974,0.5000000000000009,8.000000000000293,False
1.8925,200.0,0.5000000000000009,8.000000000000428,False
1.893,200.00000000000026,0.4999999999999989,8.000000000000265,False
1.8935,200.00000000000026,0.499999999999998,7.99999999999998,False
1.8940000000000001,200.00000000000026,0.4999999999999991,7.999999999999802,False
1.8945,200.00000000000014,0.4999999999999991,7.9999999999996305,False
1.895,199.99999999999986,0.5,7.999999999999628,False
1.8955,199.99999999999974,0.5000000000000018,7.999999999999888,False
1.8960000000000001,199.99999999999974,0.5000000000000014,8.000000000000119,False
1.8965,199.99999999999974,0.5000000000000009,8.000000000000279,False
1.897,200.0,0.5000000000000009,8.000000000000414,False
1.8975,200.00000000000023,0.4999999999999989,8.00000000000025,False
1.8980000000000001,200.00000000000023,0.4999999999999982,7.999999999999985,False
1.8985,200.00000000000023,0.4999999999999992,7.999999999999834,False
1.899,200.0000000000002,0.4999999999999992,7.999999999999683,False
1.8995,199.99999999999991,0.49999999999999944,7.999999999999601,False
1.9000000000000001,199.99999999999977,0.5000000000000016,7.999999999999828,False
1.9005,199.99999999999977,0.5000000000000014,8.000000000000048,False
1.901,199.99999999999977,0.5000000000000009,8.000000000000208,False
1.9015,199.9999999999999,0.5000000000000009,8.00000000000036,False
1.9020000000000001,200.00000000000017,0.49999999999999983,8.00000000000033,False
1.9025,200.00000000000023,0.49999999999999817,8.000000000000068,False
1.903,200.00000000000023,0.49999999999999895,7.999999999999878,False
1.9035,200.00000000000023,0.4999999999999992,7.999999999999727,False
1.9040000000000001,200.0,0.4999999999999992,7.9999999999996,False
1.9045,199.99999999999977,0.500000000000001,7.999999999999747,False
1.905,199.99999999999977,0.5000000000000019,8.000000000000023,False
1.9055,199.99999999999977,0.5000000000000009,8.000000000000183,False
1.9060000000000001,199.99999999999983,0.5000000000000009,8.000000000000341,False
1.9065,200.0000000000001,0.5000000000000003,8.00000000000039,False
1.907,200.00000000000026,0.49999999999999833,8.000000000000151,False
1.9075,200.00000000000026,0.4999999999999985,7.999999999999902,False
1.9080000000000001,200.00000000000026,0.4999999999999991,7.999999999999725,False
1.9085,200.00000000000003,0.4999999999999991,7.999999999999573,False
1.909,199.99999999999974,0.5000000000000009,7.999999999999697,False
1.9095,199.99999999999972,0.5000000000000021,8.000000000000016,False
1.9100000000000001,199.99999999999972,0.5000000000000011,8.00000000000023,False
1.9105,199.9999999999999,0.500000000000001,8.000000000000409,False
1.911,200.00000000000017,0.4999999999999996,8.000000000000355,False
1.9115,200.00000000000026,0.49999999999999817,8.000000000000092,False
1.9120000000000001,200.00000000000026,0.4999999999999987,7.999999999999874,False
1.9125,200.00000000000026,0.4999999999999991,7.999999999999696,False
1.913,199.99999999999997,0.4999999999999991,7.9999999999995595,False
1.9135,199.99999999999974,0.5000000000000013,7.999999999999753,False
1.9140000000000001,199.99999999999974,0.5000000000000019,8.000000000000037,False
1.9145,199.99999999999974,0.5000000000000009,8.000000000000197,False
1.915,199.99999999999983,0.5000000000000009,8.000000000000355,False
1.9155,200.0000000000001,0.5000000000000002,8.000000000000389,False
1.9160000000000001,200.00000000000026,0.49999999999999833,8.00000000000015,False
1.9165,200.00000000000026,0.4999999999999985,7.9999999999999005,False
1.917,200.00000000000026,0.4999999999999991,7.999999999999723,False
1.9175,200.0,0.4999999999999991,7.999999999999578,False
1.9180000000000001,199.99999999999977,0.5000000000000011,7.99999999999974,False
1.9185,199.99999999999977,0.5000000000000019,8.000000000000016,False
1.919,199.99999999999977,0.5000000000000009,8.000000000000176,False
1.9195,199.99999999999983,0.5000000000000009,8.000000000000334,False
1.92,200.0000000000001,0.5000000000000003,8.000000000000384,False
1.9205,200.00000000000023,0.49999999999999833,8.000000000000144,False
1.921,200.00000000000023,0.4999999999999987,7.999999999999931,False
1.9215,200.00000000000023,0.4999999999999992,7.99999999999978,False
1.922,200.0000000000001,0.4999999999999992,7.999999999999634,False
1.9225,199.99999999999983,0.5000000000000001,7.9999999999996545,False
1.923,199.99999999999974,0.5000000000000019,7.999999999999933,False
1.9235,199.99999999999974,0.5000000000000012,8.000000000000144,False
1.924,199.99999999999974,0.5000000000000009,8.000000000000304,False
1.9245,200.00000000000003,0.5000000000000009,8.000000000000432,False
1.925,200.00000000000026,0.4999999999999986,8.00000000000024,False
1.9255,200.00000000000026,0.4999999999999981,7.999999999999956,False
1.926,200.00000000000026,0.4999999999999991,7.999999999999778,False
1.9265,200.0000000000001,0.4999999999999991,7.99999999999961,False
1.927,199.99999999999983,0.5000000000000002,7.9999999999996385,False
1.9275,199.99999999999974,0.5000000000000019,7.999999999999917,False
1.928,199.99999999999974,0.5000000000000012,8.000000000000126,False
1.9285,199.99999999999974,0.5000000000000009,8.000000000000286,False
1.929,200.0,0.5000000000000009,8.000000000000421,False
1.9295,200.00000000000023,0.4999999999999989,8.000000000000258,False
1.93,200.00000000000023,0.4999999999999982,7.999999999999992,False
1.9305,200.00000000000023,0.4999999999999992,7.999999999999841,False
1.931,200.00000000000023,0.4999999999999992,7.99999999999969,False
1.9315,199.99999999999994,0.4999999999999992,7.999999999999576,False
1.932,199.99999999999974,0.5000000000000014,7.999999999999784,False
1.9325,199.99999999999974,0.5000000000000018,8.000000000000052,False
1.933,199.99999999999974,0.5000000000000009,8.000000000000211,False
1.9335,199.99999999999986,0.5000000000000009,8.000000000000368,False
1.934,200.00000000000014,0.5,8.00000000000037,False
1.9345,200.00000000000026,0.4999999999999983,8.00000000000011,False
1.935,200.00000000000026,0.4999999999999986,7.9999999999998925,False
1.9355,200.00000000000026,0.4999999999999991,7.999999999999715,False
1.936,200.0,0.4999999999999991,7.99999999999957,False
1.9365,199.99999999999974,0.5000000000000011,7.999999999999733,False
1.937,199.99999999999974,0.500000000000002,8.000000000000025,False
1.9375,199.99999999999974,0.5000000000000009,8.000000000000185,False
1.938,199.99999999999983,0.5000000000000009,8.000000000000343,False
1.9385000000000001,200.0000000000001,0.5000000000000002,8.000000000000377,False
1.939,200.00000000000023,0.49999999999999833,8.000000000000137,False
1.9395,200.00000000000023,0.4999999999999987,7.999999999999924,False
1.94,200.00000000000023,0.4999999999999992,7.999999999999773,False
1.9405000000000001,200.00000000000009,0.4999999999999992,7.9999999999996305,False
1.941,199.9999999999998,0.5000000000000003,7.999999999999683,False
1.9415,199.99999999999977,0.5000000000000019,7.999999999999957,False
1.942,199.99999999999977,0.500000000000001,8.000000000000135,False
1.9425000000000001,199.99999999999977,0.5000000000000009,8.000000000000295,False
1.943,200.00000000000003,0.5000000000000009,8.000000000000423,False
1.9435,200.00000000000026,0.4999999999999988,8.000000000000243,False
1.944,200.00000000000026,0.4999999999999981,7.999999999999959,False
1.9445000000000001,200.00000000000026,0.4999999999999991,7.9999999999997815,False
1.945,200.0000000000001,0.4999999999999991,7.999999999999614,False
1.9455,199.99999999999983,0.5000000000000002,7.999999999999642,False
1.946,199.99999999999974,0.5000000000000019,7.999999999999921,False
1.9465000000000001,199.99999999999974,0.5000000000000012,8.000000000000131,False
1.947,199.99999999999974,0.5000000000000009,8.000000000000291,False
1.9475,200.0,0.5000000000000009,8.000000000000426,False
1.948,200.00000000000026,0.4999999999999989,8.000000000000263,False
1.9485000000000001,200.00000000000026,0.499999999999998,7.999999999999978,False
1.949,200.00000000000026,0.4999999999999991,7.9999999999998,False
1.9495,200.00000000000014,0.4999999999999991,7.999999999999629,False
1.95,199.99999999999986,0.5,7.999999999999626,False
1.9505000000000001,199.99999999999974,0.5000000000000018,7.999999999999886,False
1.951,199.99999999999974,0.5000000000000014,8.000000000000117,False
1.9515,199.99999999999974,0.5000000000000009,8.000000000000277,False
1.952,199.99999999999997,0.5000000000000009,8.000000000000417,False
1.9525000000000001,200.00000000000026,0.49999999999999906,8.000000000000288,False
1.953,200.00000000000026,0.49999999999999784,7.999999999999968,False
1.9535,200.00000000000026,0.4999999999999991,7.99999999999979,False
1.954,200.0000000000001,0.4999999999999991,7.9999999999996225,False
1.9545000000000001,199.99999999999983,0.5000000000000002,7.999999999999651,False
1.955,199.99999999999974,0.5000000000000019,7.99999999999993,False
1.9555,199.99999999999974,0.5000000000000012,8.00000000000014,False
1.956,199.99999999999974,0.5000000000000009,8.0000000000003,False
1.9565000000000001,200.00000000000003,0.5000000000000009,8.000000000000428,False
1.957,200.00000000000026,0.4999999999999986,8.000000000000236,False
1.9575,200.00000000000026,0.4999999999999981,7.999999999999952,False
1.958,200.00000000000026,0.4999999999999991,7.999999999999774,False
1.9585000000000001,200.00000000000009,0.4999999999999991,7.999999999999611,False
1.959,199.9999999999998,0.5000000000000004,7.999999999999671,False
1.9595,199.99999999999974,0.5000000000000019,7.999999999999953,False
1.96,199.99999999999974,0.5000000000000011,8.00000000000015,False
1.9605000000000001,199.99999999999974,0.5000000000000009,8.000000000000309,False
1.961,200.00000000000003,0.5000000000000009,8.000000000000437,False
1.9615,200.00000000000026,0.4999999999999986,8.000000000000245,False
1.962,200.00000000000026,0.4999999999999981,7.999999999999961,False
1.9625000000000001,200.00000000000026,0.4999999999999991,7.999999999999783,False
1.963,200.0000000000001,0.4999999999999991,7.999999999999615,False
1.9635,199.99999999999983,0.5000000000000002,7.999999999999644,False
1.964,199.99999999999974,0.5000000000000019,7.999999999999923,False
1.9645000000000001,199.99999999999974,0.5000000000000012,8.000000000000133,False
1.965,199.99999999999974,0.5000000000000009,8.000000000000293,False
1.9655,200.0,0.5000000000000009,8.000000000000428,False
1.966,200.00000000000026,0.4999999999999989,8.000000000000265,False
1.9665000000000001,200.00000000000026,0.499999999999998,7.99999999999998,False
1.967,200.00000000000026,0.4999999999999991,7.999999999999802,False
1.9675,200.00000000000014,0.4999999999999991,7.9999999999996305,False
1.968,199.99999999999986,0.5,7.999999999999628,False
1.9685000000000001,199.99999999999974,0.5000000000000018,7.999999999999888,False
1.969,199.99999999999974,0.5000000000000014,8.000000000000119,False
1.9695,199.99999999999974,0.5000000000000009,8.000000000000279,False
1.97,200.0,0.5000000000000009,8.000000000000414,False
1.9705000000000001,200.00000000000023,0.4999999999999989,8.00000000000025,False
1.971,200.00000000000023,0.4999999999999982,7.999999999999985,False
1.9715,200.00000000000023,0.4999999999999992,7.999999999999834,False
1.972,200.0000000000002,0.4999999999999992,7.999999999999683,False
1.9725000000000001,199.99999999999991,0.49999999999999944,7.999999999999601,False
1.973,199.99999999999977,0.5000000000000016,7.999999999999828,False
1.9735,199.99999999999977,0.5000000000000014,8.000000000000048,False
1.974,199.99999999999977,0.5000000000000009,8.000000000000208,False
1.9745000000000001,199.9999999999999,0.5000000000000009,8.00000000000036,False
1.975,200.00000000000017,0.49999999999999983,8.00000000000033,False
1.9755,200.00000000000023,0.49999999999999817,8.000000000000068,False
1.976,200.00000000000023,0.49999999999999895,7.999999999999878,False
1.9765000000000001,200.00000000000023,0.4999999999999992,7.999999999999727,False
1.977,200.0,0.4999999999999992,7.9999999999996,False
1.9775,199.99999999999977,0.500000000000001,7.999999999999747,False
1.978,199.99999999999977,0.5000000000000019,8.000000000000023,False
1.9785000000000001,199.99999999999977,0.5000000000000009,8.000000000000183,False
1.979,199.99999999999983,0.5000000000000009,8.000000000000341,False
1.9795,200.0000000000001,0.5000000000000003,8.00000000000039,False
1.98,200.00000000000026,0.49999999999999833,8.000000000000151,False
1.9805000000000001,200.00000000000026,0.4999999999999985,7.999999999999902,False
1.981,200.00000000000026,0.4999999999999991,7.999999999999725,False
1.9815,200.00000000000003,0.4999999999999991,7.999999999999573,False
1.982,199.99999999999974,0.5000000000000009,7.999999999999697,False
1.9825000000000002,199.99999999999972,0.5000000000000021,8.000000000000016,False
1.983,199.99999999999972,0.5000000000000011,8.00000000000023,False
1.9835,199.9999999999999,0.500000000000001,8.000000000000409,False
1.984,200.00000000000017,0.4999999999999996,8.000000000000355,False
1.9845,200.00000000000026,0.49999999999999817,8.000000000000092,False
1.985,200.00000000000026,0.4999999999999987,7.999999999999874,False
1.9855,200.00000000000026,0.4999999999999991,7.999999999999696,False
1.986,199.99999999999997,0.4999999999999991,7.9999999999995595,False
1.9865,199.99999999999974,0.5000000000000013,7.999999999999753,False
1.987,199.99999999999974,0.5000000000000019,8.000000000000037,False
1.9875,199.99999999999974,0.5000000000000009,8.000000000000197,False
1.988,199.99999999999983,0.5000000000000009,8.000000000000355,False
1.9885,200.0000000000001,0.5000000000000002,8.000000000000389,False
1.989,200.00000000000026,0.49999999999999833,8.00000000000015,False
1.9895,200.00000000000026,0.4999999999999985,7.9999999999999005,False
1.99,200.00000000000026,0.4999999999999991,7.999999999999723,False
1.9905,200.0,0.4999999999999991,7.999999999999578,False
1.991,199.99999999999977,0.5000000000000011,7.99999999999974,False
1.9915,199.99999999999977,0.5000000000000019,8.000000000000016,False
1.992,199.99999999999977,0.5000000000000009,8.000000000000176,False
1.9925,199.99999999999983,0.5000000000000009,8.000000000000334,False
1.993,200.0000000000001,0.5000000000000003,8.000000000000384,False
1.9935,200.00000000000023,0.49999999999999833,8.000000000000144,False
1.994,200.00000000000023,0.4999999999999987,7.999999999999931,False
1.9945,200.00000000000023,0.4999999999999992,7.99999999999978,False
1.995,200.0000000000001,0.4999999999999992,7.999999999999634,False
1.9955,199.99999999999983,0.5000000000000001,7.9999999999996545,False
1.996,199.99999999999974,0.5000000000000019,7.999999999999933,False
1.9965,199.99999999999974,0.5000000000000012,8.000000000000144,False
1.997,199.99999999999974,0.5000000000000009,8.000000000000304,False
1.9975,200.00000000000003,0.5000000000000009,8.000000000000432,False
1.998,200.00000000000026,0.4999999999999986,8.00000000000024,False
1.9985,200.00000000000026,0.4999999999999981,7.999999999999956,False
1.999,200.00000000000026,0.4999999999999991,7.999999999999778,False
1.9995,200.0000000000001,0.4999999999999991,7.99999999999961,False
2.0,199.99999999999983,0.5000000000000002,7.9999999999996385,False
