time_s,output_voltage_V,duty_cycle,inductor_current_A,bound_hit
0.0005,190.07972536556386,0.664030134677887,27.89188230976618,False
0.001,199.8872101529069,0.4262404441833496,21.193190556850187,False
0.0015,204.5284318361218,0.38795235753059387,7.768343255405618,False
0.002,203.54324207206756,0.4763012230396271,3.914812729894865,False
0.0025,202.1767135051763,0.5383495092391968,7.4763615094338425,False
0.003,202.30892014709113,0.5308250784873962,10.344536412963397,False
0.0035,203.13783189458266,0.4966544508934021,9.198083693861578,False
0.004,203.32826352252386,0.4946381747722626,7.6774245707715805,False
0.0045000000000000005,203.0811753572728,0.509282648563385,7.836956934675939,False
0.005,202.99400979514846,0.5129817128181458,8.464093323811925,False
0.0055,203.10257023380004,0.5077877640724182,8.496136666862387,False
0.006,203.1714032378778,0.505297064781189,8.219532512191948,False
0.006500000000000001,203.14626757672875,0.5073301196098328,8.168868672978604,False
0.007,203.12292001923015,0.5085659027099609,8.265874696046927,False
0.0075,203.13343996249762,0.507912814617157,8.290143338569095,False
0.008,203.14465537682307,0.5073968768119812,8.252553534444003,False
0.0085,203.14200808201863,0.5076202750205994,8.239269535427951,False
0.009000000000000001,203.13767291586183,0.5078448057174683,8.252564628043329,False
0.0095,203.13848254611497,0.5077775120735168,8.25866832642692,False
0.01,203.14030382259736,0.5076853632926941,8.253896255001118,False
0.0105,203.14016324849615,0.5077044367790222,8.25106851481216,False
0.011,203.1394495639571,0.5077424645423889,8.25269707405213,False
0.0115,203.1394523972127,0.5077381134033203,8.253927219175702,False
0.012,203.1397350497037,0.5077229738235474,8.253390757857211,False
0.0125,203.1397591661057,0.5077233910560608,8.252859603899632,False
0.013000000000000001,203.1396509242171,0.5077294111251831,8.25302686692875,False
0.0135,203.13963277642557,0.507729709148407,8.253245556239323,False
0.014,203.13967261695083,0.5077273845672607,8.2531960484964,False
0.0145,203.1396824017,0.5077271461486816,8.253112497571907,False
0.015,203.139667723053,0.5077279210090637,8.253118024926199,False
0.0155,203.1396622090626,0.5077282190322876,8.253160335818155,False
0.016,203.1396686734704,0.5077278017997742,8.253154914877314,False
0.0165,203.13967106166123,0.5077277421951294,8.253141472821497,False
0.017,203.13967044101972,0.5077279210090637,8.253148185725484,False
0.0175,203.13967182106654,0.507727861404419,8.253147993471442,False
0.018000000000000002,203.1396719086476,0.5077278017997742,8.253140799617277,False
0.0185,203.13967091395676,0.5077279210090637,8.253147330248094,False
0.019,203.13967186772177,0.507727861404419,8.25314706636423,False
0.0195,203.1396715311955,0.5077278017997742,8.253139918418656,False
0.02,203.13967016768268,0.5077279210090637,8.253146604531082,False
0.0205,203.1396719462262,0.5077279210090637,8.253153231897766,False
0.021,203.1396743985372,0.5077278017997742,8.253145675556597,False
0.021500000000000002,203.13967322576363,0.5077278017997742,8.253137943953094,False
0.022,203.13967082936676,0.5077279210090637,8.253144304842309,False
0.0225,203.13967151153656,0.5077279210090637,8.25315090131606,False
0.023,203.13967294258273,0.5077278017997742,8.253143606745386,False
0.0235,203.13967204336416,0.507727861404419,8.253143039005646,False
0.024,203.13967205297664,0.5077279210090637,8.253149393141404,False
0.0245,203.1396727562648,0.5077278017997742,8.25314204980619,False
0.025,203.1396711663335,0.507727861404419,8.253141629344261,False
0.025500000000000002,203.13967060814554,0.5077279210090637,8.25314830465333,False
0.026000000000000002,203.1396720285255,0.507727861404419,8.253148060607082,False
0.0265,203.13967212968078,0.5077278017997742,8.253140807521486,False
0.027,203.1396711206076,0.5077279210090637,8.25314727904487,False
0.0275,203.1396720343622,0.507727861404419,8.253146963582903,False
0.028,203.13967163769405,0.5077278017997742,8.253139777910947,False
0.0285,203.13967020182403,0.5077279210090637,8.253146444616169,False
0.029,203.13967190509317,0.5077279210090637,8.25315307298231,False
0.029500000000000002,203.13967428870131,0.5077278017997742,8.253145537538002,False
0.03,203.13967306228295,0.5077278017997742,8.253137843735438,False
0.0305,203.1396706337392,0.5077279210090637,8.253144254274105,False
0.031,203.13967130888415,0.5077279210090637,8.253150905800515,False
0.0315,203.13967275843527,0.5077278017997742,8.253143664684544,False
0.032,203.13967190045182,0.507727861404419,8.25314314213234,False
0.0325,203.13967196843416,0.5077279210090637,8.253149527680863,False
0.033,203.13967273958912,0.5077278017997742,8.253142198306023,False
0.0335,203.1396712183374,0.507727861404419,8.253141772930904,False
0.034,203.1396707210192,0.5077279210090637,8.253148425424127,False
0.0345,203.13967218697752,0.507727861404419,8.253148143855679,False
0.035,203.13967231299534,0.5077278017997742,8.25314084352076,False
0.035500000000000004,203.13967130534277,0.5077279210090637,8.253147264172313,False
0.036000000000000004,203.13967219733922,0.507727861404419,8.253146900659717,False
0.0365,203.1396717588971,0.5077278017997742,8.253139675727228,False
0.037,203.13967026684938,0.5077279210090637,8.253146316716968,False
0.0375,203.13967190684852,0.5077279210090637,8.253152935880605,False
0.038,203.13967422815736,0.5077278017997742,8.253145408589345,False
0.0385,203.13967294819972,0.5077278017997742,8.253137738946986,False
0.039,203.13967048142172,0.5077279210090637,8.253144186323912,False
0.0395,203.13967113814124,0.5077279210090637,8.253150882511278,False
0.04,203.13967259101204,0.5077278017997742,8.253143688134607,False
0.0405,203.13967175726833,0.507727861404419,8.25314320850328,False
0.041,203.13967186697883,0.5077279210090637,8.253149627847026,False
0.0415,203.13967269179176,0.5077278017997742,8.253142319078066,False
0.042,203.13967122917848,0.507727861404419,8.25314189878521,False
0.0425,203.13967078803665,0.5077279210090637,8.253148540492274,False
0.043000000000000003,203.13967230071518,0.507727861404419,8.253148233919624,False
0.043500000000000004,203.13967245831978,0.5077278017997742,8.253140897763684,False
0.044,203.13967146344672,0.5077279210090637,8.253147276470262,False
0.0445,203.13967234816766,0.507727861404419,8.253146870260752,False
0.045,203.13967188368423,0.5077278017997742,8.253139607244577,False
0.0455,203.13967035044618,0.5077279210090637,8.253146219449945,False
0.046,203.13967193955332,0.5077279210090637,8.253152822560937,False
0.0465,203.139674206829,0.5077278017997742,8.253145293720989,False
0.047,203.139672876528,0.5077278017997742,8.25313763695507,False
0.0475,203.13967036933636,0.5077279210090637,8.253144109748346,False
0.048,203.1396710004499,0.5077279210090637,8.253150840470672,False
0.0485,203.1396713523196,0.5077277421951294,8.253137037504233,False
0.049,203.1396697903823,0.5077279806137085,8.25315059989258,False
0.0495,203.13967013153894,0.5077277421951294,8.253137132918667,False
0.05,203.13966871208552,0.5077279806137085,8.253151013018917,False
0.0505,203.1396704213166,0.5077278017997742,8.25314445374661,False
0.051000000000000004,203.1396701110279,0.507727861404419,8.253144501317438,False
0.051500000000000004,203.13966984752673,0.507727861404419,8.253144628175967,False
0.052000000000000005,203.1396696629561,0.507727861404419,8.253144816931535,False
0.0525,203.13966957896216,0.507727861404419,8.253145042763443,False
0.053,203.13966960417895,0.507727861404419,8.25314527667143,False
0.0535,203.13966973339106,0.507727861404419,8.25314548918881,False
0.054,203.13966994844793,0.507727861404419,8.253145654084186,False
0.0545,203.13967022078197,0.507727861404419,8.253145751588042,False
0.055,203.13967051518483,0.507727861404419,8.25314577074878,False
0.0555,203.13967079434505,0.507727861404419,8.2531457106393,False
0.056,203.1396710235634,0.507727861404419,8.253145580284542,False
0.0565,203.13967117505265,0.507727861404419,8.253145397343182,False
0.057,203.13967123129007,0.507727861404419,8.253145185732057,False
0.0575,203.13967118701999,0.507727861404419,8.253144972511006,False
0.058,203.13967104968194,0.507727861404419,8.25314478443242,False
0.0585,203.13967083823925,0.507727861404419,8.253144644594284,False
0.059000000000000004,203.1396705805856,0.507727861404419,8.253144569614163,False
0.059500000000000004,203.13967030988124,0.507727861404419,8.253144567668523,False
0.06,203.13967006029802,0.507727861404419,8.253144637626876,False
0.0605,203.13966986271777,0.507727861404419,8.253144769368552,False
0.061,203.13966974092372,0.507727861404419,8.253144945220294,False
0.0615,203.13966970875373,0.507727861404419,8.253145142313297,False
0.062,203.139669768553,0.507727861404419,8.253145335547012,False
0.0625,203.13966991109652,0.507727861404419,8.253145500776883,False
0.063,203.1396701169628,0.507727861404419,8.25314561782231,False
0.0635,203.1396703591599,0.507727861404419,8.2531456729212,False
0.064,203.13967060665067,0.507727861404419,8.253145660333935,False
0.0645,203.13967082831854,0.507727861404419,8.253145582911706,False
0.065,203.13967099686857,0.507727861404419,8.253145451577568,False
0.0655,203.1396710921768,0.507727861404419,8.253145283805571,False
0.066,203.13967110367682,0.507727861404419,8.253145101307556,False
0.0665,203.13967103150446,0.507727861404419,8.253144927232343,False
0.067,203.1396708862793,0.507727861404419,8.253144783237557,False
0.0675,203.13967068757648,0.507727861404419,8.253144686803411,False
0.068,203.13967046130492,0.507727861404419,8.253144649120625,False
0.0685,203.13967023634106,0.507727861404419,8.253144673806263,False
0.069,203.13967004085407,0.507727861404419,8.253144756592954,False
0.0695,203.1396698987889,0.507727861404419,8.253144886012052,False
0.07,203.13966982694464,0.507727861404419,8.253145044966493,False
0.07050000000000001,203.13966983300386,0.507727861404419,8.253145212979387,False
0.07100000000000001,203.13966991474126,0.507727861404419,8.25314536882392,False
0.07150000000000001,203.13967006048884,0.507727861404419,8.253145493197731,False
0.07200000000000001,203.13967025077622,0.507727861404419,8.253145571105785,False
0.0725,203.13967046091733,0.507727861404419,8.253145593658559,False
0.073,203.1396706642025,0.507727861404419,8.25314555907127,False
0.0735,203.13967083528382,0.507727861404419,8.253145472753829,False
0.074,203.1396709533264,0.507727861404419,8.253145346497485,False
0.0745,203.1396710045345,0.507727861404419,8.25314519687697,False
0.075,203.13967098374806,0.507727861404419,8.253145043083261,False
0.0755,203.13967089492695,0.507727861404419,8.253144904469229,False
0.076,203.13967075048305,0.507727861404419,8.253144798121136,False
0.0765,203.13967056956557,0.507727861404419,8.253144736759973,False
0.077,203.1396703755345,0.507727861404419,8.25314472722933,False
0.0775,203.13967019295373,0.507727861404419,8.253144769748303,False
0.078,203.13967004448983,0.507727861404419,8.253144858008717,False
0.0785,203.13966994810716,0.507727861404419,8.253144980088523,False
0.079,203.13966991490494,0.507727861404419,8.253145120051565,False
0.0795,203.13966994785534,0.507727861404419,8.253145260020338,False
0.08,203.13967004158397,0.507727861404419,8.253145382453042,False
0.0805,203.13967018320056,0.507727861404419,8.253145472335673,False
0.081,203.1396703540557,0.507727861404419,8.25314551901614,False
0.0815,203.13967053218673,0.507727861404419,8.253145517457137,False
0.082,203.13967069513222,0.507727861404419,8.25314546876179,False
0.0825,203.13967082275664,0.507727861404419,8.253145379919882,False
0.083,203.13967089973005,0.507727861404419,8.253145262821068,False
0.0835,203.13967091735884,0.507727861404419,8.253145132672579,False
0.084,203.13967087455035,0.507727861404419,8.25314500603095,False
0.0845,203.13967077780694,0.507727861404419,8.25314489870165,False
0.085,203.13967064026798,0.507727861404419,8.253144823772393,False
0.0855,203.13967047993822,0.507727861404419,8.253144790024065,False
0.08600000000000001,203.1396703173401,0.507727861404419,8.253144800911278,False
0.08650000000000001,203.13967017289397,0.507727861404419,8.253144854229653,False
0.08700000000000001,203.13967006436118,0.507727861404419,8.253144942498562,False
0.08750000000000001,203.1396700046678,0.507727861404419,8.25314505399794,False
0.088,203.13967000037593,0.507727861404419,8.2531451743169,False
0.0885,203.13967005098095,0.507727861404419,8.25314528821041,False
0.089,203.13967014910773,0.507727861404419,8.253145381525576,False
0.0895,203.13967028156418,0.507727861404419,8.253145442954832,False
0.09,203.13967043110404,0.507727861404419,8.25314546539953,False
0.0905,203.13967057866466,0.507727861404419,8.253145446780369,False
0.091,203.1396707057902,0.507727861404419,8.25314539020353,False
0.0915,203.13967079693296,0.507727861404419,8.253145303473827,False
0.092,203.13967084134765,0.507727861404419,8.25314519802815,False
0.0925,203.13967083434716,0.507727861404419,8.253145087433737,False
0.093,203.1396707777764,0.507727861404419,8.25314498564782,False
0.0935,203.1396706796579,0.507727861404419,8.253144905261049,False
0.094,203.1396705530704,0.507727861404419,8.253144855945276,False
0.0945,203.13967041441416,0.507727861404419,8.253144843296349,False
0.095,203.13967028129346,0.507727861404419,8.253144868209539,False
0.0955,203.13967017028776,0.507727861404419,8.253144926855747,False
0.096,203.13967009489264,0.507727861404419,8.253145011250302,False
0.0965,203.1396700638871,0.507727861404419,8.253145110331873,False
0.097,203.13967008032157,0.507727861404419,8.253145211406588,False
0.0975,203.1396701412436,0.507727861404419,8.253145301769662,False
0.098,203.13967023818097,0.507727861404419,8.253145370297846,False
0.0985,203.13967035830723,0.507727861404419,8.253145408813674,False
0.099,203.13967048613108,0.507727861404419,8.253145413054877,False
0.0995,203.139670605488,0.507727861404419,8.253145383134894,False
0.1,203.13967070157884,0.507727861404419,8.253145323446313,False
0.1005,203.1396707627988,0.507727861404419,8.253145242029818,False
0.101,203.13967078213156,0.507727861404419,8.253145149497874,False
0.1015,203.13967075794247,0.507727861404419,8.253145057656294,False
0.10200000000000001,203.13967069408204,0.507727861404419,8.253144978002199,False
0.10250000000000001,203.13967059930013,0.507727861404419,8.253144920288968,False
0.10300000000000001,203.1396704860572,0.507727861404419,8.253144891336692,False
0.10350000000000001,203.139670368893,0.507727861404419,8.253144894232628,False
0.10400000000000001,203.13967026256495,0.507727861404419,8.253144928014517,False
0.1045,203.1396701801948,0.507727861404419,8.25314498786743,False
0.105,203.13967013165484,0.507727861404419,8.253145065799648,False
0.1055,203.13967012239178,0.507727861404419,8.253145151704045,False
0.106,203.1396701528274,0.507727861404419,8.253145234664549,False
0.1065,203.13967021840028,0.507727861404419,8.253145304339482,False
0.107,203.13967031023128,0.507727861404419,8.253145352246777,False
0.1075,203.1396704163175,0.507727861404419,8.25314537279202,False
0.108,203.1396705230953,0.507727861404419,8.253145363915262,False
0.1085,203.13967061716968,0.507727861404419,8.253145327282633,False
0.109,203.13967068698977,0.507727861404419,8.253145268007442,False
0.1095,203.13967072426166,0.507727861404419,8.253145193944484,False
0.11,203.13967072492673,0.507727861404419,8.25314511465404,False
0.1105,203.13967068959047,0.507727861404419,8.25314504017161,False
0.111,203.13967062335888,0.507727861404419,8.25314497974129,False
0.1115,203.13967053511385,0.507727861404419,8.253144940672145,False
0.112,203.13967043632906,0.507727861404419,8.253144927458576,False
0.1125,203.1396703395831,0.507727861404419,8.253144941270044,False
0.113,203.13967025696235,0.507727861404419,8.253144979867065,False
0.1135,203.13967019855556,0.507727861404419,8.253145037946034,False
0.114,203.13967017122692,0.507727861404419,8.253145107861544,False
0.1145,203.13967017781667,0.507727861404419,8.253145180628652,False
0.115,203.13967021686057,0.507727861404419,8.253145247074087,False
0.1155,203.1396702828548,0.507727861404419,8.253145298989484,False
0.116,203.13967036702138,0.507727861404419,8.253145330141919,False
0.1165,203.1396704584701,0.507727861404419,8.253145337017903,False
0.117,203.13967054560308,0.507727861404419,8.253145319212525,False
0.11750000000000001,203.13967061758152,0.507727861404419,8.253145279421695,False
0.11800000000000001,203.1396706656698,0.507727861404419,8.253145223045951,False
0.11850000000000001,203.13967068429076,0.507727861404419,8.253145157462715,False
0.11900000000000001,203.13967067166527,0.507727861404419,8.253145091064525,False
0.11950000000000001,203.13967062996355,0.507727861404419,8.25314503218813,False
0.12,203.1396705649591,0.507727861404419,8.253144988070725,False
0.1205,203.13967048523713,0.507727861404419,8.253144963963631,False
0.121,203.1396704010659,0.507727861404419,8.253144962511529,False
0.1215,203.13967032307784,0.507727861404419,8.253144983470095,False
0.122,203.1396702609306,0.507727861404419,8.253145023790964,False
0.1225,203.1396702221147,0.507727861404419,8.253145078056527,False
0.123,203.13967021105574,0.507727861404419,8.253145139203514,False
0.1235,203.1396702286174,0.507727861404419,8.253145199439132,False
0.124,203.13967027206013,0.507727861404419,8.253145251231448,False
0.1245,203.13967033545248,0.507727861404419,8.253145288248431,False
0.125,203.13967041047428,0.507727861404419,8.253145306128943,False
0.1255,203.13967048750456,0.507727861404419,8.253145302992184,False
0.126,203.13967055685163,0.507727861404419,8.253145279626771,False
0.1265,203.13967060996907,0.507727861404419,8.253145239341656,False
0.127,203.13967064050536,0.507727861404419,8.253145187503986,False
0.1275,203.13967064505837,0.507727861404419,8.253145130827752,False
0.128,203.1396706235465,0.507727861404419,8.253145076506998,False
0.1285,203.13967057915613,0.507727861404419,8.253145031305193,False
0.129,203.13967051788114,0.507727861404419,8.253145000715698,False
0.1295,203.13967044771852,0.507727861404419,8.253144988297196,False
0.13,203.13967037762876,0.507727861404419,8.25314499526411,False
0.1305,203.13967031639447,0.507727861404419,8.253145020378513,False
0.131,203.13967027152333,0.507727861404419,8.253145060151445,False
0.1315,203.13967024833087,0.507727861404419,8.25314510932248,False
0.132,203.1396702493158,0.507727861404419,8.25314516155238,False
0.1325,203.13967027389972,0.507727861404419,8.25314521023782,False
0.133,203.13967031855756,0.507727861404419,8.253145249343962,False
0.1335,203.13967037731476,0.507727861404419,8.253145274150057,False
0.134,203.13967044254227,0.507727861404419,8.25314528181635,False
0.1345,203.1396705059436,0.507727861404419,8.253145271704586,False
0.135,203.13967055960737,0.507727861404419,8.253145245416563,False
0.1355,203.1396705969912,0.507727861404419,8.253145206551247,False
0.136,203.1396706137164,0.507727861404419,8.253145160216155,False
0.1365,203.1396706080756,0.507727861404419,8.253145112358824,False
0.137,203.13967058119655,0.507727861404419,8.253145069005663,False
0.1375,203.13967053684763,0.507727861404419,8.253145035505193,False
0.138,203.1396704809156,0.507727861404419,8.253145015870476,False
0.1385,203.1396704206282,0.507727861404419,8.25314501230132,False
0.139,203.13967036362286,0.507727861404419,8.25314502494273,False
0.1395,203.13967031698212,0.507727861404419,8.253145051905372,False
0.14,203.1396702863563,0.507727861404419,8.25314508954063,False
0.1405,203.13967027528216,0.507727861404419,8.253145132930992,False
0.14100000000000001,203.13967028477964,0.507727861404419,8.253145176530232,False
0.14150000000000001,203.13967031327144,0.507727861404419,8.253145214870319,False
0.14200000000000002,203.1396703568293,0.507727861404419,8.253145243245198,False
0.14250000000000002,203.1396704097108,0.507727861404419,8.253145258286297,False
0.14300000000000002,203.13967046511306,0.507727861404419,8.253145258359488,False
0.14350000000000002,203.13967051604533,0.507727861404419,8.253145243737265,False
0.14400000000000002,203.13967055620864,0.507727861404419,8.2531452165287,False
0.1445,203.1396705807721,0.507727861404419,8.253145180380564,False
0.145,203.1396705869508,0.507727861404419,8.253145139991371,False
0.1455,203.1396705743164,0.507727861404419,8.253145100502746,False
0.146,203.13967054480628,0.507727861404419,8.25314506684669,False
0.1465,203.1396705024364,0.507727861404419,8.253145043131413,False
0.147,203.1396704527588,0.507727861404419,8.253145032142,False
0.1475,203.13967040213683,0.507727861404419,8.253145035016228,False
0.148,203.1396703569326,0.507727861404419,8.253145051133012,False
0.1485,203.13967032270938,0.507727861404419,8.253145078223303,False
0.149,203.13967030354956,0.507727861404419,8.253145112685484,False
0.1495,203.13967030157093,0.507727861404419,8.253145150061842,False
0.15,203.13967031669816,0.507727861404419,8.253145185613302,False
0.1505,203.13967034671347,0.507727861404419,8.253145214918687,False
0.151,203.13967038757505,0.507727861404419,8.253145234422826,False
0.1515,203.13967043395775,0.507727861404419,8.253145241865774,False
0.152,203.13967047994478,0.507727861404419,8.253145236541716,False
0.1525,203.13967051978022,0.507727861404419,8.253145219358123,False
0.153,203.13967054858736,0.507727861404419,8.253145192691713,False
0.1535,203.13967056296352,0.507727861404419,8.253145160062925,False
0.154,203.13967056137855,0.507727861404419,8.253145125673178,False
0.1545,203.13967054433135,0.507727861404419,8.253145093865532,False
0.155,203.1396705142494,0.507727861404419,8.253145068577727,False
0.1555,203.13967047514805,0.507727861404419,8.253145052856285,False
0.156,203.13967043209735,0.507727861404419,8.253145048491493,False
0.1565,203.13967039056706,0.507727861404419,8.253145055816674,False
0.157,203.1396703557334,0.507727861404419,8.253145073693814,False
0.1575,203.13967033183582,0.507727861404419,8.253145099683877,False
0.158,203.13967032166363,0.507727861404419,8.25314513037698,False
0.1585,203.1396703262333,0.507727861404419,8.253145161837962,False
0.159,203.13967034469474,0.507727861404419,8.253145190109525,False
0.1595,203.13967037447287,0.507727861404419,8.253145211708516,False
0.16,203.13967041162277,0.507727861404419,8.253145224053595,False
0.1605,203.13967045134987,0.507727861404419,8.253145225771734,False
0.161,203.13967048862682,0.507727861404419,8.253145216847575,False
0.1615,203.13967051882798,0.507727861404419,8.253145198599817,False
0.162,203.13967053830154,0.507727861404419,8.253145173490816,False
0.1625,203.13967054480875,0.507727861404419,8.2531451447965,False
0.163,203.13967053777816,0.507727861404419,8.253145116180468,False
0.1635,203.1396705183456,0.507727861404419,8.253145091227578,False
0.164,203.1396704891799,0.507727861404419,8.253145072996139,False
0.1645,203.13967045411928,0.507727861404419,8.253145063644538,False
0.165,203.1396704176689,0.507727861404419,8.253145064177684,False
0.1655,203.13967038442294,0.507727861404419,8.253145074342727,False
0.166,203.13967035848765,0.507727861404419,8.253145092684493,False
0.1665,203.13967034297585,0.507727861404419,8.253145116750424,False
0.167,203.13967033963547,0.507727861404419,8.253145143416726,False
0.1675,203.13967034865613,0.507727861404419,8.253145169292475,False
0.168,203.13967036867464,0.507727861404419,8.253145191149644,False
0.1685,203.13967039697525,0.507727861404419,8.25314520632459,False
0.169,203.13967042985524,0.507727861404419,8.253145213041238,False
0.1695,203.13967046310776,0.507727861404419,8.253145210616992,False
0.17,203.1396704925584,0.507727861404419,8.253145199527705,False
0.1705,203.13967051458783,0.507727861404419,8.253145181326188,False
0.171,203.13967052657478,0.507727861404419,8.253145158427397,False
0.1715,203.13967052720602,0.507727861404419,8.25314513378953,False
0.17200000000000001,203.13967051661604,0.507727861404419,8.253145110533076,False
0.17250000000000001,203.13967049634323,0.507727861404419,8.25314509154668,False
0.17300000000000001,203.13967046911054,0.507727861404419,8.253145079129476,False
0.17350000000000002,203.1396704384619,0.507727861404419,8.253145074714029,False
0.17400000000000002,203.13967040830255,0.507727861404419,8.253145078703145,False
0.17450000000000002,203.13967038240315,0.507727861404419,8.253145090438734,False
0.17500000000000002,203.13967036392935,0.507727861404419,8.25314510830425,False
0.17550000000000002,203.1396703550567,0.507727861404419,8.253145129945327,False
0.176,203.13967035671644,0.507727861404419,8.253145152578735,False
0.1765,203.13967036850238,0.507727861404419,8.25314517334925,False
0.177,203.13967038874694,0.507727861404419,8.253145189688844,False
0.1775,203.1396704147537,0.507727861404419,8.253145199633126,False
0.178,203.139670443155,0.507727861404419,8.25314520205617,False
0.1785,203.13967047034632,0.507727861404419,8.253145196795826,False
0.179,203.13967049294263,0.507727861404419,8.253145184655935,False
0.1795,203.13967050819852,0.507727861404419,8.2531451672874,False
0.18,203.1396705143402,0.507727861404419,8.253145146965343,False
0.1805,203.13967051076943,0.507727861404419,8.253145126292203,False
0.181,203.13967049811643,0.507727861404419,8.253145107865477,False
0.1815,203.13967047813793,0.507727861404419,8.253145093952241,False
0.182,203.13967045347556,0.507727861404419,8.253145086211253,False
0.1825,203.13967042730835,0.507727861404419,8.253145085496502,False
0.183,203.13967040294395,0.507727861404419,8.25314509176535,False
0.1835,203.13967038340198,0.507727861404419,8.253145104100751,False
0.184,203.1396703710408,0.507727861404419,8.253145120842593,False
0.1845,203.1396703672745,0.507727861404419,8.253145139809769,False
0.185,203.13967037241335,0.507727861404419,8.253145158583314,False
0.1855,203.13967038564573,0.507727861404419,8.253145174814065,False
0.186,203.13967040516096,0.507727861404419,8.253145186515736,False
0.1865,203.13967042839505,0.507727861404419,8.25314519230704,False
0.187,203.13967045236615,0.507727861404419,8.253145191573397,False
0.1875,203.13967047405626,0.507727861404419,8.25314518452954,False
0.188,203.1396704907899,0.507727861404419,8.253145172176989,False
0.1885,203.13967050056328,0.507727861404419,8.253145156163747,False
0.189,203.13967050228254,0.507727861404419,8.253145138565554,False
0.1895,203.13967049588368,0.507727861404419,8.253145121617733,False
0.19,203.1396704823214,0.507727861404419,8.25314510743205,False
0.1905,203.13967046343026,0.507727861404419,8.253145097734366,False
0.191,203.13967044167802,0.507727861404419,8.253145093655602,False
0.1915,203.13967041984466,0.507727861404419,8.2531450956012,False
0.192,203.13967040066802,0.507727861404419,8.253145103213965,False
0.1925,203.13967038650145,0.507727861404419,8.25314511543317,False
0.193,203.13967037902606,0.507727861404419,8.253145130640753,False
0.1935,203.13967037905286,0.507727861404419,8.253145146874571,False
0.194,203.13967038643725,0.507727861404419,8.25314516208079,False
0.1945,203.1396704001153,0.507727861404419,8.253145174373032,False
0.195,203.13967041825444,0.507727861404419,8.253145182265586,False
0.1955,203.1396704384974,0.507727861404419,8.253145184852114,False
0.196,203.1396704582676,0.507727861404419,8.253145181908298,False
0.1965,203.13967047509627,0.507727861404419,8.25314517390714,False
0.197,203.13967048692962,0.507727861404419,8.253145161946554,False
0.1975,203.13967049237874,0.507727861404419,8.25314514760003,False
0.198,203.13967049088072,0.507727861404419,8.253145132710443,False
0.1985,203.1396704827541,0.507727861404419,8.25314511915407,False
0.199,203.13967046914206,0.507727861404419,8.253145108604791,False
0.1995,203.1396704518538,0.507727861404419,8.253145102328116,False
0.2,203.13967043312513,0.507727861404419,8.253145101030267,False
0.2005,203.13967041533041,0.507727861404419,8.253145104780215,False
0.201,203.13967040068215,0.507727861404419,8.253145113012987,False
0.2015,203.13967039095692,0.507727861404419,8.253145124612464,False
0.202,203.1396703872809,0.507727861404419,8.253145138061576,False
0.2025,203.139670390001,0.507727861404419,8.253145151640009,False
0.203,203.13967039865594,0.507727861404419,8.253145163643593,False
0.20350000000000001,203.13967041204938,0.507727861404419,8.2531451725976,False
0.20400000000000001,203.13967042841358,0.507727861404419,8.253145177437252,False
0.20450000000000002,203.13967044564183,0.507727861404419,8.253145177633433,False
0.20500000000000002,203.13967046155864,0.507727861404419,8.253145173248933,False
0.20550000000000002,203.13967047419396,0.507727861404419,8.253145164919454,False
0.20600000000000002,203.13967048202602,0.507727861404419,8.253145153763118,False
0.20650000000000002,203.1396704841636,0.507727861404419,8.253145141231299,False
0.20700000000000002,203.139670480446,0.507727861404419,8.253145128920442,False
0.20750000000000002,203.13967047144925,0.507727861404419,8.253145118369257,False
0.20800000000000002,203.1396704584003,0.507727861404419,8.25314511086697,False
0.2085,203.13967044301071,0.507727861404419,8.253145107296444,False
0.209,203.13967042725332,0.507727861404419,8.25314510803116,False
0.2095,203.1396704131098,0.507727861404419,8.25314511289802,False
0.21,203.1396704023223,0.507727861404419,8.253145121209323,False
0.2105,203.1396703961797,0.507727861404419,8.25314513185864,False
0.211,203.1396703953643,0.507727861404419,8.253145143467338,False
0.2115,203.13967039987818,0.507727861404419,8.253145154562498,False
0.212,203.13967040905527,0.507727861404419,8.253145163763264,False
0.2125,203.1396704216577,0.507727861404419,8.253145169952191,False
0.213,203.13967043604165,0.507727861404419,8.253145172410322,False
0.2135,203.13967045037083,0.507727861404419,8.253145170899803,False
0.214,203.13967046285052,0.507727861404419,8.25314516568462,False
0.2145,203.1396704719515,0.507727861404419,8.253145157488083,False
0.215,203.13967047659668,0.507727861404419,8.253145147393528,False
0.2155,203.1396704762878,0.507727861404419,8.253145136701797,False
0.216,203.13967047115688,0.507727861404419,8.253145126764068,False
0.2165,203.13967046193758,0.507727861404419,8.25314511881159,False
0.217,203.13967044986234,0.507727861404419,8.25314511380367,False
0.2175,203.13967043649816,0.507727861404419,8.253145112312508,False
0.218,203.13967042354417,0.507727861404419,8.253145114458816,False
0.2185,203.13967041261614,0.507727861404419,8.253145119905165,False
0.219,203.1396704050455,0.507727861404419,8.25314512790689,False
0.2195,203.13967040171795,0.507727861404419,8.253145137413087,False
0.22,203.1396704029706,0.507727861404419,8.25314514720406,False
0.2205,203.13967040856028,0.507727861404419,8.253145156047387,False
0.221,203.13967041770488,0.507727861404419,8.253145162852606,False
0.2215,203.1396704291914,0.507727861404419,8.253145166805197,False
0.222,203.13967044153623,0.507727861404419,8.253145167463485,False
0.2225,203.13967045317608,0.507727861404419,8.253145164806963,False
0.223,203.13967046266546,0.507727861404419,8.253145159230938,False
0.2235,203.1396704688556,0.507727861404419,8.253145151489166,False
0.224,203.13967047103273,0.507727861404419,8.253145142592649,False
0.2245,203.1396704689996,0.507727861404419,8.25314513367808,False
0.225,203.13967046309023,0.507727861404419,8.253145125863009,False
0.2255,203.13967045411812,0.507727861404419,8.253145120106181,False
0.226,203.13967044326537,0.507727861404419,8.253145117090334,False
0.2265,203.13967043192747,0.507727861404419,8.25314511714186,False
0.227,203.13967042153448,0.507727861404419,8.253145120196569,False
0.2275,203.13967041337114,0.507727861404419,8.25314512581513,False
0.228,203.1396704084185,0.507727861404419,8.253145133245148,False
0.2285,203.13967040723693,0.507727861404419,8.253145141521367,False
0.229,203.13967040990354,0.507727861404419,8.253145149590631,False
0.2295,203.1396704160117,0.507727861404419,8.253145156445548,False
0.23,203.13967042473115,0.507727861404419,8.253145161249874,False
0.2305,203.13967043491994,0.507727861404419,8.253145163440085,False
0.231,203.1396704452735,0.507727861404419,8.253145162790899,False
0.2315,203.13967045449118,0.507727861404419,8.253145159437105,False
0.232,203.13967046143924,0.507727861404419,8.253145153849914,False
0.2325,203.1396704652895,0.507727861404419,8.253145146771555,False
0.233,203.13967046561774,0.507727861404419,8.253145139117198,False
0.2335,203.13967046244912,0.507727861404419,8.253145131856972,False
0.234,203.13967045624653,0.507727861404419,8.25314512589335,False
0.23450000000000001,203.1396704478444,0.507727861404419,8.253145121949336,False
0.23500000000000001,203.13967043833713,0.507727861404419,8.253145120481214,False
0.23550000000000001,203.13967042893705,0.507727861404419,8.253145121626392,False
0.23600000000000002,203.13967042082024,0.507727861404419,8.25314512519216,False
0.23650000000000002,203.1396704149797,0.507727861404419,8.253145130686088,False
0.23700000000000002,203.13967041210464,0.507727861404419,8.253145137383363,False
0.23750000000000002,203.13967041249958,0.507727861404419,8.253145144422003,False
0.23800000000000002,203.13967041605352,0.507727861404419,8.253145150913445,False
0.23850000000000002,203.13967042226153,0.507727861404419,8.25314515605444,False
0.23900000000000002,203.13967043029564,0.507727861404419,8.253145159226108,False
0.23950000000000002,203.13967043911467,0.507727861404419,8.25314516006803,False
0.24,203.13967044759855,0.507727861404419,8.253145158518514,False
0.2405,203.13967045469036,0.507727861404419,8.25314515481677,False
0.241,203.13967045952754,0.507727861404419,8.253145149467205,False
0.2415,203.13967046154622,0.507727861404419,8.253145143171274,False
0.242,203.1396704605465,0.507727861404419,8.253145136735831,False
0.2425,203.1396704567105,0.507727861404419,8.253145130970015,False
0.243,203.13967045057223,0.507727861404419,8.253145126583846,False
0.2435,203.13967044294438,0.507727861404419,8.253145124101062,False
0.244,203.13967043481094,0.507727861404419,8.253145123796992,False
0.2445,203.1396704272007,0.507727861404419,8.253145125668755,False
0.245,203.13967042105767,0.507727861404419,8.253145129440828,False
0.2455,203.13967041712402,0.507727861404419,8.253145134604713,False
0.246,203.1396704158513,0.507727861404419,8.253145140487046,False
0.2465,203.13967041734878,0.507727861404419,8.253145146337099,False
0.247,203.13967042137674,0.507727861404419,8.253145151422318,False
0.2475,203.13967042738273,0.507727861404419,8.253145155119798,False
0.248,203.13967043457689,0.507727861404419,8.253145156992245,False
0.2485,203.13967044203517,0.507727861404419,8.253145156839343,False
0.249,203.1396704488179,0.507727861404419,8.25314515471837,False
0.2495,203.13967045408774,0.507727861404419,8.253145150932182,False
0.25,203.13967045721276,0.507727861404419,8.25314514598661,False
0.2505,203.1396704578416,0.507727861404419,8.253145140523287,False
0.251,203.1396704559425,0.507727861404419,8.253145135236645,False
0.2515,203.13967045180098,0.507727861404419,8.253145130785907,False
0.252,203.13967044597834,0.507727861404419,8.253145127713143,False
0.2525,203.13967043923586,0.507727861404419,8.25314512637751,False
0.253,203.13967043243588,0.507727861404419,8.25314512691372,False
0.2535,203.1396704264317,0.507727861404419,8.25314512921935,False
0.254,203.1396704219609,0.507727861404419,8.253145132972138,False
0.2545,203.13967041955485,0.507727861404419,8.253145137674531,False
0.255,203.1396704194762,0.507727861404419,8.25314514271933,False
0.2555,203.13967042169108,0.507727861404419,8.25314514746785,False
0.256,203.13967042587873,0.507727861404419,8.253145151330559,False
0.2565,203.1396704314772,0.507727861404419,8.253145153840027,False
0.257,203.13967043775835,0.507727861404419,8.25314515470721,False
0.2575,203.13967044392206,0.507727861404419,8.253145153854332,False
0.258,203.13967044919812,0.507727861404419,8.253145151420664,False
0.2585,203.13967045294203,0.507727861404419,8.253145147740948,False
0.259,203.13967045471335,0.507727861404419,8.25314514329979,False
0.2595,203.13967045432724,0.507727861404419,8.253145138668119,False
0.26,203.13967045187277,0.507727861404419,8.25314513442998,False
0.2605,203.13967044769637,0.507727861404419,8.253145131109099,False
0.261,203.13967044235386,0.507727861404419,8.253145129104421,False
0.2615,203.13967043653676,0.507727861404419,8.253145128642416,False
0.262,203.13967043098302,0.507727861404419,8.253145129751951,False
0.2625,203.1396704263837,0.507727861404419,8.253145132264406,False
0.263,203.1396704232973,0.507727861404419,8.253145135838505,False
0.2635,203.1396704220821,0.507727861404419,8.25314514000634,False
0.264,203.13967042285518,0.507727861404419,8.253145144234411,False
0.2645,203.13967042548228,0.507727861404419,8.253145147991699,False
0.265,203.13967042959928,0.507727861404419,8.253145150816176,False
0.2655,203.1396704346622,0.507727861404419,8.253145152371404,False
0.266,203.13967044001862,0.507727861404419,8.253145152486356,False
0.2665,203.1396704449918,0.507727861404419,8.253145151173737,False
0.267,203.13967044896566,0.507727861404419,8.253145148624917,False
0.2675,203.13967045146094,0.507727861404419,8.253145145182593,False
0.268,203.13967045219286,0.507727861404419,8.253145141294983,False
0.2685,203.13967045110277,0.507727861404419,8.253145137457679,False
0.269,203.13967044836158,0.507727861404419,8.253145134150653,False
0.2695,203.1396704443439,0.507727861404419,8.25314513177839,False
0.27,203.13967043957726,0.507727861404419,8.253145130620613,False
0.2705,203.1396704346732,0.507727861404419,8.253145130799558,False
0.271,203.1396704302489,0.507727861404419,8.253145132267644,False
0.2715,203.1396704268498,0.507727861404419,8.253145134816618,False
0.272,203.13967042488255,0.507727861404419,8.253145138106694,False
0.2725,203.13967042456682,0.507727861404419,8.253145141711592,False
0.273,203.13967042591105,0.507727861404419,8.253145145173603,False
0.2735,203.13967042871556,0.507727861404419,8.253145148061538,False
0.274,203.1396704326014,0.507727861404419,8.253145150024272,False
0.2745,203.13967043706126,0.507727861404419,8.253145150833223,False
0.275,203.13967044152537,0.507727861404419,8.253145150408718,False
0.2755,203.13967044543415,0.507727861404419,8.253145148827164,False
0.276,203.1396704483082,0.507727861404419,8.253145146308556,False
0.2765,203.1396704498068,0.507727861404419,8.253145143186172,False
0.277,203.13967044976803,0.507727861404419,8.253145139862687,False
0.2775,203.13967044822567,0.507727861404419,8.253145136758405,False
0.278,203.1396704454013,0.507727861404419,8.253145134258247,False
0.2785,203.13967044167302,0.507727861404419,8.253145132664187,False
0.279,203.1396704375251,0.507727861404419,8.253145132158943,False
0.2795,203.13967043348526,0.507727861404419,8.253145132785356,False
0.28,203.13967043005778,0.507727861404419,8.253145134443612,False
0.2805,203.1396704276607,0.507727861404419,8.253145136906475,False
0.281,203.13967042657498,0.507727861404419,8.253145139850155,False
0.28150000000000003,203.13967042691212,0.507727861404419,8.25314514289668,False
0.28200000000000003,203.13967042860295,0.507727861404419,8.253145145662304,False
0.28250000000000003,203.13967043141022,0.507727861404419,8.25314514780571,False
0.28300000000000003,203.13967043496106,0.507727861404419,8.253145149069994,False
0.28350000000000003,203.13967043879646,0.507727861404419,8.253145149313232,False
0.28400000000000003,203.13967044243043,0.507727861404419,8.253145148524156,False
0.28450000000000003,203.13967044541124,0.507727861404419,8.25314514682109,False
0.28500000000000003,203.13967044737768,0.507727861404419,8.253145144434665,False
0.28550000000000003,203.13967044810238,0.507727861404419,8.253145141676825,False
0.28600000000000003,203.13967044751783,0.507727861404419,8.25314513890018,False
0.28650000000000003,203.139670445722,0.507727861404419,8.25314513645308,False
0.28700000000000003,203.1396704429627,0.507727861404419,8.253145134636007,False
0.28750000000000003,203.1396704396039,0.507727861404419,8.25314513366483,False
0.28800000000000003,203.1396704360778,0.507727861404419,8.25314513364535,False
0.2885,203.13967043282946,0.507727861404419,8.253145134562098,False
0.289,203.13967043026082,0.507727861404419,8.253145136282562,False
0.2895,203.13967042868092,0.507727861404419,8.253145138575995,False
0.29,203.13967042826917,0.507727861404419,8.253145141144199,False
0.2905,203.13967042905526,0.507727861404419,8.25314514366014,False
0.291,203.13967043091802,0.507727861404419,8.25314514580948,False
0.2915,203.13967043360384,0.507727861404419,8.253145147329763,False
0.292,203.13967043676055,0.507727861404419,8.253145148042295,False
0.2925,203.13967043998375,0.507727861404419,8.253145147872972,False
0.293,203.13967044286818,0.507727861404419,8.253145146859621,False
0.2935,203.13967044505878,0.507727861404419,8.253145145145107,False
0.294,203.13967044629405,0.507727861404419,8.2531451429575,False
0.2945,203.13967044643712,0.507727861404419,8.25314514057986,False
0.295,203.13967044549065,0.507727861404419,8.25314513831374,False
0.2955,203.13967044359373,0.507727861404419,8.253145136441045,False
0.296,203.13967044100198,0.507727861404419,8.253145135189076,False
0.2965,203.1396704380533,0.507727861404419,8.25314513470305,False
0.297,203.13967043512395,0.507727861404419,8.253145135029472,False
0.2975,203.13967043258066,0.507727861404419,8.25314513611214,False
0.298,203.13967043073495,0.507727861404419,8.253145137801143,False
0.2985,203.139670429805,0.507727861404419,8.253145139873386,False
0.299,203.1396704298901,0.507727861404419,8.253145142061959,False
0.2995,203.13967043096048,0.507727861404419,8.25314514409039,False
0.3,203.13967043286348,0.507727861404419,8.25314514570748,False
0.3005,203.13967043534498,0.507727861404419,8.253145146718294,False
0.301,203.13967043808302,0.507727861404419,8.253145147007565,False
0.3015,203.13967044072967,0.507727861404419,8.253145146552617,False
0.302,203.13967044295492,0.507727861404419,8.253145145424455,False
0.3025,203.13967044448788,0.507727861404419,8.253145143777152,False
0.303,203.1396704451493,0.507727861404419,8.253145141826925,False
0.3035,203.1396704448729,0.507727861404419,8.253145139823896,False
0.304,203.1396704437108,0.507727861404419,8.253145138020079,False
0.3045,203.1396704418254,0.507727861404419,8.25314513663781,False
0.305,203.13967043946656,0.507727861404419,8.253145135842376,False
0.3055,203.13967043693881,0.507727861404419,8.25314513572243,False
0.306,203.1396704345622,0.507727861404419,8.25314513628029,False
0.3065,203.13967043263165,0.507727861404419,8.253145137433284,False
0.307,203.13967043138072,0.507727861404419,8.253145139025717,False
0.3075,203.13967043095346,0.507727861404419,8.25314514084975,False
0.308,203.13967043138786,0.507727861404419,8.253145142672413,False
0.3085,203.13967043261326,0.507727861404419,8.253145144265316,False
0.309,203.13967043446124,0.507727861404419,8.25314514543315,False
0.3095,203.13967043668848,0.507727861404419,8.253145146037548,False
0.31,203.13967043900865,0.507727861404419,8.253145146013367,False
0.3105,203.13967044112937,0.507727861404419,8.253145145375463,False
0.311,203.13967044278837,0.507727861404419,8.253145144215331,False
0.3115,203.13967044378666,0.507727861404419,8.253145142688211,False
0.312,203.13967044401144,0.507727861404419,8.253145140992377,False
0.3125,203.13967044344915,0.507727861404419,8.253145139343536,False
0.313,203.13967044218504,0.507727861404419,8.25314513794745,False
0.3135,203.13967044039074,0.507727861404419,8.253145136974323,False
0.314,203.13967043830112,0.507727861404419,8.253145136538148,False
0.3145,203.1396704361836,0.507727861404419,8.253145136683493,False
0.315,203.13967043430407,0.507727861404419,8.253145137381203,False
0.3155,203.13967043289364,0.507727861404419,8.253145138533437,False
0.316,203.13967043212017,0.507727861404419,8.253145139987248,False
0.3165,203.13967043206873,0.507727861404419,8.253145141554759,False
0.317,203.13967043273212,0.507727861404419,8.253145143037372,False
0.3175,203.13967043401377,0.507727861404419,8.253145144250873,False
0.318,203.13967043574135,0.507727861404419,8.253145145048247,False
0.3185,203.13967043769006,0.507727861404419,8.253145145337392,False
0.319,203.13967043961145,0.507727861404419,8.253145145091633,False
0.3195,203.13967044126522,0.507727861404419,8.253145144351832,False
0.32,203.13967044244913,0.507727861404419,8.253145143220019,False
0.3205,203.1396704430238,0.507727861404419,8.25314514184541,False
0.321,203.1396704429285,0.507727861404419,8.253145140404838,False
0.3215,203.13967044218785,0.507727861404419,8.253145139080091,False
0.322,203.1396704409068,0.507727861404419,8.253145138035018,False
0.3225,203.1396704392561,0.507727861404419,8.253145137395334,False
0.323,203.1396704374495,0.507727861404419,8.253145137233576,False
0.3235,203.13967043571648,0.507727861404419,8.253145137561022,False
0.324,203.13967043427272,0.507727861404419,8.253145138327435,False
0.3245,203.13967043329387,0.507727861404419,8.253145139428494,False
0.325,203.13967043289372,0.507727861404419,8.253145140719896,False
0.3255,203.13967043311155,0.507727861404419,8.25314514203623,False
0.326,203.13967043390844,0.507727861404419,8.253145143212054,False
0.3265,203.13967043517363,0.507727861404419,8.25314514410266,False
0.327,203.13967043673975,0.507727861404419,8.253145144601792,False
0.3275,203.13967043840483,0.507727861404419,8.253145144654269,False
0.328,203.1396704399584,0.507727861404419,8.253145144261916,False
0.3285,203.13967044120778,0.507727861404419,8.253145143482278,False
0.329,203.13967044200217,0.507727861404419,8.25314514242036,False
0.3295,203.13967044225063,0.507727861404419,8.253145141214537,False
0.33,203.13967044193214,0.507727861404419,8.253145140018642,False
0.3305,203.13967044109742,0.507727861404419,8.25314513898237,False
0.331,203.13967043986074,0.507727861404419,8.253145138232581,False
0.3315,203.13967043838463,0.507727861404419,8.253145137857853,False
0.332,203.13967043685864,0.507727861404419,8.253145137898096,False
0.3325,203.13967043547487,0.507727861404419,8.253145138340455,False
0.333,203.13967043440417,0.507727861404419,8.253145139121932,False
0.3335,203.1396704337748,0.507727861404419,8.253145140138193,False
0.334,203.13967043365733,0.507727861404419,8.25314514125746,False
0.3345,203.13967043405677,0.507727861404419,8.253145142337527,False
0.335,203.13967043491348,0.507727861404419,8.253145143243765,False
0.3355,203.13967043611134,0.507727861404419,8.253145143865874,False
0.336,203.13967043749392,0.507727861404419,8.253145144131237,False
0.3365,203.13967043888442,0.507727861404419,8.253145144013308,False
0.337,203.13967044010835,0.507727861404419,8.253145143534086,False
0.3375,203.1396704410156,0.507727861404419,8.253145142760436,False
0.338,203.1396704414984,0.507727861404419,8.253145141794846,False
0.3385,203.13967044150417,0.507727861404419,8.25314514076193,False
0.339,203.1396704410412,0.507727861404419,8.253145139792418,False
0.3395,203.1396704401763,0.507727861404419,8.253145139006609,False
0.34,203.13967043902542,0.507727861404419,8.253145138499553,False
0.3405,203.13967043773823,0.507727861404419,8.253145138329545,False
0.341,203.1396704364786,0.507727861404419,8.253145138511538,False
0.3415,203.13967043540387,0.507727861404419,8.253145139016105,False
0.342,203.13967043464524,0.507727861404419,8.253145139773936,False
0.3425,203.13967043429184,0.507727861404419,8.25314514068529,False
0.343,203.13967043438035,0.507727861404419,8.253145141633063,False
0.3435,203.13967043489131,0.507727861404419,8.253145142497797,False
0.34400000000000003,203.1396704357528,0.507727861404419,8.253145143172674,False
0.34450000000000003,203.13967043685028,0.507727861404419,8.253145143576683,False
0.34500000000000003,203.13967043804166,0.507727861404419,8.253145143664293,False
0.34550000000000003,203.13967043917592,0.507727861404419,8.253145143430476,False
0.34600000000000003,203.139670440112,0.507727861404419,8.253145142910586,False
0.34650000000000003,203.13967044073632,0.507727861404419,8.253145142175155,False
0.34700000000000003,203.1396704409765,0.507727861404419,8.25314514132041,False
0.34750000000000003,203.13967044080962,0.507727861404419,8.253145140455711,False
0.34800000000000003,203.1396704402643,0.507727861404419,8.253145139689613,False
0.34850000000000003,203.139670439416,0.507727861404419,8.253145139116278,False
0.34900000000000003,203.1396704383767,0.507727861404419,8.25314513880393,False
0.34950000000000003,203.13967043728022,0.507727861404419,8.25314513878681,False
0.35000000000000003,203.13967043626508,0.507727861404419,8.25314513906151,False
0.35050000000000003,203.13967043545702,0.507727861404419,8.253145139588126,False
0.35100000000000003,203.13967043495342,0.507727861404419,8.2531451402959,False
0.35150000000000003,203.1396704348116,0.507727861404419,8.253145141092729,False
0.352,203.13967043504258,0.507727861404419,8.253145141877065,False
0.3525,203.13967043561038,0.507727861404419,8.253145142550848,False
0.353,203.1396704364375,0.507727861404419,8.253145143031714,False
0.3535,203.1396704374154,0.507727861404419,8.253145143263026,False
0.354,203.13967043841868,0.507727861404419,8.253145143220495,False
0.3545,203.1396704393211,0.507727861404419,8.253145142914603,False
0.355,203.13967044001149,0.507727861404419,8.25314514238865,False
0.3555,203.13967044040731,0.507727861404419,8.253145141712691,False
0.356,203.13967044046453,0.507727861404419,8.253145140974262,False
0.3565,203.13967044018233,0.507727861404419,8.253145140267074,False
0.357,203.1396704396024,0.507727861404419,8.253145139679178,False
0.3575,203.13967043880317,0.507727861404419,8.253145139282013,False
0.358,203.13967043788878,0.507727861404419,8.253145139121752,False
0.3585,203.13967043697608,0.507727861404419,8.253145139214029,False
0.359,203.13967043617933,0.507727861404419,8.25314513954253,False
0.3595,203.13967043559632,0.507727861404419,8.253145140061646,False
0.36,203.13967043529607,0.507727861404419,8.253145140702717,False
0.3605,203.13967043531085,0.507727861404419,8.253145141383106,False
0.361,203.13967043563284,0.507727861404419,8.25314514201682,False
0.3615,203.13967043621597,0.507727861404419,8.253145142525307,False
0.362,203.13967043698224,0.507727861404419,8.253145142847206,False
0.3625,203.13967043783222,0.507727861404419,8.253145142945671,False
0.363,203.1396704386577,0.507727861404419,8.253145142812565,False
0.3635,203.13967043935574,0.507727861404419,8.253145142468933,False
0.364,203.1396704398413,0.507727861404419,8.253145141961808,False
0.3645,203.13967044005744,0.507727861404419,8.253145141357809,False
0.365,203.13967043998218,0.507727861404419,8.253145140734468,False
0.3655,203.13967043963052,0.507727861404419,8.253145140170258,False
0.366,203.13967043905157,0.507727861404419,8.25314513973477,False
0.3665,203.13967043832227,0.507727861404419,8.253145139480173,False
0.367,203.1396704375368,0.507727861404419,8.25314513943497,False
0.3675,203.13967043679472,0.507727861404419,8.253145139600887,False
0.368,203.13967043618814,0.507727861404419,8.253145139953155,False
0.3685,203.1396704357906,0.507727861404419,8.253145140444119,False
0.369,203.13967043564793,0.507727861404419,8.253145141009634,False
0.3695,203.1396704357732,0.507727861404419,8.253145141577432,False
0.37,203.1396704361457,0.507727861404419,8.25314514207632,False
0.3705,203.1396704367141,0.507727861404419,8.253145142445074,False
0.371,203.13967043740357,0.507727861404419,8.25314514263992,False
0.3715,203.1396704381253,0.507727861404419,8.253145142639692,False
0.372,203.13967043878827,0.507727861404419,8.2531451424481,False
0.3725,203.13967043931044,0.507727861404419,8.253145142092764,False
0.373,203.13967043962907,0.507727861404419,8.253145141621308,False
0.3735,203.1396704397081,0.507727861404419,8.253145141094992,False
0.374,203.1396704395421,0.507727861404419,8.253145140580802,False
0.3745,203.1396704391565,0.507727861404419,8.25314514014295,False
0.375,203.1396704386037,0.507727861404419,8.253145139834878,False
0.3755,203.13967043795617,0.507727861404419,8.253145139692755,False
0.376,203.13967043729684,0.507727861404419,8.253145139731267,False
0.3765,203.1396704367086,0.507727861404419,8.253145139942184,False
0.377,203.13967043626374,0.507727861404419,8.253145140295828,False
0.3775,203.13967043601536,0.507727861404419,8.253145140745206,False
0.378,203.13967043599095,0.507727861404419,8.25314514123219,False
0.3785,203.1396704361893,0.507727861404419,8.253145141695036,False
0.379,203.13967043658135,0.507727861404419,8.253145142076193,False
0.3795,203.13967043711432,0.507727861404419,8.253145142329428,False
0.38,203.13967043771876,0.507727861404419,8.253145142425424,False
0.3805,203.13967043831767,0.507727861404419,8.253145142355105,False
0.381,203.1396704388359,0.507727861404419,8.253145142130407,False
0.3815,203.13967043921025,0.507727861404419,8.253145141782397,False
0.382,203.13967043939633,0.507727861404419,8.253145141357018,False
0.3825,203.1396704393744,0.507727861404419,8.253145140909028,False
0.383,203.13967043915125,0.507727861404419,8.253145140495006,False
0.3835,203.1396704387585,0.507727861404419,8.253145140166193,False
0.384,203.13967043824854,0.507727861404419,8.2531451399622,False
0.3845,203.1396704376876,0.507727861404419,8.253145139906241,False
0.385,203.13967043714692,0.507727861404419,8.253145140002548,False
0.3855,203.1396704366938,0.507727861404419,8.253145140236171,False
0.386,203.13967043638345,0.507727861404419,8.253145140575256,False
0.3865,203.1396704362521,0.507727861404419,8.253145140975318,False
0.387,203.13967043631277,0.507727861404419,8.253145141385067,False
0.3875,203.13967043655427,0.507727861404419,8.25314514175297,False
0.388,203.13967043694296,0.507727861404419,8.253145142033704,False
0.3885,203.13967043742733,0.507727861404419,8.253145142193722,False
0.389,203.1396704379448,0.507727861404419,8.253145142215248,False
0.3895,203.13967043843004,0.507727861404419,8.253145142098198,False
0.39,203.1396704388227,0.507727861404419,8.253145141859848,False
0.3905,203.13967043907542,0.507727861404419,8.253145141532363,False
0.391,203.13967043915915,0.507727861404419,8.25314514115844,False
0.3915,203.1396704390665,0.507727861404419,8.253145140785827,False
0.392,203.13967043881246,0.507727861404419,8.253145140461207,False
0.3925,203.13967043843195,0.507727861404419,8.253145140224351,False
0.393,203.13967043797493,0.507727861404419,8.253145140103289,False
0.3935,203.1396704375002,0.507727861404419,8.253145140111023,False
0.394,203.13967043706762,0.507727861404419,8.253145140244138,False
0.3945,203.1396704367305,0.507727861404419,8.253145140483596,False
0.395,203.13967043652934,0.507727861404419,8.253145140797402,False
0.3955,203.1396704364868,0.507727861404419,8.253145141144822,False
0.396,203.13967043660523,0.507727861404419,8.253145141481676,False
0.3965,203.13967043686677,0.507727861404419,8.253145141765952,False
0.397,203.1396704372359,0.507727861404419,8.253145141963007,False
0.3975,203.1396704376644,0.507727861404419,8.253145142049794,False
0.398,203.1396704380974,0.507727861404419,8.253145142017503,False
0.3985,203.13967043848052,0.507727861404419,8.253145141872428,False
0.399,203.13967043876676,0.507727861404419,8.253145141634882,False
0.3995,203.13967043892208,0.507727861404419,8.253145141336361,False
0.4,203.13967043892936,0.507727861404419,8.253145141015432,False
0.4005,203.13967043879057,0.507727861404419,8.253145140712741,False
0.401,203.13967043852583,0.507727861404419,8.25314514046588,False
0.4015,203.1396704381707,0.507727861404419,8.253145140304738,False
0.402,203.13967043777137,0.507727861404419,8.253145140247893,False
0.4025,203.1396704373787,0.507727861404419,8.253145140300518,False
0.403,203.13967043704181,0.507727861404419,8.25314514045395,False
0.4035,203.13967043680194,0.507727861404419,8.25314514068706,False
0.404,203.1396704366872,0.507727861404419,8.253145140969128,False
0.4045,203.1396704367097,0.507727861404419,8.253145141263891,False
0.405,203.13967043686407,0.507727861404419,8.25314514153415,False
0.4055,203.13967043712836,0.507727861404419,8.253145141746492,False
0.406,203.1396704374674,0.507727861404419,8.253145141875407,False
0.40650000000000003,203.13967043783737,0.507727861404419,8.253145141906312,False
0.40700000000000003,203.13967043819125,0.507727861404419,8.253145141837177,False
0.40750000000000003,203.13967043848504,0.507727861404419,8.253145141678552,False
0.40800000000000003,203.13967043868297,0.507727861404419,8.253145141452002,False
0.40850000000000003,203.13967043876218,0.507727861404419,8.253145141187192,False
0.40900000000000003,203.13967043871483,0.507727861404419,8.253145140918038,False
0.40950000000000003,203.13967043854936,0.507727861404419,8.253145140678354,False
0.41000000000000003,203.13967043828865,0.507727861404419,8.253145140497619,False
0.41050000000000003,203.13967043796717,0.507727861404419,8.253145140397377,False
0.41100000000000003,203.13967043762636,0.507727861404419,8.253145140388686,False
0.41150000000000003,203.13967043730938,0.507727861404419,8.253145140470897,False
0.41200000000000003,203.13967043705546,0.507727861404419,8.253145140631991,False
0.41250000000000003,203.1396704368952,0.507727861404419,8.253145140850298,False
0.41300000000000003,203.13967043684687,0.507727861404419,8.25314514109738,False
0.41350000000000003,203.13967043691457,0.507727861404419,8.253145141341733,False
0.41400000000000003,203.13967043708752,0.507727861404419,8.253145141552782,False
0.41450000000000004,203.13967043734203,0.507727861404419,8.253145141704708,False
0.41500000000000004,203.13967043764478,0.507727861404419,8.25314514177959,False
0.41550000000000004,203.1396704379569,0.507727861404419,8.253145141769483,False
0.41600000000000004,203.13967043823902,0.507727861404419,8.25314514167725,False
0.4165,203.1396704384564,0.507727861404419,8.253145141516011,False
0.417,203.139670438583,0.507727861404419,8.253145141307266,False
0.4175,203.13967043860464,0.507727861404419,8.253145141078077,False
0.418,203.13967043852065,0.507727861404419,8.25314514085755,False
0.4185,203.13967043834353,0.507727861404419,8.253145140673157,False
0.419,203.13967043809717,0.507727861404419,8.253145140547327,False
0.4195,203.13967043781378,0.507727861404419,8.253145140494734,False
0.42,203.1396704375296,0.507727861404419,8.253145140520594,False
0.4205,203.13967043728024,0.507727861404419,8.253145140620184,False
0.421,203.13967043709633,0.507727861404419,8.253145140779623,False
0.4215,203.13967043699967,0.507727861404419,8.253145140977809,False
0.422,203.13967043700063,0.507727861404419,8.253145141189176,False
0.4225,203.13967043709738,0.507727861404419,8.253145141386993,False
0.423,203.13967043727595,0.507727861404419,8.253145141546723,False
0.4235,203.1396704375124,0.507727861404419,8.253145141649064,False
0.424,203.13967043777606,0.507727861404419,8.25314514168227,False
0.4245,203.13967043803336,0.507727861404419,8.253145141643472,False
0.425,203.13967043825212,0.507727861404419,8.253145141538893,False
0.4255,203.13967043840572,0.507727861404419,8.253145141382872,False
0.426,203.13967043847606,0.507727861404419,8.253145141195933,False
0.4265,203.13967043845597,0.507727861404419,8.253145141002092,False
0.427,203.1396704383496,0.507727861404419,8.253145140825772,False
0.4275,203.139670438172,0.507727861404419,8.253145140688728,False
0.428,203.13967043794668,0.507727861404419,8.253145140607396,False
0.4285,203.13967043770276,0.507727861404419,8.253145140590933,False
0.429,203.13967043747124,0.507727861404419,8.253145140640173,False
0.4295,203.13967043728084,0.507727861404419,8.253145140747717,False
0.43,203.13967043715465,0.507727861404419,8.253145140898988,False
0.4305,203.13967043710736,0.507727861404419,8.253145141074208,False
0.431,203.1396704371433,0.507727861404419,8.253145141250958,False
0.4315,203.13967043725648,0.507727861404419,8.253145141407058,False
0.432,203.13967043743122,0.507727861404419,8.25314514152334,False
0.4325,203.1396704376445,0.507727861404419,8.253145141585978,False
0.433,203.1396704378688,0.507727861404419,8.253145141588128,False
0.4335,203.1396704380759,0.507727861404419,8.25314514153065,False
0.434,203.1396704382401,0.507727861404419,8.253145141421877,False
0.4345,203.13967043834162,0.507727861404419,8.253145141276402,False
0.435,203.13967043836894,0.507727861404419,8.253145141113151,False
0.4355,203.13967043832002,0.507727861404419,8.253145140952919,False
0.436,203.13967043820244,0.507727861404419,8.253145140815732,False
0.4365,203.1396704380322,0.507727861404419,8.253145140718347,False
0.437,203.13967043783165,0.507727861404419,8.25314514067223,False
0.4375,203.1396704376265,0.507727861404419,8.253145140682188,False
0.438,203.13967043744253,0.507727861404419,8.253145140745914,False
0.4385,203.1396704373024,0.507727861404419,8.253145140854423,False
0.439,203.1396704372229,0.507727861404419,8.253145140993261,False
0.4395,203.1396704372128,0.507727861404419,8.253145141144458,False
0.44,203.13967043727203,0.507727861404419,8.253145141288835,False
0.4405,203.1396704373919,0.507727861404419,8.253145141408426,False
0.441,203.13967043755622,0.507727861404419,8.253145141488712,False
0.4415,203.13967043774363,0.507727861404419,8.253145141520381,False
0.442,203.13967043793022,0.507727861404419,8.253145141500356,False
0.4425,203.13967043809254,0.507727861404419,8.253145141432114,False
0.443,203.13967043821066,0.507727861404419,8.253145141325128,False
0.4435,203.13967043827068,0.507727861404419,8.253145141193547,False
0.444,203.13967043826625,0.507727861404419,8.253145141054311,False
0.4445,203.139670438199,0.507727861404419,8.253145140925012,False
0.445,203.13967043807858,0.507727861404419,8.253145140821674,False
0.4455,203.1396704379211,0.507727861404419,8.253145140756764,False
0.446,203.139670437747,0.507727861404419,8.25314514073769,False
0.4465,203.13967043757842,0.507727861404419,8.253145140765978,False
0.447,203.13967043743634,0.507727861404419,8.25314514083719,False
0.4475,203.13967043733814,0.507727861404419,8.253145140941596,False
0.448,203.13967043729525,0.507727861404419,8.253145141065481,False
0.4485,203.139670437312,0.507727861404419,8.253145141192956,False
0.449,203.13967043738515,0.507727861404419,8.253145141307973,False
0.4495,203.13967043750452,0.507727861404419,8.253145141396365,False
0.45,203.13967043765425,0.507727861404419,8.253145141447549,False
0.4505,203.139670437815,0.507727861404419,8.253145141455814,False
0.451,203.13967043796646,0.507727861404419,8.25314514142093,False
0.4515,203.1396704380898,0.507727861404419,8.253145141348073,False
0.452,203.1396704381701,0.507727861404419,8.25314514124709,False
0.4525,203.1396704381981,0.507727861404419,8.25314514113116,False
0.453,203.13967043817118,0.507727861404419,8.253145141015098,False
0.4535,203.13967043809384,0.507727861404419,8.253145140913473,False
0.454,203.13967043797678,0.507727861404419,8.253145140838736,False
0.4545,203.13967043783532,0.507727861404419,8.253145140799742,False
0.455,203.13967043768767,0.507727861404419,8.253145140800717,False
0.4555,203.1396704375525,0.507727861404419,8.253145140840777,False
0.456,203.13967043744648,0.507727861404419,8.253145140914159,False
0.4565,203.1396704373823,0.507727861404419,8.253145141011043,False
0.457,203.1396704373673,0.507727861404419,8.253145141118853,False
0.4575,203.1396704374024,0.507727861404419,8.253145141223861,False
0.458,203.13967043748227,0.507727861404419,8.25314514131296,False
0.4585,203.139670437596,0.507727861404419,8.253145141375283,False
0.459,203.13967043772874,0.507727861404419,8.253145141403532,False
0.4595,203.13967043786351,0.507727861404419,8.253145141394807,False
0.46,203.13967043798334,0.507727861404419,8.25314514135089,False
0.4605,203.13967043807355,0.507727861404419,8.253145141277958,False
0.461,203.13967043812332,0.507727861404419,8.253145141185701,False
0.4615,203.1396704381273,0.507727861404419,8.253145141086032,False
0.462,203.13967043808574,0.507727861404419,8.253145140991577,False
0.4625,203.1396704380047,0.507727861404419,8.253145140914082,False
0.463,203.13967043789515,0.507727861404419,8.25314514086295,False
0.4635,203.13967043777126,0.507727861404419,8.253145140844085,False
0.464,203.13967043764893,0.507727861404419,8.253145140859255,False
0.4645,203.1396704375434,0.507727861404419,8.25314514090591,False
0.465,203.13967043746763,0.507727861404419,8.25314514097761,False
0.4655,203.1396704374305,0.507727861404419,8.2531451410649,False
0.466,203.139670437436,0.507727861404419,8.25314514115654,False
0.4665,203.13967043748258,0.507727861404419,8.25314514124097,False
0.467,203.13967043756367,0.507727861404419,8.253145141307739,False
0.4675,203.1396704376684,0.507727861404419,8.253145141348813,False
0.468,203.13967043778328,0.507727861404419,8.253145141359521,False
0.4685,203.13967043789367,0.507727861404419,8.253145141339099,False
0.46900000000000003,203.13967043798576,0.507727861404419,8.253145141290695,False
0.46950000000000003,203.13967043804848,0.507727861404419,8.253145141220905,False
0.47000000000000003,203.13967043807443,0.507727861404419,8.253145141138877,False
0.47050000000000003,203.1396704380611,0.507727861404419,8.253145141055125,False
0.47100000000000003,203.1396704380109,0.507727861404419,8.253145140980168,False
0.47150000000000003,203.13967043793082,0.507727861404419,8.253145140923236,False
0.47200000000000003,203.1396704378314,0.507727861404419,8.253145140891121,False
0.47250000000000003,203.13967043772553,0.507727861404419,8.253145140887383,False
0.47300000000000003,203.13967043762656,0.507727861404419,8.253145140911958,False
0.47350000000000003,203.13967043754676,0.507727861404419,8.253145140961228,False
0.47400000000000003,203.13967043749577,0.507727861404419,8.253145141028567,False
0.47450000000000003,203.13967043747948,0.507727861404419,8.253145141105186,False
0.47500000000000003,203.1396704374993,0.507727861404419,8.253145141181305,False
0.47550000000000003,203.13967043755196,0.507727861404419,8.253145141247394,False
0.47600000000000003,203.13967043763034,0.507727861404419,8.253145141295361,False
0.47650000000000003,203.13967043772408,0.507727861404419,8.253145141319527,False
0.47700000000000004,203.13967043782108,0.507727861404419,8.253145141317326,False
0.47750000000000004,203.13967043790927,0.507727861404419,8.253145141289531,False
0.47800000000000004,203.1396704379777,0.507727861404419,8.253145141240097,False
0.47850000000000004,203.1396704380181,0.507727861404419,8.253145141175633,False
0.47900000000000004,203.13967043802603,0.507727861404419,8.253145141104504,False
0.47950000000000004,203.13967043800108,0.507727861404419,8.25314514103574,False
0.48,203.13967043794693,0.507727861404419,8.253145140977926,False
0.4805,203.139670437871,0.507727861404419,8.2531451409381,False
0.481,203.13967043778317,0.507727861404419,8.25314514092091,False
0.4815,203.1396704376947,0.507727861404419,8.253145140928094,False
0.482,203.13967043761664,0.507727861404419,8.253145140958287,False
0.4825,203.1396704375587,0.507727861404419,8.253145141007268,False
0.483,203.13967043752763,0.507727861404419,8.253145141068542,False
0.4835,203.13967043752686,0.507727861404419,8.253145141134203,False
0.484,203.13967043755594,0.507727861404419,8.253145141195937,False
0.4845,203.1396704376106,0.507727861404419,8.253145141246085,False
0.485,203.13967043768358,0.507727861404419,8.253145141278589,False
0.4855,203.1396704377654,0.507727861404419,8.253145141289686,False
0.486,203.13967043784558,0.507727861404419,8.253145141278393,False
0.4865,203.13967043791413,0.507727861404419,8.25314514124655,False
0.487,203.13967043796265,0.507727861404419,8.253145141198528,False
0.4875,203.13967043798544,0.507727861404419,8.253145141140665,False
0.488,203.13967043798013,0.507727861404419,8.2531451410804,False
0.4885,203.13967043794798,0.507727861404419,8.253145141025325,False
0.489,203.13967043789347,0.507727861404419,8.253145140982236,False
0.4895,203.13967043782384,0.507727861404419,8.253145140956313,False
0.49,203.13967043774812,0.507727861404419,8.253145140950487,False
0.4905,203.1396704376759,0.507727861404419,8.253145140965104,False
0.491,203.1396704376162,0.507727861404419,8.253145140997951,False
0.4915,203.13967043757626,0.507727861404419,8.253145141044563,False
0.492,203.13967043756065,0.507727861404419,8.253145141098841,False
0.4925,203.13967043757097,0.507727861404419,8.253145141153839,False
0.493,203.1396704376054,0.507727861404419,8.253145141202637,False
0.4935,203.13967043765908,0.507727861404419,8.253145141239248,False
0.494,203.13967043772502,0.507727861404419,8.253145141259322,False
0.4945,203.1396704377947,0.507727861404419,8.253145141260653,False
0.495,203.13967043785928,0.507727861404419,8.253145141243424,False
0.4955,203.1396704379108,0.507727861404419,8.253145141210158,False
0.496,203.13967043794312,0.507727861404419,8.253145141165314,False
0.4965,203.13967043795245,0.507727861404419,8.253145141114718,False
0.497,203.13967043793807,0.507727861404419,8.253145141064826,False
0.4975,203.13967043790225,0.507727861404419,8.253145141021882,False
0.498,203.13967043784987,0.507727861404419,8.253145140991144,False
0.4985,203.13967043778786,0.507727861404419,8.253145140976214,False
0.499,203.13967043772408,0.507727861404419,8.253145140978672,False
0.4995,203.1396704376666,0.507727861404419,8.253145140997887,False
0.5,203.1396704376225,0.507727861404419,8.25314514103114,False
0.5005000000000001,203.1396704375971,0.507727861404419,8.253145141073997,False
0.501,203.13967043759314,0.507727861404419,8.2531451411209,False
0.5015000000000001,203.13967043761073,0.507727861404419,8.253145141165904,False
0.502,203.13967043764734,0.507727861404419,8.253145141203406,False
0.5025000000000001,203.13967043769796,0.507727861404419,8.253145141228849,False
0.503,203.13967043775602,0.507727861404419,8.253145141239267,False
0.5035000000000001,203.1396704378141,0.507727861404419,8.253145141233636,False
0.504,203.1396704378649,0.507727861404419,8.253145141212961,False
0.5045000000000001,203.13967043790223,0.507727861404419,8.253145141180102,False
0.505,203.13967043792158,0.507727861404419,8.253145141139424,False
0.5055000000000001,203.13967043792096,0.507727861404419,8.253145141096164,False
0.506,203.13967043790072,0.507727861404419,8.253145141055791,False
0.5065000000000001,203.13967043786383,0.507727861404419,8.253145141023323,False
0.507,203.13967043781528,0.507727861404419,8.253145141002676,False
0.5075000000000001,203.13967043776128,0.507727861404419,8.2531451409962,False
0.508,203.13967043770876,0.507727861404419,8.253145141004444,False
0.5085000000000001,203.13967043766422,0.507727861404419,8.253145141026103,False
0.509,203.13967043763313,0.507727861404419,8.253145141058203,False
0.5095000000000001,203.13967043761912,0.507727861404419,8.25314514109654,False
0.51,203.13967043762364,0.507727861404419,8.25314514113618,False
0.5105000000000001,203.1396704376457,0.507727861404419,8.25314514117214,False
0.511,203.1396704376823,0.507727861404419,8.253145141199985,False
0.5115000000000001,203.13967043772857,0.507727861404419,8.253145141216368,False
0.512,203.1396704377785,0.507727861404419,8.253145141219452,False
0.5125,203.13967043782577,0.507727861404419,8.253145141209101,False
0.513,203.13967043786454,0.507727861404419,8.253145141186863,False
0.5135,203.13967043789003,0.507727861404419,8.253145141155748,False
0.514,203.1396704378994,0.507727861404419,8.25314514111982,False
0.5145,203.13967043789174,0.507727861404419,8.253145141083658,False
0.515,203.1396704378682,0.507727861404419,8.25314514105182,False
0.5155,203.13967043783217,0.507727861404419,8.253145141028229,False
0.516,203.13967043778837,0.507727861404419,8.253145141015668,False
0.5165,203.13967043774244,0.507727861404419,8.253145141015514,False
0.517,203.13967043770018,0.507727861404419,8.25314514102755,False
0.5175,203.1396704376668,0.507727861404419,8.253145141050036,False
0.518,203.13967043764632,0.507727861404419,8.253145141079958,False
0.5185,203.1396704376411,0.507727861404419,8.253145141113428,False
0.519,203.13967043765146,0.507727861404419,8.253145141146181,False
0.5195,203.13967043767582,0.507727861404419,8.253145141174128,False
0.52,203.1396704377109,0.507727861404419,8.253145141193855,False
0.5205,203.13967043775205,0.507727861404419,8.253145141203044,False
0.521,203.13967043779405,0.507727861404419,8.253145141200735,False
0.5215,203.13967043783154,0.507727861404419,8.253145141187439,False
0.522,203.13967043785996,0.507727861404419,8.25314514116504,False
0.5225,203.1396704378759,0.507727861404419,8.253145141136514,False
0.523,203.13967043787764,0.507727861404419,8.253145141105549,False
0.5235,203.1396704378652,0.507727861404419,8.253145141076077,False
0.524,203.1396704378404,0.507727861404419,8.253145141051753,False
0.5245,203.13967043780661,0.507727861404419,8.253145141035533,False
0.525,203.13967043776825,0.507727861404419,8.253145141029284,False
0.5255,203.13967043773016,0.507727861404419,8.253145141033604,False
0.526,203.13967043769708,0.507727861404419,8.25314514104776,False
0.5265,203.1396704376731,0.507727861404419,8.253145141069798,False
0.527,203.13967043766107,0.507727861404419,8.253145141096807,False
0.5275,203.1396704376623,0.507727861404419,8.253145141125302,False
0.528,203.1396704376763,0.507727861404419,8.253145141151684,False
0.5285,203.1396704377012,0.507727861404419,8.25314514117269,False
0.529,203.1396704377335,0.507727861404419,8.253145141185785,False
0.5295,203.13967043776915,0.507727861404419,8.253145141189481,False
0.53,203.13967043780357,0.507727861404419,8.2531451411835,False
0.5305,203.13967043783248,0.507727861404419,8.253145141168764,False
0.531,203.13967043785237,0.507727861404419,8.25314514114729,False
0.5315,203.13967043786093,0.507727861404419,8.253145141121886,False
0.532,203.13967043785723,0.507727861404419,8.253145141095816,False
0.5325,203.13967043784206,0.507727861404419,8.25314514107236,False
0.533,203.13967043781747,0.507727861404419,8.253145141054405,False
0.5335,203.13967043778672,0.507727861404419,8.253145141044103,False
0.534,203.13967043775384,0.507727861404419,8.253145141042594,False
0.5345,203.13967043772294,0.507727861404419,8.253145141049895,False
0.535,203.13967043769782,0.507727861404419,8.25314514106494,False
0.5355,203.13967043768156,0.507727861404419,8.253145141085703,False
0.536,203.13967043767616,0.507727861404419,8.25314514110946,False
0.5365,203.13967043768184,0.507727861404419,8.253145141133169,False
0.537,203.1396704376979,0.507727861404419,8.25314514115387,False
0.5375,203.13967043772203,0.507727861404419,8.253145141169014,False
0.538,203.13967043775102,0.507727861404419,8.253145141176809,False
0.5385,203.13967043778123,0.507727861404419,8.25314514117642,False
0.539,203.13967043780877,0.507727861404419,8.253145141168051,False
0.5395,203.13967043783026,0.507727861404419,8.253145141152906,False
0.54,203.13967043784314,0.507727861404419,8.253145141133016,False
0.5405,203.13967043784592,0.507727861404419,8.253145141110966,False
0.541,203.13967043783856,0.507727861404419,8.253145141089556,False
0.5415,203.13967043782202,0.507727861404419,8.253145141071457,False
0.542,203.13967043779863,0.507727861404419,8.253145141058875,False
0.5425,203.13967043777143,0.507727861404419,8.253145141053286,False
0.543,203.13967043774394,0.507727861404419,8.253145141055256,False
0.5435,203.13967043771953,0.507727861404419,8.253145141064394,False
0.544,203.1396704377013,0.507727861404419,8.253145141079425,False
0.5445,203.13967043769136,0.507727861404419,8.253145141098349,False
0.545,203.1396704376908,0.507727861404419,8.253145141118718,False
0.5455,203.13967043769952,0.507727861404419,8.25314514113796,False
0.546,203.13967043771623,0.507727861404419,8.25314514115368,False
0.5465,203.13967043773874,0.507727861404419,8.253145141163978,False
0.547,203.13967043776404,0.507727861404419,8.253145141167662,False
0.5475,203.139670437789,0.507727861404419,8.253145141164403,False
0.548,203.13967043781042,0.507727861404419,8.253145141154734,False
0.5485,203.13967043782574,0.507727861404419,8.25314514113999,False
0.549,203.13967043783316,0.507727861404419,8.253145141122108,False
0.5495,203.13967043783188,0.507727861404419,8.253145141103388,False
0.55,203.13967043782222,0.507727861404419,8.253145141086176,False
0.5505,203.1396704378055,0.507727861404419,8.253145141072615,False
0.551,203.13967043778396,0.507727861404419,8.25314514106434,False
0.5515,203.1396704377605,0.507727861404419,8.253145141062292,False
0.552,203.13967043773798,0.507727861404419,8.2531451410666,False
0.5525,203.13967043771925,0.507727861404419,8.253145141076603,False
0.553,203.13967043770657,0.507727861404419,8.253145141090943,False
0.5535,203.13967043770143,0.507727861404419,8.25314514110775,False
0.554,203.1396704377043,0.507727861404419,8.253145141124866,False
0.5545,203.1396704377147,0.507727861404419,8.25314514114014,False
0.555,203.1396704377312,0.507727861404419,8.253145141151695,False
0.5555,203.13967043775162,0.507727861404419,8.253145141158141,False
0.556,203.13967043777328,0.507727861404419,8.253145141158774,False
0.5565,203.13967043779348,0.507727861404419,8.25314514115362,False
0.557,203.13967043780974,0.507727861404419,8.253145141143433,False
0.5575,203.13967043781997,0.507727861404419,8.253145141129588,False
0.558,203.13967043782313,0.507727861404419,8.253145141113889,False
0.5585,203.1396704378189,0.507727861404419,8.253145141098344,False
0.559,203.13967043780795,0.507727861404419,8.253145141084898,False
0.5595,203.1396704377918,0.507727861404419,8.253145141075201,False
0.56,203.1396704377726,0.507727861404419,8.253145141070393,False
0.5605,203.1396704377528,0.507727861404419,8.253145141070968,False
0.561,203.13967043773482,0.507727861404419,8.253145141076773,False
0.5615,203.139670437721,0.507727861404419,8.253145141086973,False
0.562,203.1396704377129,0.507727861404419,8.253145141100191,False
0.5625,203.13967043771143,0.507727861404419,8.253145141114734,False
0.5630000000000001,203.13967043771666,0.507727861404419,8.253145141128757,False
0.5635,203.13967043772786,0.507727861404419,8.253145141140498,False
0.5640000000000001,203.13967043774346,0.507727861404419,8.253145141148542,False
0.5645,203.13967043776145,0.507727861404419,8.253145141151942,False
0.5650000000000001,203.13967043777953,0.507727861404419,8.253145141150352,False
0.5655,203.1396704377954,0.507727861404419,8.253145141144074,False
0.5660000000000001,203.13967043780713,0.507727861404419,8.253145141133984,False
0.5665,203.13967043781332,0.507727861404419,8.253145141121419,False
0.5670000000000001,203.1396704378133,0.507727861404419,8.253145141108003,False
0.5675,203.1396704378072,0.507727861404419,8.253145141095432,False
0.5680000000000001,203.13967043779593,0.507727861404419,8.253145141085264,False
0.5685,203.13967043778095,0.507727861404419,8.253145141078727,False
0.5690000000000001,203.1396704377642,0.507727861404419,8.253145141076574,False
0.5695,203.13967043774784,0.507727861404419,8.253145141078999,False
0.5700000000000001,203.1396704377339,0.507727861404419,8.253145141085612,False
0.5705,203.13967043772413,0.507727861404419,8.253145141095496,False
0.5710000000000001,203.1396704377196,0.507727861404419,8.25314514110736,False
0.5715,203.13967043772072,0.507727861404419,8.253145141119688,False
0.5720000000000001,203.13967043772746,0.507727861404419,8.253145141130936,False
0.5725,203.13967043773874,0.507727861404419,8.25314514113969,False
0.5730000000000001,203.13967043775307,0.507727861404419,8.253145141144897,False
0.5735,203.13967043776864,0.507727861404419,8.253145141145978,False
0.5740000000000001,203.1396704377834,0.507727861404419,8.253145141142864,False
0.5745,203.13967043779556,0.507727861404419,8.253145141136029,False
0.5750000000000001,203.13967043780363,0.507727861404419,8.2531451411264,False
0.5755,203.13967043780667,0.507727861404419,8.253145141115237,False
0.5760000000000001,203.1396704378044,0.507727861404419,8.253145141103975,False
0.5765,203.1396704377972,0.507727861404419,8.253145141094022,False
0.577,203.13967043778607,0.507727861404419,8.253145141086604,False
0.5775,203.13967043777248,0.507727861404419,8.2531451410826,False
0.578,203.13967043775818,0.507727861404419,8.25314514108245,False
0.5785,203.13967043774497,0.507727861404419,8.253145141086101,False
0.579,203.1396704377345,0.507727861404419,8.253145141093027,False
0.5795,203.139670437728,0.507727861404419,8.25314514110229,False
0.58,203.13967043772627,0.507727861404419,8.253145141112695,False
0.5805,203.13967043772934,0.507727861404419,8.253145141122909,False
0.581,203.1396704377368,0.507727861404419,8.253145141131666,False
0.5815,203.1396704377477,0.507727861404419,8.253145141137882,False
0.582,203.13967043776046,0.507727861404419,8.253145141140834,False
0.5825,203.1396704377736,0.507727861404419,8.253145141140205,False
0.583,203.13967043778533,0.507727861404419,8.253145141136145,False
0.5835,203.13967043779428,0.507727861404419,8.253145141129218,False
0.584,203.13967043779937,0.507727861404419,8.25314514112036,False
0.5845,203.1396704378,0.507727861404419,8.25314514111071,False
0.585,203.1396704377962,0.507727861404419,8.2531451411015,False
0.5855,203.13967043778857,0.507727861404419,8.253145141093869,False
0.586,203.13967043777808,0.507727861404419,8.253145141088748,False
0.5865,203.1396704377661,0.507727861404419,8.253145141086726,False
0.587,203.1396704377542,0.507727861404419,8.253145141088009,False
0.5875,203.13967043774386,0.507727861404419,8.253145141092364,False
0.588,203.13967043773633,0.507727861404419,8.253145141099191,False
0.5885,203.1396704377325,0.507727861404419,8.253145141107584,False
0.589,203.13967043773278,0.507727861404419,8.25314514111647,False
0.5895,203.13967043773707,0.507727861404419,8.253145141124719,False
0.59,203.13967043774477,0.507727861404419,8.253145141131315,False
0.5905,203.1396704377548,0.507727861404419,8.253145141135453,False
0.591,203.13967043776586,0.507727861404419,8.25314514113667,False
0.5915,203.1396704377766,0.507727861404419,8.25314514113488,False
0.592,203.1396704377857,0.507727861404419,8.253145141130348,False
0.5925,203.13967043779198,0.507727861404419,8.253145141123692,False
0.593,203.13967043779473,0.507727861404419,8.253145141115791,False
0.5935,203.13967043779368,0.507727861404419,8.253145141107657,False
0.594,203.13967043778905,0.507727861404419,8.253145141100308,False
0.5945,203.1396704377814,0.507727861404419,8.253145141094658,False
0.595,203.13967043777188,0.507727861404419,8.253145141091382,False
0.5955,203.13967043776165,0.507727861404419,8.253145141090835,False
0.596,203.139670437752,0.507727861404419,8.25314514109304,False
0.5965,203.1396704377441,0.507727861404419,8.253145141097667,False
0.597,203.1396704377389,0.507727861404419,8.2531451411041,False
0.5975,203.1396704377371,0.507727861404419,8.2531451411115,False
0.598,203.13967043773877,0.507727861404419,8.253145141118917,False
0.5985,203.13967043774372,0.507727861404419,8.253145141125422,False
0.599,203.13967043775116,0.507727861404419,8.253145141130208,False
0.5995,203.13967043776017,0.507727861404419,8.253145141132723,False
0.6,203.13967043776955,0.507727861404419,8.253145141132698,False
0.6005,203.1396704377782,0.507727861404419,8.25314514113018,False
0.601,203.139670437785,0.507727861404419,8.253145141125524,False
0.6015,203.13967043778914,0.507727861404419,8.253145141119358,False
0.602,203.13967043779016,0.507727861404419,8.25314514111248,False
0.6025,203.139670437788,0.507727861404419,8.253145141105767,False
0.603,203.13967043778294,0.507727861404419,8.253145141100052,False
0.6035,203.13967043777572,0.507727861404419,8.253145141096027,False
0.604,203.13967043776725,0.507727861404419,8.253145141094175,False
0.6045,203.1396704377586,0.507727861404419,8.253145141094693,False
0.605,203.13967043775094,0.507727861404419,8.253145141097459,False
0.6055,203.13967043774514,0.507727861404419,8.253145141102085,False
0.606,203.13967043774187,0.507727861404419,8.253145141107966,False
0.6065,203.13967043774156,0.507727861404419,8.253145141114347,False
0.607,203.13967043774426,0.507727861404419,8.25314514112039,False
0.6075,203.13967043774937,0.507727861404419,8.253145141125351,False
0.608,203.13967043775634,0.507727861404419,8.253145141128645,False
0.6085,203.1396704377642,0.507727861404419,8.253145141129883,False
0.609,203.13967043777203,0.507727861404419,8.253145141128954,False
0.6095,203.1396704377788,0.507727861404419,8.253145141126009,False
0.61,203.13967043778368,0.507727861404419,8.253145141121454,False
0.6105,203.1396704377861,0.507727861404419,8.253145141115887,False
0.611,203.13967043778575,0.507727861404419,8.253145141110044,False
0.6115,203.13967043778285,0.507727861404419,8.253145141104646,False
0.612,203.1396704377777,0.507727861404419,8.253145141100363,False
0.6125,203.1396704377711,0.507727861404419,8.253145141097702,False
0.613,203.13967043776375,0.507727861404419,8.25314514109697,False
0.6135,203.13967043775665,0.507727861404419,8.253145141098235,False
0.614,203.13967043775074,0.507727861404419,8.253145141101301,False
0.6145,203.13967043774667,0.507727861404419,8.253145141105746,False
0.615,203.13967043774497,0.507727861404419,8.253145141110982,False
0.6155,203.1396704377458,0.507727861404419,8.253145141116338,False
0.616,203.13967043774898,0.507727861404419,8.253145141121147,False
0.6165,203.13967043775406,0.507727861404419,8.253145141124804,False
0.617,203.1396704377604,0.507727861404419,8.253145141126884,False
0.6175,203.13967043776722,0.507727861404419,8.253145141127147,False
0.618,203.13967043777356,0.507727861404419,8.253145141125591,False
0.6185,203.13967043777865,0.507727861404419,8.253145141122458,False
0.619,203.13967043778192,0.507727861404419,8.253145141118171,False
0.6195,203.139670437783,0.507727861404419,8.253145141113283,False
0.62,203.13967043778175,0.507727861404419,8.253145141108421,False
0.6205,203.13967043777842,0.507727861404419,8.253145141104191,False
0.621,203.13967043777345,0.507727861404419,8.253145141101106,False
0.6215,203.13967043776745,0.507727861404419,8.25314514109954,False
0.622,203.13967043776123,0.507727861404419,8.253145141099662,False
0.6225,203.1396704377556,0.507727861404419,8.25314514110142,False
0.623,203.13967043775122,0.507727861404419,8.253145141104564,False
0.6235,203.1396704377486,0.507727861404419,8.253145141108675,False
0.624,203.13967043774812,0.507727861404419,8.253145141113214,False
0.6245,203.1396704377497,0.507727861404419,8.253145141117603,False
0.625,203.13967043775313,0.507727861404419,8.253145141121301,False
0.6255000000000001,203.13967043775796,0.507727861404419,8.25314514112385,False
0.626,203.13967043776356,0.507727861404419,8.253145141124959,False
0.6265000000000001,203.13967043776918,0.507727861404419,8.253145141124516,False
0.627,203.13967043777416,0.507727861404419,8.25314514112261,False
0.6275000000000001,203.13967043777785,0.507727861404419,8.253145141119507,False
0.628,203.13967043777984,0.507727861404419,8.253145141115615,False
0.6285000000000001,203.13967043777993,0.507727861404419,8.253145141111439,False
0.629,203.13967043777814,0.507727861404419,8.253145141107497,False
0.6295000000000001,203.1396704377747,0.507727861404419,8.25314514110428,False
0.63,203.13967043777004,0.507727861404419,8.253145141102182,False
0.6305000000000001,203.1396704377648,0.507727861404419,8.253145141101449,False
0.631,203.13967043775972,0.507727861404419,8.253145141102147,False
0.6315000000000001,203.1396704377553,0.507727861404419,8.253145141104152,False
0.632,203.1396704377522,0.507727861404419,8.2531451411072,False
0.6325000000000001,203.1396704377507,0.507727861404419,8.253145141110886,False
0.633,203.139670437751,0.507727861404419,8.253145141114734,False
0.6335000000000001,203.13967043775304,0.507727861404419,8.253145141118262,False
0.634,203.1396704377565,0.507727861404419,8.253145141121022,False
0.6345000000000001,203.13967043776094,0.507727861404419,8.253145141122694,False
0.635,203.13967043776577,0.507727861404419,8.253145141123078,False
0.6355000000000001,203.1396704377704,0.507727861404419,8.253145141122157,False
0.636,203.13967043777424,0.507727861404419,8.25314514112007,False
0.6365000000000001,203.1396704377768,0.507727861404419,8.253145141117098,False
0.637,203.1396704377778,0.507727861404419,8.253145141113636,False
0.6375000000000001,203.13967043777714,0.507727861404419,8.253145141110132,False
0.638,203.139670437775,0.507727861404419,8.253145141107007,False
0.6385000000000001,203.13967043777157,0.507727861404419,8.253145141104651,False
0.639,203.13967043776736,0.507727861404419,8.253145141103355,False
0.6395000000000001,203.13967043776285,0.507727861404419,8.253145141103273,False
0.64,203.13967043775872,0.507727861404419,8.253145141104378,False
0.6405,203.13967043775543,0.507727861404419,8.253145141106508,False
0.641,203.13967043775335,0.507727861404419,8.253145141109375,False
0.6415,203.13967043775276,0.507727861404419,8.253145141112615,False
0.642,203.1396704377537,0.507727861404419,8.253145141115812,False
0.6425,203.139670437756,0.507727861404419,8.253145141118555,False
0.643,203.13967043775935,0.507727861404419,8.253145141120516,False
0.6435,203.13967043776327,0.507727861404419,8.253145141121468,False
0.644,203.1396704377673,0.507727861404419,8.25314514112132,False
0.6445,203.139670437771,0.507727861404419,8.253145141120108,False
0.645,203.13967043777384,0.507727861404419,8.253145141117987,False
0.6455,203.1396704377755,0.507727861404419,8.253145141115253,False
0.646,203.13967043777578,0.507727861404419,8.253145141112253,False
0.6465,203.13967043777464,0.507727861404419,8.25314514110937,False
0.647,203.1396704377723,0.507727861404419,8.25314514110696,False
0.6475,203.1396704377691,0.507727861404419,8.253145141105323,False
0.648,203.1396704377654,0.507727861404419,8.253145141104646,False
0.6485,203.1396704377617,0.507727861404419,8.253145141104978,False
0.649,203.13967043775847,0.507727861404419,8.253145141106275,False
0.6495,203.13967043775605,0.507727861404419,8.253145141108355,False
0.65,203.13967043775477,0.507727861404419,8.253145141110942,False
0.6505,203.13967043775477,0.507727861404419,8.253145141113702,False
0.651,203.139670437756,0.507727861404419,8.253145141116295,False
0.6515,203.13967043775833,0.507727861404419,8.253145141118397,False
0.652,203.13967043776142,0.507727861404419,8.25314514111975,False
0.6525,203.13967043776483,0.507727861404419,8.2531451411202,False
0.653,203.13967043776822,0.507727861404419,8.253145141119717,False
0.6535,203.13967043777112,0.507727861404419,8.253145141118361,False
0.654,203.13967043777316,0.507727861404419,8.253145141116324,False
0.6545,203.1396704377741,0.507727861404419,8.253145141113874,False
0.655,203.13967043777387,0.507727861404419,8.253145141111329,False
0.6555,203.1396704377725,0.507727861404419,8.253145141109009,False
0.656,203.1396704377702,0.507727861404419,8.253145141107192,False
0.6565,203.13967043776722,0.507727861404419,8.253145141106105,False
0.657,203.1396704377641,0.507727861404419,8.253145141105867,False
0.6575,203.13967043776105,0.507727861404419,8.253145141106476,False
0.658,203.1396704377585,0.507727861404419,8.25314514110786,False
0.6585,203.1396704377568,0.507727861404419,8.25314514110983,False
0.659,203.1396704377561,0.507727861404419,8.253145141112128,False
0.6595,203.13967043775654,0.507727861404419,8.25314514111446,False
0.66,203.139670437758,0.507727861404419,8.253145141116535,False
0.6605,203.1396704377603,0.507727861404419,8.25314514111809,False
0.661,203.13967043776307,0.507727861404419,8.25314514111894,False
0.6615,203.13967043776591,0.507727861404419,8.253145141119017,False
0.662,203.13967043776867,0.507727861404419,8.25314514111832,False
0.6625,203.1396704377709,0.507727861404419,8.253145141116933,False
0.663,203.13967043777225,0.507727861404419,8.253145141115054,False
0.6635,203.13967043777268,0.507727861404419,8.253145141112928,False
0.664,203.13967043777217,0.507727861404419,8.253145141110814,False
0.6645,203.13967043777072,0.507727861404419,8.253145141108973,False
0.665,203.13967043776853,0.507727861404419,8.253145141107632,False
0.6655,203.13967043776591,0.507727861404419,8.253145141106957,False
0.666,203.13967043776316,0.507727861404419,8.25314514110703,False
0.6665,203.1396704377607,0.507727861404419,8.253145141107813,False
0.667,203.13967043775878,0.507727861404419,8.253145141109202,False
0.6675,203.13967043775767,0.507727861404419,8.253145141111009,False
0.668,203.13967043775745,0.507727861404419,8.253145141113004,False
0.6685,203.13967043775816,0.507727861404419,8.253145141114935,False
0.669,203.1396704377597,0.507727861404419,8.253145141116555,False
0.6695,203.13967043776182,0.507727861404419,8.253145141117663,False
0.67,203.13967043776432,0.507727861404419,8.25314514111814,False
0.6705,203.13967043776685,0.507727861404419,8.253145141117914,False
0.671,203.139670437769,0.507727861404419,8.253145141117038,False
0.6715,203.13967043777063,0.507727861404419,8.253145141115644,False
0.672,203.13967043777149,0.507727861404419,8.253145141113906,False
0.6725,203.13967043777146,0.507727861404419,8.25314514111206,False
0.673,203.1396704377706,0.507727861404419,8.253145141110329,False
0.6735,203.13967043776907,0.507727861404419,8.25314514110893,False
0.674,203.13967043776697,0.507727861404419,8.253145141108032,False
0.6745,203.1396704377647,0.507727861404419,8.253145141107744,False
0.675,203.13967043776242,0.507727861404419,8.253145141108078,False
0.6755,203.13967043776051,0.507727861404419,8.253145141108991,False
0.676,203.13967043775915,0.507727861404419,8.253145141110355,False
0.6765,203.13967043775853,0.507727861404419,8.253145141111993,False
0.677,203.1396704377587,0.507727861404419,8.253145141113691,False
0.6775,203.1396704377596,0.507727861404419,8.253145141115244,False
0.678,203.13967043776117,0.507727861404419,8.253145141116454,False
0.6785,203.13967043776313,0.507727861404419,8.253145141117173,False
0.679,203.13967043776535,0.507727861404419,8.253145141117326,False
0.6795,203.13967043776734,0.507727861404419,8.25314514111689,False
0.68,203.13967043776898,0.507727861404419,8.25314514111595,False
0.6805,203.1396704377701,0.507727861404419,8.253145141114633,False
0.681,203.13967043777052,0.507727861404419,8.253145141113107,False
0.6815,203.13967043777023,0.507727861404419,8.253145141111563,False
0.682,203.13967043776927,0.507727861404419,8.253145141110188,False
0.6825,203.13967043776773,0.507727861404419,8.253145141109162,False
0.683,203.13967043776586,0.507727861404419,8.253145141108599,False
0.6835,203.13967043776387,0.507727861404419,8.253145141108572,False
0.684,203.13967043776205,0.507727861404419,8.253145141109076,False
0.6845,203.13967043776063,0.507727861404419,8.253145141110029,False
0.685,203.13967043775975,0.507727861404419,8.253145141111295,False
0.6855,203.1396704377595,0.507727861404419,8.253145141112718,False
0.686,203.1396704377599,0.507727861404419,8.25314514111412,False
0.6865,203.1396704377609,0.507727861404419,8.253145141115324,False
0.687,203.13967043776242,0.507727861404419,8.253145141116182,False
0.6875,203.13967043776412,0.507727861404419,8.25314514111659,False
0.6880000000000001,203.13967043776583,0.507727861404419,8.253145141116537,False
0.6885,203.13967043776748,0.507727861404419,8.253145141116015,False
0.6890000000000001,203.13967043776876,0.507727861404419,8.253145141115093,False
0.6895,203.13967043776952,0.507727861404419,8.253145141113885,False
0.6900000000000001,203.13967043776964,0.507727861404419,8.25314514111255,False
0.6905,203.13967043776915,0.507727861404419,8.25314514111127,False
0.6910000000000001,203.13967043776813,0.507727861404419,8.253145141110203,False
0.6915,203.13967043776674,0.507727861404419,8.253145141109469,False
0.6920000000000001,203.13967043776503,0.507727861404419,8.253145141109163,False
0.6925,203.13967043776333,0.507727861404419,8.253145141109325,False
0.6930000000000001,203.1396704377619,0.507727861404419,8.253145141109917,False
0.6935,203.13967043776088,0.507727861404419,8.25314514111085,False
0.6940000000000001,203.13967043776034,0.507727861404419,8.253145141112002,False
0.6945,203.13967043776037,0.507727861404419,8.253145141113222,False
0.6950000000000001,203.13967043776094,0.507727861404419,8.253145141114361,False
0.6955,203.13967043776196,0.507727861404419,8.253145141115278,False
0.6960000000000001,203.13967043776336,0.507727861404419,8.253145141115859,False
0.6965,203.13967043776478,0.507727861404419,8.253145141116049,False
0.6970000000000001,203.1396704377662,0.507727861404419,8.25314514111585,False
0.6975,203.1396704377675,0.507727861404419,8.253145141115272,False
0.6980000000000001,203.13967043776844,0.507727861404419,8.253145141114388,False
0.6985,203.1396704377689,0.507727861404419,8.253145141113311,False
0.6990000000000001,203.1396704377688,0.507727861404419,8.253145141112181,False
0.6995,203.13967043776825,0.507727861404419,8.253145141111146,False
0.7000000000000001,203.13967043776725,0.507727861404419,8.253145141110323,False
0.7005,203.13967043776594,0.507727861404419,8.253145141109815,False
0.7010000000000001,203.13967043776452,0.507727861404419,8.25314514110969,False
0.7015,203.1396704377631,0.507727861404419,8.253145141109949,False
0.7020000000000001,203.139670437762,0.507727861404419,8.253145141110561,False
0.7025,203.13967043776125,0.507727861404419,8.253145141111432,False
0.7030000000000001,203.13967043776097,0.507727861404419,8.25314514111245,False
0.7035,203.13967043776114,0.507727861404419,8.253145141113482,False
0.704,203.1396704377618,0.507727861404419,8.253145141114397,False
0.7045,203.1396704377628,0.507727861404419,8.253145141115084,False
0.705,203.13967043776398,0.507727861404419,8.253145141115468,False
0.7055,203.1396704377654,0.507727861404419,8.253145141115493,False
0.706,203.13967043776654,0.507727861404419,8.253145141115166,False
0.7065,203.1396704377675,0.507727861404419,8.25314514111454,False
0.707,203.1396704377681,0.507727861404419,8.253145141113704,False
0.7075,203.13967043776827,0.507727861404419,8.253145141112762,False
0.708,203.13967043776802,0.507727861404419,8.253145141111832,False
0.7085,203.13967043776734,0.507727861404419,8.253145141111029,False
0.709,203.13967043776634,0.507727861404419,8.253145141110457,False
0.7095,203.1396704377652,0.507727861404419,8.253145141110183,False
0.71,203.13967043776407,0.507727861404419,8.253145141110222,False
0.7105,203.13967043776296,0.507727861404419,8.253145141110569,False
0.711,203.13967043776213,0.507727861404419,8.253145141111183,False
0.7115,203.13967043776165,0.507727861404419,8.253145141111977,False
0.712,203.13967043776154,0.507727861404419,8.253145141112856,False
0.7125,203.13967043776185,0.507727861404419,8.253145141113707,False
0.713,203.13967043776253,0.507727861404419,8.253145141114423,False
0.7135,203.13967043776347,0.507727861404419,8.253145141114917,False
0.714,203.1396704377646,0.507727861404419,8.253145141115118,False
0.7145,203.13967043776574,0.507727861404419,8.253145141115008,False
0.715,203.13967043776668,0.507727861404419,8.253145141114606,False
0.7155,203.13967043776736,0.507727861404419,8.25314514111398,False
0.716,203.13967043776773,0.507727861404419,8.253145141113212,False
0.7165,203.1396704377677,0.507727861404419,8.253145141112395,False
0.717,203.1396704377673,0.507727861404419,8.253145141111636,False
0.7175,203.1396704377666,0.507727861404419,8.253145141111029,False
0.718,203.13967043776574,0.507727861404419,8.253145141110648,False
0.7185,203.1396704377646,0.507727861404419,8.253145141110538,False
0.719,203.13967043776364,0.507727861404419,8.253145141110725,False
0.7195,203.1396704377628,0.507727861404419,8.253145141111151,False
0.72,203.13967043776225,0.507727861404419,8.253145141111775,False
0.7205,203.13967043776202,0.507727861404419,8.253145141112498,False
0.721,203.13967043776213,0.507727861404419,8.25314514111324,False
0.7215,203.1396704377626,0.507727861404419,8.253145141113908,False
0.722,203.1396704377633,0.507727861404419,8.25314514111442,False
0.7225,203.13967043776415,0.507727861404419,8.253145141114704,False
0.723,203.139670437765,0.507727861404419,8.253145141114757,False
0.7235,203.13967043776586,0.507727861404419,8.253145141114574,False
0.724,203.13967043776663,0.507727861404419,8.253145141114167,False
0.7245,203.13967043776714,0.507727861404419,8.253145141113585,False
0.725,203.13967043776734,0.507727861404419,8.253145141112899,False
0.7255,203.1396704377672,0.507727861404419,8.253145141112201,False
0.726,203.13967043776674,0.507727861404419,8.253145141111592,False
0.7265,203.13967043776606,0.507727861404419,8.25314514111114,False
0.727,203.1396704377652,0.507727861404419,8.253145141110904,False
0.7275,203.13967043776435,0.507727861404419,8.253145141110904,False
0.728,203.1396704377635,0.507727861404419,8.253145141111132,False
0.7285,203.1396704377629,0.507727861404419,8.253145141111565,False
0.729,203.13967043776253,0.507727861404419,8.253145141112137,False
0.7295,203.13967043776245,0.507727861404419,8.253145141112773,False
0.73,203.13967043776265,0.507727861404419,8.253145141113393,False
0.7305,203.13967043776313,0.507727861404419,8.253145141113919,False
0.731,203.13967043776378,0.507727861404419,8.253145141114286,False
0.7315,203.13967043776464,0.507727861404419,8.253145141114443,False
0.732,203.1396704377655,0.507727861404419,8.253145141114366,False
0.7325,203.13967043776614,0.507727861404419,8.253145141114073,False
0.733,203.13967043776665,0.507727861404419,8.253145141113624,False
0.7335,203.1396704377669,0.507727861404419,8.25314514111307,False
0.734,203.13967043776688,0.507727861404419,8.253145141112483,False
0.7345,203.1396704377666,0.507727861404419,8.253145141111947,False
0.735,203.13967043776606,0.507727861404419,8.25314514111152,False
0.7355,203.1396704377655,0.507727861404419,8.253145141111245,False
0.736,203.13967043776464,0.507727861404419,8.253145141111162,False
0.7365,203.13967043776395,0.507727861404419,8.2531451411113,False
0.737,203.13967043776339,0.507727861404419,8.2531451411116,False
0.7375,203.139670437763,0.507727861404419,8.253145141112046,False
0.738,203.13967043776282,0.507727861404419,8.253145141112567,False
0.7385,203.1396704377629,0.507727861404419,8.253145141113098,False
0.739,203.1396704377632,0.507727861404419,8.25314514111357,False
0.7395,203.13967043776375,0.507727861404419,8.253145141113926,False
0.74,203.13967043776432,0.507727861404419,8.253145141114125,False
0.7405,203.1396704377649,0.507727861404419,8.253145141114173,False
0.741,203.13967043776546,0.507727861404419,8.253145141114063,False
0.7415,203.13967043776603,0.507727861404419,8.253145141113794,False
0.742,203.1396704377664,0.507727861404419,8.253145141113395,False
0.7425,203.13967043776657,0.507727861404419,8.253145141112919,False
0.743,203.1396704377665,0.507727861404419,8.253145141112425,False
0.7435,203.13967043776623,0.507727861404419,8.25314514111199,False
0.744,203.13967043776574,0.507727861404419,8.253145141111652,False
0.7445,203.13967043776518,0.507727861404419,8.253145141111462,False
0.745,203.1396704377646,0.507727861404419,8.25314514111143,False
0.7455,203.13967043776404,0.507727861404419,8.253145141111556,False
0.746,203.13967043776353,0.507727861404419,8.253145141111832,False
0.7465,203.13967043776324,0.507727861404419,8.25314514111221,False
0.747,203.13967043776313,0.507727861404419,8.25314514111265,False
0.7475,203.13967043776321,0.507727861404419,8.253145141113093,False
0.748,203.1396704377635,0.507727861404419,8.25314514111348,False
0.7485,203.13967043776395,0.507727861404419,8.253145141113773,False
0.749,203.13967043776452,0.507727861404419,8.253145141113917,False
0.7495,203.1396704377651,0.507727861404419,8.25314514111391,False
0.75,203.13967043776566,0.507727861404419,8.253145141113745,False
0.7505000000000001,203.139670437766,0.507727861404419,8.253145141113444,False
0.751,203.13967043776626,0.507727861404419,8.253145141113075,False
0.7515000000000001,203.13967043776626,0.507727861404419,8.253145141112666,False
0.752,203.13967043776609,0.507727861404419,8.253145141112274,False
0.7525000000000001,203.1396704377658,0.507727861404419,8.253145141111954,False
0.753,203.13967043776532,0.507727861404419,8.253145141111728,False
0.7535000000000001,203.13967043776475,0.507727861404419,8.253145141111657,False
0.754,203.13967043776418,0.507727861404419,8.253145141111744,False
0.7545000000000001,203.1396704377638,0.507727861404419,8.253145141111963,False
0.755,203.13967043776353,0.507727861404419,8.253145141112261,False
0.7555000000000001,203.13967043776344,0.507727861404419,8.253145141112615,False
0.756,203.13967043776344,0.507727861404419,8.25314514111297,False
0.7565000000000001,203.13967043776373,0.507727861404419,8.253145141113295,False
0.757,203.139670437764,0.507727861404419,8.253145141113539,False
0.7575000000000001,203.13967043776444,0.507727861404419,8.253145141113697,False
0.758,203.139670437765,0.507727861404419,8.253145141113713,False
0.7585000000000001,203.1396704377654,0.507727861404419,8.253145141113583,False
0.759,203.1396704377657,0.507727861404419,8.253145141113368,False
0.7595000000000001,203.13967043776597,0.507727861404419,8.253145141113079,False
0.76,203.13967043776597,0.507727861404419,8.253145141112741,False
0.7605000000000001,203.13967043776591,0.507727861404419,8.253145141112405,False
0.761,203.13967043776563,0.507727861404419,8.253145141112128,False
0.7615000000000001,203.13967043776535,0.507727861404419,8.253145141111933,False
0.762,203.13967043776498,0.507727861404419,8.253145141111819,False
0.7625000000000001,203.1396704377645,0.507727861404419,8.253145141111839,False
0.763,203.1396704377642,0.507727861404419,8.25314514111196,False
0.7635000000000001,203.13967043776393,0.507727861404419,8.253145141112151,False
0.764,203.13967043776367,0.507727861404419,8.253145141112418,False
0.7645000000000001,203.13967043776367,0.507727861404419,8.25314514111272,False
0.765,203.1396704377637,0.507727861404419,8.253145141113022,False
0.7655000000000001,203.13967043776398,0.507727861404419,8.253145141113276,False
0.766,203.13967043776427,0.507727861404419,8.25314514111345,False
0.7665000000000001,203.13967043776455,0.507727861404419,8.253145141113551,False
0.767,203.13967043776483,0.507727861404419,8.253145141113572,False
0.7675000000000001,203.13967043776512,0.507727861404419,8.253145141113515,False
0.768,203.1396704377654,0.507727861404419,8.253145141113379,False
0.7685,203.1396704377657,0.507727861404419,8.253145141113167,False
0.769,203.13967043776577,0.507727861404419,8.25314514111289,False
0.7695,203.13967043776577,0.507727861404419,8.253145141112606,False
0.77,203.13967043776563,0.507727861404419,8.253145141112334,False
0.7705,203.13967043776535,0.507727861404419,8.253145141112135,False
0.771,203.13967043776506,0.507727861404419,8.253145141112018,False
0.7715,203.13967043776478,0.507727861404419,8.25314514111198,False
0.772,203.1396704377645,0.507727861404419,8.253145141112022,False
0.7725,203.1396704377642,0.507727861404419,8.253145141112142,False
0.773,203.13967043776393,0.507727861404419,8.25314514111233,False
0.7735,203.13967043776384,0.507727861404419,8.253145141112576,False
0.774,203.13967043776384,0.507727861404419,8.253145141112824,False
0.7745,203.13967043776393,0.507727861404419,8.253145141113071,False
0.775,203.1396704377642,0.507727861404419,8.253145141113263,False
0.7755,203.1396704377645,0.507727861404419,8.25314514111338,False
0.776,203.13967043776478,0.507727861404419,8.253145141113418,False
0.7765,203.13967043776506,0.507727861404419,8.253145141113377,False
0.777,203.13967043776535,0.507727861404419,8.253145141113258,False
0.7775,203.1396704377656,0.507727861404419,8.253145141113063,False
0.778,203.1396704377656,0.507727861404419,8.253145141112832,False
0.7785,203.1396704377656,0.507727861404419,8.2531451411126,False
0.779,203.1396704377655,0.507727861404419,8.253145141112377,False
0.7795,203.1396704377652,0.507727861404419,8.253145141112217,False
0.78,203.13967043776492,0.507727861404419,8.253145141112135,False
0.7805,203.13967043776464,0.507727861404419,8.253145141112135,False
0.781,203.13967043776435,0.507727861404419,8.253145141112212,False
0.7815,203.13967043776407,0.507727861404419,8.253145141112364,False
0.782,203.139670437764,0.507727861404419,8.253145141112574,False
0.7825,203.139670437764,0.507727861404419,8.253145141112787,False
0.783,203.139670437764,0.507727861404419,8.253145141113,False
0.7835,203.1396704377643,0.507727861404419,8.25314514111317,False
0.784,203.13967043776458,0.507727861404419,8.253145141113267,False
0.7845,203.13967043776486,0.507727861404419,8.253145141113285,False
0.785,203.13967043776515,0.507727861404419,8.253145141113224,False
0.7855,203.13967043776543,0.507727861404419,8.253145141113084,False
0.786,203.13967043776546,0.507727861404419,8.25314514111289,False
0.7865,203.13967043776546,0.507727861404419,8.253145141112695,False
0.787,203.13967043776546,0.507727861404419,8.2531451411125,False
0.7875,203.13967043776523,0.507727861404419,8.253145141112332,False
0.788,203.13967043776495,0.507727861404419,8.253145141112244,False
0.7885,203.13967043776466,0.507727861404419,8.253145141112233,False
0.789,203.13967043776438,0.507727861404419,8.253145141112302,False
0.7895,203.13967043776415,0.507727861404419,8.253145141112446,False
0.79,203.13967043776415,0.507727861404419,8.253145141112606,False
0.7905,203.13967043776415,0.507727861404419,8.253145141112766,False
0.791,203.13967043776415,0.507727861404419,8.253145141112926,False
0.7915,203.13967043776427,0.507727861404419,8.253145141113084,False
0.792,203.13967043776455,0.507727861404419,8.253145141113189,False
0.7925,203.13967043776483,0.507727861404419,8.253145141113214,False
0.793,203.13967043776512,0.507727861404419,8.25314514111316,False
0.7935,203.13967043776535,0.507727861404419,8.253145141113029,False
0.794,203.13967043776535,0.507727861404419,8.253145141112869,False
0.7945,203.13967043776535,0.507727861404419,8.253145141112709,False
0.795,203.13967043776535,0.507727861404419,8.25314514111255,False
0.7955,203.13967043776523,0.507727861404419,8.253145141112396,False
0.796,203.13967043776495,0.507727861404419,8.253145141112308,False
0.7965,203.13967043776466,0.507727861404419,8.253145141112297,False
0.797,203.13967043776438,0.507727861404419,8.253145141112366,False
0.7975,203.13967043776427,0.507727861404419,8.253145141112501,False
0.798,203.13967043776427,0.507727861404419,8.253145141112643,False
0.7985,203.13967043776427,0.507727861404419,8.253145141112785,False
0.799,203.13967043776427,0.507727861404419,8.253145141112928,False
0.7995,203.13967043776435,0.507727861404419,8.253145141113066,False
0.8,203.13967043776464,0.507727861404419,8.253145141113148,False
0.8005,203.13967043776492,0.507727861404419,8.25314514111315,False
0.801,203.1396704377652,0.507727861404419,8.253145141113073,False
0.8015,203.13967043776523,0.507727861404419,8.253145141112949,False
0.802,203.13967043776523,0.507727861404419,8.253145141112824,False
0.8025,203.13967043776523,0.507727861404419,8.2531451411127,False
0.803,203.13967043776523,0.507727861404419,8.253145141112576,False
0.8035,203.13967043776523,0.507727861404419,8.253145141112451,False
0.804,203.13967043776495,0.507727861404419,8.253145141112363,False
0.8045,203.13967043776466,0.507727861404419,8.253145141112352,False
0.805,203.13967043776438,0.507727861404419,8.253145141112421,False
0.8055,203.13967043776438,0.507727861404419,8.253145141112528,False
0.806,203.13967043776438,0.507727861404419,8.253145141112634,False
0.8065,203.13967043776438,0.507727861404419,8.253145141112741,False
0.807,203.13967043776438,0.507727861404419,8.253145141112848,False
0.8075,203.13967043776438,0.507727861404419,8.253145141112954,False
0.808,203.13967043776447,0.507727861404419,8.253145141113059,False
0.8085,203.13967043776475,0.507727861404419,8.253145141113109,False
0.809,203.13967043776503,0.507727861404419,8.253145141113079,False
0.8095,203.13967043776512,0.507727861404419,8.253145141112991,False
0.81,203.13967043776512,0.507727861404419,8.253145141112903,False
0.8105,203.13967043776512,0.507727861404419,8.253145141112814,False
0.811,203.13967043776512,0.507727861404419,8.253145141112725,False
0.8115,203.13967043776512,0.507727861404419,8.253145141112636,False
0.812,203.13967043776512,0.507727861404419,8.253145141112547,False
0.8125,203.13967043776512,0.507727861404419,8.253145141112459,False
0.8130000000000001,203.13967043776486,0.507727861404419,8.253145141112395,False
0.8135,203.13967043776458,0.507727861404419,8.253145141112409,False
0.8140000000000001,203.13967043776452,0.507727861404419,8.253145141112478,False
0.8145,203.13967043776452,0.507727861404419,8.25314514111255,False
0.8150000000000001,203.13967043776452,0.507727861404419,8.25314514111262,False
0.8155,203.13967043776452,0.507727861404419,8.253145141112691,False
0.8160000000000001,203.13967043776452,0.507727861404419,8.253145141112762,False
0.8165,203.13967043776452,0.507727861404419,8.253145141112833,False
0.8170000000000001,203.13967043776452,0.507727861404419,8.253145141112904,False
0.8175,203.13967043776452,0.507727861404419,8.253145141112975,False
0.8180000000000001,203.13967043776458,0.507727861404419,8.253145141113045,False
0.8185,203.13967043776486,0.507727861404419,8.253145141113063,False
0.8190000000000001,203.13967043776498,0.507727861404419,8.253145141113016,False
0.8195,203.13967043776498,0.507727861404419,8.253145141112963,False
0.8200000000000001,203.13967043776498,0.507727861404419,8.25314514111291,False
0.8205,203.13967043776498,0.507727861404419,8.253145141112856,False
0.8210000000000001,203.13967043776498,0.507727861404419,8.253145141112803,False
0.8215,203.13967043776498,0.507727861404419,8.25314514111275,False
0.8220000000000001,203.13967043776498,0.507727861404419,8.253145141112697,False
0.8225,203.13967043776498,0.507727861404419,8.253145141112643,False
0.8230000000000001,203.13967043776498,0.507727861404419,8.25314514111259,False
0.8235,203.13967043776498,0.507727861404419,8.253145141112537,False
0.8240000000000001,203.13967043776498,0.507727861404419,8.253145141112483,False
0.8245,203.13967043776492,0.507727861404419,8.25314514111243,False
0.8250000000000001,203.13967043776464,0.507727861404419,8.253145141112428,False
0.8255,203.13967043776464,0.507727861404419,8.253145141112464,False
0.8260000000000001,203.13967043776464,0.507727861404419,8.2531451411125,False
0.8265,203.13967043776464,0.507727861404419,8.253145141112535,False
0.8270000000000001,203.13967043776464,0.507727861404419,8.25314514111257,False
0.8275,203.13967043776464,0.507727861404419,8.253145141112606,False
0.8280000000000001,203.13967043776464,0.507727861404419,8.253145141112642,False
0.8285,203.13967043776464,0.507727861404419,8.253145141112677,False
0.8290000000000001,203.13967043776464,0.507727861404419,8.253145141112713,False
0.8295,203.13967043776464,0.507727861404419,8.253145141112748,False
0.8300000000000001,203.13967043776464,0.507727861404419,8.253145141112784,False
0.8305,203.13967043776464,0.507727861404419,8.25314514111282,False
0.8310000000000001,203.13967043776464,0.507727861404419,8.253145141112855,False
0.8315,203.13967043776464,0.507727861404419,8.25314514111289,False
0.8320000000000001,203.13967043776464,0.507727861404419,8.253145141112926,False
0.8325,203.13967043776464,0.507727861404419,8.253145141112961,False
0.833,203.13967043776464,0.507727861404419,8.253145141112997,False
0.8335,203.13967043776464,0.507727861404419,8.253145141113032,False
0.834,203.13967043776486,0.507727861404419,8.253145141113041,False
0.8345,203.13967043776486,0.507727861404419,8.253145141113023,False
0.835,203.13967043776486,0.507727861404419,8.253145141113006,False
0.8355,203.13967043776486,0.507727861404419,8.253145141112988,False
0.836,203.13967043776486,0.507727861404419,8.25314514111297,False
0.8365,203.13967043776486,0.507727861404419,8.253145141112952,False
0.837,203.13967043776486,0.507727861404419,8.253145141112935,False
0.8375,203.13967043776486,0.507727861404419,8.253145141112917,False
0.838,203.13967043776486,0.507727861404419,8.253145141112899,False
0.8385,203.13967043776486,0.507727861404419,8.253145141112881,False
0.839,203.13967043776486,0.507727861404419,8.253145141112864,False
0.8395,203.13967043776486,0.507727861404419,8.253145141112846,False
0.84,203.13967043776486,0.507727861404419,8.253145141112828,False
0.8405,203.13967043776486,0.507727861404419,8.25314514111281,False
0.841,203.13967043776486,0.507727861404419,8.253145141112793,False
0.8415,203.13967043776486,0.507727861404419,8.253145141112775,False
0.842,203.13967043776486,0.507727861404419,8.253145141112757,False
0.8425,203.13967043776486,0.507727861404419,8.25314514111274,False
0.843,203.13967043776486,0.507727861404419,8.253145141112721,False
0.8435,203.13967043776486,0.507727861404419,8.253145141112704,False
0.844,203.13967043776486,0.507727861404419,8.253145141112686,False
0.8445,203.13967043776486,0.507727861404419,8.253145141112668,False
0.845,203.13967043776486,0.507727861404419,8.25314514111265,False
0.8455,203.13967043776486,0.507727861404419,8.253145141112633,False
0.846,203.13967043776486,0.507727861404419,8.253145141112615,False
0.8465,203.13967043776486,0.507727861404419,8.253145141112597,False
0.847,203.13967043776486,0.507727861404419,8.25314514111258,False
0.8475,203.13967043776486,0.507727861404419,8.253145141112562,False
0.848,203.13967043776486,0.507727861404419,8.253145141112544,False
0.8485,203.13967043776486,0.507727861404419,8.253145141112526,False
0.849,203.13967043776486,0.507727861404419,8.253145141112508,False
0.8495,203.13967043776486,0.507727861404419,8.25314514111249,False
0.85,203.13967043776486,0.507727861404419,8.253145141112473,False
0.8505,203.13967043776486,0.507727861404419,8.253145141112455,False
0.851,203.13967043776486,0.507727861404419,8.253145141112437,False
0.8515,203.13967043776475,0.507727861404419,8.253145141112432,False
0.852,203.13967043776475,0.507727861404419,8.253145141112432,False
0.8525,203.13967043776475,0.507727861404419,8.253145141112432,False
0.853,203.13967043776475,0.507727861404419,8.253145141112432,False
0.8535,203.13967043776475,0.507727861404419,8.253145141112432,False
0.854,203.13967043776475,0.507727861404419,8.253145141112432,False
0.8545,203.13967043776475,0.507727861404419,8.253145141112432,False
0.855,203.13967043776475,0.507727861404419,8.253145141112432,False
0.8555,203.13967043776475,0.507727861404419,8.253145141112432,False
0.856,203.13967043776475,0.507727861404419,8.253145141112432,False
0.8565,203.13967043776475,0.507727861404419,8.253145141112432,False
0.857,203.13967043776475,0.507727861404419,8.253145141112432,False
0.8575,203.13967043776475,0.507727861404419,8.253145141112432,False
0.858,203.13967043776475,0.507727861404419,8.253145141112432,False
0.8585,203.13967043776475,0.507727861404419,8.253145141112432,False
0.859,203.13967043776475,0.507727861404419,8.253145141112432,False
0.8595,203.13967043776475,0.507727861404419,8.253145141112432,False
0.86,203.13967043776475,0.507727861404419,8.253145141112432,False
0.8605,203.13967043776475,0.507727861404419,8.253145141112432,False
0.861,203.13967043776475,0.507727861404419,8.253145141112432,False
0.8615,203.13967043776475,0.507727861404419,8.253145141112432,False
0.862,203.13967043776475,0.507727861404419,8.253145141112432,False
0.8625,203.13967043776475,0.507727861404419,8.253145141112432,False
0.863,203.13967043776475,0.507727861404419,8.253145141112432,False
0.8635,203.13967043776475,0.507727861404419,8.253145141112432,False
0.864,203.13967043776475,0.507727861404419,8.253145141112432,False
0.8645,203.13967043776475,0.507727861404419,8.253145141112432,False
0.865,203.13967043776475,0.507727861404419,8.253145141112432,False
0.8655,203.13967043776475,0.507727861404419,8.253145141112432,False
0.866,203.13967043776475,0.507727861404419,8.253145141112432,False
0.8665,203.13967043776475,0.507727861404419,8.253145141112432,False
0.867,203.13967043776475,0.507727861404419,8.253145141112432,False
0.8675,203.13967043776475,0.507727861404419,8.253145141112432,False
0.868,203.13967043776475,0.507727861404419,8.253145141112432,False
0.8685,203.13967043776475,0.507727861404419,8.253145141112432,False
0.869,203.13967043776475,0.507727861404419,8.253145141112432,False
0.8695,203.13967043776475,0.507727861404419,8.253145141112432,False
0.87,203.13967043776475,0.507727861404419,8.253145141112432,False
0.8705,203.13967043776475,0.507727861404419,8.253145141112432,False
0.871,203.13967043776475,0.507727861404419,8.253145141112432,False
0.8715,203.13967043776475,0.507727861404419,8.253145141112432,False
0.872,203.13967043776475,0.507727861404419,8.253145141112432,False
0.8725,203.13967043776475,0.507727861404419,8.253145141112432,False
0.873,203.13967043776475,0.507727861404419,8.253145141112432,False
0.8735,203.13967043776475,0.507727861404419,8.253145141112432,False
0.874,203.13967043776475,0.507727861404419,8.253145141112432,False
0.8745,203.13967043776475,0.507727861404419,8.253145141112432,False
0.875,203.13967043776475,0.507727861404419,8.253145141112432,False
0.8755000000000001,203.13967043776475,0.507727861404419,8.253145141112432,False
0.876,203.13967043776475,0.507727861404419,8.253145141112432,False
0.8765000000000001,203.13967043776475,0.507727861404419,8.253145141112432,False
0.877,203.13967043776475,0.507727861404419,8.253145141112432,False
0.8775000000000001,203.13967043776475,0.507727861404419,8.253145141112432,False
0.878,203.13967043776475,0.507727861404419,8.253145141112432,False
0.8785000000000001,203.13967043776475,0.507727861404419,8.253145141112432,False
0.879,203.13967043776475,0.507727861404419,8.253145141112432,False
0.8795000000000001,203.13967043776475,0.507727861404419,8.253145141112432,False
0.88,203.13967043776475,0.507727861404419,8.253145141112432,False
0.8805000000000001,203.13967043776475,0.507727861404419,8.253145141112432,False
0.881,203.13967043776475,0.507727861404419,8.253145141112432,False
0.8815000000000001,203.13967043776475,0.507727861404419,8.253145141112432,False
0.882,203.13967043776475,0.507727861404419,8.253145141112432,False
0.8825000000000001,203.13967043776475,0.507727861404419,8.253145141112432,False
0.883,203.13967043776475,0.507727861404419,8.253145141112432,False
0.8835000000000001,203.13967043776475,0.507727861404419,8.253145141112432,False
0.884,203.13967043776475,0.507727861404419,8.253145141112432,False
0.8845000000000001,203.13967043776475,0.507727861404419,8.253145141112432,False
0.885,203.13967043776475,0.507727861404419,8.253145141112432,False
0.8855000000000001,203.13967043776475,0.507727861404419,8.253145141112432,False
0.886,203.13967043776475,0.507727861404419,8.253145141112432,False
0.8865000000000001,203.13967043776475,0.507727861404419,8.253145141112432,False
0.887,203.13967043776475,0.507727861404419,8.253145141112432,False
0.8875000000000001,203.13967043776475,0.507727861404419,8.253145141112432,False
0.888,203.13967043776475,0.507727861404419,8.253145141112432,False
0.8885000000000001,203.13967043776475,0.507727861404419,8.253145141112432,False
0.889,203.13967043776475,0.507727861404419,8.253145141112432,False
0.8895000000000001,203.13967043776475,0.507727861404419,8.253145141112432,False
0.89,203.13967043776475,0.507727861404419,8.253145141112432,False
0.8905000000000001,203.13967043776475,0.507727861404419,8.253145141112432,False
0.891,203.13967043776475,0.507727861404419,8.253145141112432,False
0.8915000000000001,203.13967043776475,0.507727861404419,8.253145141112432,False
0.892,203.13967043776475,0.507727861404419,8.253145141112432,False
0.8925000000000001,203.13967043776475,0.507727861404419,8.253145141112432,False
0.893,203.13967043776475,0.507727861404419,8.253145141112432,False
0.8935000000000001,203.13967043776475,0.507727861404419,8.253145141112432,False
0.894,203.13967043776475,0.507727861404419,8.253145141112432,False
0.8945000000000001,203.13967043776475,0.507727861404419,8.253145141112432,False
0.895,203.13967043776475,0.507727861404419,8.253145141112432,False
0.8955000000000001,203.13967043776475,0.507727861404419,8.253145141112432,False
0.896,203.13967043776475,0.507727861404419,8.253145141112432,False
0.8965,203.13967043776475,0.507727861404419,8.253145141112432,False
0.897,203.13967043776475,0.507727861404419,8.253145141112432,False
0.8975,203.13967043776475,0.507727861404419,8.253145141112432,False
0.898,203.13967043776475,0.507727861404419,8.253145141112432,False
0.8985,203.13967043776475,0.507727861404419,8.253145141112432,False
0.899,203.13967043776475,0.507727861404419,8.253145141112432,False
0.8995,203.13967043776475,0.507727861404419,8.253145141112432,False
0.9,203.13967043776475,0.507727861404419,8.253145141112432,False
0.9005,203.13967043776475,0.507727861404419,8.253145141112432,False
0.901,203.13967043776475,0.507727861404419,8.253145141112432,False
0.9015,203.13967043776475,0.507727861404419,8.253145141112432,False
0.902,203.13967043776475,0.507727861404419,8.253145141112432,False
0.9025,203.13967043776475,0.507727861404419,8.253145141112432,False
0.903,203.13967043776475,0.507727861404419,8.253145141112432,False
0.9035,203.13967043776475,0.507727861404419,8.253145141112432,False
0.904,203.13967043776475,0.507727861404419,8.253145141112432,False
0.9045,203.13967043776475,0.507727861404419,8.253145141112432,False
0.905,203.13967043776475,0.507727861404419,8.253145141112432,False
0.9055,203.13967043776475,0.507727861404419,8.253145141112432,False
0.906,203.13967043776475,0.507727861404419,8.253145141112432,False
0.9065,203.13967043776475,0.507727861404419,8.253145141112432,False
0.907,203.13967043776475,0.507727861404419,8.253145141112432,False
0.9075,203.13967043776475,0.507727861404419,8.253145141112432,False
0.908,203.13967043776475,0.507727861404419,8.253145141112432,False
0.9085,203.13967043776475,0.507727861404419,8.253145141112432,False
0.909,203.13967043776475,0.507727861404419,8.253145141112432,False
0.9095,203.13967043776475,0.507727861404419,8.253145141112432,False
0.91,203.13967043776475,0.507727861404419,8.253145141112432,False
0.9105,203.13967043776475,0.507727861404419,8.253145141112432,False
0.911,203.13967043776475,0.507727861404419,8.253145141112432,False
0.9115,203.13967043776475,0.507727861404419,8.253145141112432,False
0.912,203.13967043776475,0.507727861404419,8.253145141112432,False
0.9125,203.13967043776475,0.507727861404419,8.253145141112432,False
0.913,203.13967043776475,0.507727861404419,8.253145141112432,False
0.9135,203.13967043776475,0.507727861404419,8.253145141112432,False
0.914,203.13967043776475,0.507727861404419,8.253145141112432,False
0.9145,203.13967043776475,0.507727861404419,8.253145141112432,False
0.915,203.13967043776475,0.507727861404419,8.253145141112432,False
0.9155,203.13967043776475,0.507727861404419,8.253145141112432,False
0.916,203.13967043776475,0.507727861404419,8.253145141112432,False
0.9165,203.13967043776475,0.507727861404419,8.253145141112432,False
0.917,203.13967043776475,0.507727861404419,8.253145141112432,False
0.9175,203.13967043776475,0.507727861404419,8.253145141112432,False
0.918,203.13967043776475,0.507727861404419,8.253145141112432,False
0.9185,203.13967043776475,0.507727861404419,8.253145141112432,False
0.919,203.13967043776475,0.507727861404419,8.253145141112432,False
0.9195,203.13967043776475,0.507727861404419,8.253145141112432,False
0.92,203.13967043776475,0.507727861404419,8.253145141112432,False
0.9205,203.13967043776475,0.507727861404419,8.253145141112432,False
0.921,203.13967043776475,0.507727861404419,8.253145141112432,False
0.9215,203.13967043776475,0.507727861404419,8.253145141112432,False
0.922,203.13967043776475,0.507727861404419,8.253145141112432,False
0.9225,203.13967043776475,0.507727861404419,8.253145141112432,False
0.923,203.13967043776475,0.507727861404419,8.253145141112432,False
0.9235,203.13967043776475,0.507727861404419,8.253145141112432,False
0.924,203.13967043776475,0.507727861404419,8.253145141112432,False
0.9245,203.13967043776475,0.507727861404419,8.253145141112432,False
0.925,203.13967043776475,0.507727861404419,8.253145141112432,False
0.9255,203.13967043776475,0.507727861404419,8.253145141112432,False
0.926,203.13967043776475,0.507727861404419,8.253145141112432,False
0.9265,203.13967043776475,0.507727861404419,8.253145141112432,False
0.927,203.13967043776475,0.507727861404419,8.253145141112432,False
0.9275,203.13967043776475,0.507727861404419,8.253145141112432,False
0.928,203.13967043776475,0.507727861404419,8.253145141112432,False
0.9285,203.13967043776475,0.507727861404419,8.253145141112432,False
0.929,203.13967043776475,0.507727861404419,8.253145141112432,False
0.9295,203.13967043776475,0.507727861404419,8.253145141112432,False
0.93,203.13967043776475,0.507727861404419,8.253145141112432,False
0.9305,203.13967043776475,0.507727861404419,8.253145141112432,False
0.931,203.13967043776475,0.507727861404419,8.253145141112432,False
0.9315,203.13967043776475,0.507727861404419,8.253145141112432,False
0.932,203.13967043776475,0.507727861404419,8.253145141112432,False
0.9325,203.13967043776475,0.507727861404419,8.253145141112432,False
0.933,203.13967043776475,0.507727861404419,8.253145141112432,False
0.9335,203.13967043776475,0.507727861404419,8.253145141112432,False
0.934,203.13967043776475,0.507727861404419,8.253145141112432,False
0.9345,203.13967043776475,0.507727861404419,8.253145141112432,False
0.935,203.13967043776475,0.507727861404419,8.253145141112432,False
0.9355,203.13967043776475,0.507727861404419,8.253145141112432,False
0.936,203.13967043776475,0.507727861404419,8.253145141112432,False
0.9365,203.13967043776475,0.507727861404419,8.253145141112432,False
0.937,203.13967043776475,0.507727861404419,8.253145141112432,False
0.9375,203.13967043776475,0.507727861404419,8.253145141112432,False
0.9380000000000001,203.13967043776475,0.507727861404419,8.253145141112432,False
0.9385,203.13967043776475,0.507727861404419,8.253145141112432,False
0.9390000000000001,203.13967043776475,0.507727861404419,8.253145141112432,False
0.9395,203.13967043776475,0.507727861404419,8.253145141112432,False
0.9400000000000001,203.13967043776475,0.507727861404419,8.253145141112432,False
0.9405,203.13967043776475,0.507727861404419,8.253145141112432,False
0.9410000000000001,203.13967043776475,0.507727861404419,8.253145141112432,False
0.9415,203.13967043776475,0.507727861404419,8.253145141112432,False
0.9420000000000001,203.13967043776475,0.507727861404419,8.253145141112432,False
0.9425,203.13967043776475,0.507727861404419,8.253145141112432,False
0.9430000000000001,203.13967043776475,0.507727861404419,8.253145141112432,False
0.9435,203.13967043776475,0.507727861404419,8.253145141112432,False
0.9440000000000001,203.13967043776475,0.507727861404419,8.253145141112432,False
0.9445,203.13967043776475,0.507727861404419,8.253145141112432,False
0.9450000000000001,203.13967043776475,0.507727861404419,8.253145141112432,False
0.9455,203.13967043776475,0.507727861404419,8.253145141112432,False
0.9460000000000001,203.13967043776475,0.507727861404419,8.253145141112432,False
0.9465,203.13967043776475,0.507727861404419,8.253145141112432,False
0.9470000000000001,203.13967043776475,0.507727861404419,8.253145141112432,False
0.9475,203.13967043776475,0.507727861404419,8.253145141112432,False
0.9480000000000001,203.13967043776475,0.507727861404419,8.253145141112432,False
0.9485,203.13967043776475,0.507727861404419,8.253145141112432,False
0.9490000000000001,203.13967043776475,0.507727861404419,8.253145141112432,False
0.9495,203.13967043776475,0.507727861404419,8.253145141112432,False
0.9500000000000001,203.13967043776475,0.507727861404419,8.253145141112432,False
0.9505,203.13967043776475,0.507727861404419,8.253145141112432,False
0.9510000000000001,203.13967043776475,0.507727861404419,8.253145141112432,False
0.9515,203.13967043776475,0.507727861404419,8.253145141112432,False
0.9520000000000001,203.13967043776475,0.507727861404419,8.253145141112432,False
0.9525,203.13967043776475,0.507727861404419,8.253145141112432,False
0.9530000000000001,203.13967043776475,0.507727861404419,8.253145141112432,False
0.9535,203.13967043776475,0.507727861404419,8.253145141112432,False
0.9540000000000001,203.13967043776475,0.507727861404419,8.253145141112432,False
0.9545,203.13967043776475,0.507727861404419,8.253145141112432,False
0.9550000000000001,203.13967043776475,0.507727861404419,8.253145141112432,False
0.9555,203.13967043776475,0.507727861404419,8.253145141112432,False
0.9560000000000001,203.13967043776475,0.507727861404419,8.253145141112432,False
0.9565,203.13967043776475,0.507727861404419,8.253145141112432,False
0.9570000000000001,203.13967043776475,0.507727861404419,8.253145141112432,False
0.9575,203.13967043776475,0.507727861404419,8.253145141112432,False
0.9580000000000001,203.13967043776475,0.507727861404419,8.253145141112432,False
0.9585,203.13967043776475,0.507727861404419,8.253145141112432,False
0.9590000000000001,203.13967043776475,0.507727861404419,8.253145141112432,False
0.9595,203.13967043776475,0.507727861404419,8.253145141112432,False
0.96,203.13967043776475,0.507727861404419,8.253145141112432,False
0.9605,203.13967043776475,0.507727861404419,8.253145141112432,False
0.961,203.13967043776475,0.507727861404419,8.253145141112432,False
0.9615,203.13967043776475,0.507727861404419,8.253145141112432,False
0.962,203.13967043776475,0.507727861404419,8.253145141112432,False
0.9625,203.13967043776475,0.507727861404419,8.253145141112432,False
0.963,203.13967043776475,0.507727861404419,8.253145141112432,False
0.9635,203.13967043776475,0.507727861404419,8.253145141112432,False
0.964,203.13967043776475,0.507727861404419,8.253145141112432,False
0.9645,203.13967043776475,0.507727861404419,8.253145141112432,False
0.965,203.13967043776475,0.507727861404419,8.253145141112432,False
0.9655,203.13967043776475,0.507727861404419,8.253145141112432,False
0.966,203.13967043776475,0.507727861404419,8.253145141112432,False
0.9665,203.13967043776475,0.507727861404419,8.253145141112432,False
0.967,203.13967043776475,0.507727861404419,8.253145141112432,False
0.9675,203.13967043776475,0.507727861404419,8.253145141112432,False
0.968,203.13967043776475,0.507727861404419,8.253145141112432,False
0.9685,203.13967043776475,0.507727861404419,8.253145141112432,False
0.969,203.13967043776475,0.507727861404419,8.253145141112432,False
0.9695,203.13967043776475,0.507727861404419,8.253145141112432,False
0.97,203.13967043776475,0.507727861404419,8.253145141112432,False
0.9705,203.13967043776475,0.507727861404419,8.253145141112432,False
0.971,203.13967043776475,0.507727861404419,8.253145141112432,False
0.9715,203.13967043776475,0.507727861404419,8.253145141112432,False
0.972,203.13967043776475,0.507727861404419,8.253145141112432,False
0.9725,203.13967043776475,0.507727861404419,8.253145141112432,False
0.973,203.13967043776475,0.507727861404419,8.253145141112432,False
0.9735,203.13967043776475,0.507727861404419,8.253145141112432,False
0.974,203.13967043776475,0.507727861404419,8.253145141112432,False
0.9745,203.13967043776475,0.507727861404419,8.253145141112432,False
0.975,203.13967043776475,0.507727861404419,8.253145141112432,False
0.9755,203.13967043776475,0.507727861404419,8.253145141112432,False
0.976,203.13967043776475,0.507727861404419,8.253145141112432,False
0.9765,203.13967043776475,0.507727861404419,8.253145141112432,False
0.977,203.13967043776475,0.507727861404419,8.253145141112432,False
0.9775,203.13967043776475,0.507727861404419,8.253145141112432,False
0.978,203.13967043776475,0.507727861404419,8.253145141112432,False
0.9785,203.13967043776475,0.507727861404419,8.253145141112432,False
0.979,203.13967043776475,0.507727861404419,8.253145141112432,False
0.9795,203.13967043776475,0.507727861404419,8.253145141112432,False
0.98,203.13967043776475,0.507727861404419,8.253145141112432,False
0.9805,203.13967043776475,0.507727861404419,8.253145141112432,False
0.981,203.13967043776475,0.507727861404419,8.253145141112432,False
0.9815,203.13967043776475,0.507727861404419,8.253145141112432,False
0.982,203.13967043776475,0.507727861404419,8.253145141112432,False
0.9825,203.13967043776475,0.507727861404419,8.253145141112432,False
0.983,203.13967043776475,0.507727861404419,8.253145141112432,False
0.9835,203.13967043776475,0.507727861404419,8.253145141112432,False
0.984,203.13967043776475,0.507727861404419,8.253145141112432,False
0.9845,203.13967043776475,0.507727861404419,8.253145141112432,False
0.985,203.13967043776475,0.507727861404419,8.253145141112432,False
0.9855,203.13967043776475,0.507727861404419,8.253145141112432,False
0.986,203.13967043776475,0.507727861404419,8.253145141112432,False
0.9865,203.13967043776475,0.507727861404419,8.253145141112432,False
0.987,203.13967043776475,0.507727861404419,8.253145141112432,False
0.9875,203.13967043776475,0.507727861404419,8.253145141112432,False
0.988,203.13967043776475,0.507727861404419,8.253145141112432,False
0.9885,203.13967043776475,0.507727861404419,8.253145141112432,False
0.989,203.13967043776475,0.507727861404419,8.253145141112432,False
0.9895,203.13967043776475,0.507727861404419,8.253145141112432,False
0.99,203.13967043776475,0.507727861404419,8.253145141112432,False
0.9905,203.13967043776475,0.507727861404419,8.253145141112432,False
0.991,203.13967043776475,0.507727861404419,8.253145141112432,False
0.9915,203.13967043776475,0.507727861404419,8.253145141112432,False
0.992,203.13967043776475,0.507727861404419,8.253145141112432,False
0.9925,203.13967043776475,0.507727861404419,8.253145141112432,False
0.993,203.13967043776475,0.507727861404419,8.253145141112432,False
0.9935,203.13967043776475,0.507727861404419,8.253145141112432,False
0.994,203.13967043776475,0.507727861404419,8.253145141112432,False
0.9945,203.13967043776475,0.507727861404419,8.253145141112432,False
0.995,203.13967043776475,0.507727861404419,8.253145141112432,False
0.9955,203.13967043776475,0.507727861404419,8.253145141112432,False
0.996,203.13967043776475,0.507727861404419,8.253145141112432,False
0.9965,203.13967043776475,0.507727861404419,8.253145141112432,False
0.997,203.13967043776475,0.507727861404419,8.253145141112432,False
0.9975,203.13967043776475,0.507727861404419,8.253145141112432,False
0.998,203.13967043776475,0.507727861404419,8.253145141112432,False
0.9985,203.13967043776475,0.507727861404419,8.253145141112432,False
0.999,203.13967043776475,0.507727861404419,8.253145141112432,False
0.9995,203.13967043776475,0.507727861404419,8.253145141112432,False
1.0,203.13967043776475,0.507727861404419,8.253145141112432,False
1.0005,203.13967043776475,0.507727861404419,8.253145141112432,False
1.0010000000000001,203.13967043776475,0.507727861404419,8.253145141112432,False
1.0015,203.13967043776475,0.507727861404419,8.253145141112432,False
1.002,203.13967043776475,0.507727861404419,8.253145141112432,False
1.0025,203.13967043776475,0.507727861404419,8.253145141112432,False
1.0030000000000001,203.13967043776475,0.507727861404419,8.253145141112432,False
1.0035,203.13967043776475,0.507727861404419,8.253145141112432,False
1.004,203.13967043776475,0.507727861404419,8.253145141112432,False
1.0045,203.13967043776475,0.507727861404419,8.253145141112432,False
1.0050000000000001,203.13967043776475,0.507727861404419,8.253145141112432,False
1.0055,203.13967043776475,0.507727861404419,8.253145141112432,False
1.006,203.13967043776475,0.507727861404419,8.253145141112432,False
1.0065,203.13967043776475,0.507727861404419,8.253145141112432,False
1.0070000000000001,203.13967043776475,0.507727861404419,8.253145141112432,False
1.0075,203.13967043776475,0.507727861404419,8.253145141112432,False
1.008,203.13967043776475,0.507727861404419,8.253145141112432,False
1.0085,203.13967043776475,0.507727861404419,8.253145141112432,False
1.0090000000000001,203.13967043776475,0.507727861404419,8.253145141112432,False
1.0095,203.13967043776475,0.507727861404419,8.253145141112432,False
1.01,203.13967043776475,0.507727861404419,8.253145141112432,False
1.0105,203.13967043776475,0.507727861404419,8.253145141112432,False
1.0110000000000001,203.13967043776475,0.507727861404419,8.253145141112432,False
1.0115,203.13967043776475,0.507727861404419,8.253145141112432,False
1.012,203.13967043776475,0.507727861404419,8.253145141112432,False
1.0125,203.13967043776475,0.507727861404419,8.253145141112432,False
1.0130000000000001,203.13967043776475,0.507727861404419,8.253145141112432,False
1.0135,203.13967043776475,0.507727861404419,8.253145141112432,False
1.014,203.13967043776475,0.507727861404419,8.253145141112432,False
1.0145,203.13967043776475,0.507727861404419,8.253145141112432,False
1.0150000000000001,203.13967043776475,0.507727861404419,8.253145141112432,False
1.0155,203.13967043776475,0.507727861404419,8.253145141112432,False
1.016,203.13967043776475,0.507727861404419,8.253145141112432,False
1.0165,203.13967043776475,0.507727861404419,8.253145141112432,False
1.0170000000000001,203.13967043776475,0.507727861404419,8.253145141112432,False
1.0175,203.13967043776475,0.507727861404419,8.253145141112432,False
1.018,203.13967043776475,0.507727861404419,8.253145141112432,False
1.0185,203.13967043776475,0.507727861404419,8.253145141112432,False
1.0190000000000001,203.13967043776475,0.507727861404419,8.253145141112432,False
1.0195,203.13967043776475,0.507727861404419,8.253145141112432,False
1.02,203.13967043776475,0.507727861404419,8.253145141112432,False
1.0205,203.13967043776475,0.507727861404419,8.253145141112432,False
1.0210000000000001,203.13967043776475,0.507727861404419,8.253145141112432,False
1.0215,203.13967043776475,0.507727861404419,8.253145141112432,False
1.022,203.13967043776475,0.507727861404419,8.253145141112432,False
1.0225,203.13967043776475,0.507727861404419,8.253145141112432,False
1.0230000000000001,203.13967043776475,0.507727861404419,8.253145141112432,False
1.0235,203.13967043776475,0.507727861404419,8.253145141112432,False
1.024,203.13967043776475,0.507727861404419,8.253145141112432,False
1.0245,203.13967043776475,0.507727861404419,8.253145141112432,False
1.025,203.13967043776475,0.507727861404419,8.253145141112432,False
1.0255,203.13967043776475,0.507727861404419,8.253145141112432,False
1.026,203.13967043776475,0.507727861404419,8.253145141112432,False
1.0265,203.13967043776475,0.507727861404419,8.253145141112432,False
1.027,203.13967043776475,0.507727861404419,8.253145141112432,False
1.0275,203.13967043776475,0.507727861404419,8.253145141112432,False
1.028,203.13967043776475,0.507727861404419,8.253145141112432,False
1.0285,203.13967043776475,0.507727861404419,8.253145141112432,False
1.029,203.13967043776475,0.507727861404419,8.253145141112432,False
1.0295,203.13967043776475,0.507727861404419,8.253145141112432,False
1.03,203.13967043776475,0.507727861404419,8.253145141112432,False
1.0305,203.13967043776475,0.507727861404419,8.253145141112432,False
1.031,203.13967043776475,0.507727861404419,8.253145141112432,False
1.0315,203.13967043776475,0.507727861404419,8.253145141112432,False
1.032,203.13967043776475,0.507727861404419,8.253145141112432,False
1.0325,203.13967043776475,0.507727861404419,8.253145141112432,False
1.033,203.13967043776475,0.507727861404419,8.253145141112432,False
1.0335,203.13967043776475,0.507727861404419,8.253145141112432,False
1.034,203.13967043776475,0.507727861404419,8.253145141112432,False
1.0345,203.13967043776475,0.507727861404419,8.253145141112432,False
1.035,203.13967043776475,0.507727861404419,8.253145141112432,False
1.0355,203.13967043776475,0.507727861404419,8.253145141112432,False
1.036,203.13967043776475,0.507727861404419,8.253145141112432,False
1.0365,203.13967043776475,0.507727861404419,8.253145141112432,False
1.037,203.13967043776475,0.507727861404419,8.253145141112432,False
1.0375,203.13967043776475,0.507727861404419,8.253145141112432,False
1.038,203.13967043776475,0.507727861404419,8.253145141112432,False
1.0385,203.13967043776475,0.507727861404419,8.253145141112432,False
1.039,203.13967043776475,0.507727861404419,8.253145141112432,False
1.0395,203.13967043776475,0.507727861404419,8.253145141112432,False
1.04,203.13967043776475,0.507727861404419,8.253145141112432,False
1.0405,203.13967043776475,0.507727861404419,8.253145141112432,False
1.041,203.13967043776475,0.507727861404419,8.253145141112432,False
1.0415,203.13967043776475,0.507727861404419,8.253145141112432,False
1.042,203.13967043776475,0.507727861404419,8.253145141112432,False
1.0425,203.13967043776475,0.507727861404419,8.253145141112432,False
1.043,203.13967043776475,0.507727861404419,8.253145141112432,False
1.0435,203.13967043776475,0.507727861404419,8.253145141112432,False
1.044,203.13967043776475,0.507727861404419,8.253145141112432,False
1.0445,203.13967043776475,0.507727861404419,8.253145141112432,False
1.045,203.13967043776475,0.507727861404419,8.253145141112432,False
1.0455,203.13967043776475,0.507727861404419,8.253145141112432,False
1.046,203.13967043776475,0.507727861404419,8.253145141112432,False
1.0465,203.13967043776475,0.507727861404419,8.253145141112432,False
1.047,203.13967043776475,0.507727861404419,8.253145141112432,False
1.0475,203.13967043776475,0.507727861404419,8.253145141112432,False
1.048,203.13967043776475,0.507727861404419,8.253145141112432,False
1.0485,203.13967043776475,0.507727861404419,8.253145141112432,False
1.049,203.13967043776475,0.507727861404419,8.253145141112432,False
1.0495,203.13967043776475,0.507727861404419,8.253145141112432,False
1.05,203.13967043776475,0.507727861404419,8.253145141112432,False
1.0505,203.13967043776475,0.507727861404419,8.253145141112432,False
1.051,203.13967043776475,0.507727861404419,8.253145141112432,False
1.0515,203.13967043776475,0.507727861404419,8.253145141112432,False
1.052,203.13967043776475,0.507727861404419,8.253145141112432,False
1.0525,203.13967043776475,0.507727861404419,8.253145141112432,False
1.053,203.13967043776475,0.507727861404419,8.253145141112432,False
1.0535,203.13967043776475,0.507727861404419,8.253145141112432,False
1.054,203.13967043776475,0.507727861404419,8.253145141112432,False
1.0545,203.13967043776475,0.507727861404419,8.253145141112432,False
1.055,203.13967043776475,0.507727861404419,8.253145141112432,False
1.0555,203.13967043776475,0.507727861404419,8.253145141112432,False
1.056,203.13967043776475,0.507727861404419,8.253145141112432,False
1.0565,203.13967043776475,0.507727861404419,8.253145141112432,False
1.057,203.13967043776475,0.507727861404419,8.253145141112432,False
1.0575,203.13967043776475,0.507727861404419,8.253145141112432,False
1.058,203.13967043776475,0.507727861404419,8.253145141112432,False
1.0585,203.13967043776475,0.507727861404419,8.253145141112432,False
1.059,203.13967043776475,0.507727861404419,8.253145141112432,False
1.0595,203.13967043776475,0.507727861404419,8.253145141112432,False
1.06,203.13967043776475,0.507727861404419,8.253145141112432,False
1.0605,203.13967043776475,0.507727861404419,8.253145141112432,False
1.061,203.13967043776475,0.507727861404419,8.253145141112432,False
1.0615,203.13967043776475,0.507727861404419,8.253145141112432,False
1.062,203.13967043776475,0.507727861404419,8.253145141112432,False
1.0625,203.13967043776475,0.507727861404419,8.253145141112432,False
1.063,203.13967043776475,0.507727861404419,8.253145141112432,False
1.0635000000000001,203.13967043776475,0.507727861404419,8.253145141112432,False
1.064,203.13967043776475,0.507727861404419,8.253145141112432,False
1.0645,203.13967043776475,0.507727861404419,8.253145141112432,False
1.065,203.13967043776475,0.507727861404419,8.253145141112432,False
1.0655000000000001,203.13967043776475,0.507727861404419,8.253145141112432,False
1.066,203.13967043776475,0.507727861404419,8.253145141112432,False
1.0665,203.13967043776475,0.507727861404419,8.253145141112432,False
1.067,203.13967043776475,0.507727861404419,8.253145141112432,False
1.0675000000000001,203.13967043776475,0.507727861404419,8.253145141112432,False
1.068,203.13967043776475,0.507727861404419,8.253145141112432,False
1.0685,203.13967043776475,0.507727861404419,8.253145141112432,False
1.069,203.13967043776475,0.507727861404419,8.253145141112432,False
1.0695000000000001,203.13967043776475,0.507727861404419,8.253145141112432,False
1.07,203.13967043776475,0.507727861404419,8.253145141112432,False
1.0705,203.13967043776475,0.507727861404419,8.253145141112432,False
1.071,203.13967043776475,0.507727861404419,8.253145141112432,False
1.0715000000000001,203.13967043776475,0.507727861404419,8.253145141112432,False
1.072,203.13967043776475,0.507727861404419,8.253145141112432,False
1.0725,203.13967043776475,0.507727861404419,8.253145141112432,False
1.073,203.13967043776475,0.507727861404419,8.253145141112432,False
1.0735000000000001,203.13967043776475,0.507727861404419,8.253145141112432,False
1.074,203.13967043776475,0.507727861404419,8.253145141112432,False
1.0745,203.13967043776475,0.507727861404419,8.253145141112432,False
1.075,203.13967043776475,0.507727861404419,8.253145141112432,False
1.0755000000000001,203.13967043776475,0.507727861404419,8.253145141112432,False
1.076,203.13967043776475,0.507727861404419,8.253145141112432,False
1.0765,203.13967043776475,0.507727861404419,8.253145141112432,False
1.077,203.13967043776475,0.507727861404419,8.253145141112432,False
1.0775000000000001,203.13967043776475,0.507727861404419,8.253145141112432,False
1.078,203.13967043776475,0.507727861404419,8.253145141112432,False
1.0785,203.13967043776475,0.507727861404419,8.253145141112432,False
1.079,203.13967043776475,0.507727861404419,8.253145141112432,False
1.0795000000000001,203.13967043776475,0.507727861404419,8.253145141112432,False
1.08,203.13967043776475,0.507727861404419,8.253145141112432,False
1.0805,203.13967043776475,0.507727861404419,8.253145141112432,False
1.081,203.13967043776475,0.507727861404419,8.253145141112432,False
1.0815000000000001,203.13967043776475,0.507727861404419,8.253145141112432,False
1.082,203.13967043776475,0.507727861404419,8.253145141112432,False
1.0825,203.13967043776475,0.507727861404419,8.253145141112432,False
1.083,203.13967043776475,0.507727861404419,8.253145141112432,False
1.0835000000000001,203.13967043776475,0.507727861404419,8.253145141112432,False
1.084,203.13967043776475,0.507727861404419,8.253145141112432,False
1.0845,203.13967043776475,0.507727861404419,8.253145141112432,False
1.085,203.13967043776475,0.507727861404419,8.253145141112432,False
1.0855000000000001,203.13967043776475,0.507727861404419,8.253145141112432,False
1.086,203.13967043776475,0.507727861404419,8.253145141112432,False
1.0865,203.13967043776475,0.507727861404419,8.253145141112432,False
1.087,203.13967043776475,0.507727861404419,8.253145141112432,False
1.0875000000000001,203.13967043776475,0.507727861404419,8.253145141112432,False
1.088,203.13967043776475,0.507727861404419,8.253145141112432,False
1.0885,203.13967043776475,0.507727861404419,8.253145141112432,False
1.089,203.13967043776475,0.507727861404419,8.253145141112432,False
1.0895,203.13967043776475,0.507727861404419,8.253145141112432,False
1.09,203.13967043776475,0.507727861404419,8.253145141112432,False
1.0905,203.13967043776475,0.507727861404419,8.253145141112432,False
1.091,203.13967043776475,0.507727861404419,8.253145141112432,False
1.0915,203.13967043776475,0.507727861404419,8.253145141112432,False
1.092,203.13967043776475,0.507727861404419,8.253145141112432,False
1.0925,203.13967043776475,0.507727861404419,8.253145141112432,False
1.093,203.13967043776475,0.507727861404419,8.253145141112432,False
1.0935,203.13967043776475,0.507727861404419,8.253145141112432,False
1.094,203.13967043776475,0.507727861404419,8.253145141112432,False
1.0945,203.13967043776475,0.507727861404419,8.253145141112432,False
1.095,203.13967043776475,0.507727861404419,8.253145141112432,False
1.0955,203.13967043776475,0.507727861404419,8.253145141112432,False
1.096,203.13967043776475,0.507727861404419,8.253145141112432,False
1.0965,203.13967043776475,0.507727861404419,8.253145141112432,False
1.097,203.13967043776475,0.507727861404419,8.253145141112432,False
1.0975,203.13967043776475,0.507727861404419,8.253145141112432,False
1.098,203.13967043776475,0.507727861404419,8.253145141112432,False
1.0985,203.13967043776475,0.507727861404419,8.253145141112432,False
1.099,203.13967043776475,0.507727861404419,8.253145141112432,False
1.0995,203.13967043776475,0.507727861404419,8.253145141112432,False
1.1,203.13967043776475,0.507727861404419,8.253145141112432,False
1.1005,203.13967043776475,0.507727861404419,8.253145141112432,False
1.101,203.13967043776475,0.507727861404419,8.253145141112432,False
1.1015,203.13967043776475,0.507727861404419,8.253145141112432,False
1.102,203.13967043776475,0.507727861404419,8.253145141112432,False
1.1025,203.13967043776475,0.507727861404419,8.253145141112432,False
1.103,203.13967043776475,0.507727861404419,8.253145141112432,False
1.1035,203.13967043776475,0.507727861404419,8.253145141112432,False
1.104,203.13967043776475,0.507727861404419,8.253145141112432,False
1.1045,203.13967043776475,0.507727861404419,8.253145141112432,False
1.105,203.13967043776475,0.507727861404419,8.253145141112432,False
1.1055,203.13967043776475,0.507727861404419,8.253145141112432,False
1.106,203.13967043776475,0.507727861404419,8.253145141112432,False
1.1065,203.13967043776475,0.507727861404419,8.253145141112432,False
1.107,203.13967043776475,0.507727861404419,8.253145141112432,False
1.1075,203.13967043776475,0.507727861404419,8.253145141112432,False
1.108,203.13967043776475,0.507727861404419,8.253145141112432,False
1.1085,203.13967043776475,0.507727861404419,8.253145141112432,False
1.109,203.13967043776475,0.507727861404419,8.253145141112432,False
1.1095,203.13967043776475,0.507727861404419,8.253145141112432,False
1.11,203.13967043776475,0.507727861404419,8.253145141112432,False
1.1105,203.13967043776475,0.507727861404419,8.253145141112432,False
1.111,203.13967043776475,0.507727861404419,8.253145141112432,False
1.1115,203.13967043776475,0.507727861404419,8.253145141112432,False
1.112,203.13967043776475,0.507727861404419,8.253145141112432,False
1.1125,203.13967043776475,0.507727861404419,8.253145141112432,False
1.113,203.13967043776475,0.507727861404419,8.253145141112432,False
1.1135,203.13967043776475,0.507727861404419,8.253145141112432,False
1.114,203.13967043776475,0.507727861404419,8.253145141112432,False
1.1145,203.13967043776475,0.507727861404419,8.253145141112432,False
1.115,203.13967043776475,0.507727861404419,8.253145141112432,False
1.1155,203.13967043776475,0.507727861404419,8.253145141112432,False
1.116,203.13967043776475,0.507727861404419,8.253145141112432,False
1.1165,203.13967043776475,0.507727861404419,8.253145141112432,False
1.117,203.13967043776475,0.507727861404419,8.253145141112432,False
1.1175,203.13967043776475,0.507727861404419,8.253145141112432,False
1.118,203.13967043776475,0.507727861404419,8.253145141112432,False
1.1185,203.13967043776475,0.507727861404419,8.253145141112432,False
1.119,203.13967043776475,0.507727861404419,8.253145141112432,False
1.1195,203.13967043776475,0.507727861404419,8.253145141112432,False
1.12,203.13967043776475,0.507727861404419,8.253145141112432,False
1.1205,203.13967043776475,0.507727861404419,8.253145141112432,False
1.121,203.13967043776475,0.507727861404419,8.253145141112432,False
1.1215,203.13967043776475,0.507727861404419,8.253145141112432,False
1.122,203.13967043776475,0.507727861404419,8.253145141112432,False
1.1225,203.13967043776475,0.507727861404419,8.253145141112432,False
1.123,203.13967043776475,0.507727861404419,8.253145141112432,False
1.1235,203.13967043776475,0.507727861404419,8.253145141112432,False
1.124,203.13967043776475,0.507727861404419,8.253145141112432,False
1.1245,203.13967043776475,0.507727861404419,8.253145141112432,False
1.125,203.13967043776475,0.507727861404419,8.253145141112432,False
1.1255,203.13967043776475,0.507727861404419,8.253145141112432,False
1.1260000000000001,203.13967043776475,0.507727861404419,8.253145141112432,False
1.1265,203.13967043776475,0.507727861404419,8.253145141112432,False
1.127,203.13967043776475,0.507727861404419,8.253145141112432,False
1.1275,203.13967043776475,0.507727861404419,8.253145141112432,False
1.1280000000000001,203.13967043776475,0.507727861404419,8.253145141112432,False
1.1285,203.13967043776475,0.507727861404419,8.253145141112432,False
1.129,203.13967043776475,0.507727861404419,8.253145141112432,False
1.1295,203.13967043776475,0.507727861404419,8.253145141112432,False
1.1300000000000001,203.13967043776475,0.507727861404419,8.253145141112432,False
1.1305,203.13967043776475,0.507727861404419,8.253145141112432,False
1.131,203.13967043776475,0.507727861404419,8.253145141112432,False
1.1315,203.13967043776475,0.507727861404419,8.253145141112432,False
1.1320000000000001,203.13967043776475,0.507727861404419,8.253145141112432,False
1.1325,203.13967043776475,0.507727861404419,8.253145141112432,False
1.133,203.13967043776475,0.507727861404419,8.253145141112432,False
1.1335,203.13967043776475,0.507727861404419,8.253145141112432,False
1.1340000000000001,203.13967043776475,0.507727861404419,8.253145141112432,False
1.1345,203.13967043776475,0.507727861404419,8.253145141112432,False
1.135,203.13967043776475,0.507727861404419,8.253145141112432,False
1.1355,203.13967043776475,0.507727861404419,8.253145141112432,False
1.1360000000000001,203.13967043776475,0.507727861404419,8.253145141112432,False
1.1365,203.13967043776475,0.507727861404419,8.253145141112432,False
1.137,203.13967043776475,0.507727861404419,8.253145141112432,False
1.1375,203.13967043776475,0.507727861404419,8.253145141112432,False
1.1380000000000001,203.13967043776475,0.507727861404419,8.253145141112432,False
1.1385,203.13967043776475,0.507727861404419,8.253145141112432,False
1.139,203.13967043776475,0.507727861404419,8.253145141112432,False
1.1395,203.13967043776475,0.507727861404419,8.253145141112432,False
1.1400000000000001,203.13967043776475,0.507727861404419,8.253145141112432,False
1.1405,203.13967043776475,0.507727861404419,8.253145141112432,False
1.141,203.13967043776475,0.507727861404419,8.253145141112432,False
1.1415,203.13967043776475,0.507727861404419,8.253145141112432,False
1.1420000000000001,203.13967043776475,0.507727861404419,8.253145141112432,False
1.1425,203.13967043776475,0.507727861404419,8.253145141112432,False
1.143,203.13967043776475,0.507727861404419,8.253145141112432,False
1.1435,203.13967043776475,0.507727861404419,8.253145141112432,False
1.1440000000000001,203.13967043776475,0.507727861404419,8.253145141112432,False
1.1445,203.13967043776475,0.507727861404419,8.253145141112432,False
1.145,203.13967043776475,0.507727861404419,8.253145141112432,False
1.1455,203.13967043776475,0.507727861404419,8.253145141112432,False
1.1460000000000001,203.13967043776475,0.507727861404419,8.253145141112432,False
1.1465,203.13967043776475,0.507727861404419,8.253145141112432,False
1.147,203.13967043776475,0.507727861404419,8.253145141112432,False
1.1475,203.13967043776475,0.507727861404419,8.253145141112432,False
1.1480000000000001,203.13967043776475,0.507727861404419,8.253145141112432,False
1.1485,203.13967043776475,0.507727861404419,8.253145141112432,False
1.149,203.13967043776475,0.507727861404419,8.253145141112432,False
1.1495,203.13967043776475,0.507727861404419,8.253145141112432,False
1.1500000000000001,203.13967043776475,0.507727861404419,8.253145141112432,False
1.1505,203.13967043776475,0.507727861404419,8.253145141112432,False
1.151,203.13967043776475,0.507727861404419,8.253145141112432,False
1.1515,203.13967043776475,0.507727861404419,8.253145141112432,False
1.1520000000000001,203.13967043776475,0.507727861404419,8.253145141112432,False
1.1525,203.13967043776475,0.507727861404419,8.253145141112432,False
1.153,203.13967043776475,0.507727861404419,8.253145141112432,False
1.1535,203.13967043776475,0.507727861404419,8.253145141112432,False
1.154,203.13967043776475,0.507727861404419,8.253145141112432,False
1.1545,203.13967043776475,0.507727861404419,8.253145141112432,False
1.155,203.13967043776475,0.507727861404419,8.253145141112432,False
1.1555,203.13967043776475,0.507727861404419,8.253145141112432,False
1.156,203.13967043776475,0.507727861404419,8.253145141112432,False
1.1565,203.13967043776475,0.507727861404419,8.253145141112432,False
1.157,203.13967043776475,0.507727861404419,8.253145141112432,False
1.1575,203.13967043776475,0.507727861404419,8.253145141112432,False
1.158,203.13967043776475,0.507727861404419,8.253145141112432,False
1.1585,203.13967043776475,0.507727861404419,8.253145141112432,False
1.159,203.13967043776475,0.507727861404419,8.253145141112432,False
1.1595,203.13967043776475,0.507727861404419,8.253145141112432,False
1.16,203.13967043776475,0.507727861404419,8.253145141112432,False
1.1605,203.13967043776475,0.507727861404419,8.253145141112432,False
1.161,203.13967043776475,0.507727861404419,8.253145141112432,False
1.1615,203.13967043776475,0.507727861404419,8.253145141112432,False
1.162,203.13967043776475,0.507727861404419,8.253145141112432,False
1.1625,203.13967043776475,0.507727861404419,8.253145141112432,False
1.163,203.13967043776475,0.507727861404419,8.253145141112432,False
1.1635,203.13967043776475,0.507727861404419,8.253145141112432,False
1.164,203.13967043776475,0.507727861404419,8.253145141112432,False
1.1645,203.13967043776475,0.507727861404419,8.253145141112432,False
1.165,203.13967043776475,0.507727861404419,8.253145141112432,False
1.1655,203.13967043776475,0.507727861404419,8.253145141112432,False
1.166,203.13967043776475,0.507727861404419,8.253145141112432,False
1.1665,203.13967043776475,0.507727861404419,8.253145141112432,False
1.167,203.13967043776475,0.507727861404419,8.253145141112432,False
1.1675,203.13967043776475,0.507727861404419,8.253145141112432,False
1.168,203.13967043776475,0.507727861404419,8.253145141112432,False
1.1685,203.13967043776475,0.507727861404419,8.253145141112432,False
1.169,203.13967043776475,0.507727861404419,8.253145141112432,False
1.1695,203.13967043776475,0.507727861404419,8.253145141112432,False
1.17,203.13967043776475,0.507727861404419,8.253145141112432,False
1.1705,203.13967043776475,0.507727861404419,8.253145141112432,False
1.171,203.13967043776475,0.507727861404419,8.253145141112432,False
1.1715,203.13967043776475,0.507727861404419,8.253145141112432,False
1.172,203.13967043776475,0.507727861404419,8.253145141112432,False
1.1725,203.13967043776475,0.507727861404419,8.253145141112432,False
1.173,203.13967043776475,0.507727861404419,8.253145141112432,False
1.1735,203.13967043776475,0.507727861404419,8.253145141112432,False
1.174,203.13967043776475,0.507727861404419,8.253145141112432,False
1.1745,203.13967043776475,0.507727861404419,8.253145141112432,False
1.175,203.13967043776475,0.507727861404419,8.253145141112432,False
1.1755,203.13967043776475,0.507727861404419,8.253145141112432,False
1.176,203.13967043776475,0.507727861404419,8.253145141112432,False
1.1765,203.13967043776475,0.507727861404419,8.253145141112432,False
1.177,203.13967043776475,0.507727861404419,8.253145141112432,False
1.1775,203.13967043776475,0.507727861404419,8.253145141112432,False
1.178,203.13967043776475,0.507727861404419,8.253145141112432,False
1.1785,203.13967043776475,0.507727861404419,8.253145141112432,False
1.179,203.13967043776475,0.507727861404419,8.253145141112432,False
1.1795,203.13967043776475,0.507727861404419,8.253145141112432,False
1.18,203.13967043776475,0.507727861404419,8.253145141112432,False
1.1805,203.13967043776475,0.507727861404419,8.253145141112432,False
1.181,203.13967043776475,0.507727861404419,8.253145141112432,False
1.1815,203.13967043776475,0.507727861404419,8.253145141112432,False
1.182,203.13967043776475,0.507727861404419,8.253145141112432,False
1.1825,203.13967043776475,0.507727861404419,8.253145141112432,False
1.183,203.13967043776475,0.507727861404419,8.253145141112432,False
1.1835,203.13967043776475,0.507727861404419,8.253145141112432,False
1.184,203.13967043776475,0.507727861404419,8.253145141112432,False
1.1845,203.13967043776475,0.507727861404419,8.253145141112432,False
1.185,203.13967043776475,0.507727861404419,8.253145141112432,False
1.1855,203.13967043776475,0.507727861404419,8.253145141112432,False
1.186,203.13967043776475,0.507727861404419,8.253145141112432,False
1.1865,203.13967043776475,0.507727861404419,8.253145141112432,False
1.187,203.13967043776475,0.507727861404419,8.253145141112432,False
1.1875,203.13967043776475,0.507727861404419,8.253145141112432,False
1.188,203.13967043776475,0.507727861404419,8.253145141112432,False
1.1885000000000001,203.13967043776475,0.507727861404419,8.253145141112432,False
1.189,203.13967043776475,0.507727861404419,8.253145141112432,False
1.1895,203.13967043776475,0.507727861404419,8.253145141112432,False
1.19,203.13967043776475,0.507727861404419,8.253145141112432,False
1.1905000000000001,203.13967043776475,0.507727861404419,8.253145141112432,False
1.191,203.13967043776475,0.507727861404419,8.253145141112432,False
1.1915,203.13967043776475,0.507727861404419,8.253145141112432,False
1.192,203.13967043776475,0.507727861404419,8.253145141112432,False
1.1925000000000001,203.13967043776475,0.507727861404419,8.253145141112432,False
1.193,203.13967043776475,0.507727861404419,8.253145141112432,False
1.1935,203.13967043776475,0.507727861404419,8.253145141112432,False
1.194,203.13967043776475,0.507727861404419,8.253145141112432,False
1.1945000000000001,203.13967043776475,0.507727861404419,8.253145141112432,False
1.195,203.13967043776475,0.507727861404419,8.253145141112432,False
1.1955,203.13967043776475,0.507727861404419,8.253145141112432,False
1.196,203.13967043776475,0.507727861404419,8.253145141112432,False
1.1965000000000001,203.13967043776475,0.507727861404419,8.253145141112432,False
1.197,203.13967043776475,0.507727861404419,8.253145141112432,False
1.1975,203.13967043776475,0.507727861404419,8.253145141112432,False
1.198,203.13967043776475,0.507727861404419,8.253145141112432,False
1.1985000000000001,203.13967043776475,0.507727861404419,8.253145141112432,False
1.199,203.13967043776475,0.507727861404419,8.253145141112432,False
1.1995,203.13967043776475,0.507727861404419,8.253145141112432,False
1.2,203.13967043776475,0.507727861404419,8.253145141112432,False
1.2005000000000001,203.13967043776475,0.507727861404419,8.253145141112432,False
1.201,203.13967043776475,0.507727861404419,8.253145141112432,False
1.2015,203.13967043776475,0.507727861404419,8.253145141112432,False
1.202,203.13967043776475,0.507727861404419,8.253145141112432,False
1.2025000000000001,203.13967043776475,0.507727861404419,8.253145141112432,False
1.203,203.13967043776475,0.507727861404419,8.253145141112432,False
1.2035,203.13967043776475,0.507727861404419,8.253145141112432,False
1.204,203.13967043776475,0.507727861404419,8.253145141112432,False
1.2045000000000001,203.13967043776475,0.507727861404419,8.253145141112432,False
1.205,203.13967043776475,0.507727861404419,8.253145141112432,False
1.2055,203.13967043776475,0.507727861404419,8.253145141112432,False
1.206,203.13967043776475,0.507727861404419,8.253145141112432,False
1.2065000000000001,203.13967043776475,0.507727861404419,8.253145141112432,False
1.207,203.13967043776475,0.507727861404419,8.253145141112432,False
1.2075,203.13967043776475,0.507727861404419,8.253145141112432,False
1.208,203.13967043776475,0.507727861404419,8.253145141112432,False
1.2085000000000001,203.13967043776475,0.507727861404419,8.253145141112432,False
1.209,203.13967043776475,0.507727861404419,8.253145141112432,False
1.2095,203.13967043776475,0.507727861404419,8.253145141112432,False
1.21,203.13967043776475,0.507727861404419,8.253145141112432,False
1.2105000000000001,203.13967043776475,0.507727861404419,8.253145141112432,False
1.211,203.13967043776475,0.507727861404419,8.253145141112432,False
1.2115,203.13967043776475,0.507727861404419,8.253145141112432,False
1.212,203.13967043776475,0.507727861404419,8.253145141112432,False
1.2125000000000001,203.13967043776475,0.507727861404419,8.253145141112432,False
1.213,203.13967043776475,0.507727861404419,8.253145141112432,False
1.2135,203.13967043776475,0.507727861404419,8.253145141112432,False
1.214,203.13967043776475,0.507727861404419,8.253145141112432,False
1.2145000000000001,203.13967043776475,0.507727861404419,8.253145141112432,False
1.215,203.13967043776475,0.507727861404419,8.253145141112432,False
1.2155,203.13967043776475,0.507727861404419,8.253145141112432,False
1.216,203.13967043776475,0.507727861404419,8.253145141112432,False
1.2165,203.13967043776475,0.507727861404419,8.253145141112432,False
1.217,203.13967043776475,0.507727861404419,8.253145141112432,False
1.2175,203.13967043776475,0.507727861404419,8.253145141112432,False
1.218,203.13967043776475,0.507727861404419,8.253145141112432,False
1.2185,203.13967043776475,0.507727861404419,8.253145141112432,False
1.219,203.13967043776475,0.507727861404419,8.253145141112432,False
1.2195,203.13967043776475,0.507727861404419,8.253145141112432,False
1.22,203.13967043776475,0.507727861404419,8.253145141112432,False
1.2205,203.13967043776475,0.507727861404419,8.253145141112432,False
1.221,203.13967043776475,0.507727861404419,8.253145141112432,False
1.2215,203.13967043776475,0.507727861404419,8.253145141112432,False
1.222,203.13967043776475,0.507727861404419,8.253145141112432,False
1.2225,203.13967043776475,0.507727861404419,8.253145141112432,False
1.223,203.13967043776475,0.507727861404419,8.253145141112432,False
1.2235,203.13967043776475,0.507727861404419,8.253145141112432,False
1.224,203.13967043776475,0.507727861404419,8.253145141112432,False
1.2245,203.13967043776475,0.507727861404419,8.253145141112432,False
1.225,203.13967043776475,0.507727861404419,8.253145141112432,False
1.2255,203.13967043776475,0.507727861404419,8.253145141112432,False
1.226,203.13967043776475,0.507727861404419,8.253145141112432,False
1.2265,203.13967043776475,0.507727861404419,8.253145141112432,False
1.227,203.13967043776475,0.507727861404419,8.253145141112432,False
1.2275,203.13967043776475,0.507727861404419,8.253145141112432,False
1.228,203.13967043776475,0.507727861404419,8.253145141112432,False
1.2285,203.13967043776475,0.507727861404419,8.253145141112432,False
1.229,203.13967043776475,0.507727861404419,8.253145141112432,False
1.2295,203.13967043776475,0.507727861404419,8.253145141112432,False
1.23,203.13967043776475,0.507727861404419,8.253145141112432,False
1.2305,203.13967043776475,0.507727861404419,8.253145141112432,False
1.231,203.13967043776475,0.507727861404419,8.253145141112432,False
1.2315,203.13967043776475,0.507727861404419,8.253145141112432,False
1.232,203.13967043776475,0.507727861404419,8.253145141112432,False
1.2325,203.13967043776475,0.507727861404419,8.253145141112432,False
1.233,203.13967043776475,0.507727861404419,8.253145141112432,False
1.2335,203.13967043776475,0.507727861404419,8.253145141112432,False
1.234,203.13967043776475,0.507727861404419,8.253145141112432,False
1.2345,203.13967043776475,0.507727861404419,8.253145141112432,False
1.235,203.13967043776475,0.507727861404419,8.253145141112432,False
1.2355,203.13967043776475,0.507727861404419,8.253145141112432,False
1.236,203.13967043776475,0.507727861404419,8.253145141112432,False
1.2365,203.13967043776475,0.507727861404419,8.253145141112432,False
1.237,203.13967043776475,0.507727861404419,8.253145141112432,False
1.2375,203.13967043776475,0.507727861404419,8.253145141112432,False
1.238,203.13967043776475,0.507727861404419,8.253145141112432,False
1.2385,203.13967043776475,0.507727861404419,8.253145141112432,False
1.239,203.13967043776475,0.507727861404419,8.253145141112432,False
1.2395,203.13967043776475,0.507727861404419,8.253145141112432,False
1.24,203.13967043776475,0.507727861404419,8.253145141112432,False
1.2405,203.13967043776475,0.507727861404419,8.253145141112432,False
1.241,203.13967043776475,0.507727861404419,8.253145141112432,False
1.2415,203.13967043776475,0.507727861404419,8.253145141112432,False
1.242,203.13967043776475,0.507727861404419,8.253145141112432,False
1.2425,203.13967043776475,0.507727861404419,8.253145141112432,False
1.243,203.13967043776475,0.507727861404419,8.253145141112432,False
1.2435,203.13967043776475,0.507727861404419,8.253145141112432,False
1.244,203.13967043776475,0.507727861404419,8.253145141112432,False
1.2445,203.13967043776475,0.507727861404419,8.253145141112432,False
1.245,203.13967043776475,0.507727861404419,8.253145141112432,False
1.2455,203.13967043776475,0.507727861404419,8.253145141112432,False
1.246,203.13967043776475,0.507727861404419,8.253145141112432,False
1.2465,203.13967043776475,0.507727861404419,8.253145141112432,False
1.247,203.13967043776475,0.507727861404419,8.253145141112432,False
1.2475,203.13967043776475,0.507727861404419,8.253145141112432,False
1.248,203.13967043776475,0.507727861404419,8.253145141112432,False
1.2485,203.13967043776475,0.507727861404419,8.253145141112432,False
1.249,203.13967043776475,0.507727861404419,8.253145141112432,False
1.2495,203.13967043776475,0.507727861404419,8.253145141112432,False
1.25,203.13967043776475,0.507727861404419,8.253145141112432,False
1.2505,203.13967043776475,0.507727861404419,8.253145141112432,False
1.2510000000000001,203.13967043776475,0.507727861404419,8.253145141112432,False
1.2515,203.13967043776475,0.507727861404419,8.253145141112432,False
1.252,203.13967043776475,0.507727861404419,8.253145141112432,False
1.2525,203.13967043776475,0.507727861404419,8.253145141112432,False
1.2530000000000001,203.13967043776475,0.507727861404419,8.253145141112432,False
1.2535,203.13967043776475,0.507727861404419,8.253145141112432,False
1.254,203.13967043776475,0.507727861404419,8.253145141112432,False
1.2545,203.13967043776475,0.507727861404419,8.253145141112432,False
1.2550000000000001,203.13967043776475,0.507727861404419,8.253145141112432,False
1.2555,203.13967043776475,0.507727861404419,8.253145141112432,False
1.256,203.13967043776475,0.507727861404419,8.253145141112432,False
1.2565,203.13967043776475,0.507727861404419,8.253145141112432,False
1.2570000000000001,203.13967043776475,0.507727861404419,8.253145141112432,False
1.2575,203.13967043776475,0.507727861404419,8.253145141112432,False
1.258,203.13967043776475,0.507727861404419,8.253145141112432,False
1.2585,203.13967043776475,0.507727861404419,8.253145141112432,False
1.2590000000000001,203.13967043776475,0.507727861404419,8.253145141112432,False
1.2595,203.13967043776475,0.507727861404419,8.253145141112432,False
1.26,203.13967043776475,0.507727861404419,8.253145141112432,False
1.2605,203.13967043776475,0.507727861404419,8.253145141112432,False
1.2610000000000001,203.13967043776475,0.507727861404419,8.253145141112432,False
1.2615,203.13967043776475,0.507727861404419,8.253145141112432,False
1.262,203.13967043776475,0.507727861404419,8.253145141112432,False
1.2625,203.13967043776475,0.507727861404419,8.253145141112432,False
1.2630000000000001,203.13967043776475,0.507727861404419,8.253145141112432,False
1.2635,203.13967043776475,0.507727861404419,8.253145141112432,False
1.264,203.13967043776475,0.507727861404419,8.253145141112432,False
1.2645,203.13967043776475,0.507727861404419,8.253145141112432,False
1.2650000000000001,203.13967043776475,0.507727861404419,8.253145141112432,False
1.2655,203.13967043776475,0.507727861404419,8.253145141112432,False
1.266,203.13967043776475,0.507727861404419,8.253145141112432,False
1.2665,203.13967043776475,0.507727861404419,8.253145141112432,False
1.2670000000000001,203.13967043776475,0.507727861404419,8.253145141112432,False
1.2675,203.13967043776475,0.507727861404419,8.253145141112432,False
1.268,203.13967043776475,0.507727861404419,8.253145141112432,False
1.2685,203.13967043776475,0.507727861404419,8.253145141112432,False
1.2690000000000001,203.13967043776475,0.507727861404419,8.253145141112432,False
1.2695,203.13967043776475,0.507727861404419,8.253145141112432,False
1.27,203.13967043776475,0.507727861404419,8.253145141112432,False
1.2705,203.13967043776475,0.507727861404419,8.253145141112432,False
1.2710000000000001,203.13967043776475,0.507727861404419,8.253145141112432,False
1.2715,203.13967043776475,0.507727861404419,8.253145141112432,False
1.272,203.13967043776475,0.507727861404419,8.253145141112432,False
1.2725,203.13967043776475,0.507727861404419,8.253145141112432,False
1.2730000000000001,203.13967043776475,0.507727861404419,8.253145141112432,False
1.2735,203.13967043776475,0.507727861404419,8.253145141112432,False
1.274,203.13967043776475,0.507727861404419,8.253145141112432,False
1.2745,203.13967043776475,0.507727861404419,8.253145141112432,False
1.2750000000000001,203.13967043776475,0.507727861404419,8.253145141112432,False
1.2755,203.13967043776475,0.507727861404419,8.253145141112432,False
1.276,203.13967043776475,0.507727861404419,8.253145141112432,False
1.2765,203.13967043776475,0.507727861404419,8.253145141112432,False
1.2770000000000001,203.13967043776475,0.507727861404419,8.253145141112432,False
1.2775,203.13967043776475,0.507727861404419,8.253145141112432,False
1.278,203.13967043776475,0.507727861404419,8.253145141112432,False
1.2785,203.13967043776475,0.507727861404419,8.253145141112432,False
1.2790000000000001,203.13967043776475,0.507727861404419,8.253145141112432,False
1.2795,203.13967043776475,0.507727861404419,8.253145141112432,False
1.28,203.13967043776475,0.507727861404419,8.253145141112432,False
1.2805,203.13967043776475,0.507727861404419,8.253145141112432,False
1.281,203.13967043776475,0.507727861404419,8.253145141112432,False
1.2815,203.13967043776475,0.507727861404419,8.253145141112432,False
1.282,203.13967043776475,0.507727861404419,8.253145141112432,False
1.2825,203.13967043776475,0.507727861404419,8.253145141112432,False
1.283,203.13967043776475,0.507727861404419,8.253145141112432,False
1.2835,203.13967043776475,0.507727861404419,8.253145141112432,False
1.284,203.13967043776475,0.507727861404419,8.253145141112432,False
1.2845,203.13967043776475,0.507727861404419,8.253145141112432,False
1.285,203.13967043776475,0.507727861404419,8.253145141112432,False
1.2855,203.13967043776475,0.507727861404419,8.253145141112432,False
1.286,203.13967043776475,0.507727861404419,8.253145141112432,False
1.2865,203.13967043776475,0.507727861404419,8.253145141112432,False
1.287,203.13967043776475,0.507727861404419,8.253145141112432,False
1.2875,203.13967043776475,0.507727861404419,8.253145141112432,False
1.288,203.13967043776475,0.507727861404419,8.253145141112432,False
1.2885,203.13967043776475,0.507727861404419,8.253145141112432,False
1.289,203.13967043776475,0.507727861404419,8.253145141112432,False
1.2895,203.13967043776475,0.507727861404419,8.253145141112432,False
1.29,203.13967043776475,0.507727861404419,8.253145141112432,False
1.2905,203.13967043776475,0.507727861404419,8.253145141112432,False
1.291,203.13967043776475,0.507727861404419,8.253145141112432,False
1.2915,203.13967043776475,0.507727861404419,8.253145141112432,False
1.292,203.13967043776475,0.507727861404419,8.253145141112432,False
1.2925,203.13967043776475,0.507727861404419,8.253145141112432,False
1.293,203.13967043776475,0.507727861404419,8.253145141112432,False
1.2935,203.13967043776475,0.507727861404419,8.253145141112432,False
1.294,203.13967043776475,0.507727861404419,8.253145141112432,False
1.2945,203.13967043776475,0.507727861404419,8.253145141112432,False
1.295,203.13967043776475,0.507727861404419,8.253145141112432,False
1.2955,203.13967043776475,0.507727861404419,8.253145141112432,False
1.296,203.13967043776475,0.507727861404419,8.253145141112432,False
1.2965,203.13967043776475,0.507727861404419,8.253145141112432,False
1.297,203.13967043776475,0.507727861404419,8.253145141112432,False
1.2975,203.13967043776475,0.507727861404419,8.253145141112432,False
1.298,203.13967043776475,0.507727861404419,8.253145141112432,False
1.2985,203.13967043776475,0.507727861404419,8.253145141112432,False
1.299,203.13967043776475,0.507727861404419,8.253145141112432,False
1.2995,203.13967043776475,0.507727861404419,8.253145141112432,False
1.3,203.13967043776475,0.507727861404419,8.253145141112432,False
1.3005,203.13967043776475,0.507727861404419,8.253145141112432,False
1.301,203.13967043776475,0.507727861404419,8.253145141112432,False
1.3015,203.13967043776475,0.507727861404419,8.253145141112432,False
1.302,203.13967043776475,0.507727861404419,8.253145141112432,False
1.3025,203.13967043776475,0.507727861404419,8.253145141112432,False
1.303,203.13967043776475,0.507727861404419,8.253145141112432,False
1.3035,203.13967043776475,0.507727861404419,8.253145141112432,False
1.304,203.13967043776475,0.507727861404419,8.253145141112432,False
1.3045,203.13967043776475,0.507727861404419,8.253145141112432,False
1.305,203.13967043776475,0.507727861404419,8.253145141112432,False
1.3055,203.13967043776475,0.507727861404419,8.253145141112432,False
1.306,203.13967043776475,0.507727861404419,8.253145141112432,False
1.3065,203.13967043776475,0.507727861404419,8.253145141112432,False
1.307,203.13967043776475,0.507727861404419,8.253145141112432,False
1.3075,203.13967043776475,0.507727861404419,8.253145141112432,False
1.308,203.13967043776475,0.507727861404419,8.253145141112432,False
1.3085,203.13967043776475,0.507727861404419,8.253145141112432,False
1.309,203.13967043776475,0.507727861404419,8.253145141112432,False
1.3095,203.13967043776475,0.507727861404419,8.253145141112432,False
1.31,203.13967043776475,0.507727861404419,8.253145141112432,False
1.3105,203.13967043776475,0.507727861404419,8.253145141112432,False
1.311,203.13967043776475,0.507727861404419,8.253145141112432,False
1.3115,203.13967043776475,0.507727861404419,8.253145141112432,False
1.312,203.13967043776475,0.507727861404419,8.253145141112432,False
1.3125,203.13967043776475,0.507727861404419,8.253145141112432,False
1.313,203.13967043776475,0.507727861404419,8.253145141112432,False
1.3135000000000001,203.13967043776475,0.507727861404419,8.253145141112432,False
1.314,203.13967043776475,0.507727861404419,8.253145141112432,False
1.3145,203.13967043776475,0.507727861404419,8.253145141112432,False
1.315,203.13967043776475,0.507727861404419,8.253145141112432,False
1.3155000000000001,203.13967043776475,0.507727861404419,8.253145141112432,False
1.316,203.13967043776475,0.507727861404419,8.253145141112432,False
1.3165,203.13967043776475,0.507727861404419,8.253145141112432,False
1.317,203.13967043776475,0.507727861404419,8.253145141112432,False
1.3175000000000001,203.13967043776475,0.507727861404419,8.253145141112432,False
1.318,203.13967043776475,0.507727861404419,8.253145141112432,False
1.3185,203.13967043776475,0.507727861404419,8.253145141112432,False
1.319,203.13967043776475,0.507727861404419,8.253145141112432,False
1.3195000000000001,203.13967043776475,0.507727861404419,8.253145141112432,False
1.32,203.13967043776475,0.507727861404419,8.253145141112432,False
1.3205,203.13967043776475,0.507727861404419,8.253145141112432,False
1.321,203.13967043776475,0.507727861404419,8.253145141112432,False
1.3215000000000001,203.13967043776475,0.507727861404419,8.253145141112432,False
1.322,203.13967043776475,0.507727861404419,8.253145141112432,False
1.3225,203.13967043776475,0.507727861404419,8.253145141112432,False
1.323,203.13967043776475,0.507727861404419,8.253145141112432,False
1.3235000000000001,203.13967043776475,0.507727861404419,8.253145141112432,False
1.324,203.13967043776475,0.507727861404419,8.253145141112432,False
1.3245,203.13967043776475,0.507727861404419,8.253145141112432,False
1.325,203.13967043776475,0.507727861404419,8.253145141112432,False
1.3255000000000001,203.13967043776475,0.507727861404419,8.253145141112432,False
1.326,203.13967043776475,0.507727861404419,8.253145141112432,False
1.3265,203.13967043776475,0.507727861404419,8.253145141112432,False
1.327,203.13967043776475,0.507727861404419,8.253145141112432,False
1.3275000000000001,203.13967043776475,0.507727861404419,8.253145141112432,False
1.328,203.13967043776475,0.507727861404419,8.253145141112432,False
1.3285,203.13967043776475,0.507727861404419,8.253145141112432,False
1.329,203.13967043776475,0.507727861404419,8.253145141112432,False
1.3295000000000001,203.13967043776475,0.507727861404419,8.253145141112432,False
1.33,203.13967043776475,0.507727861404419,8.253145141112432,False
1.3305,203.13967043776475,0.507727861404419,8.253145141112432,False
1.331,203.13967043776475,0.507727861404419,8.253145141112432,False
1.3315000000000001,203.13967043776475,0.507727861404419,8.253145141112432,False
1.332,203.13967043776475,0.507727861404419,8.253145141112432,False
1.3325,203.13967043776475,0.507727861404419,8.253145141112432,False
1.333,203.13967043776475,0.507727861404419,8.253145141112432,False
1.3335000000000001,203.13967043776475,0.507727861404419,8.253145141112432,False
1.334,203.13967043776475,0.507727861404419,8.253145141112432,False
1.3345,203.13967043776475,0.507727861404419,8.253145141112432,False
1.335,203.13967043776475,0.507727861404419,8.253145141112432,False
1.3355000000000001,203.13967043776475,0.507727861404419,8.253145141112432,False
1.336,203.13967043776475,0.507727861404419,8.253145141112432,False
1.3365,203.13967043776475,0.507727861404419,8.253145141112432,False
1.337,203.13967043776475,0.507727861404419,8.253145141112432,False
1.3375000000000001,203.13967043776475,0.507727861404419,8.253145141112432,False
1.338,203.13967043776475,0.507727861404419,8.253145141112432,False
1.3385,203.13967043776475,0.507727861404419,8.253145141112432,False
1.339,203.13967043776475,0.507727861404419,8.253145141112432,False
1.3395000000000001,203.13967043776475,0.507727861404419,8.253145141112432,False
1.34,203.13967043776475,0.507727861404419,8.253145141112432,False
1.3405,203.13967043776475,0.507727861404419,8.253145141112432,False
1.341,203.13967043776475,0.507727861404419,8.253145141112432,False
1.3415000000000001,203.13967043776475,0.507727861404419,8.253145141112432,False
1.342,203.13967043776475,0.507727861404419,8.253145141112432,False
1.3425,203.13967043776475,0.507727861404419,8.253145141112432,False
1.343,203.13967043776475,0.507727861404419,8.253145141112432,False
1.3435000000000001,203.13967043776475,0.507727861404419,8.253145141112432,False
1.344,203.13967043776475,0.507727861404419,8.253145141112432,False
1.3445,203.13967043776475,0.507727861404419,8.253145141112432,False
1.345,203.13967043776475,0.507727861404419,8.253145141112432,False
1.3455,203.13967043776475,0.507727861404419,8.253145141112432,False
1.346,203.13967043776475,0.507727861404419,8.253145141112432,False
1.3465,203.13967043776475,0.507727861404419,8.253145141112432,False
1.347,203.13967043776475,0.507727861404419,8.253145141112432,False
1.3475,203.13967043776475,0.507727861404419,8.253145141112432,False
1.348,203.13967043776475,0.507727861404419,8.253145141112432,False
1.3485,203.13967043776475,0.507727861404419,8.253145141112432,False
1.349,203.13967043776475,0.507727861404419,8.253145141112432,False
1.3495,203.13967043776475,0.507727861404419,8.253145141112432,False
1.35,203.13967043776475,0.507727861404419,8.253145141112432,False
1.3505,203.13967043776475,0.507727861404419,8.253145141112432,False
1.351,203.13967043776475,0.507727861404419,8.253145141112432,False
1.3515,203.13967043776475,0.507727861404419,8.253145141112432,False
1.352,203.13967043776475,0.507727861404419,8.253145141112432,False
1.3525,203.13967043776475,0.507727861404419,8.253145141112432,False
1.353,203.13967043776475,0.507727861404419,8.253145141112432,False
1.3535,203.13967043776475,0.507727861404419,8.253145141112432,False
1.354,203.13967043776475,0.507727861404419,8.253145141112432,False
1.3545,203.13967043776475,0.507727861404419,8.253145141112432,False
1.355,203.13967043776475,0.507727861404419,8.253145141112432,False
1.3555,203.13967043776475,0.507727861404419,8.253145141112432,False
1.356,203.13967043776475,0.507727861404419,8.253145141112432,False
1.3565,203.13967043776475,0.507727861404419,8.253145141112432,False
1.357,203.13967043776475,0.507727861404419,8.253145141112432,False
1.3575,203.13967043776475,0.507727861404419,8.253145141112432,False
1.358,203.13967043776475,0.507727861404419,8.253145141112432,False
1.3585,203.13967043776475,0.507727861404419,8.253145141112432,False
1.359,203.13967043776475,0.507727861404419,8.253145141112432,False
1.3595,203.13967043776475,0.507727861404419,8.253145141112432,False
1.36,203.13967043776475,0.507727861404419,8.253145141112432,False
1.3605,203.13967043776475,0.507727861404419,8.253145141112432,False
1.361,203.13967043776475,0.507727861404419,8.253145141112432,False
1.3615,203.13967043776475,0.507727861404419,8.253145141112432,False
1.362,203.13967043776475,0.507727861404419,8.253145141112432,False
1.3625,203.13967043776475,0.507727861404419,8.253145141112432,False
1.363,203.13967043776475,0.507727861404419,8.253145141112432,False
1.3635,203.13967043776475,0.507727861404419,8.253145141112432,False
1.364,203.13967043776475,0.507727861404419,8.253145141112432,False
1.3645,203.13967043776475,0.507727861404419,8.253145141112432,False
1.365,203.13967043776475,0.507727861404419,8.253145141112432,False
1.3655,203.13967043776475,0.507727861404419,8.253145141112432,False
1.366,203.13967043776475,0.507727861404419,8.253145141112432,False
1.3665,203.13967043776475,0.507727861404419,8.253145141112432,False
1.367,203.13967043776475,0.507727861404419,8.253145141112432,False
1.3675,203.13967043776475,0.507727861404419,8.253145141112432,False
1.368,203.13967043776475,0.507727861404419,8.253145141112432,False
1.3685,203.13967043776475,0.507727861404419,8.253145141112432,False
1.369,203.13967043776475,0.507727861404419,8.253145141112432,False
1.3695,203.13967043776475,0.507727861404419,8.253145141112432,False
1.37,203.13967043776475,0.507727861404419,8.253145141112432,False
1.3705,203.13967043776475,0.507727861404419,8.253145141112432,False
1.371,203.13967043776475,0.507727861404419,8.253145141112432,False
1.3715,203.13967043776475,0.507727861404419,8.253145141112432,False
1.372,203.13967043776475,0.507727861404419,8.253145141112432,False
1.3725,203.13967043776475,0.507727861404419,8.253145141112432,False
1.373,203.13967043776475,0.507727861404419,8.253145141112432,False
1.3735,203.13967043776475,0.507727861404419,8.253145141112432,False
1.374,203.13967043776475,0.507727861404419,8.253145141112432,False
1.3745,203.13967043776475,0.507727861404419,8.253145141112432,False
1.375,203.13967043776475,0.507727861404419,8.253145141112432,False
1.3755,203.13967043776475,0.507727861404419,8.253145141112432,False
1.3760000000000001,203.13967043776475,0.507727861404419,8.253145141112432,False
1.3765,203.13967043776475,0.507727861404419,8.253145141112432,False
1.377,203.13967043776475,0.507727861404419,8.253145141112432,False
1.3775,203.13967043776475,0.507727861404419,8.253145141112432,False
1.3780000000000001,203.13967043776475,0.507727861404419,8.253145141112432,False
1.3785,203.13967043776475,0.507727861404419,8.253145141112432,False
1.379,203.13967043776475,0.507727861404419,8.253145141112432,False
1.3795,203.13967043776475,0.507727861404419,8.253145141112432,False
1.3800000000000001,203.13967043776475,0.507727861404419,8.253145141112432,False
1.3805,203.13967043776475,0.507727861404419,8.253145141112432,False
1.381,203.13967043776475,0.507727861404419,8.253145141112432,False
1.3815,203.13967043776475,0.507727861404419,8.253145141112432,False
1.3820000000000001,203.13967043776475,0.507727861404419,8.253145141112432,False
1.3825,203.13967043776475,0.507727861404419,8.253145141112432,False
1.383,203.13967043776475,0.507727861404419,8.253145141112432,False
1.3835,203.13967043776475,0.507727861404419,8.253145141112432,False
1.3840000000000001,203.13967043776475,0.507727861404419,8.253145141112432,False
1.3845,203.13967043776475,0.507727861404419,8.253145141112432,False
1.385,203.13967043776475,0.507727861404419,8.253145141112432,False
1.3855,203.13967043776475,0.507727861404419,8.253145141112432,False
1.3860000000000001,203.13967043776475,0.507727861404419,8.253145141112432,False
1.3865,203.13967043776475,0.507727861404419,8.253145141112432,False
1.387,203.13967043776475,0.507727861404419,8.253145141112432,False
1.3875,203.13967043776475,0.507727861404419,8.253145141112432,False
1.3880000000000001,203.13967043776475,0.507727861404419,8.253145141112432,False
1.3885,203.13967043776475,0.507727861404419,8.253145141112432,False
1.389,203.13967043776475,0.507727861404419,8.253145141112432,False
1.3895,203.13967043776475,0.507727861404419,8.253145141112432,False
1.3900000000000001,203.13967043776475,0.507727861404419,8.253145141112432,False
1.3905,203.13967043776475,0.507727861404419,8.253145141112432,False
1.391,203.13967043776475,0.507727861404419,8.253145141112432,False
1.3915,203.13967043776475,0.507727861404419,8.253145141112432,False
1.3920000000000001,203.13967043776475,0.507727861404419,8.253145141112432,False
1.3925,203.13967043776475,0.507727861404419,8.253145141112432,False
1.393,203.13967043776475,0.507727861404419,8.253145141112432,False
1.3935,203.13967043776475,0.507727861404419,8.253145141112432,False
1.3940000000000001,203.13967043776475,0.507727861404419,8.253145141112432,False
1.3945,203.13967043776475,0.507727861404419,8.253145141112432,False
1.395,203.13967043776475,0.507727861404419,8.253145141112432,False
1.3955,203.13967043776475,0.507727861404419,8.253145141112432,False
1.3960000000000001,203.13967043776475,0.507727861404419,8.253145141112432,False
1.3965,203.13967043776475,0.507727861404419,8.253145141112432,False
1.397,203.13967043776475,0.507727861404419,8.253145141112432,False
1.3975,203.13967043776475,0.507727861404419,8.253145141112432,False
1.3980000000000001,203.13967043776475,0.507727861404419,8.253145141112432,False
1.3985,203.13967043776475,0.507727861404419,8.253145141112432,False
1.399,203.13967043776475,0.507727861404419,8.253145141112432,False
1.3995,203.13967043776475,0.507727861404419,8.253145141112432,False
1.4000000000000001,203.13967043776475,0.507727861404419,8.253145141112432,False
1.4005,203.13967043776475,0.507727861404419,8.253145141112432,False
1.401,203.13967043776475,0.507727861404419,8.253145141112432,False
1.4015,203.13967043776475,0.507727861404419,8.253145141112432,False
1.4020000000000001,203.13967043776475,0.507727861404419,8.253145141112432,False
1.4025,203.13967043776475,0.507727861404419,8.253145141112432,False
1.403,203.13967043776475,0.507727861404419,8.253145141112432,False
1.4035,203.13967043776475,0.507727861404419,8.253145141112432,False
1.4040000000000001,203.13967043776475,0.507727861404419,8.253145141112432,False
1.4045,203.13967043776475,0.507727861404419,8.253145141112432,False
1.405,203.13967043776475,0.507727861404419,8.253145141112432,False
1.4055,203.13967043776475,0.507727861404419,8.253145141112432,False
1.4060000000000001,203.13967043776475,0.507727861404419,8.253145141112432,False
1.4065,203.13967043776475,0.507727861404419,8.253145141112432,False
1.407,203.13967043776475,0.507727861404419,8.253145141112432,False
1.4075,203.13967043776475,0.507727861404419,8.253145141112432,False
1.408,203.13967043776475,0.507727861404419,8.253145141112432,False
1.4085,203.13967043776475,0.507727861404419,8.253145141112432,False
1.409,203.13967043776475,0.507727861404419,8.253145141112432,False
1.4095,203.13967043776475,0.507727861404419,8.253145141112432,False
1.41,203.13967043776475,0.507727861404419,8.253145141112432,False
1.4105,203.13967043776475,0.507727861404419,8.253145141112432,False
1.411,203.13967043776475,0.507727861404419,8.253145141112432,False
1.4115,203.13967043776475,0.507727861404419,8.253145141112432,False
1.412,203.13967043776475,0.507727861404419,8.253145141112432,False
1.4125,203.13967043776475,0.507727861404419,8.253145141112432,False
1.413,203.13967043776475,0.507727861404419,8.253145141112432,False
1.4135,203.13967043776475,0.507727861404419,8.253145141112432,False
1.414,203.13967043776475,0.507727861404419,8.253145141112432,False
1.4145,203.13967043776475,0.507727861404419,8.253145141112432,False
1.415,203.13967043776475,0.507727861404419,8.253145141112432,False
1.4155,203.13967043776475,0.507727861404419,8.253145141112432,False
1.416,203.13967043776475,0.507727861404419,8.253145141112432,False
1.4165,203.13967043776475,0.507727861404419,8.253145141112432,False
1.417,203.13967043776475,0.507727861404419,8.253145141112432,False
1.4175,203.13967043776475,0.507727861404419,8.253145141112432,False
1.418,203.13967043776475,0.507727861404419,8.253145141112432,False
1.4185,203.13967043776475,0.507727861404419,8.253145141112432,False
1.419,203.13967043776475,0.507727861404419,8.253145141112432,False
1.4195,203.13967043776475,0.507727861404419,8.253145141112432,False
1.42,203.13967043776475,0.507727861404419,8.253145141112432,False
1.4205,203.13967043776475,0.507727861404419,8.253145141112432,False
1.421,203.13967043776475,0.507727861404419,8.253145141112432,False
1.4215,203.13967043776475,0.507727861404419,8.253145141112432,False
1.422,203.13967043776475,0.507727861404419,8.253145141112432,False
1.4225,203.13967043776475,0.507727861404419,8.253145141112432,False
1.423,203.13967043776475,0.507727861404419,8.253145141112432,False
1.4235,203.13967043776475,0.507727861404419,8.253145141112432,False
1.424,203.13967043776475,0.507727861404419,8.253145141112432,False
1.4245,203.13967043776475,0.507727861404419,8.253145141112432,False
1.425,203.13967043776475,0.507727861404419,8.253145141112432,False
1.4255,203.13967043776475,0.507727861404419,8.253145141112432,False
1.426,203.13967043776475,0.507727861404419,8.253145141112432,False
1.4265,203.13967043776475,0.507727861404419,8.253145141112432,False
1.427,203.13967043776475,0.507727861404419,8.253145141112432,False
1.4275,203.13967043776475,0.507727861404419,8.253145141112432,False
1.428,203.13967043776475,0.507727861404419,8.253145141112432,False
1.4285,203.13967043776475,0.507727861404419,8.253145141112432,False
1.429,203.13967043776475,0.507727861404419,8.253145141112432,False
1.4295,203.13967043776475,0.507727861404419,8.253145141112432,False
1.43,203.13967043776475,0.507727861404419,8.253145141112432,False
1.4305,203.13967043776475,0.507727861404419,8.253145141112432,False
1.431,203.13967043776475,0.507727861404419,8.253145141112432,False
1.4315,203.13967043776475,0.507727861404419,8.253145141112432,False
1.432,203.13967043776475,0.507727861404419,8.253145141112432,False
1.4325,203.13967043776475,0.507727861404419,8.253145141112432,False
1.433,203.13967043776475,0.507727861404419,8.253145141112432,False
1.4335,203.13967043776475,0.507727861404419,8.253145141112432,False
1.434,203.13967043776475,0.507727861404419,8.253145141112432,False
1.4345,203.13967043776475,0.507727861404419,8.253145141112432,False
1.435,203.13967043776475,0.507727861404419,8.253145141112432,False
1.4355,203.13967043776475,0.507727861404419,8.253145141112432,False
1.436,203.13967043776475,0.507727861404419,8.253145141112432,False
1.4365,203.13967043776475,0.507727861404419,8.253145141112432,False
1.437,203.13967043776475,0.507727861404419,8.253145141112432,False
1.4375,203.13967043776475,0.507727861404419,8.253145141112432,False
1.438,203.13967043776475,0.507727861404419,8.253145141112432,False
1.4385000000000001,203.13967043776475,0.507727861404419,8.253145141112432,False
1.439,203.13967043776475,0.507727861404419,8.253145141112432,False
1.4395,203.13967043776475,0.507727861404419,8.253145141112432,False
1.44,203.13967043776475,0.507727861404419,8.253145141112432,False
1.4405000000000001,203.13967043776475,0.507727861404419,8.253145141112432,False
1.441,203.13967043776475,0.507727861404419,8.253145141112432,False
1.4415,203.13967043776475,0.507727861404419,8.253145141112432,False
1.442,203.13967043776475,0.507727861404419,8.253145141112432,False
1.4425000000000001,203.13967043776475,0.507727861404419,8.253145141112432,False
1.443,203.13967043776475,0.507727861404419,8.253145141112432,False
1.4435,203.13967043776475,0.507727861404419,8.253145141112432,False
1.444,203.13967043776475,0.507727861404419,8.253145141112432,False
1.4445000000000001,203.13967043776475,0.507727861404419,8.253145141112432,False
1.445,203.13967043776475,0.507727861404419,8.253145141112432,False
1.4455,203.13967043776475,0.507727861404419,8.253145141112432,False
1.446,203.13967043776475,0.507727861404419,8.253145141112432,False
1.4465000000000001,203.13967043776475,0.507727861404419,8.253145141112432,False
1.447,203.13967043776475,0.507727861404419,8.253145141112432,False
1.4475,203.13967043776475,0.507727861404419,8.253145141112432,False
1.448,203.13967043776475,0.507727861404419,8.253145141112432,False
1.4485000000000001,203.13967043776475,0.507727861404419,8.253145141112432,False
1.449,203.13967043776475,0.507727861404419,8.253145141112432,False
1.4495,203.13967043776475,0.507727861404419,8.253145141112432,False
1.45,203.13967043776475,0.507727861404419,8.253145141112432,False
1.4505000000000001,203.13967043776475,0.507727861404419,8.253145141112432,False
1.451,203.13967043776475,0.507727861404419,8.253145141112432,False
1.4515,203.13967043776475,0.507727861404419,8.253145141112432,False
1.452,203.13967043776475,0.507727861404419,8.253145141112432,False
1.4525000000000001,203.13967043776475,0.507727861404419,8.253145141112432,False
1.453,203.13967043776475,0.507727861404419,8.253145141112432,False
1.4535,203.13967043776475,0.507727861404419,8.253145141112432,False
1.454,203.13967043776475,0.507727861404419,8.253145141112432,False
1.4545000000000001,203.13967043776475,0.507727861404419,8.253145141112432,False
1.455,203.13967043776475,0.507727861404419,8.253145141112432,False
1.4555,203.13967043776475,0.507727861404419,8.253145141112432,False
1.456,203.13967043776475,0.507727861404419,8.253145141112432,False
1.4565000000000001,203.13967043776475,0.507727861404419,8.253145141112432,False
1.457,203.13967043776475,0.507727861404419,8.253145141112432,False
1.4575,203.13967043776475,0.507727861404419,8.253145141112432,False
1.458,203.13967043776475,0.507727861404419,8.253145141112432,False
1.4585000000000001,203.13967043776475,0.507727861404419,8.253145141112432,False
1.459,203.13967043776475,0.507727861404419,8.253145141112432,False
1.4595,203.13967043776475,0.507727861404419,8.253145141112432,False
1.46,203.13967043776475,0.507727861404419,8.253145141112432,False
1.4605000000000001,203.13967043776475,0.507727861404419,8.253145141112432,False
1.461,203.13967043776475,0.507727861404419,8.253145141112432,False
1.4615,203.13967043776475,0.507727861404419,8.253145141112432,False
1.462,203.13967043776475,0.507727861404419,8.253145141112432,False
1.4625000000000001,203.13967043776475,0.507727861404419,8.253145141112432,False
1.463,203.13967043776475,0.507727861404419,8.253145141112432,False
1.4635,203.13967043776475,0.507727861404419,8.253145141112432,False
1.464,203.13967043776475,0.507727861404419,8.253145141112432,False
1.4645000000000001,203.13967043776475,0.507727861404419,8.253145141112432,False
1.465,203.13967043776475,0.507727861404419,8.253145141112432,False
1.4655,203.13967043776475,0.507727861404419,8.253145141112432,False
1.466,203.13967043776475,0.507727861404419,8.253145141112432,False
1.4665000000000001,203.13967043776475,0.507727861404419,8.253145141112432,False
1.467,203.13967043776475,0.507727861404419,8.253145141112432,False
1.4675,203.13967043776475,0.507727861404419,8.253145141112432,False
1.468,203.13967043776475,0.507727861404419,8.253145141112432,False
1.4685000000000001,203.13967043776475,0.507727861404419,8.253145141112432,False
1.469,203.13967043776475,0.507727861404419,8.253145141112432,False
1.4695,203.13967043776475,0.507727861404419,8.253145141112432,False
1.47,203.13967043776475,0.507727861404419,8.253145141112432,False
1.4705000000000001,203.13967043776475,0.507727861404419,8.253145141112432,False
1.471,203.13967043776475,0.507727861404419,8.253145141112432,False
1.4715,203.13967043776475,0.507727861404419,8.253145141112432,False
1.472,203.13967043776475,0.507727861404419,8.253145141112432,False
1.4725,203.13967043776475,0.507727861404419,8.253145141112432,False
1.473,203.13967043776475,0.507727861404419,8.253145141112432,False
1.4735,203.13967043776475,0.507727861404419,8.253145141112432,False
1.474,203.13967043776475,0.507727861404419,8.253145141112432,False
1.4745,203.13967043776475,0.507727861404419,8.253145141112432,False
1.475,203.13967043776475,0.507727861404419,8.253145141112432,False
1.4755,203.13967043776475,0.507727861404419,8.253145141112432,False
1.476,203.13967043776475,0.507727861404419,8.253145141112432,False
1.4765,203.13967043776475,0.507727861404419,8.253145141112432,False
1.477,203.13967043776475,0.507727861404419,8.253145141112432,False
1.4775,203.13967043776475,0.507727861404419,8.253145141112432,False
1.478,203.13967043776475,0.507727861404419,8.253145141112432,False
1.4785,203.13967043776475,0.507727861404419,8.253145141112432,False
1.479,203.13967043776475,0.507727861404419,8.253145141112432,False
1.4795,203.13967043776475,0.507727861404419,8.253145141112432,False
1.48,203.13967043776475,0.507727861404419,8.253145141112432,False
1.4805,203.13967043776475,0.507727861404419,8.253145141112432,False
1.481,203.13967043776475,0.507727861404419,8.253145141112432,False
1.4815,203.13967043776475,0.507727861404419,8.253145141112432,False
1.482,203.13967043776475,0.507727861404419,8.253145141112432,False
1.4825,203.13967043776475,0.507727861404419,8.253145141112432,False
1.483,203.13967043776475,0.507727861404419,8.253145141112432,False
1.4835,203.13967043776475,0.507727861404419,8.253145141112432,False
1.484,203.13967043776475,0.507727861404419,8.253145141112432,False
1.4845,203.13967043776475,0.507727861404419,8.253145141112432,False
1.485,203.13967043776475,0.507727861404419,8.253145141112432,False
1.4855,203.13967043776475,0.507727861404419,8.253145141112432,False
1.486,203.13967043776475,0.507727861404419,8.253145141112432,False
1.4865,203.13967043776475,0.507727861404419,8.253145141112432,False
1.487,203.13967043776475,0.507727861404419,8.253145141112432,False
1.4875,203.13967043776475,0.507727861404419,8.253145141112432,False
1.488,203.13967043776475,0.507727861404419,8.253145141112432,False
1.4885,203.13967043776475,0.507727861404419,8.253145141112432,False
1.489,203.13967043776475,0.507727861404419,8.253145141112432,False
1.4895,203.13967043776475,0.507727861404419,8.253145141112432,False
1.49,203.13967043776475,0.507727861404419,8.253145141112432,False
1.4905,203.13967043776475,0.507727861404419,8.253145141112432,False
1.491,203.13967043776475,0.507727861404419,8.253145141112432,False
1.4915,203.13967043776475,0.507727861404419,8.253145141112432,False
1.492,203.13967043776475,0.507727861404419,8.253145141112432,False
1.4925,203.13967043776475,0.507727861404419,8.253145141112432,False
1.493,203.13967043776475,0.507727861404419,8.253145141112432,False
1.4935,203.13967043776475,0.507727861404419,8.253145141112432,False
1.494,203.13967043776475,0.507727861404419,8.253145141112432,False
1.4945,203.13967043776475,0.507727861404419,8.253145141112432,False
1.495,203.13967043776475,0.507727861404419,8.253145141112432,False
1.4955,203.13967043776475,0.507727861404419,8.253145141112432,False
1.496,203.13967043776475,0.507727861404419,8.253145141112432,False
1.4965,203.13967043776475,0.507727861404419,8.253145141112432,False
1.497,203.13967043776475,0.507727861404419,8.253145141112432,False
1.4975,203.13967043776475,0.507727861404419,8.253145141112432,False
1.498,203.13967043776475,0.507727861404419,8.253145141112432,False
1.4985,203.13967043776475,0.507727861404419,8.253145141112432,False
1.499,203.13967043776475,0.507727861404419,8.253145141112432,False
1.4995,203.13967043776475,0.507727861404419,8.253145141112432,False
1.5,203.13967043776475,0.507727861404419,8.253145141112432,False
1.5005,203.13967043776475,0.507727861404419,8.253145141112432,False
1.5010000000000001,203.13967043776475,0.507727861404419,8.253145141112432,False
1.5015,203.13967043776475,0.507727861404419,8.253145141112432,False
1.502,203.13967043776475,0.507727861404419,8.253145141112432,False
1.5025,203.13967043776475,0.507727861404419,8.253145141112432,False
1.5030000000000001,203.13967043776475,0.507727861404419,8.253145141112432,False
1.5035,203.13967043776475,0.507727861404419,8.253145141112432,False
1.504,203.13967043776475,0.507727861404419,8.253145141112432,False
1.5045,203.13967043776475,0.507727861404419,8.253145141112432,False
1.5050000000000001,203.13967043776475,0.507727861404419,8.253145141112432,False
1.5055,203.13967043776475,0.507727861404419,8.253145141112432,False
1.506,203.13967043776475,0.507727861404419,8.253145141112432,False
1.5065,203.13967043776475,0.507727861404419,8.253145141112432,False
1.5070000000000001,203.13967043776475,0.507727861404419,8.253145141112432,False
1.5075,203.13967043776475,0.507727861404419,8.253145141112432,False
1.508,203.13967043776475,0.507727861404419,8.253145141112432,False
1.5085,203.13967043776475,0.507727861404419,8.253145141112432,False
1.5090000000000001,203.13967043776475,0.507727861404419,8.253145141112432,False
1.5095,203.13967043776475,0.507727861404419,8.253145141112432,False
1.51,203.13967043776475,0.507727861404419,8.253145141112432,False
1.5105,203.13967043776475,0.507727861404419,8.253145141112432,False
1.5110000000000001,203.13967043776475,0.507727861404419,8.253145141112432,False
1.5115,203.13967043776475,0.507727861404419,8.253145141112432,False
1.512,203.13967043776475,0.507727861404419,8.253145141112432,False
1.5125,203.13967043776475,0.507727861404419,8.253145141112432,False
1.5130000000000001,203.13967043776475,0.507727861404419,8.253145141112432,False
1.5135,203.13967043776475,0.507727861404419,8.253145141112432,False
1.514,203.13967043776475,0.507727861404419,8.253145141112432,False
1.5145,203.13967043776475,0.507727861404419,8.253145141112432,False
1.5150000000000001,203.13967043776475,0.507727861404419,8.253145141112432,False
1.5155,203.13967043776475,0.507727861404419,8.253145141112432,False
1.516,203.13967043776475,0.507727861404419,8.253145141112432,False
1.5165,203.13967043776475,0.507727861404419,8.253145141112432,False
1.5170000000000001,203.13967043776475,0.507727861404419,8.253145141112432,False
1.5175,203.13967043776475,0.507727861404419,8.253145141112432,False
1.518,203.13967043776475,0.507727861404419,8.253145141112432,False
1.5185,203.13967043776475,0.507727861404419,8.253145141112432,False
1.5190000000000001,203.13967043776475,0.507727861404419,8.253145141112432,False
1.5195,203.13967043776475,0.507727861404419,8.253145141112432,False
1.52,203.13967043776475,0.507727861404419,8.253145141112432,False
1.5205,203.13967043776475,0.507727861404419,8.253145141112432,False
1.5210000000000001,203.13967043776475,0.507727861404419,8.253145141112432,False
1.5215,203.13967043776475,0.507727861404419,8.253145141112432,False
1.522,203.13967043776475,0.507727861404419,8.253145141112432,False
1.5225,203.13967043776475,0.507727861404419,8.253145141112432,False
1.5230000000000001,203.13967043776475,0.507727861404419,8.253145141112432,False
1.5235,203.13967043776475,0.507727861404419,8.253145141112432,False
1.524,203.13967043776475,0.507727861404419,8.253145141112432,False
1.5245,203.13967043776475,0.507727861404419,8.253145141112432,False
1.5250000000000001,203.13967043776475,0.507727861404419,8.253145141112432,False
1.5255,203.13967043776475,0.507727861404419,8.253145141112432,False
1.526,203.13967043776475,0.507727861404419,8.253145141112432,False
1.5265,203.13967043776475,0.507727861404419,8.253145141112432,False
1.5270000000000001,203.13967043776475,0.507727861404419,8.253145141112432,False
1.5275,203.13967043776475,0.507727861404419,8.253145141112432,False
1.528,203.13967043776475,0.507727861404419,8.253145141112432,False
1.5285,203.13967043776475,0.507727861404419,8.253145141112432,False
1.5290000000000001,203.13967043776475,0.507727861404419,8.253145141112432,False
1.5295,203.13967043776475,0.507727861404419,8.253145141112432,False
1.53,203.13967043776475,0.507727861404419,8.253145141112432,False
1.5305,203.13967043776475,0.507727861404419,8.253145141112432,False
1.5310000000000001,203.13967043776475,0.507727861404419,8.253145141112432,False
1.5315,203.13967043776475,0.507727861404419,8.253145141112432,False
1.532,203.13967043776475,0.507727861404419,8.253145141112432,False
1.5325,203.13967043776475,0.507727861404419,8.253145141112432,False
1.5330000000000001,203.13967043776475,0.507727861404419,8.253145141112432,False
1.5335,203.13967043776475,0.507727861404419,8.253145141112432,False
1.534,203.13967043776475,0.507727861404419,8.253145141112432,False
1.5345,203.13967043776475,0.507727861404419,8.253145141112432,False
1.5350000000000001,203.13967043776475,0.507727861404419,8.253145141112432,False
1.5355,203.13967043776475,0.507727861404419,8.253145141112432,False
1.536,203.13967043776475,0.507727861404419,8.253145141112432,False
1.5365,203.13967043776475,0.507727861404419,8.253145141112432,False
1.537,203.13967043776475,0.507727861404419,8.253145141112432,False
1.5375,203.13967043776475,0.507727861404419,8.253145141112432,False
1.538,203.13967043776475,0.507727861404419,8.253145141112432,False
1.5385,203.13967043776475,0.507727861404419,8.253145141112432,False
1.539,203.13967043776475,0.507727861404419,8.253145141112432,False
1.5395,203.13967043776475,0.507727861404419,8.253145141112432,False
1.54,203.13967043776475,0.507727861404419,8.253145141112432,False
1.5405,203.13967043776475,0.507727861404419,8.253145141112432,False
1.541,203.13967043776475,0.507727861404419,8.253145141112432,False
1.5415,203.13967043776475,0.507727861404419,8.253145141112432,False
1.542,203.13967043776475,0.507727861404419,8.253145141112432,False
1.5425,203.13967043776475,0.507727861404419,8.253145141112432,False
1.543,203.13967043776475,0.507727861404419,8.253145141112432,False
1.5435,203.13967043776475,0.507727861404419,8.253145141112432,False
1.544,203.13967043776475,0.507727861404419,8.253145141112432,False
1.5445,203.13967043776475,0.507727861404419,8.253145141112432,False
1.545,203.13967043776475,0.507727861404419,8.253145141112432,False
1.5455,203.13967043776475,0.507727861404419,8.253145141112432,False
1.546,203.13967043776475,0.507727861404419,8.253145141112432,False
1.5465,203.13967043776475,0.507727861404419,8.253145141112432,False
1.547,203.13967043776475,0.507727861404419,8.253145141112432,False
1.5475,203.13967043776475,0.507727861404419,8.253145141112432,False
1.548,203.13967043776475,0.507727861404419,8.253145141112432,False
1.5485,203.13967043776475,0.507727861404419,8.253145141112432,False
1.549,203.13967043776475,0.507727861404419,8.253145141112432,False
1.5495,203.13967043776475,0.507727861404419,8.253145141112432,False
1.55,203.13967043776475,0.507727861404419,8.253145141112432,False
1.5505,203.13967043776475,0.507727861404419,8.253145141112432,False
1.551,203.13967043776475,0.507727861404419,8.253145141112432,False
1.5515,203.13967043776475,0.507727861404419,8.253145141112432,False
1.552,203.13967043776475,0.507727861404419,8.253145141112432,False
1.5525,203.13967043776475,0.507727861404419,8.253145141112432,False
1.553,203.13967043776475,0.507727861404419,8.253145141112432,False
1.5535,203.13967043776475,0.507727861404419,8.253145141112432,False
1.554,203.13967043776475,0.507727861404419,8.253145141112432,False
1.5545,203.13967043776475,0.507727861404419,8.253145141112432,False
1.555,203.13967043776475,0.507727861404419,8.253145141112432,False
1.5555,203.13967043776475,0.507727861404419,8.253145141112432,False
1.556,203.13967043776475,0.507727861404419,8.253145141112432,False
1.5565,203.13967043776475,0.507727861404419,8.253145141112432,False
1.557,203.13967043776475,0.507727861404419,8.253145141112432,False
1.5575,203.13967043776475,0.507727861404419,8.253145141112432,False
1.558,203.13967043776475,0.507727861404419,8.253145141112432,False
1.5585,203.13967043776475,0.507727861404419,8.253145141112432,False
1.559,203.13967043776475,0.507727861404419,8.253145141112432,False
1.5595,203.13967043776475,0.507727861404419,8.253145141112432,False
1.56,203.13967043776475,0.507727861404419,8.253145141112432,False
1.5605,203.13967043776475,0.507727861404419,8.253145141112432,False
1.561,203.13967043776475,0.507727861404419,8.253145141112432,False
1.5615,203.13967043776475,0.507727861404419,8.253145141112432,False
1.562,203.13967043776475,0.507727861404419,8.253145141112432,False
1.5625,203.13967043776475,0.507727861404419,8.253145141112432,False
1.563,203.13967043776475,0.507727861404419,8.253145141112432,False
1.5635000000000001,203.13967043776475,0.507727861404419,8.253145141112432,False
1.564,203.13967043776475,0.507727861404419,8.253145141112432,False
1.5645,203.13967043776475,0.507727861404419,8.253145141112432,False
1.565,203.13967043776475,0.507727861404419,8.253145141112432,False
1.5655000000000001,203.13967043776475,0.507727861404419,8.253145141112432,False
1.566,203.13967043776475,0.507727861404419,8.253145141112432,False
1.5665,203.13967043776475,0.507727861404419,8.253145141112432,False
1.567,203.13967043776475,0.507727861404419,8.253145141112432,False
1.5675000000000001,203.13967043776475,0.507727861404419,8.253145141112432,False
1.568,203.13967043776475,0.507727861404419,8.253145141112432,False
1.5685,203.13967043776475,0.507727861404419,8.253145141112432,False
1.569,203.13967043776475,0.507727861404419,8.253145141112432,False
1.5695000000000001,203.13967043776475,0.507727861404419,8.253145141112432,False
1.57,203.13967043776475,0.507727861404419,8.253145141112432,False
1.5705,203.13967043776475,0.507727861404419,8.253145141112432,False
1.571,203.13967043776475,0.507727861404419,8.253145141112432,False
1.5715000000000001,203.13967043776475,0.507727861404419,8.253145141112432,False
1.572,203.13967043776475,0.507727861404419,8.253145141112432,False
1.5725,203.13967043776475,0.507727861404419,8.253145141112432,False
1.573,203.13967043776475,0.507727861404419,8.253145141112432,False
1.5735000000000001,203.13967043776475,0.507727861404419,8.253145141112432,False
1.574,203.13967043776475,0.507727861404419,8.253145141112432,False
1.5745,203.13967043776475,0.507727861404419,8.253145141112432,False
1.575,203.13967043776475,0.507727861404419,8.253145141112432,False
1.5755000000000001,203.13967043776475,0.507727861404419,8.253145141112432,False
1.576,203.13967043776475,0.507727861404419,8.253145141112432,False
1.5765,203.13967043776475,0.507727861404419,8.253145141112432,False
1.577,203.13967043776475,0.507727861404419,8.253145141112432,False
1.5775000000000001,203.13967043776475,0.507727861404419,8.253145141112432,False
1.578,203.13967043776475,0.507727861404419,8.253145141112432,False
1.5785,203.13967043776475,0.507727861404419,8.253145141112432,False
1.579,203.13967043776475,0.507727861404419,8.253145141112432,False
1.5795000000000001,203.13967043776475,0.507727861404419,8.253145141112432,False
1.58,203.13967043776475,0.507727861404419,8.253145141112432,False
1.5805,203.13967043776475,0.507727861404419,8.253145141112432,False
1.581,203.13967043776475,0.507727861404419,8.253145141112432,False
1.5815000000000001,203.13967043776475,0.507727861404419,8.253145141112432,False
1.582,203.13967043776475,0.507727861404419,8.253145141112432,False
1.5825,203.13967043776475,0.507727861404419,8.253145141112432,False
1.583,203.13967043776475,0.507727861404419,8.253145141112432,False
1.5835000000000001,203.13967043776475,0.507727861404419,8.253145141112432,False
1.584,203.13967043776475,0.507727861404419,8.253145141112432,False
1.5845,203.13967043776475,0.507727861404419,8.253145141112432,False
1.585,203.13967043776475,0.507727861404419,8.253145141112432,False
1.5855000000000001,203.13967043776475,0.507727861404419,8.253145141112432,False
1.586,203.13967043776475,0.507727861404419,8.253145141112432,False
1.5865,203.13967043776475,0.507727861404419,8.253145141112432,False
1.587,203.13967043776475,0.507727861404419,8.253145141112432,False
1.5875000000000001,203.13967043776475,0.507727861404419,8.253145141112432,False
1.588,203.13967043776475,0.507727861404419,8.253145141112432,False
1.5885,203.13967043776475,0.507727861404419,8.253145141112432,False
1.589,203.13967043776475,0.507727861404419,8.253145141112432,False
1.5895000000000001,203.13967043776475,0.507727861404419,8.253145141112432,False
1.59,203.13967043776475,0.507727861404419,8.253145141112432,False
1.5905,203.13967043776475,0.507727861404419,8.253145141112432,False
1.591,203.13967043776475,0.507727861404419,8.253145141112432,False
1.5915000000000001,203.13967043776475,0.507727861404419,8.253145141112432,False
1.592,203.13967043776475,0.507727861404419,8.253145141112432,False
1.5925,203.13967043776475,0.507727861404419,8.253145141112432,False
1.593,203.13967043776475,0.507727861404419,8.253145141112432,False
1.5935000000000001,203.13967043776475,0.507727861404419,8.253145141112432,False
1.594,203.13967043776475,0.507727861404419,8.253145141112432,False
1.5945,203.13967043776475,0.507727861404419,8.253145141112432,False
1.595,203.13967043776475,0.507727861404419,8.253145141112432,False
1.5955000000000001,203.13967043776475,0.507727861404419,8.253145141112432,False
1.596,203.13967043776475,0.507727861404419,8.253145141112432,False
1.5965,203.13967043776475,0.507727861404419,8.253145141112432,False
1.597,203.13967043776475,0.507727861404419,8.253145141112432,False
1.5975000000000001,203.13967043776475,0.507727861404419,8.253145141112432,False
1.598,203.13967043776475,0.507727861404419,8.253145141112432,False
1.5985,203.13967043776475,0.507727861404419,8.253145141112432,False
1.599,203.13967043776475,0.507727861404419,8.253145141112432,False
1.5995000000000001,203.13967043776475,0.507727861404419,8.253145141112432,False
1.6,203.13967043776475,0.507727861404419,8.253145141112432,False
1.6005,203.13967043776475,0.507727861404419,8.253145141112432,False
1.601,203.13967043776475,0.507727861404419,8.253145141112432,False
1.6015,203.13967043776475,0.507727861404419,8.253145141112432,False
1.602,203.13967043776475,0.507727861404419,8.253145141112432,False
1.6025,203.13967043776475,0.507727861404419,8.253145141112432,False
1.603,203.13967043776475,0.507727861404419,8.253145141112432,False
1.6035,203.13967043776475,0.507727861404419,8.253145141112432,False
1.604,203.13967043776475,0.507727861404419,8.253145141112432,False
1.6045,203.13967043776475,0.507727861404419,8.253145141112432,False
1.605,203.13967043776475,0.507727861404419,8.253145141112432,False
1.6055,203.13967043776475,0.507727861404419,8.253145141112432,False
1.606,203.13967043776475,0.507727861404419,8.253145141112432,False
1.6065,203.13967043776475,0.507727861404419,8.253145141112432,False
1.607,203.13967043776475,0.507727861404419,8.253145141112432,False
1.6075,203.13967043776475,0.507727861404419,8.253145141112432,False
1.608,203.13967043776475,0.507727861404419,8.253145141112432,False
1.6085,203.13967043776475,0.507727861404419,8.253145141112432,False
1.609,203.13967043776475,0.507727861404419,8.253145141112432,False
1.6095,203.13967043776475,0.507727861404419,8.253145141112432,False
1.61,203.13967043776475,0.507727861404419,8.253145141112432,False
1.6105,203.13967043776475,0.507727861404419,8.253145141112432,False
1.611,203.13967043776475,0.507727861404419,8.253145141112432,False
1.6115,203.13967043776475,0.507727861404419,8.253145141112432,False
1.612,203.13967043776475,0.507727861404419,8.253145141112432,False
1.6125,203.13967043776475,0.507727861404419,8.253145141112432,False
1.613,203.13967043776475,0.507727861404419,8.253145141112432,False
1.6135,203.13967043776475,0.507727861404419,8.253145141112432,False
1.614,203.13967043776475,0.507727861404419,8.253145141112432,False
1.6145,203.13967043776475,0.507727861404419,8.253145141112432,False
1.615,203.13967043776475,0.507727861404419,8.253145141112432,False
1.6155,203.13967043776475,0.507727861404419,8.253145141112432,False
1.616,203.13967043776475,0.507727861404419,8.253145141112432,False
1.6165,203.13967043776475,0.507727861404419,8.253145141112432,False
1.617,203.13967043776475,0.507727861404419,8.253145141112432,False
1.6175,203.13967043776475,0.507727861404419,8.253145141112432,False
1.618,203.13967043776475,0.507727861404419,8.253145141112432,False
1.6185,203.13967043776475,0.507727861404419,8.253145141112432,False
1.619,203.13967043776475,0.507727861404419,8.253145141112432,False
1.6195,203.13967043776475,0.507727861404419,8.253145141112432,False
1.62,203.13967043776475,0.507727861404419,8.253145141112432,False
1.6205,203.13967043776475,0.507727861404419,8.253145141112432,False
1.621,203.13967043776475,0.507727861404419,8.253145141112432,False
1.6215,203.13967043776475,0.507727861404419,8.253145141112432,False
1.622,203.13967043776475,0.507727861404419,8.253145141112432,False
1.6225,203.13967043776475,0.507727861404419,8.253145141112432,False
1.623,203.13967043776475,0.507727861404419,8.253145141112432,False
1.6235,203.13967043776475,0.507727861404419,8.253145141112432,False
1.624,203.13967043776475,0.507727861404419,8.253145141112432,False
1.6245,203.13967043776475,0.507727861404419,8.253145141112432,False
1.625,203.13967043776475,0.507727861404419,8.253145141112432,False
1.6255,203.13967043776475,0.507727861404419,8.253145141112432,False
1.6260000000000001,203.13967043776475,0.507727861404419,8.253145141112432,False
1.6265,203.13967043776475,0.507727861404419,8.253145141112432,False
1.627,203.13967043776475,0.507727861404419,8.253145141112432,False
1.6275,203.13967043776475,0.507727861404419,8.253145141112432,False
1.6280000000000001,203.13967043776475,0.507727861404419,8.253145141112432,False
1.6285,203.13967043776475,0.507727861404419,8.253145141112432,False
1.629,203.13967043776475,0.507727861404419,8.253145141112432,False
1.6295,203.13967043776475,0.507727861404419,8.253145141112432,False
1.6300000000000001,203.13967043776475,0.507727861404419,8.253145141112432,False
1.6305,203.13967043776475,0.507727861404419,8.253145141112432,False
1.631,203.13967043776475,0.507727861404419,8.253145141112432,False
1.6315,203.13967043776475,0.507727861404419,8.253145141112432,False
1.6320000000000001,203.13967043776475,0.507727861404419,8.253145141112432,False
1.6325,203.13967043776475,0.507727861404419,8.253145141112432,False
1.633,203.13967043776475,0.507727861404419,8.253145141112432,False
1.6335,203.13967043776475,0.507727861404419,8.253145141112432,False
1.6340000000000001,203.13967043776475,0.507727861404419,8.253145141112432,False
1.6345,203.13967043776475,0.507727861404419,8.253145141112432,False
1.635,203.13967043776475,0.507727861404419,8.253145141112432,False
1.6355,203.13967043776475,0.507727861404419,8.253145141112432,False
1.6360000000000001,203.13967043776475,0.507727861404419,8.253145141112432,False
1.6365,203.13967043776475,0.507727861404419,8.253145141112432,False
1.637,203.13967043776475,0.507727861404419,8.253145141112432,False
1.6375,203.13967043776475,0.507727861404419,8.253145141112432,False
1.6380000000000001,203.13967043776475,0.507727861404419,8.253145141112432,False
1.6385,203.13967043776475,0.507727861404419,8.253145141112432,False
1.639,203.13967043776475,0.507727861404419,8.253145141112432,False
1.6395,203.13967043776475,0.507727861404419,8.253145141112432,False
1.6400000000000001,203.13967043776475,0.507727861404419,8.253145141112432,False
1.6405,203.13967043776475,0.507727861404419,8.253145141112432,False
1.641,203.13967043776475,0.507727861404419,8.253145141112432,False
1.6415,203.13967043776475,0.507727861404419,8.253145141112432,False
1.6420000000000001,203.13967043776475,0.507727861404419,8.253145141112432,False
1.6425,203.13967043776475,0.507727861404419,8.253145141112432,False
1.643,203.13967043776475,0.507727861404419,8.253145141112432,False
1.6435,203.13967043776475,0.507727861404419,8.253145141112432,False
1.6440000000000001,203.13967043776475,0.507727861404419,8.253145141112432,False
1.6445,203.13967043776475,0.507727861404419,8.253145141112432,False
1.645,203.13967043776475,0.507727861404419,8.253145141112432,False
1.6455,203.13967043776475,0.507727861404419,8.253145141112432,False
1.6460000000000001,203.13967043776475,0.507727861404419,8.253145141112432,False
1.6465,203.13967043776475,0.507727861404419,8.253145141112432,False
1.647,203.13967043776475,0.507727861404419,8.253145141112432,False
1.6475,203.13967043776475,0.507727861404419,8.253145141112432,False
1.6480000000000001,203.13967043776475,0.507727861404419,8.253145141112432,False
1.6485,203.13967043776475,0.507727861404419,8.253145141112432,False
1.649,203.13967043776475,0.507727861404419,8.253145141112432,False
1.6495,203.13967043776475,0.507727861404419,8.253145141112432,False
1.6500000000000001,203.13967043776475,0.507727861404419,8.253145141112432,False
1.6505,203.13967043776475,0.507727861404419,8.253145141112432,False
1.651,203.13967043776475,0.507727861404419,8.253145141112432,False
1.6515,203.13967043776475,0.507727861404419,8.253145141112432,False
1.6520000000000001,203.13967043776475,0.507727861404419,8.253145141112432,False
1.6525,203.13967043776475,0.507727861404419,8.253145141112432,False
1.653,203.13967043776475,0.507727861404419,8.253145141112432,False
1.6535,203.13967043776475,0.507727861404419,8.253145141112432,False
1.6540000000000001,203.13967043776475,0.507727861404419,8.253145141112432,False
1.6545,203.13967043776475,0.507727861404419,8.253145141112432,False
1.655,203.13967043776475,0.507727861404419,8.253145141112432,False
1.6555,203.13967043776475,0.507727861404419,8.253145141112432,False
1.6560000000000001,203.13967043776475,0.507727861404419,8.253145141112432,False
1.6565,203.13967043776475,0.507727861404419,8.253145141112432,False
1.657,203.13967043776475,0.507727861404419,8.253145141112432,False
1.6575,203.13967043776475,0.507727861404419,8.253145141112432,False
1.6580000000000001,203.13967043776475,0.507727861404419,8.253145141112432,False
1.6585,203.13967043776475,0.507727861404419,8.253145141112432,False
1.659,203.13967043776475,0.507727861404419,8.253145141112432,False
1.6595,203.13967043776475,0.507727861404419,8.253145141112432,False
1.6600000000000001,203.13967043776475,0.507727861404419,8.253145141112432,False
1.6605,203.13967043776475,0.507727861404419,8.253145141112432,False
1.661,203.13967043776475,0.507727861404419,8.253145141112432,False
1.6615,203.13967043776475,0.507727861404419,8.253145141112432,False
1.6620000000000001,203.13967043776475,0.507727861404419,8.253145141112432,False
1.6625,203.13967043776475,0.507727861404419,8.253145141112432,False
1.663,203.13967043776475,0.507727861404419,8.253145141112432,False
1.6635,203.13967043776475,0.507727861404419,8.253145141112432,False
1.6640000000000001,203.13967043776475,0.507727861404419,8.253145141112432,False
1.6645,203.13967043776475,0.507727861404419,8.253145141112432,False
1.665,203.13967043776475,0.507727861404419,8.253145141112432,False
1.6655,203.13967043776475,0.507727861404419,8.253145141112432,False
1.666,203.13967043776475,0.507727861404419,8.253145141112432,False
1.6665,203.13967043776475,0.507727861404419,8.253145141112432,False
1.667,203.13967043776475,0.507727861404419,8.253145141112432,False
1.6675,203.13967043776475,0.507727861404419,8.253145141112432,False
1.668,203.13967043776475,0.507727861404419,8.253145141112432,False
1.6685,203.13967043776475,0.507727861404419,8.253145141112432,False
1.669,203.13967043776475,0.507727861404419,8.253145141112432,False
1.6695,203.13967043776475,0.507727861404419,8.253145141112432,False
1.67,203.13967043776475,0.507727861404419,8.253145141112432,False
1.6705,203.13967043776475,0.507727861404419,8.253145141112432,False
1.671,203.13967043776475,0.507727861404419,8.253145141112432,False
1.6715,203.13967043776475,0.507727861404419,8.253145141112432,False
1.672,203.13967043776475,0.507727861404419,8.253145141112432,False
1.6725,203.13967043776475,0.507727861404419,8.253145141112432,False
1.673,203.13967043776475,0.507727861404419,8.253145141112432,False
1.6735,203.13967043776475,0.507727861404419,8.253145141112432,False
1.674,203.13967043776475,0.507727861404419,8.253145141112432,False
1.6745,203.13967043776475,0.507727861404419,8.253145141112432,False
1.675,203.13967043776475,0.507727861404419,8.253145141112432,False
1.6755,203.13967043776475,0.507727861404419,8.253145141112432,False
1.676,203.13967043776475,0.507727861404419,8.253145141112432,False
1.6765,203.13967043776475,0.507727861404419,8.253145141112432,False
1.677,203.13967043776475,0.507727861404419,8.253145141112432,False
1.6775,203.13967043776475,0.507727861404419,8.253145141112432,False
1.678,203.13967043776475,0.507727861404419,8.253145141112432,False
1.6785,203.13967043776475,0.507727861404419,8.253145141112432,False
1.679,203.13967043776475,0.507727861404419,8.253145141112432,False
1.6795,203.13967043776475,0.507727861404419,8.253145141112432,False
1.68,203.13967043776475,0.507727861404419,8.253145141112432,False
1.6805,203.13967043776475,0.507727861404419,8.253145141112432,False
1.681,203.13967043776475,0.507727861404419,8.253145141112432,False
1.6815,203.13967043776475,0.507727861404419,8.253145141112432,False
1.682,203.13967043776475,0.507727861404419,8.253145141112432,False
1.6825,203.13967043776475,0.507727861404419,8.253145141112432,False
1.683,203.13967043776475,0.507727861404419,8.253145141112432,False
1.6835,203.13967043776475,0.507727861404419,8.253145141112432,False
1.684,203.13967043776475,0.507727861404419,8.253145141112432,False
1.6845,203.13967043776475,0.507727861404419,8.253145141112432,False
1.685,203.13967043776475,0.507727861404419,8.253145141112432,False
1.6855,203.13967043776475,0.507727861404419,8.253145141112432,False
1.686,203.13967043776475,0.507727861404419,8.253145141112432,False
1.6865,203.13967043776475,0.507727861404419,8.253145141112432,False
1.687,203.13967043776475,0.507727861404419,8.253145141112432,False
1.6875,203.13967043776475,0.507727861404419,8.253145141112432,False
1.688,203.13967043776475,0.507727861404419,8.253145141112432,False
1.6885000000000001,203.13967043776475,0.507727861404419,8.253145141112432,False
1.689,203.13967043776475,0.507727861404419,8.253145141112432,False
1.6895,203.13967043776475,0.507727861404419,8.253145141112432,False
1.69,203.13967043776475,0.507727861404419,8.253145141112432,False
1.6905000000000001,203.13967043776475,0.507727861404419,8.253145141112432,False
1.691,203.13967043776475,0.507727861404419,8.253145141112432,False
1.6915,203.13967043776475,0.507727861404419,8.253145141112432,False
1.692,203.13967043776475,0.507727861404419,8.253145141112432,False
1.6925000000000001,203.13967043776475,0.507727861404419,8.253145141112432,False
1.693,203.13967043776475,0.507727861404419,8.253145141112432,False
1.6935,203.13967043776475,0.507727861404419,8.253145141112432,False
1.694,203.13967043776475,0.507727861404419,8.253145141112432,False
1.6945000000000001,203.13967043776475,0.507727861404419,8.253145141112432,False
1.695,203.13967043776475,0.507727861404419,8.253145141112432,False
1.6955,203.13967043776475,0.507727861404419,8.253145141112432,False
1.696,203.13967043776475,0.507727861404419,8.253145141112432,False
1.6965000000000001,203.13967043776475,0.507727861404419,8.253145141112432,False
1.697,203.13967043776475,0.507727861404419,8.253145141112432,False
1.6975,203.13967043776475,0.507727861404419,8.253145141112432,False
1.698,203.13967043776475,0.507727861404419,8.253145141112432,False
1.6985000000000001,203.13967043776475,0.507727861404419,8.253145141112432,False
1.699,203.13967043776475,0.507727861404419,8.253145141112432,False
1.6995,203.13967043776475,0.507727861404419,8.253145141112432,False
1.7,203.13967043776475,0.507727861404419,8.253145141112432,False
1.7005000000000001,203.13967043776475,0.507727861404419,8.253145141112432,False
1.701,203.13967043776475,0.507727861404419,8.253145141112432,False
1.7015,203.13967043776475,0.507727861404419,8.253145141112432,False
1.702,203.13967043776475,0.507727861404419,8.253145141112432,False
1.7025000000000001,203.13967043776475,0.507727861404419,8.253145141112432,False
1.703,203.13967043776475,0.507727861404419,8.253145141112432,False
1.7035,203.13967043776475,0.507727861404419,8.253145141112432,False
1.704,203.13967043776475,0.507727861404419,8.253145141112432,False
1.7045000000000001,203.13967043776475,0.507727861404419,8.253145141112432,False
1.705,203.13967043776475,0.507727861404419,8.253145141112432,False
1.7055,203.13967043776475,0.507727861404419,8.253145141112432,False
1.706,203.13967043776475,0.507727861404419,8.253145141112432,False
1.7065000000000001,203.13967043776475,0.507727861404419,8.253145141112432,False
1.707,203.13967043776475,0.507727861404419,8.253145141112432,False
1.7075,203.13967043776475,0.507727861404419,8.253145141112432,False
1.708,203.13967043776475,0.507727861404419,8.253145141112432,False
1.7085000000000001,203.13967043776475,0.507727861404419,8.253145141112432,False
1.709,203.13967043776475,0.507727861404419,8.253145141112432,False
1.7095,203.13967043776475,0.507727861404419,8.253145141112432,False
1.71,203.13967043776475,0.507727861404419,8.253145141112432,False
1.7105000000000001,203.13967043776475,0.507727861404419,8.253145141112432,False
1.711,203.13967043776475,0.507727861404419,8.253145141112432,False
1.7115,203.13967043776475,0.507727861404419,8.253145141112432,False
1.712,203.13967043776475,0.507727861404419,8.253145141112432,False
1.7125000000000001,203.13967043776475,0.507727861404419,8.253145141112432,False
1.713,203.13967043776475,0.507727861404419,8.253145141112432,False
1.7135,203.13967043776475,0.507727861404419,8.253145141112432,False
1.714,203.13967043776475,0.507727861404419,8.253145141112432,False
1.7145000000000001,203.13967043776475,0.507727861404419,8.253145141112432,False
1.715,203.13967043776475,0.507727861404419,8.253145141112432,False
1.7155,203.13967043776475,0.507727861404419,8.253145141112432,False
1.716,203.13967043776475,0.507727861404419,8.253145141112432,False
1.7165000000000001,203.13967043776475,0.507727861404419,8.253145141112432,False
1.717,203.13967043776475,0.507727861404419,8.253145141112432,False
1.7175,203.13967043776475,0.507727861404419,8.253145141112432,False
1.718,203.13967043776475,0.507727861404419,8.253145141112432,False
1.7185000000000001,203.13967043776475,0.507727861404419,8.253145141112432,False
1.719,203.13967043776475,0.507727861404419,8.253145141112432,False
1.7195,203.13967043776475,0.507727861404419,8.253145141112432,False
1.72,203.13967043776475,0.507727861404419,8.253145141112432,False
1.7205000000000001,203.13967043776475,0.507727861404419,8.253145141112432,False
1.721,203.13967043776475,0.507727861404419,8.253145141112432,False
1.7215,203.13967043776475,0.507727861404419,8.253145141112432,False
1.722,203.13967043776475,0.507727861404419,8.253145141112432,False
1.7225000000000001,203.13967043776475,0.507727861404419,8.253145141112432,False
1.723,203.13967043776475,0.507727861404419,8.253145141112432,False
1.7235,203.13967043776475,0.507727861404419,8.253145141112432,False
1.724,203.13967043776475,0.507727861404419,8.253145141112432,False
1.7245000000000001,203.13967043776475,0.507727861404419,8.253145141112432,False
1.725,203.13967043776475,0.507727861404419,8.253145141112432,False
1.7255,203.13967043776475,0.507727861404419,8.253145141112432,False
1.726,203.13967043776475,0.507727861404419,8.253145141112432,False
1.7265000000000001,203.13967043776475,0.507727861404419,8.253145141112432,False
1.727,203.13967043776475,0.507727861404419,8.253145141112432,False
1.7275,203.13967043776475,0.507727861404419,8.253145141112432,False
1.728,203.13967043776475,0.507727861404419,8.253145141112432,False
1.7285,203.13967043776475,0.507727861404419,8.253145141112432,False
1.729,203.13967043776475,0.507727861404419,8.253145141112432,False
1.7295,203.13967043776475,0.507727861404419,8.253145141112432,False
1.73,203.13967043776475,0.507727861404419,8.253145141112432,False
1.7305,203.13967043776475,0.507727861404419,8.253145141112432,False
1.731,203.13967043776475,0.507727861404419,8.253145141112432,False
1.7315,203.13967043776475,0.507727861404419,8.253145141112432,False
1.732,203.13967043776475,0.507727861404419,8.253145141112432,False
1.7325,203.13967043776475,0.507727861404419,8.253145141112432,False
1.733,203.13967043776475,0.507727861404419,8.253145141112432,False
1.7335,203.13967043776475,0.507727861404419,8.253145141112432,False
1.734,203.13967043776475,0.507727861404419,8.253145141112432,False
1.7345,203.13967043776475,0.507727861404419,8.253145141112432,False
1.735,203.13967043776475,0.507727861404419,8.253145141112432,False
1.7355,203.13967043776475,0.507727861404419,8.253145141112432,False
1.736,203.13967043776475,0.507727861404419,8.253145141112432,False
1.7365,203.13967043776475,0.507727861404419,8.253145141112432,False
1.737,203.13967043776475,0.507727861404419,8.253145141112432,False
1.7375,203.13967043776475,0.507727861404419,8.253145141112432,False
1.738,203.13967043776475,0.507727861404419,8.253145141112432,False
1.7385,203.13967043776475,0.507727861404419,8.253145141112432,False
1.739,203.13967043776475,0.507727861404419,8.253145141112432,False
1.7395,203.13967043776475,0.507727861404419,8.253145141112432,False
1.74,203.13967043776475,0.507727861404419,8.253145141112432,False
1.7405,203.13967043776475,0.507727861404419,8.253145141112432,False
1.741,203.13967043776475,0.507727861404419,8.253145141112432,False
1.7415,203.13967043776475,0.507727861404419,8.253145141112432,False
1.742,203.13967043776475,0.507727861404419,8.253145141112432,False
1.7425,203.13967043776475,0.507727861404419,8.253145141112432,False
1.743,203.13967043776475,0.507727861404419,8.253145141112432,False
1.7435,203.13967043776475,0.507727861404419,8.253145141112432,False
1.744,203.13967043776475,0.507727861404419,8.253145141112432,False
1.7445,203.13967043776475,0.507727861404419,8.253145141112432,False
1.745,203.13967043776475,0.507727861404419,8.253145141112432,False
1.7455,203.13967043776475,0.507727861404419,8.253145141112432,False
1.746,203.13967043776475,0.507727861404419,8.253145141112432,False
1.7465,203.13967043776475,0.507727861404419,8.253145141112432,False
1.747,203.13967043776475,0.507727861404419,8.253145141112432,False
1.7475,203.13967043776475,0.507727861404419,8.253145141112432,False
1.748,203.13967043776475,0.507727861404419,8.253145141112432,False
1.7485,203.13967043776475,0.507727861404419,8.253145141112432,False
1.749,203.13967043776475,0.507727861404419,8.253145141112432,False
1.7495,203.13967043776475,0.507727861404419,8.253145141112432,False
1.75,203.13967043776475,0.507727861404419,8.253145141112432,False
1.7505,203.13967043776475,0.507727861404419,8.253145141112432,False
1.7510000000000001,203.13967043776475,0.507727861404419,8.253145141112432,False
1.7515,203.13967043776475,0.507727861404419,8.253145141112432,False
1.752,203.13967043776475,0.507727861404419,8.253145141112432,False
1.7525,203.13967043776475,0.507727861404419,8.253145141112432,False
1.7530000000000001,203.13967043776475,0.507727861404419,8.253145141112432,False
1.7535,203.13967043776475,0.507727861404419,8.253145141112432,False
1.754,203.13967043776475,0.507727861404419,8.253145141112432,False
1.7545,203.13967043776475,0.507727861404419,8.253145141112432,False
1.7550000000000001,203.13967043776475,0.507727861404419,8.253145141112432,False
1.7555,203.13967043776475,0.507727861404419,8.253145141112432,False
1.756,203.13967043776475,0.507727861404419,8.253145141112432,False
1.7565,203.13967043776475,0.507727861404419,8.253145141112432,False
1.7570000000000001,203.13967043776475,0.507727861404419,8.253145141112432,False
1.7575,203.13967043776475,0.507727861404419,8.253145141112432,False
1.758,203.13967043776475,0.507727861404419,8.253145141112432,False
1.7585,203.13967043776475,0.507727861404419,8.253145141112432,False
1.7590000000000001,203.13967043776475,0.507727861404419,8.253145141112432,False
1.7595,203.13967043776475,0.507727861404419,8.253145141112432,False
1.76,203.13967043776475,0.507727861404419,8.253145141112432,False
1.7605,203.13967043776475,0.507727861404419,8.253145141112432,False
1.7610000000000001,203.13967043776475,0.507727861404419,8.253145141112432,False
1.7615,203.13967043776475,0.507727861404419,8.253145141112432,False
1.762,203.13967043776475,0.507727861404419,8.253145141112432,False
1.7625,203.13967043776475,0.507727861404419,8.253145141112432,False
1.7630000000000001,203.13967043776475,0.507727861404419,8.253145141112432,False
1.7635,203.13967043776475,0.507727861404419,8.253145141112432,False
1.764,203.13967043776475,0.507727861404419,8.253145141112432,False
1.7645,203.13967043776475,0.507727861404419,8.253145141112432,False
1.7650000000000001,203.13967043776475,0.507727861404419,8.253145141112432,False
1.7655,203.13967043776475,0.507727861404419,8.253145141112432,False
1.766,203.13967043776475,0.507727861404419,8.253145141112432,False
1.7665,203.13967043776475,0.507727861404419,8.253145141112432,False
1.7670000000000001,203.13967043776475,0.507727861404419,8.253145141112432,False
1.7675,203.13967043776475,0.507727861404419,8.253145141112432,False
1.768,203.13967043776475,0.507727861404419,8.253145141112432,False
1.7685,203.13967043776475,0.507727861404419,8.253145141112432,False
1.7690000000000001,203.13967043776475,0.507727861404419,8.253145141112432,False
1.7695,203.13967043776475,0.507727861404419,8.253145141112432,False
1.77,203.13967043776475,0.507727861404419,8.253145141112432,False
1.7705,203.13967043776475,0.507727861404419,8.253145141112432,False
1.7710000000000001,203.13967043776475,0.507727861404419,8.253145141112432,False
1.7715,203.13967043776475,0.507727861404419,8.253145141112432,False
1.772,203.13967043776475,0.507727861404419,8.253145141112432,False
1.7725,203.13967043776475,0.507727861404419,8.253145141112432,False
1.7730000000000001,203.13967043776475,0.507727861404419,8.253145141112432,False
1.7735,203.13967043776475,0.507727861404419,8.253145141112432,False
1.774,203.13967043776475,0.507727861404419,8.253145141112432,False
1.7745,203.13967043776475,0.507727861404419,8.253145141112432,False
1.7750000000000001,203.13967043776475,0.507727861404419,8.253145141112432,False
1.7755,203.13967043776475,0.507727861404419,8.253145141112432,False
1.776,203.13967043776475,0.507727861404419,8.253145141112432,False
1.7765,203.13967043776475,0.507727861404419,8.253145141112432,False
1.7770000000000001,203.13967043776475,0.507727861404419,8.253145141112432,False
1.7775,203.13967043776475,0.507727861404419,8.253145141112432,False
1.778,203.13967043776475,0.507727861404419,8.253145141112432,False
1.7785,203.13967043776475,0.507727861404419,8.253145141112432,False
1.7790000000000001,203.13967043776475,0.507727861404419,8.253145141112432,False
1.7795,203.13967043776475,0.507727861404419,8.253145141112432,False
1.78,203.13967043776475,0.507727861404419,8.253145141112432,False
1.7805,203.13967043776475,0.507727861404419,8.253145141112432,False
1.7810000000000001,203.13967043776475,0.507727861404419,8.253145141112432,False
1.7815,203.13967043776475,0.507727861404419,8.253145141112432,False
1.782,203.13967043776475,0.507727861404419,8.253145141112432,False
1.7825,203.13967043776475,0.507727861404419,8.253145141112432,False
1.7830000000000001,203.13967043776475,0.507727861404419,8.253145141112432,False
1.7835,203.13967043776475,0.507727861404419,8.253145141112432,False
1.784,203.13967043776475,0.507727861404419,8.253145141112432,False
1.7845,203.13967043776475,0.507727861404419,8.253145141112432,False
1.7850000000000001,203.13967043776475,0.507727861404419,8.253145141112432,False
1.7855,203.13967043776475,0.507727861404419,8.253145141112432,False
1.786,203.13967043776475,0.507727861404419,8.253145141112432,False
1.7865,203.13967043776475,0.507727861404419,8.253145141112432,False
1.7870000000000001,203.13967043776475,0.507727861404419,8.253145141112432,False
1.7875,203.13967043776475,0.507727861404419,8.253145141112432,False
1.788,203.13967043776475,0.507727861404419,8.253145141112432,False
1.7885,203.13967043776475,0.507727861404419,8.253145141112432,False
1.7890000000000001,203.13967043776475,0.507727861404419,8.253145141112432,False
1.7895,203.13967043776475,0.507727861404419,8.253145141112432,False
1.79,203.13967043776475,0.507727861404419,8.253145141112432,False
1.7905,203.13967043776475,0.507727861404419,8.253145141112432,False
1.7910000000000001,203.13967043776475,0.507727861404419,8.253145141112432,False
1.7915,203.13967043776475,0.507727861404419,8.253145141112432,False
1.792,203.13967043776475,0.507727861404419,8.253145141112432,False
1.7925,203.13967043776475,0.507727861404419,8.253145141112432,False
1.793,203.13967043776475,0.507727861404419,8.253145141112432,False
1.7935,203.13967043776475,0.507727861404419,8.253145141112432,False
1.794,203.13967043776475,0.507727861404419,8.253145141112432,False
1.7945,203.13967043776475,0.507727861404419,8.253145141112432,False
1.795,203.13967043776475,0.507727861404419,8.253145141112432,False
1.7955,203.13967043776475,0.507727861404419,8.253145141112432,False
1.796,203.13967043776475,0.507727861404419,8.253145141112432,False
1.7965,203.13967043776475,0.507727861404419,8.253145141112432,False
1.797,203.13967043776475,0.507727861404419,8.253145141112432,False
1.7975,203.13967043776475,0.507727861404419,8.253145141112432,False
1.798,203.13967043776475,0.507727861404419,8.253145141112432,False
1.7985,203.13967043776475,0.507727861404419,8.253145141112432,False
1.799,203.13967043776475,0.507727861404419,8.253145141112432,False
1.7995,203.13967043776475,0.507727861404419,8.253145141112432,False
1.8,203.13967043776475,0.507727861404419,8.253145141112432,False
1.8005,203.13967043776475,0.507727861404419,8.253145141112432,False
1.801,203.13967043776475,0.507727861404419,8.253145141112432,False
1.8015,203.13967043776475,0.507727861404419,8.253145141112432,False
1.802,203.13967043776475,0.507727861404419,8.253145141112432,False
1.8025,203.13967043776475,0.507727861404419,8.253145141112432,False
1.803,203.13967043776475,0.507727861404419,8.253145141112432,False
1.8035,203.13967043776475,0.507727861404419,8.253145141112432,False
1.804,203.13967043776475,0.507727861404419,8.253145141112432,False
1.8045,203.13967043776475,0.507727861404419,8.253145141112432,False
1.805,203.13967043776475,0.507727861404419,8.253145141112432,False
1.8055,203.13967043776475,0.507727861404419,8.253145141112432,False
1.806,203.13967043776475,0.507727861404419,8.253145141112432,False
1.8065,203.13967043776475,0.507727861404419,8.253145141112432,False
1.807,203.13967043776475,0.507727861404419,8.253145141112432,False
1.8075,203.13967043776475,0.507727861404419,8.253145141112432,False
1.808,203.13967043776475,0.507727861404419,8.253145141112432,False
1.8085,203.13967043776475,0.507727861404419,8.253145141112432,False
1.809,203.13967043776475,0.507727861404419,8.253145141112432,False
1.8095,203.13967043776475,0.507727861404419,8.253145141112432,False
1.81,203.13967043776475,0.507727861404419,8.253145141112432,False
1.8105,203.13967043776475,0.507727861404419,8.253145141112432,False
1.811,203.13967043776475,0.507727861404419,8.253145141112432,False
1.8115,203.13967043776475,0.507727861404419,8.253145141112432,False
1.812,203.13967043776475,0.507727861404419,8.253145141112432,False
1.8125,203.13967043776475,0.507727861404419,8.253145141112432,False
1.813,203.13967043776475,0.507727861404419,8.253145141112432,False
1.8135000000000001,203.13967043776475,0.507727861404419,8.253145141112432,False
1.814,203.13967043776475,0.507727861404419,8.253145141112432,False
1.8145,203.13967043776475,0.507727861404419,8.253145141112432,False
1.815,203.13967043776475,0.507727861404419,8.253145141112432,False
1.8155000000000001,203.13967043776475,0.507727861404419,8.253145141112432,False
1.816,203.13967043776475,0.507727861404419,8.253145141112432,False
1.8165,203.13967043776475,0.507727861404419,8.253145141112432,False
1.817,203.13967043776475,0.507727861404419,8.253145141112432,False
1.8175000000000001,203.13967043776475,0.507727861404419,8.253145141112432,False
1.818,203.13967043776475,0.507727861404419,8.253145141112432,False
1.8185,203.13967043776475,0.507727861404419,8.253145141112432,False
1.819,203.13967043776475,0.507727861404419,8.253145141112432,False
1.8195000000000001,203.13967043776475,0.507727861404419,8.253145141112432,False
1.82,203.13967043776475,0.507727861404419,8.253145141112432,False
1.8205,203.13967043776475,0.507727861404419,8.253145141112432,False
1.821,203.13967043776475,0.507727861404419,8.253145141112432,False
1.8215000000000001,203.13967043776475,0.507727861404419,8.253145141112432,False
1.822,203.13967043776475,0.507727861404419,8.253145141112432,False
1.8225,203.13967043776475,0.507727861404419,8.253145141112432,False
1.823,203.13967043776475,0.507727861404419,8.253145141112432,False
1.8235000000000001,203.13967043776475,0.507727861404419,8.253145141112432,False
1.824,203.13967043776475,0.507727861404419,8.253145141112432,False
1.8245,203.13967043776475,0.507727861404419,8.253145141112432,False
1.825,203.13967043776475,0.507727861404419,8.253145141112432,False
1.8255000000000001,203.13967043776475,0.507727861404419,8.253145141112432,False
1.826,203.13967043776475,0.507727861404419,8.253145141112432,False
1.8265,203.13967043776475,0.507727861404419,8.253145141112432,False
1.827,203.13967043776475,0.507727861404419,8.253145141112432,False
1.8275000000000001,203.13967043776475,0.507727861404419,8.253145141112432,False
1.828,203.13967043776475,0.507727861404419,8.253145141112432,False
1.8285,203.13967043776475,0.507727861404419,8.253145141112432,False
1.829,203.13967043776475,0.507727861404419,8.253145141112432,False
1.8295000000000001,203.13967043776475,0.507727861404419,8.253145141112432,False
1.83,203.13967043776475,0.507727861404419,8.253145141112432,False
1.8305,203.13967043776475,0.507727861404419,8.253145141112432,False
1.831,203.13967043776475,0.507727861404419,8.253145141112432,False
1.8315000000000001,203.13967043776475,0.507727861404419,8.253145141112432,False
1.832,203.13967043776475,0.507727861404419,8.253145141112432,False
1.8325,203.13967043776475,0.507727861404419,8.253145141112432,False
1.833,203.13967043776475,0.507727861404419,8.253145141112432,False
1.8335000000000001,203.13967043776475,0.507727861404419,8.253145141112432,False
1.834,203.13967043776475,0.507727861404419,8.253145141112432,False
1.8345,203.13967043776475,0.507727861404419,8.253145141112432,False
1.835,203.13967043776475,0.507727861404419,8.253145141112432,False
1.8355000000000001,203.13967043776475,0.507727861404419,8.253145141112432,False
1.836,203.13967043776475,0.507727861404419,8.253145141112432,False
1.8365,203.13967043776475,0.507727861404419,8.253145141112432,False
1.837,203.13967043776475,0.507727861404419,8.253145141112432,False
1.8375000000000001,203.13967043776475,0.507727861404419,8.253145141112432,False
1.838,203.13967043776475,0.507727861404419,8.253145141112432,False
1.8385,203.13967043776475,0.507727861404419,8.253145141112432,False
1.839,203.13967043776475,0.507727861404419,8.253145141112432,False
1.8395000000000001,203.13967043776475,0.507727861404419,8.253145141112432,False
1.84,203.13967043776475,0.507727861404419,8.253145141112432,False
1.8405,203.13967043776475,0.507727861404419,8.253145141112432,False
1.841,203.13967043776475,0.507727861404419,8.253145141112432,False
1.8415000000000001,203.13967043776475,0.507727861404419,8.253145141112432,False
1.842,203.13967043776475,0.507727861404419,8.253145141112432,False
1.8425,203.13967043776475,0.507727861404419,8.253145141112432,False
1.843,203.13967043776475,0.507727861404419,8.253145141112432,False
1.8435000000000001,203.13967043776475,0.507727861404419,8.253145141112432,False
1.844,203.13967043776475,0.507727861404419,8.253145141112432,False
1.8445,203.13967043776475,0.507727861404419,8.253145141112432,False
1.845,203.13967043776475,0.507727861404419,8.253145141112432,False
1.8455000000000001,203.13967043776475,0.507727861404419,8.253145141112432,False
1.846,203.13967043776475,0.507727861404419,8.253145141112432,False
1.8465,203.13967043776475,0.507727861404419,8.253145141112432,False
1.847,203.13967043776475,0.507727861404419,8.253145141112432,False
1.8475000000000001,203.13967043776475,0.507727861404419,8.253145141112432,False
1.848,203.13967043776475,0.507727861404419,8.253145141112432,False
1.8485,203.13967043776475,0.507727861404419,8.253145141112432,False
1.849,203.13967043776475,0.507727861404419,8.253145141112432,False
1.8495000000000001,203.13967043776475,0.507727861404419,8.253145141112432,False
1.85,203.13967043776475,0.507727861404419,8.253145141112432,False
1.8505,203.13967043776475,0.507727861404419,8.253145141112432,False
1.851,203.13967043776475,0.507727861404419,8.253145141112432,False
1.8515000000000001,203.13967043776475,0.507727861404419,8.253145141112432,False
1.852,203.13967043776475,0.507727861404419,8.253145141112432,False
1.8525,203.13967043776475,0.507727861404419,8.253145141112432,False
1.853,203.13967043776475,0.507727861404419,8.253145141112432,False
1.8535000000000001,203.13967043776475,0.507727861404419,8.253145141112432,False
1.854,203.13967043776475,0.507727861404419,8.253145141112432,False
1.8545,203.13967043776475,0.507727861404419,8.253145141112432,False
1.855,203.13967043776475,0.507727861404419,8.253145141112432,False
1.8555000000000001,203.13967043776475,0.507727861404419,8.253145141112432,False
1.856,203.13967043776475,0.507727861404419,8.253145141112432,False
1.8565,203.13967043776475,0.507727861404419,8.253145141112432,False
1.857,203.13967043776475,0.507727861404419,8.253145141112432,False
1.8575,203.13967043776475,0.507727861404419,8.253145141112432,False
1.858,203.13967043776475,0.507727861404419,8.253145141112432,False
1.8585,203.13967043776475,0.507727861404419,8.253145141112432,False
1.859,203.13967043776475,0.507727861404419,8.253145141112432,False
1.8595,203.13967043776475,0.507727861404419,8.253145141112432,False
1.86,203.13967043776475,0.507727861404419,8.253145141112432,False
1.8605,203.13967043776475,0.507727861404419,8.253145141112432,False
1.861,203.13967043776475,0.507727861404419,8.253145141112432,False
1.8615,203.13967043776475,0.507727861404419,8.253145141112432,False
1.862,203.13967043776475,0.507727861404419,8.253145141112432,False
1.8625,203.13967043776475,0.507727861404419,8.253145141112432,False
1.863,203.13967043776475,0.507727861404419,8.253145141112432,False
1.8635,203.13967043776475,0.507727861404419,8.253145141112432,False
1.864,203.13967043776475,0.507727861404419,8.253145141112432,False
1.8645,203.13967043776475,0.507727861404419,8.253145141112432,False
1.865,203.13967043776475,0.507727861404419,8.253145141112432,False
1.8655,203.13967043776475,0.507727861404419,8.253145141112432,False
1.866,203.13967043776475,0.507727861404419,8.253145141112432,False
1.8665,203.13967043776475,0.507727861404419,8.253145141112432,False
1.867,203.13967043776475,0.507727861404419,8.253145141112432,False
1.8675,203.13967043776475,0.507727861404419,8.253145141112432,False
1.868,203.13967043776475,0.507727861404419,8.253145141112432,False
1.8685,203.13967043776475,0.507727861404419,8.253145141112432,False
1.869,203.13967043776475,0.507727861404419,8.253145141112432,False
1.8695,203.13967043776475,0.507727861404419,8.253145141112432,False
1.87,203.13967043776475,0.507727861404419,8.253145141112432,False
1.8705,203.13967043776475,0.507727861404419,8.253145141112432,False
1.871,203.13967043776475,0.507727861404419,8.253145141112432,False
1.8715,203.13967043776475,0.507727861404419,8.253145141112432,False
1.872,203.13967043776475,0.507727861404419,8.253145141112432,False
1.8725,203.13967043776475,0.507727861404419,8.253145141112432,False
1.873,203.13967043776475,0.507727861404419,8.253145141112432,False
1.8735,203.13967043776475,0.507727861404419,8.253145141112432,False
1.874,203.13967043776475,0.507727861404419,8.253145141112432,False
1.8745,203.13967043776475,0.507727861404419,8.253145141112432,False
1.875,203.13967043776475,0.507727861404419,8.253145141112432,False
1.8755,203.13967043776475,0.507727861404419,8.253145141112432,False
1.8760000000000001,203.13967043776475,0.507727861404419,8.253145141112432,False
1.8765,203.13967043776475,0.507727861404419,8.253145141112432,False
1.877,203.13967043776475,0.507727861404419,8.253145141112432,False
1.8775,203.13967043776475,0.507727861404419,8.253145141112432,False
1.8780000000000001,203.13967043776475,0.507727861404419,8.253145141112432,False
1.8785,203.13967043776475,0.507727861404419,8.253145141112432,False
1.879,203.13967043776475,0.507727861404419,8.253145141112432,False
1.8795,203.13967043776475,0.507727861404419,8.253145141112432,False
1.8800000000000001,203.13967043776475,0.507727861404419,8.253145141112432,False
1.8805,203.13967043776475,0.507727861404419,8.253145141112432,False
1.881,203.13967043776475,0.507727861404419,8.253145141112432,False
1.8815,203.13967043776475,0.507727861404419,8.253145141112432,False
1.8820000000000001,203.13967043776475,0.507727861404419,8.253145141112432,False
1.8825,203.13967043776475,0.507727861404419,8.253145141112432,False
1.883,203.13967043776475,0.507727861404419,8.253145141112432,False
1.8835,203.13967043776475,0.507727861404419,8.253145141112432,False
1.8840000000000001,203.13967043776475,0.507727861404419,8.253145141112432,False
1.8845,203.13967043776475,0.507727861404419,8.253145141112432,False
1.885,203.13967043776475,0.507727861404419,8.253145141112432,False
1.8855,203.13967043776475,0.507727861404419,8.253145141112432,False
1.8860000000000001,203.13967043776475,0.507727861404419,8.253145141112432,False
1.8865,203.13967043776475,0.507727861404419,8.253145141112432,False
1.887,203.13967043776475,0.507727861404419,8.253145141112432,False
1.8875,203.13967043776475,0.507727861404419,8.253145141112432,False
1.8880000000000001,203.13967043776475,0.507727861404419,8.253145141112432,False
1.8885,203.13967043776475,0.507727861404419,8.253145141112432,False
1.889,203.13967043776475,0.507727861404419,8.253145141112432,False
1.8895,203.13967043776475,0.507727861404419,8.253145141112432,False
1.8900000000000001,203.13967043776475,0.507727861404419,8.253145141112432,False
1.8905,203.13967043776475,0.507727861404419,8.253145141112432,False
1.891,203.13967043776475,0.507727861404419,8.253145141112432,False
1.8915,203.13967043776475,0.507727861404419,8.253145141112432,False
1.8920000000000001,203.13967043776475,0.507727861404419,8.253145141112432,False
1.8925,203.13967043776475,0.507727861404419,8.253145141112432,False
1.893,203.13967043776475,0.507727861404419,8.253145141112432,False
1.8935,203.13967043776475,0.507727861404419,8.253145141112432,False
1.8940000000000001,203.13967043776475,0.507727861404419,8.253145141112432,False
1.8945,203.13967043776475,0.507727861404419,8.253145141112432,False
1.895,203.13967043776475,0.507727861404419,8.253145141112432,False
1.8955,203.13967043776475,0.507727861404419,8.253145141112432,False
1.8960000000000001,203.13967043776475,0.507727861404419,8.253145141112432,False
1.8965,203.13967043776475,0.507727861404419,8.253145141112432,False
1.897,203.13967043776475,0.507727861404419,8.253145141112432,False
1.8975,203.13967043776475,0.507727861404419,8.253145141112432,False
1.8980000000000001,203.13967043776475,0.507727861404419,8.253145141112432,False
1.8985,203.13967043776475,0.507727861404419,8.253145141112432,False
1.899,203.13967043776475,0.507727861404419,8.253145141112432,False
1.8995,203.13967043776475,0.507727861404419,8.253145141112432,False
1.9000000000000001,203.13967043776475,0.507727861404419,8.253145141112432,False
1.9005,203.13967043776475,0.507727861404419,8.253145141112432,False
1.901,203.13967043776475,0.507727861404419,8.253145141112432,False
1.9015,203.13967043776475,0.507727861404419,8.253145141112432,False
1.9020000000000001,203.13967043776475,0.507727861404419,8.253145141112432,False
1.9025,203.13967043776475,0.507727861404419,8.253145141112432,False
1.903,203.13967043776475,0.507727861404419,8.253145141112432,False
1.9035,203.13967043776475,0.507727861404419,8.253145141112432,False
1.9040000000000001,203.13967043776475,0.507727861404419,8.253145141112432,False
1.9045,203.13967043776475,0.507727861404419,8.253145141112432,False
1.905,203.13967043776475,0.507727861404419,8.253145141112432,False
1.9055,203.13967043776475,0.507727861404419,8.253145141112432,False
1.9060000000000001,203.13967043776475,0.507727861404419,8.253145141112432,False
1.9065,203.13967043776475,0.507727861404419,8.253145141112432,False
1.907,203.13967043776475,0.507727861404419,8.253145141112432,False
1.9075,203.13967043776475,0.507727861404419,8.253145141112432,False
1.9080000000000001,203.13967043776475,0.507727861404419,8.253145141112432,False
1.9085,203.13967043776475,0.507727861404419,8.253145141112432,False
1.909,203.13967043776475,0.507727861404419,8.253145141112432,False
1.9095,203.13967043776475,0.507727861404419,8.253145141112432,False
1.9100000000000001,203.13967043776475,0.507727861404419,8.253145141112432,False
1.9105,203.13967043776475,0.507727861404419,8.253145141112432,False
1.911,203.13967043776475,0.507727861404419,8.253145141112432,False
1.9115,203.13967043776475,0.507727861404419,8.253145141112432,False
1.9120000000000001,203.13967043776475,0.507727861404419,8.253145141112432,False
1.9125,203.13967043776475,0.507727861404419,8.253145141112432,False
1.913,203.13967043776475,0.507727861404419,8.253145141112432,False
1.9135,203.13967043776475,0.507727861404419,8.253145141112432,False
1.9140000000000001,203.13967043776475,0.507727861404419,8.253145141112432,False
1.9145,203.13967043776475,0.507727861404419,8.253145141112432,False
1.915,203.13967043776475,0.507727861404419,8.253145141112432,False
1.9155,203.13967043776475,0.507727861404419,8.253145141112432,False
1.9160000000000001,203.13967043776475,0.507727861404419,8.253145141112432,False
1.9165,203.13967043776475,0.507727861404419,8.253145141112432,False
1.917,203.13967043776475,0.507727861404419,8.253145141112432,False
1.9175,203.13967043776475,0.507727861404419,8.253145141112432,False
1.9180000000000001,203.13967043776475,0.507727861404419,8.253145141112432,False
1.9185,203.13967043776475,0.507727861404419,8.253145141112432,False
1.919,203.13967043776475,0.507727861404419,8.253145141112432,False
1.9195,203.13967043776475,0.507727861404419,8.253145141112432,False
1.92,203.13967043776475,0.507727861404419,8.253145141112432,False
1.9205,203.13967043776475,0.507727861404419,8.253145141112432,False
1.921,203.13967043776475,0.507727861404419,8.253145141112432,False
1.9215,203.13967043776475,0.507727861404419,8.253145141112432,False
1.922,203.13967043776475,0.507727861404419,8.253145141112432,False
1.9225,203.13967043776475,0.507727861404419,8.253145141112432,False
1.923,203.13967043776475,0.507727861404419,8.253145141112432,False
1.9235,203.13967043776475,0.507727861404419,8.253145141112432,False
1.924,203.13967043776475,0.507727861404419,8.253145141112432,False
1.9245,203.13967043776475,0.507727861404419,8.253145141112432,False
1.925,203.13967043776475,0.507727861404419,8.253145141112432,False
1.9255,203.13967043776475,0.507727861404419,8.253145141112432,False
1.926,203.13967043776475,0.507727861404419,8.253145141112432,False
1.9265,203.13967043776475,0.507727861404419,8.253145141112432,False
1.927,203.13967043776475,0.507727861404419,8.253145141112432,False
1.9275,203.13967043776475,0.507727861404419,8.253145141112432,False
1.928,203.13967043776475,0.507727861404419,8.253145141112432,False
1.9285,203.13967043776475,0.507727861404419,8.253145141112432,False
1.929,203.13967043776475,0.507727861404419,8.253145141112432,False
1.9295,203.13967043776475,0.507727861404419,8.253145141112432,False
1.93,203.13967043776475,0.507727861404419,8.253145141112432,False
1.9305,203.13967043776475,0.507727861404419,8.253145141112432,False
1.931,203.13967043776475,0.507727861404419,8.253145141112432,False
1.9315,203.13967043776475,0.507727861404419,8.253145141112432,False
1.932,203.13967043776475,0.507727861404419,8.253145141112432,False
1.9325,203.13967043776475,0.507727861404419,8.253145141112432,False
1.933,203.13967043776475,0.507727861404419,8.253145141112432,False
1.9335,203.13967043776475,0.507727861404419,8.253145141112432,False
1.934,203.13967043776475,0.507727861404419,8.253145141112432,False
1.9345,203.13967043776475,0.507727861404419,8.253145141112432,False
1.935,203.13967043776475,0.507727861404419,8.253145141112432,False
1.9355,203.13967043776475,0.507727861404419,8.253145141112432,False
1.936,203.13967043776475,0.507727861404419,8.253145141112432,False
1.9365,203.13967043776475,0.507727861404419,8.253145141112432,False
1.937,203.13967043776475,0.507727861404419,8.253145141112432,False
1.9375,203.13967043776475,0.507727861404419,8.253145141112432,False
1.938,203.13967043776475,0.507727861404419,8.253145141112432,False
1.9385000000000001,203.13967043776475,0.507727861404419,8.253145141112432,False
1.939,203.13967043776475,0.507727861404419,8.253145141112432,False
1.9395,203.13967043776475,0.507727861404419,8.253145141112432,False
1.94,203.13967043776475,0.507727861404419,8.253145141112432,False
1.9405000000000001,203.13967043776475,0.507727861404419,8.253145141112432,False
1.941,203.13967043776475,0.507727861404419,8.253145141112432,False
1.9415,203.13967043776475,0.507727861404419,8.253145141112432,False
1.942,203.13967043776475,0.507727861404419,8.253145141112432,False
1.9425000000000001,203.13967043776475,0.507727861404419,8.253145141112432,False
1.943,203.13967043776475,0.507727861404419,8.253145141112432,False
1.9435,203.13967043776475,0.507727861404419,8.253145141112432,False
1.944,203.13967043776475,0.507727861404419,8.253145141112432,False
1.9445000000000001,203.13967043776475,0.507727861404419,8.253145141112432,False
1.945,203.13967043776475,0.507727861404419,8.253145141112432,False
1.9455,203.13967043776475,0.507727861404419,8.253145141112432,False
1.946,203.13967043776475,0.507727861404419,8.253145141112432,False
1.9465000000000001,203.13967043776475,0.507727861404419,8.253145141112432,False
1.947,203.13967043776475,0.507727861404419,8.253145141112432,False
1.9475,203.13967043776475,0.507727861404419,8.253145141112432,False
1.948,203.13967043776475,0.507727861404419,8.253145141112432,False
1.9485000000000001,203.13967043776475,0.507727861404419,8.253145141112432,False
1.949,203.13967043776475,0.507727861404419,8.253145141112432,False
1.9495,203.13967043776475,0.507727861404419,8.253145141112432,False
1.95,203.13967043776475,0.507727861404419,8.253145141112432,False
1.9505000000000001,203.13967043776475,0.507727861404419,8.253145141112432,False
1.951,203.13967043776475,0.507727861404419,8.253145141112432,False
1.9515,203.13967043776475,0.507727861404419,8.253145141112432,False
1.952,203.13967043776475,0.507727861404419,8.253145141112432,False
1.9525000000000001,203.13967043776475,0.507727861404419,8.253145141112432,False
1.953,203.13967043776475,0.507727861404419,8.253145141112432,False
1.9535,203.13967043776475,0.507727861404419,8.253145141112432,False
1.954,203.13967043776475,0.507727861404419,8.253145141112432,False
1.9545000000000001,203.13967043776475,0.507727861404419,8.253145141112432,False
1.955,203.13967043776475,0.507727861404419,8.253145141112432,False
1.9555,203.13967043776475,0.507727861404419,8.253145141112432,False
1.956,203.13967043776475,0.507727861404419,8.253145141112432,False
1.9565000000000001,203.13967043776475,0.507727861404419,8.253145141112432,False
1.957,203.13967043776475,0.507727861404419,8.253145141112432,False
1.9575,203.13967043776475,0.507727861404419,8.253145141112432,False
1.958,203.13967043776475,0.507727861404419,8.253145141112432,False
1.9585000000000001,203.13967043776475,0.507727861404419,8.253145141112432,False
1.959,203.13967043776475,0.507727861404419,8.253145141112432,False
1.9595,203.13967043776475,0.507727861404419,8.253145141112432,False
1.96,203.13967043776475,0.507727861404419,8.253145141112432,False
1.9605000000000001,203.13967043776475,0.507727861404419,8.253145141112432,False
1.961,203.13967043776475,0.507727861404419,8.253145141112432,False
1.9615,203.13967043776475,0.507727861404419,8.253145141112432,False
1.962,203.13967043776475,0.507727861404419,8.253145141112432,False
1.9625000000000001,203.13967043776475,0.507727861404419,8.253145141112432,False
1.963,203.13967043776475,0.507727861404419,8.253145141112432,False
1.9635,203.13967043776475,0.507727861404419,8.253145141112432,False
1.964,203.13967043776475,0.507727861404419,8.253145141112432,False
1.9645000000000001,203.13967043776475,0.507727861404419,8.253145141112432,False
1.965,203.13967043776475,0.507727861404419,8.253145141112432,False
1.9655,203.13967043776475,0.507727861404419,8.253145141112432,False
1.966,203.13967043776475,0.507727861404419,8.253145141112432,False
1.9665000000000001,203.13967043776475,0.507727861404419,8.253145141112432,False
1.967,203.13967043776475,0.507727861404419,8.253145141112432,False
1.9675,203.13967043776475,0.507727861404419,8.253145141112432,False
1.968,203.13967043776475,0.507727861404419,8.253145141112432,False
1.9685000000000001,203.13967043776475,0.507727861404419,8.253145141112432,False
1.969,203.13967043776475,0.507727861404419,8.253145141112432,False
1.9695,203.13967043776475,0.507727861404419,8.253145141112432,False
1.97,203.13967043776475,0.507727861404419,8.253145141112432,False
1.9705000000000001,203.13967043776475,0.507727861404419,8.253145141112432,False
1.971,203.13967043776475,0.507727861404419,8.253145141112432,False
1.9715,203.13967043776475,0.507727861404419,8.253145141112432,False
1.972,203.13967043776475,0.507727861404419,8.253145141112432,False
1.9725000000000001,203.13967043776475,0.507727861404419,8.253145141112432,False
1.973,203.13967043776475,0.507727861404419,8.253145141112432,False
1.9735,203.13967043776475,0.507727861404419,8.253145141112432,False
1.974,203.13967043776475,0.507727861404419,8.253145141112432,False
1.9745000000000001,203.13967043776475,0.507727861404419,8.253145141112432,False
1.975,203.13967043776475,0.507727861404419,8.253145141112432,False
1.9755,203.13967043776475,0.507727861404419,8.253145141112432,False
1.976,203.13967043776475,0.507727861404419,8.253145141112432,False
1.9765000000000001,203.13967043776475,0.507727861404419,8.253145141112432,False
1.977,203.13967043776475,0.507727861404419,8.253145141112432,False
1.9775,203.13967043776475,0.507727861404419,8.253145141112432,False
1.978,203.13967043776475,0.507727861404419,8.253145141112432,False
1.9785000000000001,203.13967043776475,0.507727861404419,8.253145141112432,False
1.979,203.13967043776475,0.507727861404419,8.253145141112432,False
1.9795,203.13967043776475,0.507727861404419,8.253145141112432,False
1.98,203.13967043776475,0.507727861404419,8.253145141112432,False
1.9805000000000001,203.13967043776475,0.507727861404419,8.253145141112432,False
1.981,203.13967043776475,0.507727861404419,8.253145141112432,False
1.9815,203.13967043776475,0.507727861404419,8.253145141112432,False
1.982,203.13967043776475,0.507727861404419,8.253145141112432,False
1.9825000000000002,203.13967043776475,0.507727861404419,8.253145141112432,False
1.983,203.13967043776475,0.507727861404419,8.253145141112432,False
1.9835,203.13967043776475,0.507727861404419,8.253145141112432,False
1.984,203.13967043776475,0.507727861404419,8.253145141112432,False
1.9845,203.13967043776475,0.507727861404419,8.253145141112432,False
1.985,203.13967043776475,0.507727861404419,8.253145141112432,False
1.9855,203.13967043776475,0.507727861404419,8.253145141112432,False
1.986,203.13967043776475,0.507727861404419,8.253145141112432,False
1.9865,203.13967043776475,0.507727861404419,8.253145141112432,False
1.987,203.13967043776475,0.507727861404419,8.253145141112432,False
1.9875,203.13967043776475,0.507727861404419,8.253145141112432,False
1.988,203.13967043776475,0.507727861404419,8.253145141112432,False
1.9885,203.13967043776475,0.507727861404419,8.253145141112432,False
1.989,203.13967043776475,0.507727861404419,8.253145141112432,False
1.9895,203.13967043776475,0.507727861404419,8.253145141112432,False
1.99,203.13967043776475,0.507727861404419,8.253145141112432,False
1.9905,203.13967043776475,0.507727861404419,8.253145141112432,False
1.991,203.13967043776475,0.507727861404419,8.253145141112432,False
1.9915,203.13967043776475,0.507727861404419,8.253145141112432,False
1.992,203.13967043776475,0.507727861404419,8.253145141112432,False
1.9925,203.13967043776475,0.507727861404419,8.253145141112432,False
1.993,203.13967043776475,0.507727861404419,8.253145141112432,False
1.9935,203.13967043776475,0.507727861404419,8.253145141112432,False
1.994,203.13967043776475,0.507727861404419,8.253145141112432,False
1.9945,203.13967043776475,0.507727861404419,8.253145141112432,False
1.995,203.13967043776475,0.507727861404419,8.253145141112432,False
1.9955,203.13967043776475,0.507727861404419,8.253145141112432,False
1.996,203.13967043776475,0.507727861404419,8.253145141112432,False
1.9965,203.13967043776475,0.507727861404419,8.253145141112432,False
1.997,203.13967043776475,0.507727861404419,8.253145141112432,False
1.9975,203.13967043776475,0.507727861404419,8.253145141112432,False
1.998,203.13967043776475,0.507727861404419,8.253145141112432,False
1.9985,203.13967043776475,0.507727861404419,8.253145141112432,False
1.999,203.13967043776475,0.507727861404419,8.253145141112432,False
1.9995,203.13967043776475,0.507727861404419,8.253145141112432,False
2.0,203.13967043776475,0.507727861404419,8.253145141112432,False
