time_s,output_voltage_V,duty_cycle,inductor_current_A,bound_hit
0.0005,190.04091800095716,0.634820282459259,24.828497716601962,False
0.001,198.50529483254869,0.46437931060791016,22.541849893167193,False
0.0015,204.0414122914655,0.3870756924152374,9.33927555438577,False
0.002,203.11827514110342,0.4437015652656555,1.8761404128163424,False
0.0025,200.46329801432944,0.5177268385887146,3.382554218670428,False
0.003,199.17852211257235,0.542717456817627,8.219513339447747,False
0.0035,199.85787535464004,0.5307386517524719,11.794932947864181,False
0.004,201.566608621498,0.4967845678329468,11.23149769598695,False
0.0045000000000000005,202.52597305497042,0.4770646393299103,8.049840775838843,False
0.005,202.01567313408594,0.48385700583457947,5.576211457898161,False
0.0055,200.86352256600088,0.5062692165374756,5.881700964597728,False
0.006,200.2352415148219,0.521396815776825,8.136068491443352,False
0.006500000000000001,200.5657072655688,0.5162649750709534,9.853228531247474,False
0.007,201.3580049066808,0.49921703338623047,9.494314247396169,False
0.0075,201.75557968734273,0.49022403359413147,7.949323245924792,False
0.008,201.49876945906377,0.49547237157821655,6.979400798097141,False
0.0085,201.06620700794087,0.5083341002464294,7.561491923190356,False
0.009000000000000001,200.99237826228793,0.5116345286369324,8.58575242042169,False
0.0095,201.21678334224165,0.5020583868026733,8.507948332210157,False
0.01,201.31834915175406,0.4983317255973816,7.963221068983414,False
0.0105,201.22074175417882,0.5015405416488647,7.780873700267076,False
0.011,201.13250567549719,0.506088376045227,8.13838174517335,False
0.0115,201.16776939736434,0.5035493969917297,8.216376158972437,False
0.012,201.20509846999985,0.5018817186355591,8.095796379272677,False
0.0125,201.19086481635156,0.5022484660148621,8.013456933116903,False
0.013000000000000001,201.15852590677642,0.5032413601875305,8.049828875255734,False
0.0135,201.14938256976126,0.5034523010253906,8.115809195954757,False
0.014,201.1623896842074,0.5029767155647278,8.127509077188188,False
0.0145,201.1732502461327,0.5026286244392395,8.09654712867494,False
0.015,201.17089450322933,0.5027289390563965,8.075738139215904,False
0.0155,201.16365956373454,0.50296950340271,8.083452185730868,False
0.016,201.16157768665528,0.5030250549316406,8.09874098894887,False
0.0165,201.16464630779058,0.5029159188270569,8.101558829935177,False
0.017,201.16723782292826,0.5028340220451355,8.09433325160261,False
0.0175,201.16672733293484,0.5028566718101501,8.089377699679117,False
0.018000000000000002,201.16503800788726,0.5029132962226868,8.091127760310208,False
0.0185,201.16453897068584,0.5029268264770508,8.094711549880103,False
0.019,201.1652517375468,0.5029014348983765,8.095396007679916,False
0.0195,201.165863073706,0.502882182598114,8.09372036005605,False
0.02,201.16575080142718,0.5028872489929199,8.092547808822625,False
0.0205,201.16535580929664,0.5029004812240601,8.092941299397756,False
0.021,201.1652340668059,0.5029037594795227,8.093777213149897,False
0.021500000000000002,201.16539912631973,0.5028980374336243,8.093960424517167,False
0.022,201.165547371373,0.502893328666687,8.093567865466515,False
0.0225,201.1655224733776,0.5028943419456482,8.093272652862195,False
0.023,201.16542403051795,0.5028975605964661,8.093358364329225,False
0.0235,201.165391662028,0.5028985738754272,8.093576797690673,False
0.024,201.1654332769483,0.5028970241546631,8.093618805930282,False
0.0245,201.16546974897787,0.5028958916664124,8.093521956380483,False
0.025,201.1654655025587,0.502896249294281,8.093461034098986,False
0.025500000000000002,201.16544584675955,0.5028969049453735,8.093477536922661,False
0.026000000000000002,201.16543866981036,0.5028970837593079,8.093517984195996,False
0.0265,201.1654439837634,0.5028967261314392,8.093518277973233,False
0.027,201.16544789199438,0.5028966665267944,8.093510550242994,False
0.0275,201.16544904321407,0.5028967261314392,8.093508852086815,False
0.028,201.16544932235294,0.5028967261314392,8.093506954633204,False
0.0285,201.16544871015577,0.5028967261314392,8.093505104071749,False
0.029,201.1654484033755,0.502896785736084,8.093510116340735,False
0.029500000000000002,201.16544931384522,0.5028967261314392,8.093508309118953,False
0.03,201.16544822042627,0.5028966665267944,8.093499793654688,False
0.0305,201.16544552391147,0.502896785736084,8.093505277339313,False
0.031,201.16544555928624,0.502896785736084,8.0935111313184,False
0.0315,201.16544716886426,0.5028967261314392,8.093510020283237,False
0.032,201.16544813722354,0.5028967261314392,8.093508549640923,False
0.0325,201.16544835270216,0.5028967261314392,8.093506914063662,False
0.033,201.1654489036949,0.502896785736084,8.093511906007137,False
0.0335,201.1654505918702,0.5028967261314392,8.09350985017511,False
0.034,201.16545009822795,0.5028966665267944,8.09350089387672,False
0.0345,201.1654455467557,0.5028966665267944,8.093492643700856,False
0.035,201.16544200239642,0.5028969049453735,8.0935124619827,False
0.035500000000000004,201.16544561611101,0.502896785736084,8.09351879805975,False
0.036000000000000004,201.16544962767378,0.5028966665267944,8.093510600091632,False
0.0365,201.16544845499263,0.5028966069221497,8.09349527343144,False
0.037,201.1654447723544,0.5028968453407288,8.093507564400579,False
0.0375,201.16544591633075,0.502896785736084,8.093513472963268,False
0.038,201.16544856802932,0.5028967261314392,8.0935121162906,False
0.0385,201.16545038012637,0.5028967261314392,8.09351013682441,False
0.039,201.16545003512866,0.5028966665267944,8.093501218829394,False
0.0395,201.16544563756597,0.5028966665267944,8.09349296471663,False
0.04,201.16544223261712,0.5028969049453735,8.09351273811921,False
0.0405,201.1654459537033,0.502896785736084,8.09351899487932,False
0.041,201.16545002748282,0.5028966665267944,8.093510693938978,False
0.0415,201.16544886476362,0.5028966069221497,8.093495254253265,False
0.042,201.16544403778371,0.502896785736084,8.093500856401448,False
0.0425,201.16544327442656,0.5028968453407288,8.093513971854502,False
0.043000000000000003,201.16544637238317,0.5028967261314392,8.093513290327838,False
0.043500000000000004,201.16544780112122,0.5028966665267944,8.093505242922388,False
0.044,201.16544653111748,0.5028967261314392,8.093503909227545,False
0.0445,201.1654458573267,0.502896785736084,8.093509581303111,False
0.045,201.16544783476186,0.502896785736084,8.093515070207015,False
0.0455,201.16545105911598,0.5028967261314392,8.093513097691316,False
0.046,201.16545201304498,0.5028966665267944,8.093503808203412,False
0.0465,201.16544863724621,0.5028966665267944,8.093494858741755,False
0.047,201.16544474980302,0.5028968453407288,8.093507127506662,False
0.0475,201.1654456957098,0.502896785736084,8.093513070105248,False
0.048,201.16544818125482,0.5028967261314392,8.093511798301515,False
0.0485,201.16544987974342,0.5028967261314392,8.093509942736992,False
0.049,201.16544948720951,0.5028966665267944,8.09350117111085,False
0.0495,201.16544731653255,0.502896785736084,8.093506227455283,False
0.05,201.16544763880552,0.502896785736084,8.093511540738605,False
0.0505,201.165449264181,0.5028967261314392,8.093509846870264,False
0.051000000000000004,201.16544998032006,0.5028967261314392,8.093507826519447,False
0.051500000000000004,201.16544861107124,0.5028966665267944,8.093499163598864,False
0.052000000000000005,201.1654466957631,0.5028968453407288,8.093511163477572,False
0.0525,201.16544822629842,0.5028967261314392,8.093509746197507,False
0.053,201.16544898199317,0.5028967261314392,8.093508010093265,False
0.0535,201.1654488808722,0.5028967261314392,8.093506182987909,False
0.054,201.16544905373823,0.502896785736084,8.093511080417583,False
0.0545,201.16545035173107,0.5028967261314392,8.09350903733656,False
0.055,201.16544950593143,0.5028966665267944,8.093500197406337,False
0.0555,201.1654468881262,0.502896785736084,8.09350531114307,False
0.056,201.1654468264226,0.502896785736084,8.093510797816677,False
0.0565,201.16544817884588,0.5028967261314392,8.093509368999612,False
0.057,201.16544876584322,0.5028967261314392,8.093507669770371,False
0.0575,201.16544852681702,0.5028967261314392,8.093505922329474,False
0.058,201.16544860961085,0.502896785736084,8.093510931229051,False
0.0585,201.16544987597297,0.5028967261314392,8.093509016582278,False
0.059000000000000004,201.16544905992583,0.5028966665267944,8.093500305321282,False
0.059500000000000004,201.1654465282997,0.502896785736084,8.093505531517584,False
0.06,201.16544659712883,0.502896785736084,8.093511100377107,False
0.0605,201.16544810692565,0.5028967261314392,8.09350971354103,False
0.061,201.16544885752444,0.5028967261314392,8.09350801148043,False
0.0615,201.1654487673069,0.5028967261314392,8.093506217600872,False
0.062,201.1654489653816,0.502896785736084,8.093511143208575,False
0.0625,201.16545029939812,0.5028967261314392,8.093509119752468,False
0.063,201.1654494956309,0.5028966665267944,8.093500288547506,False
0.0635,201.16544692038318,0.502896785736084,8.09350539920013,False
0.064,201.16544689631482,0.502896785736084,8.093510871596536,False
0.0645,201.16544827673494,0.5028967261314392,8.09350941934401,False
0.065,201.16544887869492,0.5028967261314392,8.093507690687757,False
0.0655,201.16544863993062,0.5028967261314392,8.093505911700957,False
0.066,201.1654487085288,0.502896785736084,8.093510891006266,False
0.0665,201.16544994832364,0.5028967261314392,8.093508952461407,False
0.067,201.1654490969648,0.5028966665267944,8.093500225944794,False
0.0675,201.16544652595894,0.502896785736084,8.093505447314552,False
0.068,201.16544655644853,0.502896785736084,8.093511022197035,False
0.0685,201.16544803382493,0.5028967261314392,8.093509651259694,False
0.069,201.16544876195354,0.5028967261314392,8.093507972756402,False
0.0695,201.16544866189983,0.5028967261314392,8.09350620693865,False
0.07,201.16544886379134,0.502896785736084,8.093511161442427,False
0.07050000000000001,201.16545021453317,0.5028967261314392,8.093509164008886,False
0.07100000000000001,201.16544943801983,0.5028966665267944,8.09350035268213,False
0.07150000000000001,201.1654468968741,0.502896785736084,8.093505474644354,False
0.07200000000000001,201.16544690926978,0.502896785736084,8.093510948497975,False
0.0725,201.16544832381243,0.5028967261314392,8.093509487849493,False
0.073,201.16544895323779,0.5028967261314392,8.093507742202291,False
0.0735,201.16544873189767,0.5028967261314392,8.093505939962217,False
0.074,201.1654488058414,0.502896785736084,8.093510892840852,False
0.0745,201.16545003844743,0.5028967261314392,8.093508928132207,False
0.075,201.16544916851993,0.5028966665267944,8.093500179052718,False
0.0755,201.16544657015214,0.502896785736084,8.093505384275627,False
0.076,201.1654465681481,0.502896785736084,8.093510951369652,False
0.0765,201.16544801214744,0.5028967261314392,8.093509581840092,False
0.077,201.16544871029686,0.5028967261314392,8.093507913587898,False
0.0775,201.1654485874283,0.5028967261314392,8.093506165388346,False
0.078,201.16544877644955,0.502896785736084,8.093511142487717,False
0.0785,201.16545012572305,0.5028967261314392,8.093509169646447,False
0.079,201.1654493591164,0.5028966665267944,8.093500381728875,False
0.0795,201.16544683777246,0.502896785736084,8.093505522948446,False
0.08,201.1654468771488,0.502896785736084,8.093511009525182,False
0.0805,201.16544832226856,0.5028967261314392,8.093509553562898,False
0.081,201.1654489818929,0.5028967261314392,8.093507804117442,False
0.0815,201.16544878652212,0.5028967261314392,8.09350599023963,False
0.082,201.16544887896714,0.502896785736084,8.093510925275543,False
0.0825,201.16545012038299,0.5028967261314392,8.093508938915727,False
0.083,201.1654492486305,0.5028966665267944,8.093500167214671,False
0.0835,201.16544663823632,0.502896785736084,8.093505351754258,False
0.084,201.165446615733,0.502896785736084,8.093510902709447,False
0.0845,201.16544803353884,0.5028967261314392,8.09350952356211,False
0.085,201.16544870325444,0.5028967261314392,8.093507853319354,False
0.0855,201.16544855338697,0.5028967261314392,8.093506110867267,False
0.08600000000000001,201.16544872026688,0.502896785736084,8.093511100572137,False
0.08650000000000001,201.16545005499418,0.5028967261314392,8.093509145454748,False
0.08700000000000001,201.16544928315213,0.5028966665267944,8.093500378018536,False
0.08750000000000001,201.16544676637739,0.502896785736084,8.093505539808111,False
0.088,201.16544681935906,0.502896785736084,8.093511044413592,False
0.0885,201.16544828521202,0.5028967261314392,8.093509601683072,False
0.089,201.16544896991408,0.5028967261314392,8.093507859072036,False
0.0895,201.16544880067974,0.5028967261314392,8.093506044878444,False
0.09,201.16544891696043,0.502896785736084,8.093510972623275,False
0.0905,201.165450176909,0.5028967261314392,8.093508973059908,False
0.091,201.16544931611813,0.5028966665267944,8.093500184041117,False
0.0915,201.16544670785632,0.502896785736084,8.093505349438912,False
0.092,201.1654466785498,0.502896785736084,8.093510881908346,False
0.0925,201.16544808165438,0.5028967261314392,8.093509487280873,False
0.093,201.16544873079752,0.5028967261314392,8.093507806484967,False
0.0935,201.16544855722552,0.5028967261314392,8.093506059662381,False
0.094,201.1654487003565,0.502896785736084,8.093511051621503,False
0.0945,201.16545001432576,0.5028967261314392,8.093509104970408,False
0.095,201.16544922731245,0.5028966665267944,8.093500351013901,False
0.0955,201.16544670278668,0.502896785736084,8.093505529479941,False
0.096,201.16544675628825,0.502896785736084,8.093511051767722,False
0.0965,201.16544823070996,0.5028967261314392,8.09350962544711,False
0.097,201.16544893078324,0.5028967261314392,8.09350789590083,False
0.0975,201.16544878163063,0.5028967261314392,8.093506089820512,False
0.098,201.16544892004913,0.502896785736084,8.093511019783662,False
0.0985,201.16545020132423,0.5028967261314392,8.093509016371145,False
0.099,201.16544935833912,0.5028966665267944,8.09350021804172,False
0.0995,201.16544676215335,0.502896785736084,8.093505369959798,False
0.1,201.165446737758,0.502896785736084,8.093510886581205,False
0.1005,201.16544813811626,0.5028967261314392,8.09350947580688,False
0.101,201.16544877735063,0.5028967261314392,8.093507780634006,False
0.1015,201.16544858810815,0.5028967261314392,8.093506023007995,False
0.10200000000000001,201.1654487119177,0.502896785736084,8.093511009050347,False
0.10250000000000001,201.16545000545187,0.5028967261314392,8.09350906203317,False
0.10300000000000001,201.1654491995219,0.5028966665267944,8.09350031320359,False
0.10350000000000001,201.16544665998623,0.502896785736084,8.093505501531121,False
0.10400000000000001,201.16544670422897,0.502896785736084,8.09351103706586,False
0.1045,201.16544817621772,0.5028967261314392,8.093509625621403,False
0.105,201.16544888086642,0.5028967261314392,8.093507910649073,False
0.1055,201.16544874258102,0.5028967261314392,8.093506116984056,False
0.106,201.16544889665164,0.502896785736084,8.09351105565815,False
0.1065,201.1654501962738,0.5028967261314392,8.093509056208948,False
0.107,201.16544937193572,0.5028966665267944,8.093500256678155,False
0.1075,201.16544679230887,0.502896785736084,8.093505402480883,False
0.108,201.16544678030792,0.502896785736084,8.093510908946778,False
0.1085,201.16544818739067,0.5028967261314392,8.093509485350378,False
0.109,201.16544882692716,0.5028967261314392,8.09350777637733,False
0.1095,201.16544863164674,0.5028967261314392,8.093506005754705,False
0.11,201.16544874396894,0.502896785736084,8.093510981249462,False
0.1105,201.16545002213672,0.5028967261314392,8.093509027435319,False
0.111,201.16544919899763,0.5028966665267944,8.093500276357286,False
0.1115,201.16544664264373,0.502896785736084,8.093505467186564,False
0.112,201.16544667260058,0.502896785736084,8.093511009564205,False
0.1125,201.16544813461343,0.5028967261314392,8.093509608347796,False
0.113,201.16544883478974,0.5028967261314392,8.093507905618118,False
0.1135,201.16544869800336,0.5028967261314392,8.09350612460819,False
0.114,201.16544885924054,0.502896785736084,8.093511074725107,False
0.1145,201.1654501706745,0.5028967261314392,8.09350908406721,False
0.115,201.16544936119678,0.5028966665267944,8.09350028960281,False
0.1155,201.16544679752278,0.502896785736084,8.093505436169782,False
0.116,201.1654468005083,0.502896785736084,8.093510939081073,False
0.1165,201.16544821971448,0.5028967261314392,8.093509508146669,False
0.117,201.16544886701627,0.5028967261314392,8.093507789060995,False
0.11750000000000001,201.1654486742327,0.5028967261314392,8.093506006895451,False
0.11800000000000001,201.16544878356353,0.502896785736084,8.093510970918755,False
0.11850000000000001,201.16545005373726,0.5028967261314392,8.093509007168992,False
0.11900000000000001,201.16544921871696,0.5028966665267944,8.09350024893174,False
0.11950000000000001,201.16544664818576,0.502896785736084,8.093505436240712,False
0.12,201.16544666352402,0.502896785736084,8.093510979118271,False
0.1205,201.16544811235312,0.5028967261314392,8.093509582282483,False
0.121,201.165448802438,0.5028967261314392,8.093507887181376,False
0.1215,201.16544865988377,0.5028967261314392,8.09350611601213,False
0.122,201.16544882033213,0.502896785736084,8.093511076882859,False
0.1225,201.16545013596348,0.5028967261314392,8.093509096500703,False
0.123,201.16544933503923,0.5028966665267944,8.09350031053004,False
0.1235,201.1654467830999,0.502896785736084,8.093505462757006,False
0.124,201.16544679944207,0.502896785736084,8.093510967824722,False
0.1245,201.16544823188983,0.5028967261314392,8.093509535333563,False
0.125,201.1654488906283,0.5028967261314392,8.09350781124673,False
0.1255,201.16544870604935,0.5028967261314392,8.09350602133944,False
0.126,201.16544881936517,0.502896785736084,8.09351097592116,False
0.1265,201.16545008887448,0.5028967261314392,8.093509002268304,False
0.127,201.1654492487127,0.5028966665267944,8.09350023494048,False
0.1275,201.16544666930417,0.502896785736084,8.093505415117622,False
0.128,201.16544667323387,0.502896785736084,8.093510953696486,False
0.1285,201.16544810962844,0.5028967261314392,8.093509555891057,False
0.129,201.16544878786098,0.5028967261314392,8.09350786321061,False
0.1295,201.1654486355399,0.5028967261314392,8.093506097479235,False
0.13,201.16544878951558,0.502896785736084,8.093511066053486,False
0.1305,201.1654501027336,0.5028967261314392,8.093509094613578,False
0.131,201.1654493036872,0.5028966665267944,8.093500317658012,False
0.1315,201.1654467575963,0.502896785736084,8.09350547781969,False
0.132,201.16544678293545,0.502896785736084,8.093510988748228,False
0.1325,201.1654482263199,0.5028967261314392,8.093509559334194,False
0.133,201.165448896501,0.5028967261314392,8.093507835200011,False
0.1335,201.16544872239902,0.5028967261314392,8.093506042185732,False
0.134,201.16544884390564,0.502896785736084,8.09351099105537,False
0.1345,201.16545011831602,0.5028967261314392,8.093509009864206,False
0.135,201.1654492792013,0.5028966665267944,8.09350023416939,False
0.1355,201.1654466969247,0.502896785736084,8.093505406235508,False
0.136,201.1654466945111,0.502896785736084,8.093510937990834,False
0.1365,201.16544812196312,0.5028967261314392,8.093509535496999,False
0.137,201.16544878984539,0.5028967261314392,8.093507840822133,False
0.1375,201.16544862711524,0.5028967261314392,8.093506075994465,False
0.138,201.16544877195417,0.502896785736084,8.09351104820054,False
0.1385,201.1654500784512,0.5028967261314392,8.093509082605198,False
0.139,201.16544927591283,0.5028966665267944,8.093500312918549,False
0.1395,201.16544672994442,0.502896785736084,8.09350548081793,False
0.14,201.1654467589369,0.502896785736084,8.09351099895548,False
0.1405,201.1654482089723,0.5028967261314392,8.093509575310613,False
0.14100000000000001,201.16544888789562,0.5028967261314392,8.093507854795705,False
0.14150000000000001,201.1654487234709,0.5028967261314392,8.093506062828839,False
0.14200000000000002,201.16544885433572,0.502896785736084,8.093511010088596,False
0.14250000000000002,201.16545013659555,0.5028967261314392,8.093509024885954,False
0.14300000000000002,201.16544930284704,0.5028966665267944,8.093500243335797,False
0.14350000000000002,201.1654467228143,0.502896785736084,8.093505408485557,False
0.14400000000000002,201.16544671929452,0.502896785736084,8.093510933167193,False
0.1445,201.16544814249457,0.5028967261314392,8.093509524349086,False
0.145,201.1654488035815,0.5028967261314392,8.093507824893326,False
0.1455,201.16544863242882,0.5028967261314392,8.093506057409975,False
0.146,201.1654487683248,0.502896785736084,8.0935110293849,False
0.1465,201.1654500665108,0.5028967261314392,8.093509065966858,False
0.147,201.16544925734362,0.5028966665267944,8.09350030054243,False
0.1475,201.1654467072437,0.502896785736084,8.093505474205115,False
0.148,201.16544673508287,0.502896785736084,8.093510998842435,False
0.1485,201.1654481870345,0.5028967261314392,8.093509581589455,False
0.149,201.16544887064103,0.5028967261314392,8.093507866543904,False
0.1495,201.165448713016,0.5028967261314392,8.093506078442395,False
0.15,201.16544885188839,0.502896785736084,8.093511027499812,False
0.1505,201.1654501423178,0.5028967261314392,8.093509041836347,False
0.151,201.16544931585392,0.5028966665267944,8.09350025766828,False
0.1515,201.16544674130697,0.502896785736084,8.093505418418125,False
0.152,201.16544674080683,0.502896785736084,8.093510937513543,False
0.1525,201.16544816422103,0.5028967261314392,8.093509522659009,False
0.153,201.1654488227421,0.5028967261314392,8.093507817496366,False
0.1535,201.1654486466237,0.5028967261314392,8.093506045358643,False
0.154,201.16544877583368,0.502896785736084,8.093511014306593,False
0.1545,201.16545006650006,0.5028967261314392,8.093509049845114,False
0.155,201.1654492499561,0.5028966665267944,8.093500285456788,False
0.1555,201.1654466935622,0.502896785736084,8.093505462063602,False
0.156,201.16544671697392,0.502896785736084,8.093510991140977,False
0.1565,201.16544816689517,0.5028967261314392,8.093509579228536,False
0.157,201.16544885108286,0.5028967261314392,8.093507869724684,False
0.1575,201.1654486965269,0.5028967261314392,8.09350608665417,False
0.158,201.16544884051746,0.502896785736084,8.093511039598694,False
0.1585,201.16545013742154,0.5028967261314392,8.09350905620333,False
0.159,201.16544931793618,0.5028966665267944,8.093500272425015,False
0.1595,201.16544674997033,0.502896785736084,8.0935054316718,False
0.16,201.16544675482058,0.502896785736084,8.093510947599011,False
0.1605,201.16544818169396,0.5028967261314392,8.093509528347253,False
0.161,201.16544884137656,0.5028967261314392,8.093507818143344,False
0.1615,201.16544866401688,0.5028967261314392,8.093506040976546,False
0.162,201.16544878978664,0.502896785736084,8.093511005549958,False
0.1625,201.16545007529479,0.5028967261314392,8.093509037915089,False
0.163,201.1654492525659,0.5028966665267944,8.093500271937385,False
0.1635,201.16544668976994,0.502896785736084,8.093505448712115,False
0.164,201.1654467073846,0.502896785736084,8.09351097966019,False
0.1645,201.16544815284317,0.5028967261314392,8.093509571050168,False
0.165,201.16544883444752,0.5028967261314392,8.093507865831555,False
0.1655,201.16544867948238,0.5028967261314392,8.093506087463089,False
0.166,201.16544882524926,0.502896785736084,8.093511044917827,False
0.1665,201.1654501258472,0.5028967261314392,8.093509065268167,False
0.167,201.16544931146495,0.5028966665267944,8.09350028400683,False
0.1675,201.16544674933306,0.502896785736084,8.093505444243407,False
0.168,201.16544675998884,0.502896785736084,8.093510959535495,False
0.1685,201.16544819189824,0.5028967261314392,8.093509538135438,False
0.169,201.16544885521822,0.5028967261314392,8.093507824572994,False
0.1695,201.16544867965888,0.5028967261314392,8.093506043289343,False
0.17,201.1654488051966,0.502896785736084,8.093511003527864,False
0.1705,201.1654500885081,0.5028967261314392,8.093509031898028,False
0.171,201.1654492619356,0.5028966665267944,8.093500262769343,False
0.1715,201.1654466941712,0.502896785736084,8.093505437623788,False
0.17200000000000001,201.16544670634858,0.502896785736084,8.09351096810447,False
0.17250000000000001,201.16544814660452,0.5028967261314392,8.093509560512333,False
0.17300000000000001,201.16544882390124,0.5028967261314392,8.093507857638883,False
0.17350000000000002,201.16544866605713,0.5028967261314392,8.093506082618228,False
0.17400000000000002,201.1654488107145,0.502896785736084,8.0935110439768,False
0.17450000000000002,201.16545011208092,0.5028967261314392,8.093509068277758,False
0.17500000000000002,201.1654493002117,0.5028966665267944,8.093500290508148,False
0.17550000000000002,201.16544674198323,0.502896785736084,8.093505453340068,False
0.176,201.16544675740818,0.502896785736084,8.093510970016384,False
0.1765,201.16544819432664,0.5028967261314392,8.093509548635351,False
0.177,201.16544886225117,0.5028967261314392,8.093507833750014,False
0.1775,201.16544869031122,0.5028967261314392,8.093506049995806,False
0.178,201.1654488180391,0.502896785736084,8.09351100695337,False
0.1785,201.16545010185862,0.5028967261314392,8.093509031666642,False
0.179,201.16544927407887,0.5028966665267944,8.093500258979443,False
0.1795,201.16544670357828,0.502896785736084,8.093505430826577,False
0.18,201.16544671186907,0.502896785736084,8.09351095922503,False
0.1805,201.1654481476062,0.5028967261314392,8.093509550724377,False
0.181,201.1654488203412,0.5028967261314392,8.09350784821011,False
0.1815,201.16544865847595,0.5028967261314392,8.093506074746601,False
0.182,201.1654488001566,0.502896785736084,8.093511038638795,False
0.1825,201.16545009995124,0.5028967261314392,8.093509066107739,False
0.183,201.16544928808966,0.5028966665267944,8.093500291723775,False
0.1835,201.16544673141757,0.502896785736084,8.093505457722308,False
0.184,201.16544674971956,0.502896785736084,8.093510976945721,False
0.1845,201.1654481904433,0.5028967261314392,8.0935095571785,False
0.185,201.16544886259777,0.5028967261314392,8.093507842785023,False
0.1855,201.16544869476377,0.5028967261314392,8.093506058359008,False
0.186,201.16544882595142,0.502896785736084,8.093511013588847,False
0.1865,201.16545011215467,0.5028967261314392,8.093509035759084,False
0.187,201.16544928539827,0.5028966665267944,8.093500260053817,False
0.1875,201.16544671445553,0.502896785736084,8.093505428802397,False
0.188,201.16544672092266,0.502896785736084,8.093510954419228,False
0.1885,201.16544815371367,0.5028967261314392,8.093509543803334,False
0.189,201.16544882277756,0.5028967261314392,8.093507840097944,False
0.1895,201.1654486569991,0.5028967261314392,8.093506066502226,False
0.19,201.16544879502885,0.502896785736084,8.093511031318071,False
0.1905,201.16545009189647,0.5028967261314392,8.093509060628651,False
0.191,201.16544927819203,0.5028966665267944,8.093500288751745,False
0.1915,201.16544672097646,0.502896785736084,8.0935054575899,False
0.192,201.16544674007926,0.502896785736084,8.093510979616418,False
0.1925,201.1654481828205,0.5028967261314392,8.093509562258303,False
0.193,201.16544885792845,0.5028967261314392,8.09350784957955,False
0.1935,201.16544869358898,0.5028967261314392,8.093506065967853,False
0.194,201.16544882835555,0.502896785736084,8.093511021024474,False
0.1945,201.16545011776319,0.5028967261314392,8.09350904207469,False
0.195,201.16544929343414,0.5028966665267944,8.093500264463524,False
0.1955,201.16544672384643,0.502896785736084,8.093505430778643,False
0.196,201.16544673044314,0.502896785736084,8.0935109537553,False
0.1965,201.16544816214486,0.5028967261314392,8.093509540633752,False
0.197,201.16544882906277,0.5028967261314392,8.093507834874835,False
0.1975,201.1654486603756,0.5028967261314392,8.093506059931585,False
0.198,201.16544879511994,0.502896785736084,8.093511024264801,False
0.1985,201.16545008875232,0.5028967261314392,8.093509054003041,False
0.199,201.16544927227528,0.5028966665267944,8.093500283392308,False
0.1995,201.16544671309526,0.502896785736084,8.093505454157588,False
0.2,201.1654467312776,0.502896785736084,8.09351097851352,False
0.2005,201.16544817424028,0.5028967261314392,8.093509563581897,False
0.201,201.16544885066176,0.5028967261314392,8.093507853114867,False
0.2015,201.1654486885396,0.5028967261314392,8.093506071221562,False
0.202,201.16544882612692,0.502896785736084,8.093511027292976,False
0.2025,201.16545011858696,0.5028967261314392,8.093509048537966,False
0.203,201.1654492971477,0.5028966665267944,8.093500270292083,False
0.20350000000000001,201.16544672992086,0.502896785736084,8.093505435239708,False
0.20400000000000001,201.1654467380579,0.502896785736084,8.093510956304602,False
0.20450000000000002,201.165448170298,0.5028967261314392,8.093509540981543,False
0.20500000000000002,201.1654488367024,0.5028967261314392,8.093507833018108,False
0.20550000000000002,201.16544866653527,0.5028967261314392,8.09350605614907,False
0.20600000000000002,201.1654487990405,0.502896785736084,8.093511019076034,False
0.20650000000000002,201.16545008997494,0.5028967261314392,8.093509048097463,False
0.20700000000000002,201.16544927069455,0.5028966665267944,8.093500277537963,False
0.20750000000000002,201.16544670896593,0.502896785736084,8.09350544910153,False
0.20800000000000002,201.16544672517517,0.502896785736084,8.093510974886735,False
0.2085,201.16544816698163,0.5028967261314392,8.093509561820898,False
0.209,201.1654488431961,0.5028967261314392,8.093507853409548,False
0.2095,201.16544868182473,0.5028967261314392,8.09350607349558,False
0.21,201.1654488210066,0.502896785736084,8.09351103121853,False
0.2105,201.16545011568553,0.5028967261314392,8.093509053582409,False
0.211,201.16544929679407,0.5028966665267944,8.093500275789816,False
0.2115,201.1654467321122,0.502896785736084,8.093505440479762,False
0.212,201.16544674246646,0.502896785736084,8.093510960622302,False
0.2125,201.16544817631873,0.5028967261314392,8.09350954384255,False
0.213,201.16544884353567,0.5028967261314392,8.09350783408428,False
0.2135,201.1654486732927,0.5028967261314392,8.093506055317954,False
0.214,201.16544880486006,0.502896785736084,8.093511016489526,False
0.2145,201.16545009413082,0.5028967261314392,8.09350904411907,False
0.215,201.16544927268697,0.5028966665267944,8.093500272702206,False
0.2155,201.165446708581,0.502896785736084,8.09350544404242,False
0.216,201.16544672250689,0.502896785736084,8.093510970254888,False
0.2165,201.16544816241387,0.5028967261314392,8.093509558200084,False
0.217,201.1654488373482,0.5028967261314392,8.093507851243368,False
0.2175,201.165448675468,0.5028967261314392,8.093506073033446,False
0.218,201.16544881496282,0.502896785736084,8.093511032487426,False
0.2185,201.16545011072097,0.5028967261314392,8.093509056387642,False
0.219,201.1654492935228,0.5028966665267944,8.09350027974405,False
0.2195,201.16544673092037,0.502896785736084,8.093505445056138,False
0.22,201.16544674346713,0.502896785736084,8.093510965224391,False
0.2205,201.1654481793428,0.5028967261314392,8.093509547881863,False
0.221,201.16544884815875,0.5028967261314392,8.093507837055308,False
0.2215,201.16544867889394,0.5028967261314392,8.093506056861187,False
0.222,201.1654488107054,0.502896785736084,8.093511016434658,False
0.2225,201.16545009946879,0.5028967261314392,8.093509042503186,False
0.223,201.16544927684515,0.5028966665267944,8.09350026976114,False
0.2235,201.16544671105027,0.502896785736084,8.093505440176871,False
0.224,201.16544672300347,0.502896785736084,8.093510965976167,False
0.2245,201.16544816091147,0.5028967261314392,8.09350955406266,False
0.225,201.16544883407641,0.5028967261314392,8.093507847773234,False
0.2255,201.16544867087813,0.5028967261314392,8.09350607066142,False
0.226,201.16544880966617,0.502896785736084,8.09351103149592,False
0.2265,201.1654501054076,0.5028967261314392,8.093509056877355,False
0.227,201.16544928887186,0.5028966665267944,8.093500281624538,False
0.2275,201.16544672751365,0.502896785736084,8.093505448060956,False
0.228,201.16544674171652,0.502896785736084,8.093510968948461,False
0.2285,201.16544817944086,0.5028967261314392,8.09350955183582,False
0.229,201.1654488500581,0.5028967261314392,8.093507840729618,False
0.2295,201.16544868231802,0.5028967261314392,8.093506059791645,False
0.23,201.16544881518806,0.502896785736084,8.093511018260834,False
0.2305,201.16545010441732,0.5028967261314392,8.093509043012517,False
0.231,201.1654492816185,0.5028966665267944,8.093500268913331,False
0.2315,201.1654467150418,0.502896785736084,8.093505438105797,False
0.232,201.165446725718,0.502896785736084,8.093510962969457,False
0.2325,201.1654481620261,0.5028967261314392,8.093509550522095,False
0.233,201.1654488334789,0.5028967261314392,8.09350784416123,False
0.2335,201.16544866867702,0.5028967261314392,8.093506067440826,False
0.234,201.16544880617283,0.502896785736084,8.09351102907087,False
0.23450000000000001,201.16545010109272,0.5028967261314392,8.093509055542722,False
0.23500000000000001,201.1654492843022,0.5028966665267944,8.093500281530337,False
0.23550000000000001,201.1654467232779,0.502896785736084,8.093505449195886,False
0.23600000000000002,201.16544673834963,0.502896785736084,8.093510971144365,False
0.23650000000000002,201.16544817735664,0.5028967261314392,8.093509554792156,False
0.23700000000000002,201.16544884949872,0.5028967261314392,8.093507844054335,False
0.23750000000000002,201.16544868332628,0.5028967261314392,8.093506063052997,False
0.23800000000000002,201.16544881760558,0.502896785736084,8.093511021043302,False
0.23850000000000002,201.16545010790873,0.5028967261314392,8.093509044969599,False
0.23900000000000002,201.16544928571747,0.5028966665267944,8.09350026981049,False
0.23950000000000002,201.16544671921324,0.502896785736084,8.093505437848338,False
0.24,201.16544672942743,0.502896785736084,8.093510961612003,False
0.2405,201.16544816480834,0.5028967261314392,8.093509548258782,False
0.241,201.16544883499583,0.5028967261314392,8.093507841298292,False
0.2415,201.16544866875864,0.5028967261314392,8.093506064355362,False
0.242,201.16544880483576,0.502896785736084,8.093511026161298,False
0.2425,201.16545009853445,0.5028967261314392,8.093509053177502,False
0.243,201.1654492808726,0.5028966665267944,8.09350028000144,False
0.2435,201.1654467194316,0.502896785736084,8.093505448682919,False
0.244,201.16544673458588,0.502896785736084,8.09351097169376,False
0.2445,201.16544817415485,0.5028967261314392,8.093509556313723,False
0.245,201.16544884725732,0.5028967261314392,8.093507846335365,False
0.2455,201.16544868231364,0.5028967261314392,8.093506065787764,False
0.246,201.16544881792797,0.502896785736084,8.093511023873837,False
0.2465,201.1654501094998,0.5028967261314392,8.093509047532445,False
0.247,201.16544928835006,0.5028966665267944,8.093500271783228,False
0.2475,201.16544672253133,0.502896785736084,8.093505438990029,False
0.248,201.16544673299424,0.502896785736084,8.09351096179242,False
0.2485,201.1654481681634,0.5028967261314392,8.093509547472971,False
0.249,201.1654488377145,0.5028967261314392,8.093507839664845,False
0.2495,201.16544867050555,0.5028967261314392,8.093506062098932,False
0.25,201.16544880540596,0.502896785736084,8.093511023581913,False
0.2505,201.1654500978772,0.5028967261314392,8.093509050610814,False
0.251,201.16544927909504,0.5028966665267944,8.093500277775162,False
0.2515,201.16544671678196,0.502896785736084,8.093505447075088,False
0.252,201.16544673141905,0.502896785736084,8.093510970898164,False
0.2525,201.1654481708851,0.5028967261314392,8.093509556416747,False
0.253,201.16544884430448,0.5028967261314392,8.093507847306952,False
0.2535,201.16544868004905,0.5028967261314392,8.093506067487422,False
0.254,201.16544881662801,0.502896785736084,8.093511026070692,False
0.2545,201.1654501093124,0.5028967261314392,8.093509049936447,False
0.255,201.16544928927826,0.5028966665267944,8.09350027408332,False
0.2555,201.16544672443558,0.502896785736084,8.093505440894267,False
0.256,201.16544673561282,0.502896785736084,8.093510963064938,False
0.2565,201.16544817114826,0.5028967261314392,8.093509547963055,False
0.257,201.16544884067739,0.5028967261314392,8.093507839324612,False
0.2575,201.16544867306828,0.5028967261314392,8.093506060987476,False
0.258,201.16544880724868,0.502896785736084,8.093511021855752,False
0.2585,201.16545009877802,0.5028967261314392,8.093509048502062,False
0.259,201.16544927895654,0.5028966665267944,8.093500275560444,False
0.2595,201.16544671564128,0.502896785736084,8.09350544503939,False
0.26,201.1654467294409,0.502896785736084,8.093510969298244,False
0.2605,201.16544816833803,0.5028967261314392,8.093509555448822,False
0.261,201.16544884152464,0.5028967261314392,8.093507847082792,False
0.2615,201.16544867739594,0.5028967261314392,8.093506068021671,False
0.262,201.1654488144383,0.502896785736084,8.093511027280817,False
0.2625,201.16545010785708,0.5028967261314392,8.09350905165511,False
0.263,201.16544928872946,0.5028966665267944,8.093500276081365,False
0.2635,201.16544672484636,0.502896785736084,8.093505442911155,False
0.264,201.16544673691263,0.502896785736084,8.093510964842617,False
0.2645,201.16544817315437,0.5028967261314392,8.093509549278902,False
0.265,201.16544884312015,0.5028967261314392,8.093507840019175,False
0.2655,201.16544867562735,0.5028967261314392,8.093506060983712,False
0.266,201.16544880959486,0.502896785736084,8.093511021167291,False
0.2665,201.1654501006156,0.5028967261314392,8.093509047229757,False
0.267,201.1654492800603,0.5028966665267944,8.093500273877842,False
0.2675,201.16544671588403,0.502896785736084,8.093505443169198,False
0.268,201.16544672880784,0.502896785736084,8.093510967482933,False
0.2685,201.1654481669265,0.5028967261314392,8.093509553919288,False
0.269,201.16544883952963,0.5028967261314392,8.093507846029086,False
0.2695,201.16544867508335,0.5028967261314392,8.093506067569464,False
0.27,201.1654488121095,0.502896785736084,8.093511027476575,False
0.2705,201.16545010581004,0.5028967261314392,8.093509052461627,False
0.271,201.1654492872204,0.5028966665267944,8.093500277384091,False
0.2715,201.16544672405797,0.502896785736084,8.093505444534294,False
0.272,201.1654467369321,0.502896785736084,8.09351096657275,False
0.2725,201.16544817396397,0.5028967261314392,8.09350955089294,False
0.273,201.16544884460154,0.5028967261314392,8.093507841313082,False
0.2735,201.16544867757867,0.5028967261314392,8.093506061798191,False
0.274,201.16544881175795,0.502896785736084,8.093511021407286,False
0.2745,201.16545010271005,0.5028967261314392,8.093509046875404,False
0.275,201.1654492818198,0.5028966665267944,8.09350027298561,False
0.2755,201.16544671709008,0.502896785736084,8.0935054418632,False
0.276,201.1654467293167,0.502896785736084,8.093510965937831,False
0.2765,201.1654481666863,0.5028967261314392,8.093509552337016,False
0.277,201.16544883858518,0.5028967261314392,8.093507844612512,False
0.2775,201.16544867356853,0.5028967261314392,8.093506066496472,False
0.278,201.16544881022867,0.502896785736084,8.093511026877799,False
0.2785,201.16545010381034,0.5028967261314392,8.093509052404643,False
0.279,201.16544928535959,0.5028966665267944,8.093500277865994,False
0.2795,201.16544672257118,0.502896785736084,8.09350544548337,False
0.28,201.16544673600228,0.502896785736084,8.093510967858947,False
0.2805,201.16544817369947,0.5028967261314392,8.093509552345576,False
0.281,201.16544884502366,0.5028967261314392,8.093507842743412,False
0.28150000000000003,201.16544867862055,0.5028967261314392,8.093506063023861,False
0.28200000000000003,201.16544881327476,0.502896785736084,8.093511022275548,False
0.28250000000000003,201.16545010449906,0.5028967261314392,8.09350904728204,False
0.28300000000000003,201.16544928364732,0.5028966665267944,8.093500272887345,False
0.28350000000000003,201.16544671872185,0.502896785736084,8.093505441282094,False
0.28400000000000003,201.1654467305479,0.502896785736084,8.093510964957218,False
0.28450000000000003,201.16544816736717,0.5028967261314392,8.09350955108971,False
0.28500000000000003,201.1654488386391,0.5028967261314392,8.093507843262902,False
0.28550000000000003,201.16544867300038,0.5028967261314392,8.093506065218921,False
0.28600000000000003,201.16544880912275,0.502896785736084,8.093511025834193,False
0.28650000000000003,201.16545010231815,0.5028967261314392,8.093509051723919,False
0.28700000000000003,201.16544928367898,0.5028966665267944,8.093500277628285,False
0.28750000000000003,201.16544672092047,0.502896785736084,8.093505445710719,False
0.28800000000000003,201.16544673459177,0.502896785736084,8.09351096851354,False
0.2885,201.16544817270486,0.5028967261314392,8.093509553335752,False
0.289,201.16544884456417,0.5028967261314392,8.093507843936349,False
0.2895,201.1654486787448,0.5028967261314392,8.09350606426334,False
0.29,201.16544881395598,0.502896785736084,8.093511023402323,False
0.2905,201.16545010563974,0.5028967261314392,8.093509048154267,False
0.291,201.165449285093,0.5028966665267944,8.093500273398368,False
0.2915,201.1654467202821,0.502896785736084,8.093505441373425,False
0.292,201.16544673202122,0.502896785736084,8.093510964625091,False
0.2925,201.16544816856697,0.5028967261314392,8.09350955038453,False
0.293,201.16544883941717,0.5028967261314392,8.09350784228179,False
0.2935,201.1654486732653,0.5028967261314392,8.093506064092438,False
0.294,201.16544880885027,0.502896785736084,8.093511024709004,False
0.2945,201.1654501015532,0.5028967261314392,8.093509050743775,False
0.295,201.16544928252864,0.5028966665267944,8.093500276915703,False
0.2955,201.1654467195389,0.502896785736084,8.0935054453517,False
0.296,201.1654467331599,0.502896785736084,8.093510968547319,False
0.2965,201.16544817140658,0.5028967261314392,8.09350955375061,False
0.297,201.1654488435629,0.5028967261314392,8.093507844672102,False
0.2975,201.1654486781629,0.5028967261314392,8.09350606521992,False
0.298,201.16544881385985,0.502896785736084,8.093511024453353,False
0.2985,201.16545010603247,0.5028967261314392,8.093509049163679,False
0.299,201.1654492859153,0.5028966665267944,8.093500274237964,False
0.2995,201.1654467214208,0.502896785736084,8.093505441939111,False
0.3,201.1654467333249,0.502896785736084,8.093510964849736,False
0.3005,201.16544816986587,0.5028967261314392,8.09350955024584,False
0.301,201.16544884054542,0.5028967261314392,8.093507841804334,False
0.3015,201.16544867408197,0.5028967261314392,8.093506063343598,False
0.302,201.1654488092569,0.502896785736084,8.093511023789564,False
0.3025,201.1654501015055,0.5028967261314392,8.093509049774424,False
0.303,201.16544928204127,0.5028966665267944,8.093500276021242,False
0.3035,201.16544671868243,0.502896785736084,8.093505444645011,False
0.304,201.16544673205067,0.502896785736084,8.093510968115158,False
0.3045,201.16544817019107,0.5028967261314392,8.093509553643042,False
0.305,201.1654488423984,0.5028967261314392,8.093507844896772,False
0.3055,201.16544867719725,0.5028967261314392,8.09350606574188,False
0.306,201.16544881321272,0.502896785736084,8.093511025200316,False
0.3065,201.16545010578056,0.5028967261314392,8.093509050035971,False
0.307,201.16544928608334,0.5028966665267944,8.093500275121778,False
0.3075,201.1654467219794,0.502896785736084,8.093505442721312,False
0.308,201.1654467341953,0.502896785736084,8.093510965432301,False
0.3085,201.1654481709311,0.5028967261314392,8.09350955055809,False
0.309,201.1654488416657,0.5028967261314392,8.093507841811446,False
0.3095,201.16544867511305,0.5028967261314392,8.09350606305041,False
0.31,201.1654488100688,0.502896785736084,8.093511023239182,False
0.3105,201.1654501019986,0.5028967261314392,8.093509049042005,False
0.311,201.16544928215853,0.5028966665267944,8.093500275203775,False
0.3115,201.16544671841595,0.502896785736084,8.09350544384855,False
0.312,201.16544673144173,0.502896785736084,8.093510967441063,False
0.3125,201.16544816932395,0.5028967261314392,8.093509553175128,False
0.313,201.16544884138872,0.5028967261314392,8.09350784469093,False
0.3135,201.16544867617665,0.5028967261314392,8.093506065819478,False
0.314,201.16544881231184,0.502896785736084,8.093511025546112,False
0.3145,201.1654501051122,0.5028967261314392,8.09350905060074,False
0.315,201.16544928572856,0.5028966665267944,8.093500275829246,False
0.3155,201.16544672197767,0.502896785736084,8.093505443478398,False
0.316,201.16544673454024,0.502896785736084,8.09351096614132,False
0.3165,201.16544817157202,0.5028967261314392,8.093509551129353,False
0.317,201.16544884251516,0.5028967261314392,8.093507842174557,False
0.3175,201.16544867605867,0.5028967261314392,8.093506063162875,False
0.318,201.16544881098787,0.502896785736084,8.093511023091347,False
0.3185,201.1654501027742,0.5028967261314392,8.093509048657651,False
0.319,201.1654492826942,0.5028966665267944,8.093500274636467,False
0.3195,201.16544671864776,0.502896785736084,8.093505443174228,False
0.32,201.16544673134584,0.502896785736084,8.093510966747907,False
0.3205,201.16544816891877,0.5028967261314392,8.093509552552062,False
0.321,201.16544884073184,0.5028967261314392,8.093507844216248,False
0.3215,201.1654486753568,0.5028967261314392,8.093506065551031,False
0.322,201.16544881143676,0.502896785736084,8.093511025514307,False
0.3225,201.16545010429476,0.5028967261314392,8.093509050805189,False
0.323,201.16544928507213,0.5028966665267944,8.093500276239384,False
0.3235,201.16544672156306,0.502896785736084,8.093505444037948,False
0.324,201.16544673441587,0.502896785736084,8.093510966775987,False
0.3245,201.16544817174832,0.5028967261314392,8.09350955175664,False
0.325,201.165448842964,0.5028967261314392,8.093507842714446,False
0.3255,201.16544867671752,0.5028967261314392,8.093506063548032,False
0.326,201.16544881176856,0.502896785736084,8.093511023275482,False
0.3265,201.1654501035747,0.5028967261314392,8.093509048621039,False
0.327,201.165449283412,0.5028966665267944,8.093500274387935,False
0.3275,201.16544671919263,0.502896785736084,8.093505442749501,False
0.328,201.16544673165143,0.502896785736084,8.093510966204569,False
0.3285,201.1654481689505,0.5028967261314392,8.093509551961754,False
0.329,201.1654488404908,0.5028967261314392,8.093507843655285,False
0.3295,201.16544867487886,0.5028967261314392,8.093506065090546,False
0.33,201.16544881078752,0.502896785736084,8.093511025211253,False
0.3305,201.1654501035605,0.5028967261314392,8.093509050695314,False
0.331,201.16544928434814,0.5028966665267944,8.093500276333081,False
0.3315,201.1654467209417,0.502896785736084,8.093505444319414,False
0.332,201.16544673397453,0.502896785736084,8.093510967205727,False
0.3325,201.16544817154008,0.5028967261314392,8.09350955227696,False
0.333,201.16544884301098,0.5028967261314392,8.093507843257171,False
0.3335,201.165448677009,0.5028967261314392,8.0935060640434,False
0.334,201.16544881226272,0.502896785736084,8.093511023661081,False
0.3345,201.16545010420458,0.5028967261314392,8.09350904884965,False
0.335,201.1654492840945,0.5028966665267944,8.093500274433307,False
0.3355,201.16544671983965,0.502896785736084,8.093505442609283,False
0.336,201.1654467321808,0.502896785736084,8.093510965900169,False
0.3365,201.16544816929692,0.5028967261314392,8.093509551535169,False
0.337,201.16544884061346,0.5028967261314392,8.093507843163309,False
0.3375,201.16544867476634,0.5028967261314392,8.09350606459726,False
0.338,201.16544881045854,0.502896785736084,8.093511024779708,False
0.3385,201.16545010306112,0.5028967261314392,8.093509050379492,False
0.339,201.16544928374546,0.5028966665267944,8.093500276171156,False
0.3395,201.16544672031463,0.502896785736084,8.093505444329177,False
0.34,201.16544673340366,0.502896785736084,8.093510967382702,False
0.3405,201.16544817109732,0.5028967261314392,8.093509552595386,False
0.341,201.16544884275052,0.5028967261314392,8.093507843673686,False
0.3415,201.1654486769606,0.5028967261314392,8.093506064502938,False
0.342,201.1654488124286,0.502896785736084,8.093511024104123,False
0.3425,201.16545010455945,0.5028967261314392,8.093509049219914,False
0.343,201.16544928458956,0.5028966665267944,8.093500274684859,False
0.3435,201.16544672040894,0.502896785736084,8.093505442712212,False
0.34400000000000003,201.1654467327503,0.502896785736084,8.093510965844118,False
0.34450000000000003,201.1654481697937,0.5028967261314392,8.093509551330289,False
0.34500000000000003,201.16544884097547,0.5028967261314392,8.093507842838598,False
0.34550000000000003,201.1654486749499,0.5028967261314392,8.093506064196461,False
0.34600000000000003,201.16544881044354,0.502896785736084,8.093511024355463,False
0.34650000000000003,201.16545010285327,0.5028967261314392,8.09350904998644,False
0.34700000000000003,201.16544928337487,0.5028966665267944,8.09350027585893,False
0.34750000000000003,201.16544671983172,0.502896785736084,8.09350544413616,False
0.34800000000000003,201.16544673287228,0.502896785736084,8.093510967331305,False
0.34850000000000003,201.16544817058627,0.5028967261314392,8.093509552689506,False
0.34900000000000003,201.1654488423247,0.5028967261314392,8.09350784389856,False
0.34950000000000003,201.16544867667284,0.5028967261314392,8.09350606482737,False
0.35000000000000003,201.165448812313,0.502896785736084,8.093511024484789,False
0.35050000000000003,201.16545010462764,0.5028967261314392,8.093509049607112,False
0.35100000000000003,201.16544928482924,0.5028966665267944,8.093500275028994,False
0.35150000000000003,201.16544672078638,0.502896785736084,8.093505442970132,False
0.352,201.1654467332146,0.502896785736084,8.093510965984493,False
0.3525,201.165448170284,0.5028967261314392,8.093509551337384,False
0.353,201.16544884142863,0.5028967261314392,8.093507842713995,False
0.3535,201.16544867530857,0.5028967261314392,8.093506063958566,False
0.354,201.16544881066375,0.502896785736084,8.093511024036816,False
0.3545,201.16545010290946,0.5028967261314392,8.09350904962928,False
0.355,201.16544928326297,0.5028966665267944,8.093500275509623,False
0.3555,201.16544671956922,0.502896785736084,8.093505443839177,False
0.356,201.1654467324955,0.502896785736084,8.093510967123624,False
0.3565,201.16544817014548,0.5028967261314392,8.093509552595986,False
0.357,201.16544884187743,0.5028967261314392,8.093507843929022,False
0.3575,201.16544867627636,0.5028967261314392,8.093506064975601,False
0.358,201.16544881201713,0.502896785736084,8.093511024729633,False
0.3585,201.16545010446825,0.5028967261314392,8.09350904991545,False
0.359,201.16544928482415,0.5028966665267944,8.093500275360224,False
0.3595,201.1654467209332,0.502896785736084,8.093505443281506,False
0.36,201.1654467334918,0.502896785736084,8.093510966236607,False
0.3605,201.16544817065366,0.5028967261314392,8.09350955149916,False
0.361,201.16544884184177,0.5028967261314392,8.093507842766474,False
0.3615,201.16544867571164,0.5028967261314392,8.093506063897106,False
0.362,201.16544881100546,0.502896785736084,8.093511023871406,False
0.3625,201.16545010314726,0.5028967261314392,8.093509049383009,False
0.363,201.16544928336842,0.5028966665267944,8.09350027521549,False
0.3635,201.16544671953133,0.502896785736084,8.093505443535683,False
0.364,201.16544673232187,0.502896785736084,8.093510966849719,False
0.3645,201.16544816986084,0.5028967261314392,8.09350955238611,False
0.365,201.16544884152023,0.5028967261314392,8.09350784380878,False
0.3655,201.16544867589363,0.5028967261314392,8.093506064958666,False
0.366,201.1654488116582,0.502896785736084,8.093511024816229,False
0.3665,201.16545010417852,0.5028967261314392,8.093509050092578,False
0.367,201.16544928463935,0.5028966665267944,8.093500275603558,False
0.3675,201.165446720875,0.502896785736084,8.09350544355871,False
0.368,201.16544673356523,0.502896785736084,8.093510966511625,False
0.3685,201.16544817084693,0.5028967261314392,8.093509551736894,False
0.369,201.16544884212792,0.5028967261314392,8.093507842937232,False
0.3695,201.16544867605236,0.5028967261314392,8.093506063980321,False
0.37,201.16544881135613,0.502896785736084,8.093511023858094,False
0.3705,201.16545010346292,0.5028967261314392,8.0935090492767,False
0.371,201.1654492836094,0.5028966665267944,8.093500275031506,False
0.3715,201.16544671966827,0.502896785736084,8.093505443298989,False
0.372,201.16544673233923,0.502896785736084,8.093510966591541,False
0.3725,201.16544816975863,0.5028967261314392,8.09350955213983,False
0.373,201.1654488413138,0.5028967261314392,8.093507843605634,False
0.3735,201.1654486756113,0.5028967261314392,8.093506064823789,False
0.374,201.16544881133746,0.502896785736084,8.09351102476556,False
0.3745,201.1654501038611,0.5028967261314392,8.093509050130999,False
0.375,201.16544928436574,0.5028966665267944,8.093500275724471,False
0.3755,201.16544672067934,0.502896785736084,8.093505443745098,False
0.376,201.16544673347104,0.502896785736084,8.093510966738434,False
0.3765,201.16544817086427,0.5028967261314392,8.093509551974378,False
0.377,201.1654488422525,0.5028967261314392,8.093507843154862,False
0.3775,201.16544867626627,0.5028967261314392,8.093506064150667,False
0.378,201.16544881163037,0.502896785736084,8.093511023960264,False
0.3785,201.16545010376132,0.5028967261314392,8.093509049298918,False
0.379,201.1654492838934,0.5028966665267944,8.093500274972426,False
0.3795,201.1654467199018,0.502896785736084,8.093505443167679,False
0.38,201.16544673249342,0.502896785736084,8.093510966406136,False
0.3805,201.16544816981525,0.5028967261314392,8.093509551925042,False
0.381,201.16544884126742,0.5028967261314392,8.093507843389462,False
0.3815,201.1654486754698,0.5028967261314392,8.093506064633887,False
0.382,201.1654488111207,0.502896785736084,8.0935110246257,False
0.3825,201.1654501035982,0.5028967261314392,8.093509050058113,False
0.383,201.16544928409118,0.5028966665267944,8.093500275726617,False
0.3835,201.16544672042843,0.502896785736084,8.093505443820593,False
0.384,201.16544673327533,0.502896785736084,8.09351096687626,False
0.3845,201.16544817074777,0.5028967261314392,8.093509552155757,False
0.385,201.16544884222859,0.5028967261314392,8.093507843355798,False
0.3855,201.16544867633627,0.5028967261314392,8.093506064345117,False
0.386,201.16544881178353,0.502896785736084,8.093511024123528,False
0.3865,201.16545010397655,0.5028967261314392,8.09350904941072,False
0.387,201.165449284142,0.5028966665267944,8.093500275019457,False
0.3875,201.1654467201514,0.502896785736084,8.093505443145155,False
0.388,201.16544673271216,0.502896785736084,8.093510966318242,False
0.3885,201.16544816997572,0.5028967261314392,8.093509551784226,False
0.389,201.16544884135024,0.5028967261314392,8.093507843214724,False
0.3895,201.16544867546583,0.5028967261314392,8.093506064448182,False
0.39,201.16544881103204,0.502896785736084,8.093511024452965,False
0.3905,201.1654501034378,0.5028967261314392,8.093509049920186,False
0.391,201.16544928388083,0.5028966665267944,8.093500275640473,False
0.3915,201.16544672019603,0.502896785736084,8.093505443796268,False
0.392,201.16544673305103,0.502896785736084,8.093510966915687,False
0.3925,201.1654481705601,0.5028967261314392,8.093509552252682,False
0.393,201.1654488421008,0.5028967261314392,8.093507843496736,False
0.3935,201.1654486762835,0.5028967261314392,8.09350606451123,False
0.394,201.16544881181116,0.502896785736084,8.093511024293111,False
0.3945,201.16545010407947,0.5028967261314392,8.093509049562044,False
0.395,201.1654492843057,0.5028966665267944,8.093500275133533,False
0.3955,201.16544672035388,0.502896785736084,8.093505443208096,False
0.396,201.16544673292665,0.502896785736084,8.093510966322965,False
0.3965,201.16544817017467,0.5028967261314392,8.093509551731243,False
0.397,201.16544884150852,0.5028967261314392,8.093507843111887,False
0.3975,201.165448675564,0.5028967261314392,8.093506064309574,False
0.398,201.16544881105872,0.502896785736084,8.093511024296962,False
0.3985,201.16545010339087,0.5028967261314392,8.093509049767043,False
0.399,201.16544928376774,0.5028966665267944,8.0935002755097,False
0.3995,201.16544672003246,0.502896785736084,8.093505443704144,False
0.4,201.16544673285875,0.502896785736084,8.09351096687325,False
0.4005,201.16544817036424,0.5028967261314392,8.093509552264429,False
0.401,201.16544884192646,0.5028967261314392,8.093507843560158,False
0.4015,201.16544867615258,0.5028967261314392,8.093506064617246,False
0.402,201.1654488117395,0.502896785736084,8.093511024427382,False
0.4025,201.16545010407515,0.5028967261314392,8.093509049706894,False
0.403,201.16544928436804,0.5028966665267944,8.093500275270257,False
0.4035,201.16544672047354,0.502896785736084,8.093505443319387,False
0.404,201.16544673308738,0.502896785736084,8.093510966395092,False
0.4045,201.1654481703552,0.5028967261314392,8.093509551755718,False
0.405,201.16544884168533,0.5028967261314392,8.09350784308647,False
0.4055,201.16544867571457,0.5028967261314392,8.093506064238458,False
0.406,201.16544881116434,0.502896785736084,8.093511024190098,False
0.40650000000000003,201.1654501034389,0.5028967261314392,8.093509049638755,False
0.40700000000000003,201.1654492837531,0.5028966665267944,8.093500275376776,False
0.40750000000000003,201.16544671995817,0.502896785736084,8.093505443583654,False
0.40800000000000003,201.16544673273546,0.502896785736084,8.093510966780368,False
0.40850000000000003,201.1654481702086,0.5028967261314392,8.0935095522105,False
0.40900000000000003,201.16544884175894,0.5028967261314392,8.093507843551343,False
0.40950000000000003,201.16544867599487,0.5028967261314392,8.093506064653832,False
0.41000000000000003,201.16544881161158,0.502896785736084,8.093511024503831,False
0.41050000000000003,201.1654501039928,0.5028967261314392,8.093509049812674,False
0.41100000000000003,201.16544928434087,0.5028966665267944,8.0935002753913,False
0.41150000000000003,201.16544672050406,0.502896785736084,8.09350544343994,False
0.41200000000000003,201.16544673317063,0.502896785736084,8.093510966499748,False
0.41250000000000003,201.1654481704794,0.5028967261314392,8.093509551831394,False
0.41300000000000003,201.16544884183395,0.5028967261314392,8.093507843124053,False
0.41350000000000003,201.16544867586816,0.5028967261314392,8.093506064233853,False
0.41400000000000003,201.16544881130315,0.502896785736084,8.093511024144682,False
0.41450000000000004,201.16545010354548,0.5028967261314392,8.093509049559096,False
0.41500000000000004,201.1654492838144,0.5028966665267944,8.093500275273703,False
0.41550000000000004,201.16544671996718,0.502896785736084,8.093505443470793,False
0.41600000000000004,201.16544673269212,0.502896785736084,8.093510966672323,False
0.4165,201.16544817011933,0.5028967261314392,8.093509552120988,False
0.417,201.16544884163608,0.5028967261314392,8.093507843491464,False
0.4175,201.1654486758547,0.5028967261314392,8.093506064630684,False
0.418,201.16544881147234,0.502896785736084,8.093511024519689,False
0.4185,201.16545010387233,0.5028967261314392,8.09350904986478,False
0.419,201.16544928425424,0.5028966665267944,8.0935002754723,False
0.4195,201.16544672046166,0.502896785736084,8.093505443538934,False
0.42,201.165446733177,0.502896785736084,8.093510966603748,False
0.4205,201.1654481705329,0.5028967261314392,8.093509551927022,False
0.421,201.16544884192683,0.5028967261314392,8.09350784319923,False
0.4215,201.16544867598776,0.5028967261314392,8.093506064279351,False
0.422,201.1654488114337,0.502896785736084,8.093511024155251,False
0.4225,201.16545010367005,0.5028967261314392,8.093509049534054,False
0.423,201.16544928391727,0.5028966665267944,8.093500275216918,False
0.4235,201.1654467200356,0.502896785736084,8.09350544339011,False
0.424,201.16544673271792,0.502896785736084,8.093510966578506,False
0.4245,201.16544817010012,0.5028967261314392,8.093509552026273,False
0.425,201.1654488415751,0.5028967261314392,8.093507843407961,False
0.4255,201.16544867576053,0.5028967261314392,8.09350606456885,False
0.426,201.1654488113577,0.502896785736084,8.09351102448702,False
0.4265,201.16545010375216,0.5028967261314392,8.093509049864895,False
0.427,201.165449284144,0.5028966665267944,8.09350027550458,False
0.4275,201.16544672037531,0.502896785736084,8.093505443598648,False
0.428,201.1654467331251,0.502896785736084,8.093510966682743,False
0.4285,201.1654481705214,0.5028967261314392,8.093509552014844,False
0.429,201.16544884195642,0.5028967261314392,8.093507843284508,False
0.4295,201.16544867605398,0.5028967261314392,8.09350606435124,False
0.43,201.16544881152734,0.502896785736084,8.093511024204805,False
0.4305,201.16545010377868,0.5028967261314392,8.093509049555358,False
0.431,201.1654492840267,0.5028966665267944,8.093500275207779,False
0.4315,201.1654467201318,0.502896785736084,8.093505443352273,False
0.432,201.16544673278892,0.502896785736084,8.093510966517336,False
0.4325,201.16544817013724,0.5028967261314392,8.093509551950026,False
0.433,201.1654488415743,0.5028967261314392,8.093507843326666,False
0.4335,201.16544867572262,0.5028967261314392,8.093506064492987,False
0.434,201.1654488112882,0.502896785736084,8.09351102442616,False
0.4345,201.1654501036605,0.5028967261314392,8.093509049826544,False
0.435,201.16544928404235,0.5028966665267944,8.093500275493223,False
0.4355,201.1654467202768,0.502896785736084,8.093505443615232,False
0.436,201.16544673304227,0.502896785736084,8.093510966724637,False
0.4365,201.1654481704646,0.5028967261314392,8.093509552076224,False
0.437,201.1654488419324,0.5028967261314392,8.093507843357152,False
0.4375,201.16544867606515,0.5028967261314392,8.093506064425661,False
0.438,201.16544881157168,0.502896785736084,8.093511024271464,False
0.4385,201.16545010384985,0.5028967261314392,8.09350904960588,False
0.439,201.16544928411506,0.5028966665267944,8.093500275236023,False
0.4395,201.16544672022587,0.502896785736084,8.093505443355044,False
0.44,201.1654467328765,0.502896785736084,8.093510966494755,False
0.4405,201.16544817020724,0.5028967261314392,8.093509551905452,False
0.441,201.16544884161814,0.5028967261314392,8.093507843266208,False
0.4415,201.16544867573523,0.5028967261314392,8.093506064424652,False
0.442,201.1654488112685,0.502896785736084,8.093511024358822,False
0.4425,201.16545010361165,0.5028967261314392,8.093509049768787,False
0.443,201.1654492839711,0.5028966665267944,8.093500275452241,False
0.4435,201.16544672019268,0.502896785736084,8.09350544359595,False
0.444,201.16544673295627,0.502896785736084,8.0935109667291,False
0.4445,201.1654481703877,0.5028967261314392,8.09350955210342,False
0.445,201.16544884187425,0.5028967261314392,8.093507843403195,False
0.4455,201.16544867603287,0.5028967261314392,8.09350606448432,False
0.446,201.1654488115689,0.502896785736084,8.093511024335008,False
0.4465,201.16545010387634,0.5028967261314392,8.093509049666105,False
0.447,201.16544928416695,0.5028966665267944,8.093500275285296,False
0.4475,201.165446720296,0.502896785736084,8.093505443387276,False
0.448,201.1654467329556,0.502896785736084,8.093510966506152,False
0.4485,201.16544817028503,0.5028967261314392,8.093509551894945,False
0.449,201.16544884168468,0.5028967261314392,8.09350784323556,False
0.4495,201.16544867578216,0.5028967261314392,8.093506064378172,False
0.45,201.16544881129028,0.502896785736084,8.093511024302765,False
0.4505,201.16545010360602,0.5028967261314392,8.09350904971049,False
0.451,201.16544928393927,0.5028966665267944,8.093500275399185,False
0.4515,201.16544672013922,0.502896785736084,8.093505443554804,False
0.452,201.16544673288837,0.502896785736084,8.09351096670491,False
0.4525,201.16544817031433,0.5028967261314392,8.093509552098954,False
0.453,201.16544884180493,0.5028967261314392,8.093507843418648,False
0.4535,201.1654486759763,0.5028967261314392,8.093506064517337,False
0.454,201.1654488115321,0.502896785736084,8.093511024381055,False
0.4545,201.1654501038637,0.5028967261314392,8.093509049719048,False
0.455,201.1654492841796,0.5028966665267944,8.093500275338227,False
0.4555,201.16544672033177,0.502896785736084,8.093505443433436,False
0.456,201.1654467330095,0.502896785736084,8.093510966539776,False
0.4565,201.16544817034995,0.5028967261314392,8.09350955191198,False
0.457,201.16544884175207,0.5028967261314392,8.093507843234121,False
0.4575,201.16544867584335,0.5028967261314392,8.093506064358788,False
0.458,201.16544881133763,0.502896785736084,8.093511024268244,False
0.4585,201.16545010363362,0.5028967261314392,8.093509049665517,False
0.459,201.16544928394399,0.5028966665267944,8.093500275349712,False
0.4595,201.16544672012085,0.502896785736084,8.093505443507249,False
0.46,201.1654467328498,0.502896785736084,8.09351096666531,False
0.4605,201.16544817026082,0.5028967261314392,8.093509552072215,False
0.461,201.16544884174363,0.5028967261314392,8.093507843407943,False
0.4615,201.16544867591517,0.5028967261314392,8.093506064523723,False
0.462,201.1654488114789,0.502896785736084,8.093511024403394,False
0.4625,201.16545010382515,0.5028967261314392,8.09350904975418,False
0.463,201.1654492841603,0.5028966665267944,8.093500275381428,False
0.4635,201.16544672033385,0.502896785736084,8.093505443479033,False
0.464,201.16544673303224,0.502896785736084,8.093510966581906,False
0.4645,201.16544817039002,0.5028967261314392,8.093509551945328,False
0.465,201.16544884180405,0.5028967261314392,8.09350784325461,False
0.4655,201.1654486759005,0.5028967261314392,8.09350606436404,False
0.466,201.16544881139242,0.502896785736084,8.093511024257861,False
0.4665,201.16545010367915,0.5028967261314392,8.093509049641128,False
0.467,201.16544928397457,0.5028966665267944,8.093500275314705,False
0.4675,201.16544672013293,0.502896785736084,8.093505443466292,False
0.468,201.16544673284213,0.502896785736084,8.093510966623747,False
0.4685,201.16544817023478,0.5028967261314392,8.093509552035373,False
0.46900000000000003,201.16544884170284,0.5028967261314392,8.093507843380435,False
0.46950000000000003,201.16544867586518,0.5028967261314392,8.093506064508896,False
0.47000000000000003,201.1654488114263,0.502896785736084,8.093511024402892,False
0.47050000000000003,201.1654501037766,0.5028967261314392,8.093509049767798,False
0.47100000000000003,201.165449284122,0.5028966665267944,8.093500275407163,False
0.47150000000000003,201.16544672031046,0.502896785736084,8.093505443513374,False
0.47200000000000003,201.16544673302653,0.502896785736084,8.093510966620302,False
0.47250000000000003,201.16544817040239,0.5028967261314392,8.093509551982788,False
0.47300000000000003,201.16544884183256,0.5028967261314392,8.09350784328636,False
0.47350000000000003,201.16544867594115,0.5028967261314392,8.093506064386128,False
0.47400000000000003,201.16544881143983,0.502896785736084,8.093511024267654,False
0.47450000000000003,201.16545010372712,0.5028967261314392,8.093509049637603,False
0.47500000000000003,201.165449284017,0.5028966665267944,8.093500275298556,False
0.47550000000000003,201.16544672016443,0.502896785736084,8.093505443439827,False
0.47600000000000003,201.16544673285884,0.502896785736084,8.09351096659056,False
0.47650000000000003,201.16544817023492,0.5028967261314392,8.093509551999842,False
0.47700000000000004,201.16544884168673,0.5028967261314392,8.093507843347146,False
0.47750000000000004,201.1654486758352,0.5028967261314392,8.093506064482046,False
0.47800000000000004,201.16544881138643,0.502896785736084,8.0935110243858,False
0.47850000000000004,201.16545010373218,0.5028967261314392,8.093509049762478,False
0.47900000000000004,201.1654492840788,0.5028966665267944,8.093500275414074,False
0.47950000000000004,201.165446720274,0.502896785736084,8.09350544353141,False
0.48,201.16544673300132,0.502896785736084,8.093510966646942,False
0.4805,201.1654481703914,0.5028967261314392,8.093509552014478,False
0.481,201.16544884183696,0.5028967261314392,8.093507843318964,False
0.4815,201.16544867596005,0.5028967261314392,8.093506064415468,False
0.482,201.16544881147053,0.502896785736084,8.093511024290061,False
0.4825,201.16545010376555,0.5028967261314392,8.093509049650361,False
0.483,201.1654492840581,0.5028966665267944,8.093500275300212,False
0.4835,201.16544672020294,0.502896785736084,8.093505443430374,False
0.484,201.16544673288988,0.502896785736084,8.0935109665714,False
0.4845,201.16544817025465,0.5028967261314392,8.093509551973593,False
0.485,201.1654488416928,0.5028967261314392,8.093507843317298,False
0.4855,201.16544867582707,0.5028967261314392,8.093506064452491,False
0.486,201.1654488113655,0.502896785736084,8.093511024360307,False
0.4865,201.16545010370135,0.5028967261314392,8.09350904974421,False
0.487,201.16544928404213,0.5028966665267944,8.093500275405233,False
0.4875,201.16544672023636,0.502896785736084,8.093505443532937,False
0.488,201.1654467329675,0.502896785736084,8.093510966658435,False
0.4885,201.16544817036564,0.5028967261314392,8.093509552034277,False
0.489,201.16544884182238,0.5028967261314392,8.09350784334439,False
0.4895,201.16544867595834,0.5028967261314392,8.093506064443169,False
0.49,201.1654488114817,0.502896785736084,8.09351102431644,False
0.4905,201.1654501037879,0.5028967261314392,8.093509049672056,False
0.491,201.1654492840885,0.5028966665267944,8.093500275314536,False
0.4915,201.16544672023736,0.502896785736084,8.09350544343564,False
0.492,201.16544673292387,0.502896785736084,8.093510966567111,False
0.4925,201.1654481702839,0.5028967261314392,8.093509551960478,False
0.493,201.16544884171367,0.5028967261314392,8.093507843297187,False
0.4935,201.165448675837,0.5028967261314392,8.093506064428082,False
0.494,201.16544881136343,0.502896785736084,8.093511024334793,False
0.4945,201.16545010368773,0.5028967261314392,8.093509049720891,False
0.495,201.16544928401905,0.5028966665267944,8.093500275387042,False
0.4955,201.16544672020683,0.502896785736084,8.09350544352209,False
0.496,201.16544673293546,0.502896785736084,8.09351096665619,False
0.4965,201.1654481703352,0.5028967261314392,8.093509552040759,False
0.497,201.16544884179743,0.5028967261314392,8.093507843358596,False
0.4975,201.16544867594197,0.5028967261314392,8.09350606446314,False
0.498,201.16544881147578,0.502896785736084,8.093511024339517,False
0.4985,201.16545010379303,0.5028967261314392,8.093509049695236,False
0.499,201.16544928410386,0.5028966665267944,8.093500275334852,False
0.4995,201.1654467202608,0.502896785736084,8.093505443450539,False
0.5,201.16544673295223,0.502896785736084,8.093510966574785,False
0.5005000000000001,201.16544817031334,0.5028967261314392,8.093509551960084,False
0.501,201.16544884174047,0.5028967261314392,8.093507843288943,False
0.5015000000000001,201.16544867585776,0.5028967261314392,8.093506064413205,False
0.502,201.16544881137568,0.502896785736084,8.093511024315319,False
0.5025000000000001,201.1654501036901,0.5028967261314392,8.093509049699387,False
0.503,201.16544928401134,0.5028966665267944,8.093500275366287,False
0.5035000000000001,201.16544672019026,0.502896785736084,8.093505443504732,False
0.504,201.1654467329123,0.502896785736084,8.09351096664438,False
0.5045000000000001,201.1654481703086,0.5028967261314392,8.093509552035904,False
0.505,201.16544884177077,0.5028967261314392,8.093507843361179,False
0.5055000000000001,201.16544867591867,0.5028967261314392,8.093506064472695,False
0.506,201.16544881145876,0.502896785736084,8.093511024354699,False
0.5065000000000001,201.16545010378437,0.5028967261314392,8.093509049714003,False
0.507,201.16544928410448,0.5028966665267944,8.09350027535474,False
0.5075000000000001,201.1654467202704,0.502896785736084,8.093505443468995,False
0.508,201.1654467329695,0.502896785736084,8.093510966589482,False
0.5085000000000001,201.16544817033596,0.5028967261314392,8.093509551969207,False
0.509,201.16544884176537,0.5028967261314392,8.09350784329143,False
0.5095000000000001,201.16544867588178,0.5028967261314392,8.093506064408865,False
0.51,201.16544881139575,0.502896785736084,8.093511024304826,False
0.5105000000000001,201.16545010370368,0.5028967261314392,8.093509049684195,False
0.511,201.1654492840168,0.5028966665267944,8.09350027534844,False
0.5115000000000001,201.16544672018713,0.502896785736084,8.09350544348656,False
0.512,201.16544673290116,0.502896785736084,8.093510966628205,False
0.5125,201.16544817029097,0.5028967261314392,8.093509552023741,False
0.513,201.16544884174905,0.5028967261314392,8.093507843354509,False
0.5135,201.1654486758957,0.5028967261314392,8.093506064472265,False
0.514,201.16544881143756,0.502896785736084,8.093511024360437,False
0.5145,201.16545010376745,0.5028967261314392,8.093509049725059,False
0.515,201.16544928409405,0.5028966665267944,8.093500275369614,False
0.5155,201.1654467202677,0.502896785736084,8.093505443485702,False
0.516,201.16544673297466,0.502896785736084,8.093510966605844,False
0.5165,201.16544817034813,0.5028967261314392,8.093509551983146,False
0.517,201.16544884178293,0.5028967261314392,8.093507843301218,False
0.5175,201.16544867590244,0.5028967261314392,8.093506064413313,False
0.518,201.1654488114167,0.502896785736084,8.093511024303465,False
0.5185,201.1654501037223,0.5028967261314392,8.093509049677312,False
0.519,201.1654492840307,0.5028966665267944,8.09350027533702,False
0.5195,201.16544672019464,0.502896785736084,8.093505443472157,False
0.52,201.16544673290144,0.502896785736084,8.093510966612717,False
0.5205,201.16544817028415,0.5028967261314392,8.09350955200917,False
0.521,201.16544884173612,0.5028967261314392,8.093507843342701,False
0.5215,201.16544867587842,0.5028967261314392,8.093506064464675,False
0.522,201.16544881141817,0.502896785736084,8.093511024357964,False
0.5225,201.16545010374858,0.5028967261314392,8.093509049727922,False
0.523,201.165449284078,0.5028966665267944,8.093500275377346,False
0.5235,201.16544672025648,0.502896785736084,8.093505443497245,False
0.524,201.16544673296968,0.502896785736084,8.093510966619645,False
0.5245,201.16544817034995,0.5028967261314392,8.093509551997387,False
0.525,201.16544884179112,0.5028967261314392,8.09350784331406,False
0.5255,201.16544867591577,0.5028967261314392,8.093506064423147,False
0.526,201.1654488114335,0.502896785736084,8.093511024309095,False
0.5265,201.1654501037403,0.5028967261314392,8.093509049678083,False
0.527,201.16544928404767,0.5028966665267944,8.093500275332907,False
0.5275,201.16544672020828,0.502896785736084,8.093505443463771,False
0.528,201.16544673291014,0.502896785736084,8.09351096660122,False
0.5285,201.16544817028688,0.5028967261314392,8.09350955199608,False
0.529,201.16544884173263,0.5028967261314392,8.093507843329718,False
0.5295,201.1654486758693,0.5028967261314392,8.093506064453456,False
0.53,201.16544881140473,0.502896785736084,8.093511024349898,False
0.5305,201.16545010373258,0.5028967261314392,8.093509049723972,False
0.531,201.16544928406154,0.5028966665267944,8.093500275377925,False
0.5315,201.16544672024165,0.502896785736084,8.093505443502188,False
0.532,201.16544673295832,0.502896785736084,8.093510966628244,False
0.5325,201.1654481703434,0.5028967261314392,8.093509552008479,False
0.533,201.16544884179018,0.5028967261314392,8.093507843326192,False
0.5335,201.16544867592046,0.5028967261314392,8.093506064434752,False
0.534,201.16544881144307,0.502896785736084,8.093511024318707,False
0.5345,201.16545010375347,0.5028967261314392,8.093509049684513,False
0.535,201.16544928406265,0.5028966665267944,8.093500275335412,False
0.5355,201.1654467202232,0.502896785736084,8.093505443462105,False
0.536,201.16544673292307,0.502896785736084,8.093510966595664,False
0.5365,201.16544817029617,0.5028967261314392,8.093509551987422,False
0.537,201.16544884173723,0.5028967261314392,8.093507843319118,False
0.5375,201.16544867586865,0.5028967261314392,8.093506064442305,False
0.538,201.16544881139902,0.502896785736084,8.09351102433964,False
0.5385,201.1654501037226,0.5028967261314392,8.093509049715907,False
0.539,201.16544928404872,0.5028966665267944,8.093500275373048,False
0.5395,201.16544672022766,0.502896785736084,8.093505443501048,False
0.54,201.16544673294493,0.502896785736084,8.093510966630925,False
0.5405,201.1654481703324,0.5028967261314392,8.09350955201457,False
0.541,201.16544884178288,0.5028967261314392,8.093507843334836,False
0.5415,201.16544867591773,0.5028967261314392,8.093506064444796,False
0.542,201.16544881144517,0.502896785736084,8.093511024328837,False
0.5425,201.16545010376,0.5028967261314392,8.093509049693441,False
0.543,201.1654492840727,0.5028966665267944,8.09350027534202,False
0.5435,201.16544672023548,0.502896785736084,8.093505443465592,False
0.544,201.16544673293592,0.502896785736084,8.093510966595641,False
0.5445,201.16544817030797,0.5028967261314392,8.093509551983967,False
0.545,201.16544884174644,0.5028967261314392,8.093507843312732,False
0.5455,201.1654486758742,0.5028967261314392,8.093506064433864,False
0.546,201.1654488114002,0.502896785736084,8.093511024330256,False
0.5465,201.16545010371942,0.5028967261314392,8.093509049706798,False
0.547,201.16544928404159,0.5028966665267944,8.093500275365383,False
0.5475,201.16544672021757,0.502896785736084,8.093505443495786,False
0.548,201.16544673293328,0.502896785736084,8.093510966628694,False
0.5485,201.16544817032064,0.5028967261314392,8.093509552015606,False
0.549,201.1654488417726,0.5028967261314392,8.093507843338951,False
0.5495,201.16544867591017,0.5028967261314392,8.0935060644514,False
0.55,201.16544881144122,0.502896785736084,8.093511024337042,False
0.5505,201.16545010376015,0.5028967261314392,8.093509049702176,False
0.551,201.16544928407686,0.5028966665267944,8.09350027535015,False
0.5515,201.16544672024298,0.502896785736084,8.093505443472091,False
0.552,201.16544673294575,0.502896785736084,8.093510966599723,False
0.5525,201.16544817031888,0.5028967261314392,8.093509551985148,False
0.553,201.165448841757,0.5028967261314392,8.093507843310919,False
0.5535,201.16544867588297,0.5028967261314392,8.09350606442935,False
0.554,201.1654488114062,0.502896785736084,8.093511024323682,False
0.5545,201.16545010372192,0.5028967261314392,8.09350904969904,False
0.555,201.16544928404033,0.5028966665267944,8.093500275357453,False
0.5555,201.16544672021283,0.502896785736084,8.093505443488699,False
0.556,201.16544673292574,0.502896785736084,8.093510966623326,False
0.5565,201.1654481703113,0.5028967261314392,8.093509552012597,False
0.557,201.16544884176264,0.5028967261314392,8.093507843338637,False
0.5575,201.1654486759009,0.5028967261314392,8.093506064453772,False
0.558,201.16544881143386,0.502896785736084,8.093511024341735,False
0.5585,201.16545010375555,0.5028967261314392,8.093509049708537,False
0.559,201.16544928407555,0.5028966665267944,8.093500275357336,False
0.5595,201.1654467202451,0.502896785736084,8.093505443479165,False
0.56,201.1654467329509,0.502896785736084,8.093510966605784,False
0.5605,201.16544817032636,0.5028967261314392,8.09350955198945,False
0.561,201.16544884176585,0.5028967261314392,8.093507843312945,False
0.5615,201.16544867589212,0.5028967261314392,8.093506064428862,False
0.562,201.16544881141436,0.502896785736084,8.093511024320783,False
0.5625,201.1654501037281,0.5028967261314392,8.093509049694141,False
0.5630000000000001,201.16544928404377,0.5028966665267944,8.09350027535121,False
0.5635,201.1654467202131,0.502896785736084,8.09350544348194,False
0.5640000000000001,201.16544673292282,0.502896785736084,8.093510966616934,False
0.5645,201.16544817030572,0.5028967261314392,8.093509552007397,False
0.5650000000000001,201.16544884175514,0.5028967261314392,8.09350784333526,False
0.5655,201.1654486758925,0.5028967261314392,8.093506064452615,False
0.5660000000000001,201.16544881142556,0.502896785736084,8.093511024342913,False
0.5665,201.16545010374847,0.5028967261314392,8.093509049711862,False
0.5670000000000001,201.16544928407055,0.5028966665267944,8.093500275362352,False
0.5675,201.16544672024276,0.502896785736084,8.093505443485201,False
0.5680000000000001,201.16544673295158,0.502896785736084,8.093510966612042,False
0.5685,201.16544817032985,0.5028967261314392,8.093509551995115,False
0.5690000000000001,201.1654488417716,0.5028967261314392,8.093507843317317,False
0.5695,201.1654486758994,0.5028967261314392,8.09350606443142,False
0.5700000000000001,201.16544881142224,0.502896785736084,8.093511024321215,False
0.5705,201.1654501037355,0.5028967261314392,8.09350904969244,False
0.5710000000000001,201.16544928404977,0.5028966665267944,8.09350027534764,False
0.5715,201.16544672021698,0.502896785736084,8.093505443476994,False
0.5720000000000001,201.16544673292412,0.502896785736084,8.093510966611271,False
0.5725,201.16544817030427,0.5028967261314392,8.093509552001748,False
0.5730000000000001,201.1654488417512,0.5028967261314392,8.093507843330359,False
0.5735,201.1654486758866,0.5028967261314392,8.093506064449087,False
0.5740000000000001,201.16544881141863,0.502896785736084,8.093511024341176,False
0.5745,201.1654501037413,0.5028967261314392,8.09350904971209,False
0.5750000000000001,201.1654492840641,0.5028966665267944,8.093500275364475,False
0.5755,201.16544672023784,0.502896785736084,8.093505443488919,False
0.5760000000000001,201.1654467329487,0.502896785736084,8.093510966616844,False
0.5765,201.1654481703294,0.5028967261314392,8.093509552000382,False
0.577,201.16544884177367,0.5028967261314392,8.093507843322357,False
0.5775,201.16544867590358,0.5028967261314392,8.093506064435585,False
0.578,201.16544881142798,0.502896785736084,8.093511024324004,False
0.5785,201.16545010374205,0.5028967261314392,8.093509049693514,False
0.579,201.1654492840563,0.5028966665267944,8.093500275346894,False
0.5795,201.16544672022263,0.502896785736084,8.093505443474543,False
0.58,201.16544673292822,0.502896785736084,8.093510966607452,False
0.5805,201.1654481703063,0.5028967261314392,8.093509551997077,False
0.581,201.16544884175093,0.5028967261314392,8.09350784332545,False
0.5815,201.16544867588416,0.5028967261314392,8.09350606444456,False
0.582,201.16544881141428,0.502896785736084,8.093511024337595,False
0.5825,201.16545010373574,0.5028967261314392,8.093509049709896,False
0.583,201.16544928405798,0.5028966665267944,8.093500275363912,False
0.5835,201.16544672023198,0.502896785736084,8.09350544349002,False
0.584,201.16544673294388,0.502896785736084,8.093510966619439,False
0.5845,201.16544817032613,0.5028967261314392,8.093509552004107,False
0.585,201.16544884177236,0.5028967261314392,8.093507843326721,False
0.5855,201.16544867590434,0.5028967261314392,8.093506064440023,False
0.586,201.16544881143062,0.502896785736084,8.093511024327961,False
0.5865,201.16545010374628,0.5028967261314392,8.093509049696511,False
0.587,201.16544928406154,0.5028966665267944,8.093500275348566,False
0.5875,201.16544672022818,0.502896785736084,8.093505443474712,False
0.588,201.16544673293333,0.502896785736084,8.093510966606145,False
0.5885,201.1654481703104,0.5028967261314392,8.093509551994481,False
0.589,201.16544884175346,0.5028967261314392,8.093507843321929,False
0.5895,201.16544867588482,0.5028967261314392,8.093506064440595,False
0.59,201.16544881141303,0.502896785736084,8.093511024333715,False
0.5905,201.16545010373278,0.5028967261314392,8.093509049706608,False
0.591,201.16544928405375,0.5028966665267944,8.09350027536163,False
0.5915,201.16544672022704,0.502896785736084,8.09350544348902,False
0.592,201.16544673293885,0.502896785736084,8.09351096661983,False
0.5925,201.16544817032175,0.5028967261314392,8.09350955200581,False
0.593,201.1654488417691,0.5028967261314392,8.093507843329483,False
0.5935,201.16544867590267,0.5028967261314392,8.093506064443478,False
0.594,201.16544881143068,0.502896785736084,8.093511024331644,False
0.5945,201.16545010374804,0.5028967261314392,8.093509049699945,False
0.595,201.16544928406475,0.5028966665267944,8.093500275351296,False
0.5955,201.1654467202324,0.502896785736084,8.093505443476403,False
0.596,201.16544673293802,0.502896785736084,8.093510966606582,False
0.5965,201.1654481703149,0.5028967261314392,8.09350955199364,False
0.597,201.1654488417572,0.5028967261314392,8.093507843319934,False
0.5975,201.16544867588738,0.5028967261314392,8.093506064437722,False
0.598,201.1654488114141,0.502896785736084,8.093511024330336,False
0.5985,201.16545010373224,0.5028967261314392,8.093509049703146,False
0.599,201.16544928405168,0.5028966665267944,8.09350027535853,False
0.5995,201.16544672022368,0.502896785736084,8.09350544348668,False
0.6,201.16544673293475,0.502896785736084,8.093510966618533,False
0.6005,201.16544817031735,0.5028967261314392,8.093509552005703,False
0.601,201.165448841765,0.5028967261314392,8.09350784333057,False
0.6015,201.16544867589937,0.5028967261314392,8.093506064445592,False
0.602,201.16544881142866,0.502896785736084,8.093511024334498,False
0.6025,201.16545010374745,0.5028967261314392,8.093509049703162,False
0.603,201.16544928406566,0.5028966665267944,8.093500275354474,False
0.6035,201.1654467202347,0.502896785736084,8.093505443479133,False
0.604,201.16544673294138,0.502896785736084,8.09351096660853,False
0.6045,201.16544817031888,0.5028967261314392,8.09350955199456,False
0.605,201.1654488417613,0.5028967261314392,8.093507843319728,False
0.6055,201.165448675891,0.5028967261314392,8.093506064436431,False
0.606,201.1654488114168,0.502896785736084,8.093511024328153,False
0.6065,201.16545010373372,0.5028967261314392,8.093509049700383,False
0.607,201.1654492840518,0.5028966665267944,8.093500275355549,False
0.6075,201.16544672022246,0.502896785736084,8.093505443483854,False
0.608,201.1654467329323,0.502896785736084,8.093510966616225,False
0.6085,201.16544817031408,0.5028967261314392,8.093509552004194,False
0.609,201.1654488417613,0.5028967261314392,8.09350784333003,False
0.6095,201.16544867589573,0.5028967261314392,8.093506064446075,False
0.61,201.16544881142553,0.502896785736084,8.093511024335927,False
0.6105,201.16545010374526,0.5028967261314392,8.093509049705332,False
0.611,201.16544928406464,0.5028966665267944,8.09350027535709,False
0.6115,201.16544672023494,0.502896785736084,8.093505443481861,False
0.612,201.16544673294283,0.502896785736084,8.093510966611015,False
0.6125,201.16544817032133,0.5028967261314392,8.093509551996497,False
0.613,201.16544884176446,0.5028967261314392,8.093507843320886,False
0.6135,201.16544867589442,0.5028967261314392,8.093506064436676,False
0.614,201.1654488114201,0.502896785736084,8.093511024327466,False
0.6145,201.16545010373642,0.5028967261314392,8.093509049698866,False
0.615,201.1654492840536,0.5028966665267944,8.0935002753534,False
0.6155,201.16544672022314,0.502896785736084,8.093505443481357,False
0.616,201.1654467329318,0.502896785736084,8.0935109666137,False
0.6165,201.16544817031246,0.5028967261314392,8.093509552001965,False
0.617,201.16544884175886,0.5028967261314392,8.093507843328375,False
0.6175,201.16544867589275,0.5028967261314392,8.093506064445176,False
0.618,201.1654488114224,0.502896785736084,8.09351102433588,False
0.6185,201.1654501037424,0.5028967261314392,8.093509049706114,False
0.619,201.16544928406236,0.5028966665267944,8.09350027535859,False
0.6195,201.16544672023355,0.502896785736084,8.093505443483867,False
0.62,201.16544673294246,0.502896785736084,8.093510966613266,False
0.6205,201.16544817032204,0.5028967261314392,8.09350955199871,False
0.621,201.1654488417661,0.5028967261314392,8.093507843322765,False
0.6215,201.16544867589684,0.5028967261314392,8.093506064437989,False
0.622,201.16544881142286,0.502896785736084,8.09351102432806,False
0.6225,201.16545010373926,0.5028967261314392,8.093509049698675,False
0.623,201.1654492840561,0.5028966665267944,8.093500275352463,False
0.6235,201.165446720225,0.502896785736084,8.093505443479811,False
0.624,201.16544673293274,0.502896785736084,8.093510966611767,False
0.6245,201.1654481703124,0.5028967261314392,8.093509551999908,False
0.625,201.1654488417578,0.5028967261314392,8.093507843326469,False
0.6255000000000001,201.1654486758909,0.5028967261314392,8.093506064443677,False
0.626,201.16544881142005,0.502896785736084,8.093511024334965,False
0.6265000000000001,201.16545010373983,0.5028967261314392,8.093509049705892,False
0.627,201.1654492840599,0.5028966665267944,8.09350027535907,False
0.6275000000000001,201.16544672023147,0.502896785736084,8.093505443484982,False
0.628,201.16544673294106,0.502896785736084,8.093510966614868,False
0.6285000000000001,201.16544817032147,0.5028967261314392,8.093509552000583,False
0.629,201.16544884176642,0.5028967261314392,8.093507843324673,False
0.6295000000000001,201.16544867589798,0.5028967261314392,8.09350606443969,False
0.63,201.16544881142468,0.502896785736084,8.093511024329347,False
0.6305000000000001,201.16545010374145,0.5028967261314392,8.093509049699401,False
0.631,201.16544928405838,0.5028966665267944,8.093500275352566,False
0.6315000000000001,201.16544672022712,0.502896785736084,8.093505443479302,False
0.632,201.16544673293447,0.502896785736084,8.093510966610715,False
0.6325000000000001,201.16544817031354,0.5028967261314392,8.09350955199846,False
0.633,201.16544884175823,0.5028967261314392,8.093507843324806,False
0.6335000000000001,201.16544867589053,0.5028967261314392,8.093506064442009,False
0.634,201.1654488114189,0.502896785736084,8.093511024333514,False
0.6345000000000001,201.16545010373804,0.5028967261314392,8.093509049704853,False
0.635,201.1654492840578,0.5028966665267944,8.093500275358576,False
0.6355000000000001,201.16544672022937,0.502896785736084,8.093505443485084,False
0.636,201.16544673293922,0.502896785736084,8.093510966615518,False
0.6365000000000001,201.1654481703201,0.5028967261314392,8.093509552001679,False
0.637,201.1654488417657,0.5028967261314392,8.093507843326066,False
0.6375000000000001,201.16544867589798,0.5028967261314392,8.093506064441181,False
0.638,201.1654488114254,0.502896785736084,8.093511024330743,False
0.6385000000000001,201.16545010374276,0.5028967261314392,8.093509049700513,False
0.639,201.16544928406012,0.5028966665267944,8.09350027535325,False
0.6395000000000001,201.16544672022903,0.502896785736084,8.093505443479472,False
0.64,201.16544673293632,0.502896785736084,8.093510966610364,False
0.6405,201.16544817031505,0.5028967261314392,8.09350955199764,False
0.641,201.1654488417592,0.5028967261314392,8.09350784332364,False
0.6415,201.16544867589087,0.5028967261314392,8.093506064440659,False
0.642,201.16544881141866,0.502896785736084,8.093511024332146,False
0.6425,201.16545010373721,0.5028967261314392,8.09350904970363,False
0.643,201.1654492840565,0.5028966665267944,8.093500275357648,False
0.6435,201.1654467202278,0.502896785736084,8.093505443484545,False
0.644,201.1654467329375,0.502896785736084,8.093510966615439,False
0.6445,201.1654481703185,0.5028967261314392,8.093509552002061,False
0.645,201.16544884176446,0.5028967261314392,8.093507843326842,False
0.6455,201.1654486758972,0.5028967261314392,8.093506064442247,False
0.646,201.16544881142516,0.502896785736084,8.093511024331942,False
0.6465,201.1654501037431,0.5028967261314392,8.093509049701698,False
0.647,201.165449284061,0.5028966665267944,8.093500275354266,False
0.6475,201.16544672023034,0.502896785736084,8.093505443480188,False
0.648,201.16544673293785,0.502896785736084,8.093510966610681,False
0.6485,201.16544817031664,0.5028967261314392,8.093509551997515,False
0.649,201.16544884176068,0.5028967261314392,8.093507843323085,False
0.6495,201.165448675892,0.5028967261314392,8.09350606443974,False
0.65,201.16544881141922,0.502896785736084,8.093511024330997,False
0.6505,201.16545010373721,0.5028967261314392,8.093509049702405,False
0.651,201.16544928405594,0.5028966665267944,8.093500275356503,False
0.6515,201.16544672022673,0.502896785736084,8.093505443483632,False
0.652,201.1654467329361,0.502896785736084,8.093510966614874,False
0.6525,201.16544817031692,0.5028967261314392,8.093509552001917,False
0.653,201.1654488417629,0.5028967261314392,8.093507843327137,False
0.6535,201.1654486758959,0.5028967261314392,8.093506064442936,False
0.654,201.16544881142428,0.502896785736084,8.093511024332939,False
0.6545,201.16545010374276,0.5028967261314392,8.093509049702869,False
0.655,201.16544928406122,0.5028966665267944,8.093500275355451,False
0.6555,201.16544672023107,0.502896785736084,8.093505443481233,False
0.656,201.16544673293896,0.502896785736084,8.093510966611468,False
0.6565,201.165448170318,0.5028967261314392,8.093509551997961,False
0.657,201.16544884176204,0.5028967261314392,8.093507843323154,False
0.6575,201.16544867589326,0.5028967261314392,8.093506064439442,False
0.658,201.16544881142025,0.502896785736084,8.093511024330379,False
0.6585,201.16545010373787,0.5028967261314392,8.093509049701549,False
0.659,201.16544928405614,0.5028966665267944,8.093500275355526,False
0.6595,201.16544672022644,0.502896785736084,8.09350544348267,False
0.66,201.1654467329354,0.502896785736084,8.093510966614046,False
0.6605,201.16544817031595,0.5028967261314392,8.093509552001318,False
0.661,201.1654488417617,0.5028967261314392,8.093507843326842,False
0.6615,201.16544867589465,0.5028967261314392,8.093506064442984,False
0.662,201.16544881142315,0.502896785736084,8.093511024333319,False
0.6625,201.16545010374188,0.5028967261314392,8.09350904970353,False
0.663,201.1654492840607,0.5028966665267944,8.093500275356304,False
0.6635,201.16544672023102,0.502896785736084,8.093505443482174,False
0.664,201.1654467329394,0.502896785736084,8.09351096661236,False
0.6645,201.16544817031877,0.5028967261314392,8.093509551998684,False
0.665,201.1654488417631,0.5028967261314392,8.093507843323627,False
0.6655,201.16544867589442,0.5028967261314392,8.093506064439598,False
0.666,201.1654488114214,0.502896785736084,8.093511024330205,False
0.6665,201.16545010373886,0.5028967261314392,8.09350904970108,False
0.667,201.16544928405685,0.5028966665267944,8.093500275354824,False
0.6675,201.16544672022678,0.502896785736084,8.093505443481822,False
0.668,201.16544673293532,0.502896785736084,8.093510966613167,False
0.6685,201.16544817031541,0.5028967261314392,8.093509552000526,False
0.669,201.16544884176088,0.5028967261314392,8.093507843326236,False
0.6695,201.1654486758936,0.5028967261314392,8.09350606444264,False
0.67,201.16544881142204,0.502896785736084,8.09351102433327,False
0.6705,201.16545010374085,0.5028967261314392,8.09350904970378,False
0.671,201.16544928405986,0.5028966665267944,8.093500275356819,False
0.6715,201.16544672023045,0.502896785736084,8.093505443482877,False
0.672,201.1654467329392,0.502896785736084,8.093510966613168,False
0.6725,201.165448170319,0.5028967261314392,8.093509551999484,False
0.673,201.16544884176375,0.5028967261314392,8.093507843324293,False
0.6735,201.16544867589536,0.5028967261314392,8.09350606444005,False
0.674,201.16544881142244,0.502896785736084,8.093511024330384,False
0.6745,201.1654501037399,0.5028967261314392,8.093509049700966,False
0.675,201.16544928405767,0.5028966665267944,8.093500275354444,False
0.6755,201.16544672022735,0.502896785736084,8.093505443481241,False
0.676,201.16544673293555,0.502896785736084,8.093510966612472,False
0.6765,201.1654481703153,0.5028967261314392,8.093509551999814,False
0.677,201.16544884176048,0.5028967261314392,8.093507843325597,False
0.6775,201.16544867589295,0.5028967261314392,8.093506064442145,False
0.678,201.16544881142121,0.502896785736084,8.093511024332992,False
0.6785,201.16545010373994,0.5028967261314392,8.09350904970374,False
0.679,201.16544928405906,0.5028966665267944,8.093500275357021,False
0.6795,201.16544672022982,0.502896785736084,8.093505443483284,False
0.68,201.16544673293882,0.502896785736084,8.093510966613714,False
0.6805,201.1654481703189,0.5028967261314392,8.093509552000096,False
0.681,201.16544884176395,0.5028967261314392,8.093507843324891,False
0.6815,201.16544867589585,0.5028967261314392,8.093506064440549,False
0.682,201.16544881142315,0.502896785736084,8.093511024330716,False
0.6825,201.16545010374068,0.5028967261314392,8.093509049701092,False
0.683,201.16544928405847,0.5028966665267944,8.09350027535435,False
0.6835,201.16544672022806,0.502896785736084,8.093505443480943,False
0.684,201.16544673293612,0.502896785736084,8.093510966612,False
0.6845,201.1654481703156,0.5028967261314392,8.09350955199922,False
0.685,201.1654488417605,0.5028967261314392,8.093507843324955,False
0.6855,201.1654486758927,0.5028967261314392,8.093506064441536,False
0.686,201.16544881142067,0.502896785736084,8.09351102433249,False
0.6865,201.1654501037392,0.5028967261314392,8.093509049703416,False
0.687,201.16544928405816,0.5028966665267944,8.093500275356922,False
0.6875,201.16544672022894,0.502896785736084,8.093505443483432,False
0.6880000000000001,201.16544673293805,0.502896785736084,8.09351096661409,False
0.6885,201.16544817031834,0.5028967261314392,8.093509552000665,False
0.6890000000000001,201.16544884176366,0.5028967261314392,8.093507843325577,False
0.6895,201.16544867589585,0.5028967261314392,8.093506064441279,False
0.6900000000000001,201.16544881142346,0.502896785736084,8.093511024331407,False
0.6905,201.1654501037413,0.5028967261314392,8.093509049701654,False
0.6910000000000001,201.16544928405938,0.5028966665267944,8.0935002753547,False
0.6915,201.16544672022903,0.502896785736084,8.09350544348103,False
0.6920000000000001,201.16544673293703,0.502896785736084,8.09351096661182,False
0.6925,201.1654481703164,0.5028967261314392,8.093509551998803,False
0.6930000000000001,201.16544884176102,0.5028967261314392,8.093507843324359,False
0.6935,201.16544867589292,0.5028967261314392,8.093506064440842,False
0.6940000000000001,201.1654488114206,0.502896785736084,8.093511024331775,False
0.6945,201.1654501037388,0.5028967261314392,8.093509049702769,False
0.6950000000000001,201.16544928405756,0.5028966665267944,8.093500275356417,False
0.6955,201.16544672022812,0.502896785736084,8.093505443483123,False
0.6960000000000001,201.1654467329371,0.502896785736084,8.09351096661403,False
0.6965,201.16544817031743,0.5028967261314392,8.093509552000862,False
0.6970000000000001,201.1654488417629,0.5028967261314392,8.093507843326016,False
0.6975,201.16544867589536,0.5028967261314392,8.093506064441888,False
0.6980000000000001,201.1654488114233,0.502896785736084,8.093511024332104,False
0.6985,201.16545010374145,0.5028967261314392,8.093509049702352,False
0.6990000000000001,201.1654492840598,0.5028966665267944,8.09350027535532,False
0.6995,201.1654467202297,0.502896785736084,8.093505443481497,False
0.7000000000000001,201.16544673293788,0.502896785736084,8.093510966612078,False
0.7005,201.1654481703173,0.5028967261314392,8.093509551998821,False
0.7010000000000001,201.16544884176184,0.5028967261314392,8.093507843324135,False
0.7015,201.16544867589354,0.5028967261314392,8.093506064440412,False
0.7020000000000001,201.16544881142096,0.502896785736084,8.093511024331207,False
0.7025,201.1654501037389,0.5028967261314392,8.093509049702142,False
0.7030000000000001,201.16544928405733,0.5028966665267944,8.093500275355812,False
0.7035,201.16544672022764,0.502896785736084,8.093505443482623,False
0.704,201.16544673293652,0.502896785736084,8.093510966613682,False
0.7045,201.16544817031678,0.5028967261314392,8.093509552000684,False
0.705,201.16544884176224,0.5028967261314392,8.09350784332602,False
0.7055,201.16544867589477,0.5028967261314392,8.09350606444207,False
0.706,201.16544881142286,0.502896785736084,8.09351102433243,False
0.7065,201.16545010374122,0.5028967261314392,8.093509049702774,False
0.707,201.1654492840598,0.5028966665267944,8.093500275355774,False
0.7075,201.1654467202299,0.502896785736084,8.093505443481916,False
0.708,201.16544673293825,0.502896785736084,8.09351096661241,False
0.7085,201.1654481703178,0.5028967261314392,8.093509551999027,False
0.709,201.16544884176238,0.5028967261314392,8.093507843324199,False
0.7095,201.16544867589408,0.5028967261314392,8.093506064440326,False
0.71,201.16544881142144,0.502896785736084,8.093511024330976,False
0.7105,201.16545010373926,0.5028967261314392,8.093509049701785,False
0.711,201.16544928405753,0.5028966665267944,8.09350027535538,False
0.7115,201.1654467202277,0.502896785736084,8.093505443482153,False
0.712,201.16544673293635,0.502896785736084,8.093510966613229,False
0.7125,201.16544817031638,0.5028967261314392,8.09350955200031,False
0.713,201.16544884176164,0.5028967261314392,8.093507843325783,False
0.7135,201.16544867589408,0.5028967261314392,8.093506064442007,False
0.714,201.16544881142224,0.502896785736084,8.093511024332544,False
0.7145,201.16545010374065,0.5028967261314392,8.09350904970305,False
0.715,201.16544928405932,0.5028966665267944,8.093500275356197,False
0.7155,201.16544672022965,0.502896785736084,8.093505443482444,False
0.716,201.16544673293825,0.502896785736084,8.093510966612975,False
0.7165,201.165448170318,0.5028967261314392,8.093509551999569,False
0.717,201.1654488417628,0.5028967261314392,8.093507843324646,False
0.7175,201.16544867589468,0.5028967261314392,8.093506064440627,False
0.718,201.16544881142207,0.502896785736084,8.093511024331113,False
0.7185,201.1654501037399,0.5028967261314392,8.093509049701748,False
0.719,201.16544928405807,0.5028966665267944,8.093500275355176,False
0.7195,201.16544672022803,0.502896785736084,8.093505443481826,False
0.72,201.16544673293646,0.502896785736084,8.093510966612834,False
0.7205,201.1654481703163,0.5028967261314392,8.093509551999915,False
0.721,201.16544884176145,0.5028967261314392,8.093507843325423,False
0.7215,201.16544867589374,0.5028967261314392,8.093506064441726,False
0.722,201.16544881142173,0.502896785736084,8.093511024332386,False
0.7225,201.1654501037401,0.5028967261314392,8.093509049703037,False
0.723,201.1654492840588,0.5028966665267944,8.093500275356325,False
0.7235,201.16544672022928,0.502896785736084,8.093505443482696,False
0.724,201.16544673293802,0.502896785736084,8.093510966613312,False
0.7245,201.16544817031794,0.5028967261314392,8.093509551999942,False
0.725,201.16544884176292,0.5028967261314392,8.093507843325018,False
0.7255,201.16544867589494,0.5028967261314392,8.093506064440952,False
0.726,201.16544881142252,0.502896785736084,8.093511024331336,False
0.7265,201.16545010374037,0.5028967261314392,8.09350904970184,False
0.727,201.16544928405852,0.5028966665267944,8.093500275355138,False
0.7275,201.16544672022846,0.502896785736084,8.093505443481668,False
0.728,201.1654467329368,0.502896785736084,8.093510966612572,False
0.7285,201.16544817031652,0.5028967261314392,8.093509551999574,False
0.729,201.16544884176142,0.5028967261314392,8.093507843325055,False
0.7295,201.16544867589354,0.5028967261314392,8.09350606444139,False
0.73,201.1654488114214,0.502896785736084,8.093511024332114,False
0.7305,201.16545010373977,0.5028967261314392,8.093509049702853,False
0.731,201.1654492840584,0.5028966665267944,8.093500275356247,False
0.7315,201.16544672022886,0.502896785736084,8.093505443482735,False
0.732,201.16544673293765,0.502896785736084,8.09351096661346,False
0.7325,201.1654481703177,0.5028967261314392,8.093509552000182,False
0.733,201.1654488417628,0.5028967261314392,8.093507843325305,False
0.7335,201.16544867589496,0.5028967261314392,8.093506064441248,False
0.734,201.1654488114226,0.502896785736084,8.093511024331614,False
0.7345,201.16545010374062,0.5028967261314392,8.09350904970207,False
0.735,201.16544928405895,0.5028966665267944,8.093500275355275,False
0.7355,201.16544672022889,0.502896785736084,8.093505443481682,False
0.736,201.1654467329372,0.502896785736084,8.093510966612468,False
0.7365,201.16544817031684,0.5028967261314392,8.093509551999365,False
0.737,201.1654488417617,0.5028967261314392,8.093507843324765,False
0.7375,201.1654486758937,0.5028967261314392,8.093506064441037,False
0.738,201.16544881142138,0.502896785736084,8.093511024331752,False
0.7385,201.16545010373954,0.5028967261314392,8.093509049702536,False
0.739,201.16544928405816,0.5028966665267944,8.093500275355998,False
0.7395,201.16544672022852,0.502896785736084,8.093505443482567,False
0.74,201.16544673293723,0.502896785736084,8.093510966613405,False
0.7405,201.16544817031726,0.5028967261314392,8.093509552000246,False
0.741,201.16544884176244,0.5028967261314392,8.093507843325483,False
0.7415,201.16544867589474,0.5028967261314392,8.093506064441513,False
0.742,201.1654488114226,0.502896785736084,8.09351102433191,False
0.7425,201.16545010374074,0.5028967261314392,8.093509049702355,False
0.743,201.1654492840591,0.5028966665267944,8.09350027535552,False
0.7435,201.16544672022914,0.502896785736084,8.093505443481869,False
0.744,201.16544673293754,0.502896785736084,8.09351096661257,False
0.7445,201.16544817031718,0.5028967261314392,8.09350955199937,False
0.745,201.165448841762,0.5028967261314392,8.093507843324673,False
0.7455,201.1654486758939,0.5028967261314392,8.093506064440877,False
0.746,201.16544881142153,0.502896785736084,8.093511024331539,False
0.7465,201.16545010373963,0.5028967261314392,8.093509049702288,False
0.747,201.16544928405804,0.5028966665267944,8.093500275355753,False
0.7475,201.1654467202283,0.502896785736084,8.093505443482373,False
0.748,201.165446732937,0.502896785736084,8.093510966613273,False
0.7485,201.16544817031703,0.5028967261314392,8.093509552000176,False
0.749,201.1654488417622,0.5028967261314392,8.093507843325478,False
0.7495,201.1654486758945,0.5028967261314392,8.093506064441568,False
0.75,201.16544881142238,0.502896785736084,8.09351102433203,False
0.7505000000000001,201.16545010374054,0.5028967261314392,8.093509049702527,False
0.751,201.16544928405898,0.5028966665267944,8.093500275355733,False
0.7515000000000001,201.16544672022917,0.502896785736084,8.093505443482098,False
0.752,201.16544673293762,0.502896785736084,8.093510966612783,False
0.7525000000000001,201.16544817031738,0.5028967261314392,8.093509551999555,False
0.753,201.16544884176224,0.5028967261314392,8.0935078433248,False
0.7535000000000001,201.16544867589423,0.5028967261314392,8.093506064440929,False
0.754,201.16544881142184,0.502896785736084,8.093511024331502,False
0.7545000000000001,201.16545010373983,0.5028967261314392,8.093509049702178,False
0.755,201.16544928405818,0.5028966665267944,8.093500275355597,False
0.7555000000000001,201.16544672022835,0.502896785736084,8.09350544348219,False
0.756,201.16544673293694,0.502896785736084,8.093510966613092,False
0.7565000000000001,201.16544817031692,0.5028967261314392,8.093509552000018,False
0.757,201.16544884176207,0.5028967261314392,8.093507843325353,False
0.7575000000000001,201.1654486758943,0.5028967261314392,8.093506064441492,False
0.758,201.16544881142218,0.502896785736084,8.093511024332004,False
0.7585000000000001,201.1654501037404,0.5028967261314392,8.093509049702556,False
0.759,201.16544928405895,0.5028966665267944,8.093500275355789,False
0.7595000000000001,201.16544672022914,0.502896785736084,8.09350544348216,False
0.76,201.16544673293762,0.502896785736084,8.093510966612845,False
0.7605000000000001,201.16544817031738,0.5028967261314392,8.093509551999617,False
0.761,201.16544884176227,0.5028967261314392,8.093507843324863,False
0.7615000000000001,201.16544867589428,0.5028967261314392,8.093506064440978,False
0.762,201.1654488114219,0.502896785736084,8.093511024331534,False
0.7625000000000001,201.16545010373991,0.5028967261314392,8.093509049702188,False
0.763,201.16544928405827,0.5028966665267944,8.093500275355579,False
0.7635000000000001,201.16544672022843,0.502896785736084,8.093505443482147,False
0.764,201.165446732937,0.502896785736084,8.093510966613026,False
0.7645000000000001,201.16544817031692,0.5028967261314392,8.093509551999938,False
0.765,201.16544884176201,0.5028967261314392,8.093507843325275,False
0.7655000000000001,201.1654486758942,0.5028967261314392,8.093506064441435,False
0.766,201.16544881142207,0.502896785736084,8.093511024331981,False
0.7665000000000001,201.16545010374028,0.5028967261314392,8.093509049702563,False
0.767,201.16544928405884,0.5028966665267944,8.093500275355828,False
0.7675000000000001,201.16544672022906,0.502896785736084,8.093505443482229,False
0.768,201.16544673293762,0.502896785736084,8.093510966612937,False
0.7685,201.16544817031743,0.5028967261314392,8.093509551999698,False
0.769,201.16544884176233,0.5028967261314392,8.093507843324927,False
0.7695,201.16544867589434,0.5028967261314392,8.093506064441025,False
0.77,201.16544881142198,0.502896785736084,8.093511024331562,False
0.7705,201.16545010374003,0.5028967261314392,8.09350904970219,False
0.771,201.16544928405838,0.5028966665267944,8.093500275355554,False
0.7715,201.16544672022854,0.502896785736084,8.093505443482092,False
0.772,201.1654467329371,0.502896785736084,8.093510966612943,False
0.7725,201.165448170317,0.5028967261314392,8.09350955199983,False
0.773,201.165448841762,0.5028967261314392,8.093507843325169,False
0.7735,201.16544867589414,0.5028967261314392,8.093506064441339,False
0.774,201.16544881142195,0.502896785736084,8.093511024331915,False
0.7745,201.1654501037401,0.5028967261314392,8.09350904970254,False
0.775,201.16544928405867,0.5028966665267944,8.093500275355852,False
0.7755,201.16544672022889,0.502896785736084,8.093505443482302,False
0.776,201.16544673293748,0.502896785736084,8.09351096661305,False
0.7765,201.1654481703174,0.5028967261314392,8.09350955199983,False
0.777,201.16544884176233,0.5028967261314392,8.093507843325066,False
0.7775,201.16544867589442,0.5028967261314392,8.093506064441153,False
0.778,201.1654488114221,0.502896785736084,8.09351102433167,False
0.7785,201.1654501037402,0.5028967261314392,8.09350904970226,False
0.779,201.16544928405855,0.5028966665267944,8.093500275355574,False
0.7795,201.16544672022872,0.502896785736084,8.093505443482064,False
0.78,201.16544673293717,0.502896785736084,8.093510966612879,False
0.7805,201.16544817031698,0.5028967261314392,8.093509551999764,False
0.781,201.1654488417619,0.5028967261314392,8.093507843325117,False
0.7815,201.16544867589403,0.5028967261314392,8.093506064441316,False
0.782,201.16544881142184,0.502896785736084,8.093511024331917,False
0.7825,201.16545010374003,0.5028967261314392,8.09350904970257,False
0.783,201.16544928405864,0.5028966665267944,8.0935002753559,False
0.7835,201.16544672022889,0.502896785736084,8.093505443482353,False
0.784,201.1654467329375,0.502896785736084,8.093510966613096,False
0.7845,201.16544817031743,0.5028967261314392,8.093509551999867,False
0.785,201.16544884176238,0.5028967261314392,8.093507843325087,False
0.7855,201.16544867589448,0.5028967261314392,8.09350606444116,False
0.786,201.16544881142215,0.502896785736084,8.093511024331661,False
0.7865,201.16545010374023,0.5028967261314392,8.093509049702236,False
0.787,201.16544928405858,0.5028966665267944,8.093500275355542,False
0.7875,201.1654467202287,0.502896785736084,8.093505443482027,False
0.788,201.16544673293714,0.502896785736084,8.093510966612849,False
0.7885,201.16544817031692,0.5028967261314392,8.093509551999748,False
0.789,201.16544884176184,0.5028967261314392,8.093507843325117,False
0.7895,201.16544867589397,0.5028967261314392,8.093506064441332,False
0.79,201.1654488114218,0.502896785736084,8.093511024331947,False
0.7905,201.16545010374003,0.5028967261314392,8.0935090497026,False
0.791,201.16544928405864,0.5028966665267944,8.09350027535593,False
0.7915,201.16544672022894,0.502896785736084,8.093505443482375,False
0.792,201.1654467329376,0.502896785736084,8.093510966613099,False
0.7925,201.16544817031752,0.5028967261314392,8.09350955199985,False
0.793,201.16544884176247,0.5028967261314392,8.09350784332505,False
0.7935,201.1654486758945,0.5028967261314392,8.093506064441105,False
0.794,201.16544881142215,0.502896785736084,8.093511024331594,False
0.7945,201.16545010374017,0.5028967261314392,8.093509049702178,False
0.795,201.16544928405852,0.5028966665267944,8.093500275355497,False
0.7955,201.1654467202286,0.502896785736084,8.093505443482004,False
0.796,201.16544673293706,0.502896785736084,8.093510966612849,False
0.7965,201.16544817031684,0.5028967261314392,8.093509551999771,False
0.797,201.16544884176182,0.5028967261314392,8.093507843325154,False
0.7975,201.16544867589397,0.5028967261314392,8.09350606444137,False
0.798,201.1654488114218,0.502896785736084,8.093511024331985,False
0.7985,201.16545010374006,0.5028967261314392,8.093509049702638,False
0.799,201.16544928405867,0.5028966665267944,8.093500275355959,False
0.7995,201.16544672022897,0.502896785736084,8.09350544348239,False
0.8,201.16544673293762,0.502896785736084,8.093510966613104,False
0.8005,201.16544817031755,0.5028967261314392,8.093509551999842,False
0.801,201.16544884176247,0.5028967261314392,8.093507843325037,False
0.8015,201.16544867589448,0.5028967261314392,8.093506064441097,False
0.802,201.16544881142212,0.502896785736084,8.0935110243316,False
0.8025,201.16545010374017,0.5028967261314392,8.093509049702188,False
0.803,201.16544928405852,0.5028966665267944,8.093500275355508,False
0.8035,201.1654467202286,0.502896785736084,8.093505443482014,False
0.804,201.16544673293706,0.502896785736084,8.09351096661286,False
0.8045,201.16544817031684,0.5028967261314392,8.093509551999782,False
0.805,201.16544884176182,0.5028967261314392,8.093507843325165,False
0.8055,201.16544867589397,0.5028967261314392,8.09350606444138,False
0.806,201.1654488114218,0.502896785736084,8.093511024331995,False
0.8065,201.16545010374006,0.5028967261314392,8.093509049702648,False
0.807,201.16544928405867,0.5028966665267944,8.09350027535597,False
0.8075,201.16544672022897,0.502896785736084,8.093505443482401,False
0.808,201.16544673293762,0.502896785736084,8.093510966613115,False
0.8085,201.16544817031755,0.5028967261314392,8.093509551999853,False
0.809,201.16544884176247,0.5028967261314392,8.093507843325048,False
0.8095,201.1654486758945,0.5028967261314392,8.093506064441105,False
0.81,201.16544881142215,0.502896785736084,8.093511024331594,False
0.8105,201.16545010374017,0.5028967261314392,8.093509049702178,False
0.811,201.16544928405852,0.5028966665267944,8.093500275355497,False
0.8115,201.1654467202286,0.502896785736084,8.093505443482004,False
0.812,201.16544673293706,0.502896785736084,8.093510966612849,False
0.8125,201.16544817031684,0.5028967261314392,8.093509551999771,False
0.8130000000000001,201.16544884176182,0.5028967261314392,8.093507843325154,False
0.8135,201.16544867589397,0.5028967261314392,8.09350606444137,False
0.8140000000000001,201.1654488114218,0.502896785736084,8.093511024331985,False
0.8145,201.16545010374006,0.5028967261314392,8.093509049702638,False
0.8150000000000001,201.16544928405867,0.5028966665267944,8.093500275355959,False
0.8155,201.16544672022897,0.502896785736084,8.09350544348239,False
0.8160000000000001,201.16544673293762,0.502896785736084,8.093510966613104,False
0.8165,201.16544817031755,0.5028967261314392,8.093509551999842,False
0.8170000000000001,201.16544884176247,0.5028967261314392,8.093507843325037,False
0.8175,201.16544867589448,0.5028967261314392,8.093506064441097,False
0.8180000000000001,201.16544881142212,0.502896785736084,8.0935110243316,False
0.8185,201.16545010374017,0.5028967261314392,8.093509049702188,False
0.8190000000000001,201.16544928405852,0.5028966665267944,8.093500275355508,False
0.8195,201.1654467202286,0.502896785736084,8.093505443482014,False
0.8200000000000001,201.16544673293706,0.502896785736084,8.09351096661286,False
0.8205,201.16544817031684,0.5028967261314392,8.093509551999782,False
0.8210000000000001,201.16544884176182,0.5028967261314392,8.093507843325165,False
0.8215,201.16544867589397,0.5028967261314392,8.09350606444138,False
0.8220000000000001,201.1654488114218,0.502896785736084,8.093511024331995,False
0.8225,201.16545010374006,0.5028967261314392,8.093509049702648,False
0.8230000000000001,201.16544928405867,0.5028966665267944,8.09350027535597,False
0.8235,201.16544672022897,0.502896785736084,8.093505443482401,False
0.8240000000000001,201.16544673293762,0.502896785736084,8.093510966613115,False
0.8245,201.16544817031755,0.5028967261314392,8.093509551999853,False
0.8250000000000001,201.16544884176247,0.5028967261314392,8.093507843325048,False
0.8255,201.1654486758945,0.5028967261314392,8.093506064441105,False
0.8260000000000001,201.16544881142215,0.502896785736084,8.093511024331594,False
0.8265,201.16545010374017,0.5028967261314392,8.093509049702178,False
0.8270000000000001,201.16544928405852,0.5028966665267944,8.093500275355497,False
0.8275,201.1654467202286,0.502896785736084,8.093505443482004,False
0.8280000000000001,201.16544673293706,0.502896785736084,8.093510966612849,False
0.8285,201.16544817031684,0.5028967261314392,8.093509551999771,False
0.8290000000000001,201.16544884176182,0.5028967261314392,8.093507843325154,False
0.8295,201.16544867589397,0.5028967261314392,8.09350606444137,False
0.8300000000000001,201.1654488114218,0.502896785736084,8.093511024331985,False
0.8305,201.16545010374006,0.5028967261314392,8.093509049702638,False
0.8310000000000001,201.16544928405867,0.5028966665267944,8.093500275355959,False
0.8315,201.16544672022897,0.502896785736084,8.09350544348239,False
0.8320000000000001,201.16544673293762,0.502896785736084,8.093510966613104,False
0.8325,201.16544817031755,0.5028967261314392,8.093509551999842,False
0.833,201.16544884176247,0.5028967261314392,8.093507843325037,False
0.8335,201.16544867589448,0.5028967261314392,8.093506064441097,False
0.834,201.16544881142212,0.502896785736084,8.0935110243316,False
0.8345,201.16545010374017,0.5028967261314392,8.093509049702188,False
0.835,201.16544928405852,0.5028966665267944,8.093500275355508,False
0.8355,201.1654467202286,0.502896785736084,8.093505443482014,False
0.836,201.16544673293706,0.502896785736084,8.09351096661286,False
0.8365,201.16544817031684,0.5028967261314392,8.093509551999782,False
0.837,201.16544884176182,0.5028967261314392,8.093507843325165,False
0.8375,201.16544867589397,0.5028967261314392,8.09350606444138,False
0.838,201.1654488114218,0.502896785736084,8.093511024331995,False
0.8385,201.16545010374006,0.5028967261314392,8.093509049702648,False
0.839,201.16544928405867,0.5028966665267944,8.09350027535597,False
0.8395,201.16544672022897,0.502896785736084,8.093505443482401,False
0.84,201.16544673293762,0.502896785736084,8.093510966613115,False
0.8405,201.16544817031755,0.5028967261314392,8.093509551999853,False
0.841,201.16544884176247,0.5028967261314392,8.093507843325048,False
0.8415,201.1654486758945,0.5028967261314392,8.093506064441105,False
0.842,201.16544881142215,0.502896785736084,8.093511024331594,False
0.8425,201.16545010374017,0.5028967261314392,8.093509049702178,False
0.843,201.16544928405852,0.5028966665267944,8.093500275355497,False
0.8435,201.1654467202286,0.502896785736084,8.093505443482004,False
0.844,201.16544673293706,0.502896785736084,8.093510966612849,False
0.8445,201.16544817031684,0.5028967261314392,8.093509551999771,False
0.845,201.16544884176182,0.5028967261314392,8.093507843325154,False
0.8455,201.16544867589397,0.5028967261314392,8.09350606444137,False
0.846,201.1654488114218,0.502896785736084,8.093511024331985,False
0.8465,201.16545010374006,0.5028967261314392,8.093509049702638,False
0.847,201.16544928405867,0.5028966665267944,8.093500275355959,False
0.8475,201.16544672022897,0.502896785736084,8.09350544348239,False
0.848,201.16544673293762,0.502896785736084,8.093510966613104,False
0.8485,201.16544817031755,0.5028967261314392,8.093509551999842,False
0.849,201.16544884176247,0.5028967261314392,8.093507843325037,False
0.8495,201.16544867589448,0.5028967261314392,8.093506064441097,False
0.85,201.16544881142212,0.502896785736084,8.0935110243316,False
0.8505,201.16545010374017,0.5028967261314392,8.093509049702188,False
0.851,201.16544928405852,0.5028966665267944,8.093500275355508,False
0.8515,201.1654467202286,0.502896785736084,8.093505443482014,False
0.852,201.16544673293706,0.502896785736084,8.09351096661286,False
0.8525,201.16544817031684,0.5028967261314392,8.093509551999782,False
0.853,201.16544884176182,0.5028967261314392,8.093507843325165,False
0.8535,201.16544867589397,0.5028967261314392,8.09350606444138,False
0.854,201.1654488114218,0.502896785736084,8.093511024331995,False
0.8545,201.16545010374006,0.5028967261314392,8.093509049702648,False
0.855,201.16544928405867,0.5028966665267944,8.09350027535597,False
0.8555,201.16544672022897,0.502896785736084,8.093505443482401,False
0.856,201.16544673293762,0.502896785736084,8.093510966613115,False
0.8565,201.16544817031755,0.5028967261314392,8.093509551999853,False
0.857,201.16544884176247,0.5028967261314392,8.093507843325048,False
0.8575,201.1654486758945,0.5028967261314392,8.093506064441105,False
0.858,201.16544881142215,0.502896785736084,8.093511024331594,False
0.8585,201.16545010374017,0.5028967261314392,8.093509049702178,False
0.859,201.16544928405852,0.5028966665267944,8.093500275355497,False
0.8595,201.1654467202286,0.502896785736084,8.093505443482004,False
0.86,201.16544673293706,0.502896785736084,8.093510966612849,False
0.8605,201.16544817031684,0.5028967261314392,8.093509551999771,False
0.861,201.16544884176182,0.5028967261314392,8.093507843325154,False
0.8615,201.16544867589397,0.5028967261314392,8.09350606444137,False
0.862,201.1654488114218,0.502896785736084,8.093511024331985,False
0.8625,201.16545010374006,0.5028967261314392,8.093509049702638,False
0.863,201.16544928405867,0.5028966665267944,8.093500275355959,False
0.8635,201.16544672022897,0.502896785736084,8.09350544348239,False
0.864,201.16544673293762,0.502896785736084,8.093510966613104,False
0.8645,201.16544817031755,0.5028967261314392,8.093509551999842,False
0.865,201.16544884176247,0.5028967261314392,8.093507843325037,False
0.8655,201.16544867589448,0.5028967261314392,8.093506064441097,False
0.866,201.16544881142212,0.502896785736084,8.0935110243316,False
0.8665,201.16545010374017,0.5028967261314392,8.093509049702188,False
0.867,201.16544928405852,0.5028966665267944,8.093500275355508,False
0.8675,201.1654467202286,0.502896785736084,8.093505443482014,False
0.868,201.16544673293706,0.502896785736084,8.09351096661286,False
0.8685,201.16544817031684,0.5028967261314392,8.093509551999782,False
0.869,201.16544884176182,0.5028967261314392,8.093507843325165,False
0.8695,201.16544867589397,0.5028967261314392,8.09350606444138,False
0.87,201.1654488114218,0.502896785736084,8.093511024331995,False
0.8705,201.16545010374006,0.5028967261314392,8.093509049702648,False
0.871,201.16544928405867,0.5028966665267944,8.09350027535597,False
0.8715,201.16544672022897,0.502896785736084,8.093505443482401,False
0.872,201.16544673293762,0.502896785736084,8.093510966613115,False
0.8725,201.16544817031755,0.5028967261314392,8.093509551999853,False
0.873,201.16544884176247,0.5028967261314392,8.093507843325048,False
0.8735,201.1654486758945,0.5028967261314392,8.093506064441105,False
0.874,201.16544881142215,0.502896785736084,8.093511024331594,False
0.8745,201.16545010374017,0.5028967261314392,8.093509049702178,False
0.875,201.16544928405852,0.5028966665267944,8.093500275355497,False
0.8755000000000001,201.1654467202286,0.502896785736084,8.093505443482004,False
0.876,201.16544673293706,0.502896785736084,8.093510966612849,False
0.8765000000000001,201.16544817031684,0.5028967261314392,8.093509551999771,False
0.877,201.16544884176182,0.5028967261314392,8.093507843325154,False
0.8775000000000001,201.16544867589397,0.5028967261314392,8.09350606444137,False
0.878,201.1654488114218,0.502896785736084,8.093511024331985,False
0.8785000000000001,201.16545010374006,0.5028967261314392,8.093509049702638,False
0.879,201.16544928405867,0.5028966665267944,8.093500275355959,False
0.8795000000000001,201.16544672022897,0.502896785736084,8.09350544348239,False
0.88,201.16544673293762,0.502896785736084,8.093510966613104,False
0.8805000000000001,201.16544817031755,0.5028967261314392,8.093509551999842,False
0.881,201.16544884176247,0.5028967261314392,8.093507843325037,False
0.8815000000000001,201.16544867589448,0.5028967261314392,8.093506064441097,False
0.882,201.16544881142212,0.502896785736084,8.0935110243316,False
0.8825000000000001,201.16545010374017,0.5028967261314392,8.093509049702188,False
0.883,201.16544928405852,0.5028966665267944,8.093500275355508,False
0.8835000000000001,201.1654467202286,0.502896785736084,8.093505443482014,False
0.884,201.16544673293706,0.502896785736084,8.09351096661286,False
0.8845000000000001,201.16544817031684,0.5028967261314392,8.093509551999782,False
0.885,201.16544884176182,0.5028967261314392,8.093507843325165,False
0.8855000000000001,201.16544867589397,0.5028967261314392,8.09350606444138,False
0.886,201.1654488114218,0.502896785736084,8.093511024331995,False
0.8865000000000001,201.16545010374006,0.5028967261314392,8.093509049702648,False
0.887,201.16544928405867,0.5028966665267944,8.09350027535597,False
0.8875000000000001,201.16544672022897,0.502896785736084,8.093505443482401,False
0.888,201.16544673293762,0.502896785736084,8.093510966613115,False
0.8885000000000001,201.16544817031755,0.5028967261314392,8.093509551999853,False
0.889,201.16544884176247,0.5028967261314392,8.093507843325048,False
0.8895000000000001,201.1654486758945,0.5028967261314392,8.093506064441105,False
0.89,201.16544881142215,0.502896785736084,8.093511024331594,False
0.8905000000000001,201.16545010374017,0.5028967261314392,8.093509049702178,False
0.891,201.16544928405852,0.5028966665267944,8.093500275355497,False
0.8915000000000001,201.1654467202286,0.502896785736084,8.093505443482004,False
0.892,201.16544673293706,0.502896785736084,8.093510966612849,False
0.8925000000000001,201.16544817031684,0.5028967261314392,8.093509551999771,False
0.893,201.16544884176182,0.5028967261314392,8.093507843325154,False
0.8935000000000001,201.16544867589397,0.5028967261314392,8.09350606444137,False
0.894,201.1654488114218,0.502896785736084,8.093511024331985,False
0.8945000000000001,201.16545010374006,0.5028967261314392,8.093509049702638,False
0.895,201.16544928405867,0.5028966665267944,8.093500275355959,False
0.8955000000000001,201.16544672022897,0.502896785736084,8.09350544348239,False
0.896,201.16544673293762,0.502896785736084,8.093510966613104,False
0.8965,201.16544817031755,0.5028967261314392,8.093509551999842,False
0.897,201.16544884176247,0.5028967261314392,8.093507843325037,False
0.8975,201.16544867589448,0.5028967261314392,8.093506064441097,False
0.898,201.16544881142212,0.502896785736084,8.0935110243316,False
0.8985,201.16545010374017,0.5028967261314392,8.093509049702188,False
0.899,201.16544928405852,0.5028966665267944,8.093500275355508,False
0.8995,201.1654467202286,0.502896785736084,8.093505443482014,False
0.9,201.16544673293706,0.502896785736084,8.09351096661286,False
0.9005,201.16544817031684,0.5028967261314392,8.093509551999782,False
0.901,201.16544884176182,0.5028967261314392,8.093507843325165,False
0.9015,201.16544867589397,0.5028967261314392,8.09350606444138,False
0.902,201.1654488114218,0.502896785736084,8.093511024331995,False
0.9025,201.16545010374006,0.5028967261314392,8.093509049702648,False
0.903,201.16544928405867,0.5028966665267944,8.09350027535597,False
0.9035,201.16544672022897,0.502896785736084,8.093505443482401,False
0.904,201.16544673293762,0.502896785736084,8.093510966613115,False
0.9045,201.16544817031755,0.5028967261314392,8.093509551999853,False
0.905,201.16544884176247,0.5028967261314392,8.093507843325048,False
0.9055,201.1654486758945,0.5028967261314392,8.093506064441105,False
0.906,201.16544881142215,0.502896785736084,8.093511024331594,False
0.9065,201.16545010374017,0.5028967261314392,8.093509049702178,False
0.907,201.16544928405852,0.5028966665267944,8.093500275355497,False
0.9075,201.1654467202286,0.502896785736084,8.093505443482004,False
0.908,201.16544673293706,0.502896785736084,8.093510966612849,False
0.9085,201.16544817031684,0.5028967261314392,8.093509551999771,False
0.909,201.16544884176182,0.5028967261314392,8.093507843325154,False
0.9095,201.16544867589397,0.5028967261314392,8.09350606444137,False
0.91,201.1654488114218,0.502896785736084,8.093511024331985,False
0.9105,201.16545010374006,0.5028967261314392,8.093509049702638,False
0.911,201.16544928405867,0.5028966665267944,8.093500275355959,False
0.9115,201.16544672022897,0.502896785736084,8.09350544348239,False
0.912,201.16544673293762,0.502896785736084,8.093510966613104,False
0.9125,201.16544817031755,0.5028967261314392,8.093509551999842,False
0.913,201.16544884176247,0.5028967261314392,8.093507843325037,False
0.9135,201.16544867589448,0.5028967261314392,8.093506064441097,False
0.914,201.16544881142212,0.502896785736084,8.0935110243316,False
0.9145,201.16545010374017,0.5028967261314392,8.093509049702188,False
0.915,201.16544928405852,0.5028966665267944,8.093500275355508,False
0.9155,201.1654467202286,0.502896785736084,8.093505443482014,False
0.916,201.16544673293706,0.502896785736084,8.09351096661286,False
0.9165,201.16544817031684,0.5028967261314392,8.093509551999782,False
0.917,201.16544884176182,0.5028967261314392,8.093507843325165,False
0.9175,201.16544867589397,0.5028967261314392,8.09350606444138,False
0.918,201.1654488114218,0.502896785736084,8.093511024331995,False
0.9185,201.16545010374006,0.5028967261314392,8.093509049702648,False
0.919,201.16544928405867,0.5028966665267944,8.09350027535597,False
0.9195,201.16544672022897,0.502896785736084,8.093505443482401,False
0.92,201.16544673293762,0.502896785736084,8.093510966613115,False
0.9205,201.16544817031755,0.5028967261314392,8.093509551999853,False
0.921,201.16544884176247,0.5028967261314392,8.093507843325048,False
0.9215,201.1654486758945,0.5028967261314392,8.093506064441105,False
0.922,201.16544881142215,0.502896785736084,8.093511024331594,False
0.9225,201.16545010374017,0.5028967261314392,8.093509049702178,False
0.923,201.16544928405852,0.5028966665267944,8.093500275355497,False
0.9235,201.1654467202286,0.502896785736084,8.093505443482004,False
0.924,201.16544673293706,0.502896785736084,8.093510966612849,False
0.9245,201.16544817031684,0.5028967261314392,8.093509551999771,False
0.925,201.16544884176182,0.5028967261314392,8.093507843325154,False
0.9255,201.16544867589397,0.5028967261314392,8.09350606444137,False
0.926,201.1654488114218,0.502896785736084,8.093511024331985,False
0.9265,201.16545010374006,0.5028967261314392,8.093509049702638,False
0.927,201.16544928405867,0.5028966665267944,8.093500275355959,False
0.9275,201.16544672022897,0.502896785736084,8.09350544348239,False
0.928,201.16544673293762,0.502896785736084,8.093510966613104,False
0.9285,201.16544817031755,0.5028967261314392,8.093509551999842,False
0.929,201.16544884176247,0.5028967261314392,8.093507843325037,False
0.9295,201.16544867589448,0.5028967261314392,8.093506064441097,False
0.93,201.16544881142212,0.502896785736084,8.0935110243316,False
0.9305,201.16545010374017,0.5028967261314392,8.093509049702188,False
0.931,201.16544928405852,0.5028966665267944,8.093500275355508,False
0.9315,201.1654467202286,0.502896785736084,8.093505443482014,False
0.932,201.16544673293706,0.502896785736084,8.09351096661286,False
0.9325,201.16544817031684,0.5028967261314392,8.093509551999782,False
0.933,201.16544884176182,0.5028967261314392,8.093507843325165,False
0.9335,201.16544867589397,0.5028967261314392,8.09350606444138,False
0.934,201.1654488114218,0.502896785736084,8.093511024331995,False
0.9345,201.16545010374006,0.5028967261314392,8.093509049702648,False
0.935,201.16544928405867,0.5028966665267944,8.09350027535597,False
0.9355,201.16544672022897,0.502896785736084,8.093505443482401,False
0.936,201.16544673293762,0.502896785736084,8.093510966613115,False
0.9365,201.16544817031755,0.5028967261314392,8.093509551999853,False
0.937,201.16544884176247,0.5028967261314392,8.093507843325048,False
0.9375,201.1654486758945,0.5028967261314392,8.093506064441105,False
0.9380000000000001,201.16544881142215,0.502896785736084,8.093511024331594,False
0.9385,201.16545010374017,0.5028967261314392,8.093509049702178,False
0.9390000000000001,201.16544928405852,0.5028966665267944,8.093500275355497,False
0.9395,201.1654467202286,0.502896785736084,8.093505443482004,False
0.9400000000000001,201.16544673293706,0.502896785736084,8.093510966612849,False
0.9405,201.16544817031684,0.5028967261314392,8.093509551999771,False
0.9410000000000001,201.16544884176182,0.5028967261314392,8.093507843325154,False
0.9415,201.16544867589397,0.5028967261314392,8.09350606444137,False
0.9420000000000001,201.1654488114218,0.502896785736084,8.093511024331985,False
0.9425,201.16545010374006,0.5028967261314392,8.093509049702638,False
0.9430000000000001,201.16544928405867,0.5028966665267944,8.093500275355959,False
0.9435,201.16544672022897,0.502896785736084,8.09350544348239,False
0.9440000000000001,201.16544673293762,0.502896785736084,8.093510966613104,False
0.9445,201.16544817031755,0.5028967261314392,8.093509551999842,False
0.9450000000000001,201.16544884176247,0.5028967261314392,8.093507843325037,False
0.9455,201.16544867589448,0.5028967261314392,8.093506064441097,False
0.9460000000000001,201.16544881142212,0.502896785736084,8.0935110243316,False
0.9465,201.16545010374017,0.5028967261314392,8.093509049702188,False
0.9470000000000001,201.16544928405852,0.5028966665267944,8.093500275355508,False
0.9475,201.1654467202286,0.502896785736084,8.093505443482014,False
0.9480000000000001,201.16544673293706,0.502896785736084,8.09351096661286,False
0.9485,201.16544817031684,0.5028967261314392,8.093509551999782,False
0.9490000000000001,201.16544884176182,0.5028967261314392,8.093507843325165,False
0.9495,201.16544867589397,0.5028967261314392,8.09350606444138,False
0.9500000000000001,201.1654488114218,0.502896785736084,8.093511024331995,False
0.9505,201.16545010374006,0.5028967261314392,8.093509049702648,False
0.9510000000000001,201.16544928405867,0.5028966665267944,8.09350027535597,False
0.9515,201.16544672022897,0.502896785736084,8.093505443482401,False
0.9520000000000001,201.16544673293762,0.502896785736084,8.093510966613115,False
0.9525,201.16544817031755,0.5028967261314392,8.093509551999853,False
0.9530000000000001,201.16544884176247,0.5028967261314392,8.093507843325048,False
0.9535,201.1654486758945,0.5028967261314392,8.093506064441105,False
0.9540000000000001,201.16544881142215,0.502896785736084,8.093511024331594,False
0.9545,201.16545010374017,0.5028967261314392,8.093509049702178,False
0.9550000000000001,201.16544928405852,0.5028966665267944,8.093500275355497,False
0.9555,201.1654467202286,0.502896785736084,8.093505443482004,False
0.9560000000000001,201.16544673293706,0.502896785736084,8.093510966612849,False
0.9565,201.16544817031684,0.5028967261314392,8.093509551999771,False
0.9570000000000001,201.16544884176182,0.5028967261314392,8.093507843325154,False
0.9575,201.16544867589397,0.5028967261314392,8.09350606444137,False
0.9580000000000001,201.1654488114218,0.502896785736084,8.093511024331985,False
0.9585,201.16545010374006,0.5028967261314392,8.093509049702638,False
0.9590000000000001,201.16544928405867,0.5028966665267944,8.093500275355959,False
0.9595,201.16544672022897,0.502896785736084,8.09350544348239,False
0.96,201.16544673293762,0.502896785736084,8.093510966613104,False
0.9605,201.16544817031755,0.5028967261314392,8.093509551999842,False
0.961,201.16544884176247,0.5028967261314392,8.093507843325037,False
0.9615,201.16544867589448,0.5028967261314392,8.093506064441097,False
0.962,201.16544881142212,0.502896785736084,8.0935110243316,False
0.9625,201.16545010374017,0.5028967261314392,8.093509049702188,False
0.963,201.16544928405852,0.5028966665267944,8.093500275355508,False
0.9635,201.1654467202286,0.502896785736084,8.093505443482014,False
0.964,201.16544673293706,0.502896785736084,8.09351096661286,False
0.9645,201.16544817031684,0.5028967261314392,8.093509551999782,False
0.965,201.16544884176182,0.5028967261314392,8.093507843325165,False
0.9655,201.16544867589397,0.5028967261314392,8.09350606444138,False
0.966,201.1654488114218,0.502896785736084,8.093511024331995,False
0.9665,201.16545010374006,0.5028967261314392,8.093509049702648,False
0.967,201.16544928405867,0.5028966665267944,8.09350027535597,False
0.9675,201.16544672022897,0.502896785736084,8.093505443482401,False
0.968,201.16544673293762,0.502896785736084,8.093510966613115,False
0.9685,201.16544817031755,0.5028967261314392,8.093509551999853,False
0.969,201.16544884176247,0.5028967261314392,8.093507843325048,False
0.9695,201.1654486758945,0.5028967261314392,8.093506064441105,False
0.97,201.16544881142215,0.502896785736084,8.093511024331594,False
0.9705,201.16545010374017,0.5028967261314392,8.093509049702178,False
0.971,201.16544928405852,0.5028966665267944,8.093500275355497,False
0.9715,201.1654467202286,0.502896785736084,8.093505443482004,False
0.972,201.16544673293706,0.502896785736084,8.093510966612849,False
0.9725,201.16544817031684,0.5028967261314392,8.093509551999771,False
0.973,201.16544884176182,0.5028967261314392,8.093507843325154,False
0.9735,201.16544867589397,0.5028967261314392,8.09350606444137,False
0.974,201.1654488114218,0.502896785736084,8.093511024331985,False
0.9745,201.16545010374006,0.5028967261314392,8.093509049702638,False
0.975,201.16544928405867,0.5028966665267944,8.093500275355959,False
0.9755,201.16544672022897,0.502896785736084,8.09350544348239,False
0.976,201.16544673293762,0.502896785736084,8.093510966613104,False
0.9765,201.16544817031755,0.5028967261314392,8.093509551999842,False
0.977,201.16544884176247,0.5028967261314392,8.093507843325037,False
0.9775,201.16544867589448,0.5028967261314392,8.093506064441097,False
0.978,201.16544881142212,0.502896785736084,8.0935110243316,False
0.9785,201.16545010374017,0.5028967261314392,8.093509049702188,False
0.979,201.16544928405852,0.5028966665267944,8.093500275355508,False
0.9795,201.1654467202286,0.502896785736084,8.093505443482014,False
0.98,201.16544673293706,0.502896785736084,8.09351096661286,False
0.9805,201.16544817031684,0.5028967261314392,8.093509551999782,False
0.981,201.16544884176182,0.5028967261314392,8.093507843325165,False
0.9815,201.16544867589397,0.5028967261314392,8.09350606444138,False
0.982,201.1654488114218,0.502896785736084,8.093511024331995,False
0.9825,201.16545010374006,0.5028967261314392,8.093509049702648,False
0.983,201.16544928405867,0.5028966665267944,8.09350027535597,False
0.9835,201.16544672022897,0.502896785736084,8.093505443482401,False
0.984,201.16544673293762,0.502896785736084,8.093510966613115,False
0.9845,201.16544817031755,0.5028967261314392,8.093509551999853,False
0.985,201.16544884176247,0.5028967261314392,8.093507843325048,False
0.9855,201.1654486758945,0.5028967261314392,8.093506064441105,False
0.986,201.16544881142215,0.502896785736084,8.093511024331594,False
0.9865,201.16545010374017,0.5028967261314392,8.093509049702178,False
0.987,201.16544928405852,0.5028966665267944,8.093500275355497,False
0.9875,201.1654467202286,0.502896785736084,8.093505443482004,False
0.988,201.16544673293706,0.502896785736084,8.093510966612849,False
0.9885,201.16544817031684,0.5028967261314392,8.093509551999771,False
0.989,201.16544884176182,0.5028967261314392,8.093507843325154,False
0.9895,201.16544867589397,0.5028967261314392,8.09350606444137,False
0.99,201.1654488114218,0.502896785736084,8.093511024331985,False
0.9905,201.16545010374006,0.5028967261314392,8.093509049702638,False
0.991,201.16544928405867,0.5028966665267944,8.093500275355959,False
0.9915,201.16544672022897,0.502896785736084,8.09350544348239,False
0.992,201.16544673293762,0.502896785736084,8.093510966613104,False
0.9925,201.16544817031755,0.5028967261314392,8.093509551999842,False
0.993,201.16544884176247,0.5028967261314392,8.093507843325037,False
0.9935,201.16544867589448,0.5028967261314392,8.093506064441097,False
0.994,201.16544881142212,0.502896785736084,8.0935110243316,False
0.9945,201.16545010374017,0.5028967261314392,8.093509049702188,False
0.995,201.16544928405852,0.5028966665267944,8.093500275355508,False
0.9955,201.1654467202286,0.502896785736084,8.093505443482014,False
0.996,201.16544673293706,0.502896785736084,8.09351096661286,False
0.9965,201.16544817031684,0.5028967261314392,8.093509551999782,False
0.997,201.16544884176182,0.5028967261314392,8.093507843325165,False
0.9975,201.16544867589397,0.5028967261314392,8.09350606444138,False
0.998,201.1654488114218,0.502896785736084,8.093511024331995,False
0.9985,201.16545010374006,0.5028967261314392,8.093509049702648,False
0.999,201.16544928405867,0.5028966665267944,8.09350027535597,False
0.9995,201.16544672022897,0.502896785736084,8.093505443482401,False
1.0,201.16544673293762,0.502896785736084,8.093510966613115,False
1.0005,201.16544817031755,0.5028967261314392,8.093509551999853,False
1.0010000000000001,201.16544884176247,0.5028967261314392,8.093507843325048,False
1.0015,201.1654486758945,0.5028967261314392,8.093506064441105,False
1.002,201.16544881142215,0.502896785736084,8.093511024331594,False
1.0025,201.16545010374017,0.5028967261314392,8.093509049702178,False
1.0030000000000001,201.16544928405852,0.5028966665267944,8.093500275355497,False
1.0035,201.1654467202286,0.502896785736084,8.093505443482004,False
1.004,201.16544673293706,0.502896785736084,8.093510966612849,False
1.0045,201.16544817031684,0.5028967261314392,8.093509551999771,False
1.0050000000000001,201.16544884176182,0.5028967261314392,8.093507843325154,False
1.0055,201.16544867589397,0.5028967261314392,8.09350606444137,False
1.006,201.1654488114218,0.502896785736084,8.093511024331985,False
1.0065,201.16545010374006,0.5028967261314392,8.093509049702638,False
1.0070000000000001,201.16544928405867,0.5028966665267944,8.093500275355959,False
1.0075,201.16544672022897,0.502896785736084,8.09350544348239,False
1.008,201.16544673293762,0.502896785736084,8.093510966613104,False
1.0085,201.16544817031755,0.5028967261314392,8.093509551999842,False
1.0090000000000001,201.16544884176247,0.5028967261314392,8.093507843325037,False
1.0095,201.16544867589448,0.5028967261314392,8.093506064441097,False
1.01,201.16544881142212,0.502896785736084,8.0935110243316,False
1.0105,201.16545010374017,0.5028967261314392,8.093509049702188,False
1.0110000000000001,201.16544928405852,0.5028966665267944,8.093500275355508,False
1.0115,201.1654467202286,0.502896785736084,8.093505443482014,False
1.012,201.16544673293706,0.502896785736084,8.09351096661286,False
1.0125,201.16544817031684,0.5028967261314392,8.093509551999782,False
1.0130000000000001,201.16544884176182,0.5028967261314392,8.093507843325165,False
1.0135,201.16544867589397,0.5028967261314392,8.09350606444138,False
1.014,201.1654488114218,0.502896785736084,8.093511024331995,False
1.0145,201.16545010374006,0.5028967261314392,8.093509049702648,False
1.0150000000000001,201.16544928405867,0.5028966665267944,8.09350027535597,False
1.0155,201.16544672022897,0.502896785736084,8.093505443482401,False
1.016,201.16544673293762,0.502896785736084,8.093510966613115,False
1.0165,201.16544817031755,0.5028967261314392,8.093509551999853,False
1.0170000000000001,201.16544884176247,0.5028967261314392,8.093507843325048,False
1.0175,201.1654486758945,0.5028967261314392,8.093506064441105,False
1.018,201.16544881142215,0.502896785736084,8.093511024331594,False
1.0185,201.16545010374017,0.5028967261314392,8.093509049702178,False
1.0190000000000001,201.16544928405852,0.5028966665267944,8.093500275355497,False
1.0195,201.1654467202286,0.502896785736084,8.093505443482004,False
1.02,201.16544673293706,0.502896785736084,8.093510966612849,False
1.0205,201.16544817031684,0.5028967261314392,8.093509551999771,False
1.0210000000000001,201.16544884176182,0.5028967261314392,8.093507843325154,False
1.0215,201.16544867589397,0.5028967261314392,8.09350606444137,False
1.022,201.1654488114218,0.502896785736084,8.093511024331985,False
1.0225,201.16545010374006,0.5028967261314392,8.093509049702638,False
1.0230000000000001,201.16544928405867,0.5028966665267944,8.093500275355959,False
1.0235,201.16544672022897,0.502896785736084,8.09350544348239,False
1.024,201.16544673293762,0.502896785736084,8.093510966613104,False
1.0245,201.16544817031755,0.5028967261314392,8.093509551999842,False
1.025,201.16544884176247,0.5028967261314392,8.093507843325037,False
1.0255,201.16544867589448,0.5028967261314392,8.093506064441097,False
1.026,201.16544881142212,0.502896785736084,8.0935110243316,False
1.0265,201.16545010374017,0.5028967261314392,8.093509049702188,False
1.027,201.16544928405852,0.5028966665267944,8.093500275355508,False
1.0275,201.1654467202286,0.502896785736084,8.093505443482014,False
1.028,201.16544673293706,0.502896785736084,8.09351096661286,False
1.0285,201.16544817031684,0.5028967261314392,8.093509551999782,False
1.029,201.16544884176182,0.5028967261314392,8.093507843325165,False
1.0295,201.16544867589397,0.5028967261314392,8.09350606444138,False
1.03,201.1654488114218,0.502896785736084,8.093511024331995,False
1.0305,201.16545010374006,0.5028967261314392,8.093509049702648,False
1.031,201.16544928405867,0.5028966665267944,8.09350027535597,False
1.0315,201.16544672022897,0.502896785736084,8.093505443482401,False
1.032,201.16544673293762,0.502896785736084,8.093510966613115,False
1.0325,201.16544817031755,0.5028967261314392,8.093509551999853,False
1.033,201.16544884176247,0.5028967261314392,8.093507843325048,False
1.0335,201.1654486758945,0.5028967261314392,8.093506064441105,False
1.034,201.16544881142215,0.502896785736084,8.093511024331594,False
1.0345,201.16545010374017,0.5028967261314392,8.093509049702178,False
1.035,201.16544928405852,0.5028966665267944,8.093500275355497,False
1.0355,201.1654467202286,0.502896785736084,8.093505443482004,False
1.036,201.16544673293706,0.502896785736084,8.093510966612849,False
1.0365,201.16544817031684,0.5028967261314392,8.093509551999771,False
1.037,201.16544884176182,0.5028967261314392,8.093507843325154,False
1.0375,201.16544867589397,0.5028967261314392,8.09350606444137,False
1.038,201.1654488114218,0.502896785736084,8.093511024331985,False
1.0385,201.16545010374006,0.5028967261314392,8.093509049702638,False
1.039,201.16544928405867,0.5028966665267944,8.093500275355959,False
1.0395,201.16544672022897,0.502896785736084,8.09350544348239,False
1.04,201.16544673293762,0.502896785736084,8.093510966613104,False
1.0405,201.16544817031755,0.5028967261314392,8.093509551999842,False
1.041,201.16544884176247,0.5028967261314392,8.093507843325037,False
1.0415,201.16544867589448,0.5028967261314392,8.093506064441097,False
1.042,201.16544881142212,0.502896785736084,8.0935110243316,False
1.0425,201.16545010374017,0.5028967261314392,8.093509049702188,False
1.043,201.16544928405852,0.5028966665267944,8.093500275355508,False
1.0435,201.1654467202286,0.502896785736084,8.093505443482014,False
1.044,201.16544673293706,0.502896785736084,8.09351096661286,False
1.0445,201.16544817031684,0.5028967261314392,8.093509551999782,False
1.045,201.16544884176182,0.5028967261314392,8.093507843325165,False
1.0455,201.16544867589397,0.5028967261314392,8.09350606444138,False
1.046,201.1654488114218,0.502896785736084,8.093511024331995,False
1.0465,201.16545010374006,0.5028967261314392,8.093509049702648,False
1.047,201.16544928405867,0.5028966665267944,8.09350027535597,False
1.0475,201.16544672022897,0.502896785736084,8.093505443482401,False
1.048,201.16544673293762,0.502896785736084,8.093510966613115,False
1.0485,201.16544817031755,0.5028967261314392,8.093509551999853,False
1.049,201.16544884176247,0.5028967261314392,8.093507843325048,False
1.0495,201.1654486758945,0.5028967261314392,8.093506064441105,False
1.05,201.16544881142215,0.502896785736084,8.093511024331594,False
1.0505,201.16545010374017,0.5028967261314392,8.093509049702178,False
1.051,201.16544928405852,0.5028966665267944,8.093500275355497,False
1.0515,201.1654467202286,0.502896785736084,8.093505443482004,False
1.052,201.16544673293706,0.502896785736084,8.093510966612849,False
1.0525,201.16544817031684,0.5028967261314392,8.093509551999771,False
1.053,201.16544884176182,0.5028967261314392,8.093507843325154,False
1.0535,201.16544867589397,0.5028967261314392,8.09350606444137,False
1.054,201.1654488114218,0.502896785736084,8.093511024331985,False
1.0545,201.16545010374006,0.5028967261314392,8.093509049702638,False
1.055,201.16544928405867,0.5028966665267944,8.093500275355959,False
1.0555,201.16544672022897,0.502896785736084,8.09350544348239,False
1.056,201.16544673293762,0.502896785736084,8.093510966613104,False
1.0565,201.16544817031755,0.5028967261314392,8.093509551999842,False
1.057,201.16544884176247,0.5028967261314392,8.093507843325037,False
1.0575,201.16544867589448,0.5028967261314392,8.093506064441097,False
1.058,201.16544881142212,0.502896785736084,8.0935110243316,False
1.0585,201.16545010374017,0.5028967261314392,8.093509049702188,False
1.059,201.16544928405852,0.5028966665267944,8.093500275355508,False
1.0595,201.1654467202286,0.502896785736084,8.093505443482014,False
1.06,201.16544673293706,0.502896785736084,8.09351096661286,False
1.0605,201.16544817031684,0.5028967261314392,8.093509551999782,False
1.061,201.16544884176182,0.5028967261314392,8.093507843325165,False
1.0615,201.16544867589397,0.5028967261314392,8.09350606444138,False
1.062,201.1654488114218,0.502896785736084,8.093511024331995,False
1.0625,201.16545010374006,0.5028967261314392,8.093509049702648,False
1.063,201.16544928405867,0.5028966665267944,8.09350027535597,False
1.0635000000000001,201.16544672022897,0.502896785736084,8.093505443482401,False
1.064,201.16544673293762,0.502896785736084,8.093510966613115,False
1.0645,201.16544817031755,0.5028967261314392,8.093509551999853,False
1.065,201.16544884176247,0.5028967261314392,8.093507843325048,False
1.0655000000000001,201.1654486758945,0.5028967261314392,8.093506064441105,False
1.066,201.16544881142215,0.502896785736084,8.093511024331594,False
1.0665,201.16545010374017,0.5028967261314392,8.093509049702178,False
1.067,201.16544928405852,0.5028966665267944,8.093500275355497,False
1.0675000000000001,201.1654467202286,0.502896785736084,8.093505443482004,False
1.068,201.16544673293706,0.502896785736084,8.093510966612849,False
1.0685,201.16544817031684,0.5028967261314392,8.093509551999771,False
1.069,201.16544884176182,0.5028967261314392,8.093507843325154,False
1.0695000000000001,201.16544867589397,0.5028967261314392,8.09350606444137,False
1.07,201.1654488114218,0.502896785736084,8.093511024331985,False
1.0705,201.16545010374006,0.5028967261314392,8.093509049702638,False
1.071,201.16544928405867,0.5028966665267944,8.093500275355959,False
1.0715000000000001,201.16544672022897,0.502896785736084,8.09350544348239,False
1.072,201.16544673293762,0.502896785736084,8.093510966613104,False
1.0725,201.16544817031755,0.5028967261314392,8.093509551999842,False
1.073,201.16544884176247,0.5028967261314392,8.093507843325037,False
1.0735000000000001,201.16544867589448,0.5028967261314392,8.093506064441097,False
1.074,201.16544881142212,0.502896785736084,8.0935110243316,False
1.0745,201.16545010374017,0.5028967261314392,8.093509049702188,False
1.075,201.16544928405852,0.5028966665267944,8.093500275355508,False
1.0755000000000001,201.1654467202286,0.502896785736084,8.093505443482014,False
1.076,201.16544673293706,0.502896785736084,8.09351096661286,False
1.0765,201.16544817031684,0.5028967261314392,8.093509551999782,False
1.077,201.16544884176182,0.5028967261314392,8.093507843325165,False
1.0775000000000001,201.16544867589397,0.5028967261314392,8.09350606444138,False
1.078,201.1654488114218,0.502896785736084,8.093511024331995,False
1.0785,201.16545010374006,0.5028967261314392,8.093509049702648,False
1.079,201.16544928405867,0.5028966665267944,8.09350027535597,False
1.0795000000000001,201.16544672022897,0.502896785736084,8.093505443482401,False
1.08,201.16544673293762,0.502896785736084,8.093510966613115,False
1.0805,201.16544817031755,0.5028967261314392,8.093509551999853,False
1.081,201.16544884176247,0.5028967261314392,8.093507843325048,False
1.0815000000000001,201.1654486758945,0.5028967261314392,8.093506064441105,False
1.082,201.16544881142215,0.502896785736084,8.093511024331594,False
1.0825,201.16545010374017,0.5028967261314392,8.093509049702178,False
1.083,201.16544928405852,0.5028966665267944,8.093500275355497,False
1.0835000000000001,201.1654467202286,0.502896785736084,8.093505443482004,False
1.084,201.16544673293706,0.502896785736084,8.093510966612849,False
1.0845,201.16544817031684,0.5028967261314392,8.093509551999771,False
1.085,201.16544884176182,0.5028967261314392,8.093507843325154,False
1.0855000000000001,201.16544867589397,0.5028967261314392,8.09350606444137,False
1.086,201.1654488114218,0.502896785736084,8.093511024331985,False
1.0865,201.16545010374006,0.5028967261314392,8.093509049702638,False
1.087,201.16544928405867,0.5028966665267944,8.093500275355959,False
1.0875000000000001,201.16544672022897,0.502896785736084,8.09350544348239,False
1.088,201.16544673293762,0.502896785736084,8.093510966613104,False
1.0885,201.16544817031755,0.5028967261314392,8.093509551999842,False
1.089,201.16544884176247,0.5028967261314392,8.093507843325037,False
1.0895,201.16544867589448,0.5028967261314392,8.093506064441097,False
1.09,201.16544881142212,0.502896785736084,8.0935110243316,False
1.0905,201.16545010374017,0.5028967261314392,8.093509049702188,False
1.091,201.16544928405852,0.5028966665267944,8.093500275355508,False
1.0915,201.1654467202286,0.502896785736084,8.093505443482014,False
1.092,201.16544673293706,0.502896785736084,8.09351096661286,False
1.0925,201.16544817031684,0.5028967261314392,8.093509551999782,False
1.093,201.16544884176182,0.5028967261314392,8.093507843325165,False
1.0935,201.16544867589397,0.5028967261314392,8.09350606444138,False
1.094,201.1654488114218,0.502896785736084,8.093511024331995,False
1.0945,201.16545010374006,0.5028967261314392,8.093509049702648,False
1.095,201.16544928405867,0.5028966665267944,8.09350027535597,False
1.0955,201.16544672022897,0.502896785736084,8.093505443482401,False
1.096,201.16544673293762,0.502896785736084,8.093510966613115,False
1.0965,201.16544817031755,0.5028967261314392,8.093509551999853,False
1.097,201.16544884176247,0.5028967261314392,8.093507843325048,False
1.0975,201.1654486758945,0.5028967261314392,8.093506064441105,False
1.098,201.16544881142215,0.502896785736084,8.093511024331594,False
1.0985,201.16545010374017,0.5028967261314392,8.093509049702178,False
1.099,201.16544928405852,0.5028966665267944,8.093500275355497,False
1.0995,201.1654467202286,0.502896785736084,8.093505443482004,False
1.1,201.16544673293706,0.502896785736084,8.093510966612849,False
1.1005,201.16544817031684,0.5028967261314392,8.093509551999771,False
1.101,201.16544884176182,0.5028967261314392,8.093507843325154,False
1.1015,201.16544867589397,0.5028967261314392,8.09350606444137,False
1.102,201.1654488114218,0.502896785736084,8.093511024331985,False
1.1025,201.16545010374006,0.5028967261314392,8.093509049702638,False
1.103,201.16544928405867,0.5028966665267944,8.093500275355959,False
1.1035,201.16544672022897,0.502896785736084,8.09350544348239,False
1.104,201.16544673293762,0.502896785736084,8.093510966613104,False
1.1045,201.16544817031755,0.5028967261314392,8.093509551999842,False
1.105,201.16544884176247,0.5028967261314392,8.093507843325037,False
1.1055,201.16544867589448,0.5028967261314392,8.093506064441097,False
1.106,201.16544881142212,0.502896785736084,8.0935110243316,False
1.1065,201.16545010374017,0.5028967261314392,8.093509049702188,False
1.107,201.16544928405852,0.5028966665267944,8.093500275355508,False
1.1075,201.1654467202286,0.502896785736084,8.093505443482014,False
1.108,201.16544673293706,0.502896785736084,8.09351096661286,False
1.1085,201.16544817031684,0.5028967261314392,8.093509551999782,False
1.109,201.16544884176182,0.5028967261314392,8.093507843325165,False
1.1095,201.16544867589397,0.5028967261314392,8.09350606444138,False
1.11,201.1654488114218,0.502896785736084,8.093511024331995,False
1.1105,201.16545010374006,0.5028967261314392,8.093509049702648,False
1.111,201.16544928405867,0.5028966665267944,8.09350027535597,False
1.1115,201.16544672022897,0.502896785736084,8.093505443482401,False
1.112,201.16544673293762,0.502896785736084,8.093510966613115,False
1.1125,201.16544817031755,0.5028967261314392,8.093509551999853,False
1.113,201.16544884176247,0.5028967261314392,8.093507843325048,False
1.1135,201.1654486758945,0.5028967261314392,8.093506064441105,False
1.114,201.16544881142215,0.502896785736084,8.093511024331594,False
1.1145,201.16545010374017,0.5028967261314392,8.093509049702178,False
1.115,201.16544928405852,0.5028966665267944,8.093500275355497,False
1.1155,201.1654467202286,0.502896785736084,8.093505443482004,False
1.116,201.16544673293706,0.502896785736084,8.093510966612849,False
1.1165,201.16544817031684,0.5028967261314392,8.093509551999771,False
1.117,201.16544884176182,0.5028967261314392,8.093507843325154,False
1.1175,201.16544867589397,0.5028967261314392,8.09350606444137,False
1.118,201.1654488114218,0.502896785736084,8.093511024331985,False
1.1185,201.16545010374006,0.5028967261314392,8.093509049702638,False
1.119,201.16544928405867,0.5028966665267944,8.093500275355959,False
1.1195,201.16544672022897,0.502896785736084,8.09350544348239,False
1.12,201.16544673293762,0.502896785736084,8.093510966613104,False
1.1205,201.16544817031755,0.5028967261314392,8.093509551999842,False
1.121,201.16544884176247,0.5028967261314392,8.093507843325037,False
1.1215,201.16544867589448,0.5028967261314392,8.093506064441097,False
1.122,201.16544881142212,0.502896785736084,8.0935110243316,False
1.1225,201.16545010374017,0.5028967261314392,8.093509049702188,False
1.123,201.16544928405852,0.5028966665267944,8.093500275355508,False
1.1235,201.1654467202286,0.502896785736084,8.093505443482014,False
1.124,201.16544673293706,0.502896785736084,8.09351096661286,False
1.1245,201.16544817031684,0.5028967261314392,8.093509551999782,False
1.125,201.16544884176182,0.5028967261314392,8.093507843325165,False
1.1255,201.16544867589397,0.5028967261314392,8.09350606444138,False
1.1260000000000001,201.1654488114218,0.502896785736084,8.093511024331995,False
1.1265,201.16545010374006,0.5028967261314392,8.093509049702648,False
1.127,201.16544928405867,0.5028966665267944,8.09350027535597,False
1.1275,201.16544672022897,0.502896785736084,8.093505443482401,False
1.1280000000000001,201.16544673293762,0.502896785736084,8.093510966613115,False
1.1285,201.16544817031755,0.5028967261314392,8.093509551999853,False
1.129,201.16544884176247,0.5028967261314392,8.093507843325048,False
1.1295,201.1654486758945,0.5028967261314392,8.093506064441105,False
1.1300000000000001,201.16544881142215,0.502896785736084,8.093511024331594,False
1.1305,201.16545010374017,0.5028967261314392,8.093509049702178,False
1.131,201.16544928405852,0.5028966665267944,8.093500275355497,False
1.1315,201.1654467202286,0.502896785736084,8.093505443482004,False
1.1320000000000001,201.16544673293706,0.502896785736084,8.093510966612849,False
1.1325,201.16544817031684,0.5028967261314392,8.093509551999771,False
1.133,201.16544884176182,0.5028967261314392,8.093507843325154,False
1.1335,201.16544867589397,0.5028967261314392,8.09350606444137,False
1.1340000000000001,201.1654488114218,0.502896785736084,8.093511024331985,False
1.1345,201.16545010374006,0.5028967261314392,8.093509049702638,False
1.135,201.16544928405867,0.5028966665267944,8.093500275355959,False
1.1355,201.16544672022897,0.502896785736084,8.09350544348239,False
1.1360000000000001,201.16544673293762,0.502896785736084,8.093510966613104,False
1.1365,201.16544817031755,0.5028967261314392,8.093509551999842,False
1.137,201.16544884176247,0.5028967261314392,8.093507843325037,False
1.1375,201.16544867589448,0.5028967261314392,8.093506064441097,False
1.1380000000000001,201.16544881142212,0.502896785736084,8.0935110243316,False
1.1385,201.16545010374017,0.5028967261314392,8.093509049702188,False
1.139,201.16544928405852,0.5028966665267944,8.093500275355508,False
1.1395,201.1654467202286,0.502896785736084,8.093505443482014,False
1.1400000000000001,201.16544673293706,0.502896785736084,8.09351096661286,False
1.1405,201.16544817031684,0.5028967261314392,8.093509551999782,False
1.141,201.16544884176182,0.5028967261314392,8.093507843325165,False
1.1415,201.16544867589397,0.5028967261314392,8.09350606444138,False
1.1420000000000001,201.1654488114218,0.502896785736084,8.093511024331995,False
1.1425,201.16545010374006,0.5028967261314392,8.093509049702648,False
1.143,201.16544928405867,0.5028966665267944,8.09350027535597,False
1.1435,201.16544672022897,0.502896785736084,8.093505443482401,False
1.1440000000000001,201.16544673293762,0.502896785736084,8.093510966613115,False
1.1445,201.16544817031755,0.5028967261314392,8.093509551999853,False
1.145,201.16544884176247,0.5028967261314392,8.093507843325048,False
1.1455,201.1654486758945,0.5028967261314392,8.093506064441105,False
1.1460000000000001,201.16544881142215,0.502896785736084,8.093511024331594,False
1.1465,201.16545010374017,0.5028967261314392,8.093509049702178,False
1.147,201.16544928405852,0.5028966665267944,8.093500275355497,False
1.1475,201.1654467202286,0.502896785736084,8.093505443482004,False
1.1480000000000001,201.16544673293706,0.502896785736084,8.093510966612849,False
1.1485,201.16544817031684,0.5028967261314392,8.093509551999771,False
1.149,201.16544884176182,0.5028967261314392,8.093507843325154,False
1.1495,201.16544867589397,0.5028967261314392,8.09350606444137,False
1.1500000000000001,201.1654488114218,0.502896785736084,8.093511024331985,False
1.1505,201.16545010374006,0.5028967261314392,8.093509049702638,False
1.151,201.16544928405867,0.5028966665267944,8.093500275355959,False
1.1515,201.16544672022897,0.502896785736084,8.09350544348239,False
1.1520000000000001,201.16544673293762,0.502896785736084,8.093510966613104,False
1.1525,201.16544817031755,0.5028967261314392,8.093509551999842,False
1.153,201.16544884176247,0.5028967261314392,8.093507843325037,False
1.1535,201.16544867589448,0.5028967261314392,8.093506064441097,False
1.154,201.16544881142212,0.502896785736084,8.0935110243316,False
1.1545,201.16545010374017,0.5028967261314392,8.093509049702188,False
1.155,201.16544928405852,0.5028966665267944,8.093500275355508,False
1.1555,201.1654467202286,0.502896785736084,8.093505443482014,False
1.156,201.16544673293706,0.502896785736084,8.09351096661286,False
1.1565,201.16544817031684,0.5028967261314392,8.093509551999782,False
1.157,201.16544884176182,0.5028967261314392,8.093507843325165,False
1.1575,201.16544867589397,0.5028967261314392,8.09350606444138,False
1.158,201.1654488114218,0.502896785736084,8.093511024331995,False
1.1585,201.16545010374006,0.5028967261314392,8.093509049702648,False
1.159,201.16544928405867,0.5028966665267944,8.09350027535597,False
1.1595,201.16544672022897,0.502896785736084,8.093505443482401,False
1.16,201.16544673293762,0.502896785736084,8.093510966613115,False
1.1605,201.16544817031755,0.5028967261314392,8.093509551999853,False
1.161,201.16544884176247,0.5028967261314392,8.093507843325048,False
1.1615,201.1654486758945,0.5028967261314392,8.093506064441105,False
1.162,201.16544881142215,0.502896785736084,8.093511024331594,False
1.1625,201.16545010374017,0.5028967261314392,8.093509049702178,False
1.163,201.16544928405852,0.5028966665267944,8.093500275355497,False
1.1635,201.1654467202286,0.502896785736084,8.093505443482004,False
1.164,201.16544673293706,0.502896785736084,8.093510966612849,False
1.1645,201.16544817031684,0.5028967261314392,8.093509551999771,False
1.165,201.16544884176182,0.5028967261314392,8.093507843325154,False
1.1655,201.16544867589397,0.5028967261314392,8.09350606444137,False
1.166,201.1654488114218,0.502896785736084,8.093511024331985,False
1.1665,201.16545010374006,0.5028967261314392,8.093509049702638,False
1.167,201.16544928405867,0.5028966665267944,8.093500275355959,False
1.1675,201.16544672022897,0.502896785736084,8.09350544348239,False
1.168,201.16544673293762,0.502896785736084,8.093510966613104,False
1.1685,201.16544817031755,0.5028967261314392,8.093509551999842,False
1.169,201.16544884176247,0.5028967261314392,8.093507843325037,False
1.1695,201.16544867589448,0.5028967261314392,8.093506064441097,False
1.17,201.16544881142212,0.502896785736084,8.0935110243316,False
1.1705,201.16545010374017,0.5028967261314392,8.093509049702188,False
1.171,201.16544928405852,0.5028966665267944,8.093500275355508,False
1.1715,201.1654467202286,0.502896785736084,8.093505443482014,False
1.172,201.16544673293706,0.502896785736084,8.09351096661286,False
1.1725,201.16544817031684,0.5028967261314392,8.093509551999782,False
1.173,201.16544884176182,0.5028967261314392,8.093507843325165,False
1.1735,201.16544867589397,0.5028967261314392,8.09350606444138,False
1.174,201.1654488114218,0.502896785736084,8.093511024331995,False
1.1745,201.16545010374006,0.5028967261314392,8.093509049702648,False
1.175,201.16544928405867,0.5028966665267944,8.09350027535597,False
1.1755,201.16544672022897,0.502896785736084,8.093505443482401,False
1.176,201.16544673293762,0.502896785736084,8.093510966613115,False
1.1765,201.16544817031755,0.5028967261314392,8.093509551999853,False
1.177,201.16544884176247,0.5028967261314392,8.093507843325048,False
1.1775,201.1654486758945,0.5028967261314392,8.093506064441105,False
1.178,201.16544881142215,0.502896785736084,8.093511024331594,False
1.1785,201.16545010374017,0.5028967261314392,8.093509049702178,False
1.179,201.16544928405852,0.5028966665267944,8.093500275355497,False
1.1795,201.1654467202286,0.502896785736084,8.093505443482004,False
1.18,201.16544673293706,0.502896785736084,8.093510966612849,False
1.1805,201.16544817031684,0.5028967261314392,8.093509551999771,False
1.181,201.16544884176182,0.5028967261314392,8.093507843325154,False
1.1815,201.16544867589397,0.5028967261314392,8.09350606444137,False
1.182,201.1654488114218,0.502896785736084,8.093511024331985,False
1.1825,201.16545010374006,0.5028967261314392,8.093509049702638,False
1.183,201.16544928405867,0.5028966665267944,8.093500275355959,False
1.1835,201.16544672022897,0.502896785736084,8.09350544348239,False
1.184,201.16544673293762,0.502896785736084,8.093510966613104,False
1.1845,201.16544817031755,0.5028967261314392,8.093509551999842,False
1.185,201.16544884176247,0.5028967261314392,8.093507843325037,False
1.1855,201.16544867589448,0.5028967261314392,8.093506064441097,False
1.186,201.16544881142212,0.502896785736084,8.0935110243316,False
1.1865,201.16545010374017,0.5028967261314392,8.093509049702188,False
1.187,201.16544928405852,0.5028966665267944,8.093500275355508,False
1.1875,201.1654467202286,0.502896785736084,8.093505443482014,False
1.188,201.16544673293706,0.502896785736084,8.09351096661286,False
1.1885000000000001,201.16544817031684,0.5028967261314392,8.093509551999782,False
1.189,201.16544884176182,0.5028967261314392,8.093507843325165,False
1.1895,201.16544867589397,0.5028967261314392,8.09350606444138,False
1.19,201.1654488114218,0.502896785736084,8.093511024331995,False
1.1905000000000001,201.16545010374006,0.5028967261314392,8.093509049702648,False
1.191,201.16544928405867,0.5028966665267944,8.09350027535597,False
1.1915,201.16544672022897,0.502896785736084,8.093505443482401,False
1.192,201.16544673293762,0.502896785736084,8.093510966613115,False
1.1925000000000001,201.16544817031755,0.5028967261314392,8.093509551999853,False
1.193,201.16544884176247,0.5028967261314392,8.093507843325048,False
1.1935,201.1654486758945,0.5028967261314392,8.093506064441105,False
1.194,201.16544881142215,0.502896785736084,8.093511024331594,False
1.1945000000000001,201.16545010374017,0.5028967261314392,8.093509049702178,False
1.195,201.16544928405852,0.5028966665267944,8.093500275355497,False
1.1955,201.1654467202286,0.502896785736084,8.093505443482004,False
1.196,201.16544673293706,0.502896785736084,8.093510966612849,False
1.1965000000000001,201.16544817031684,0.5028967261314392,8.093509551999771,False
1.197,201.16544884176182,0.5028967261314392,8.093507843325154,False
1.1975,201.16544867589397,0.5028967261314392,8.09350606444137,False
1.198,201.1654488114218,0.502896785736084,8.093511024331985,False
1.1985000000000001,201.16545010374006,0.5028967261314392,8.093509049702638,False
1.199,201.16544928405867,0.5028966665267944,8.093500275355959,False
1.1995,201.16544672022897,0.502896785736084,8.09350544348239,False
1.2,201.16544673293762,0.502896785736084,8.093510966613104,False
1.2005000000000001,201.16544817031755,0.5028967261314392,8.093509551999842,False
1.201,201.16544884176247,0.5028967261314392,8.093507843325037,False
1.2015,201.16544867589448,0.5028967261314392,8.093506064441097,False
1.202,201.16544881142212,0.502896785736084,8.0935110243316,False
1.2025000000000001,201.16545010374017,0.5028967261314392,8.093509049702188,False
1.203,201.16544928405852,0.5028966665267944,8.093500275355508,False
1.2035,201.1654467202286,0.502896785736084,8.093505443482014,False
1.204,201.16544673293706,0.502896785736084,8.09351096661286,False
1.2045000000000001,201.16544817031684,0.5028967261314392,8.093509551999782,False
1.205,201.16544884176182,0.5028967261314392,8.093507843325165,False
1.2055,201.16544867589397,0.5028967261314392,8.09350606444138,False
1.206,201.1654488114218,0.502896785736084,8.093511024331995,False
1.2065000000000001,201.16545010374006,0.5028967261314392,8.093509049702648,False
1.207,201.16544928405867,0.5028966665267944,8.09350027535597,False
1.2075,201.16544672022897,0.502896785736084,8.093505443482401,False
1.208,201.16544673293762,0.502896785736084,8.093510966613115,False
1.2085000000000001,201.16544817031755,0.5028967261314392,8.093509551999853,False
1.209,201.16544884176247,0.5028967261314392,8.093507843325048,False
1.2095,201.1654486758945,0.5028967261314392,8.093506064441105,False
1.21,201.16544881142215,0.502896785736084,8.093511024331594,False
1.2105000000000001,201.16545010374017,0.5028967261314392,8.093509049702178,False
1.211,201.16544928405852,0.5028966665267944,8.093500275355497,False
1.2115,201.1654467202286,0.502896785736084,8.093505443482004,False
1.212,201.16544673293706,0.502896785736084,8.093510966612849,False
1.2125000000000001,201.16544817031684,0.5028967261314392,8.093509551999771,False
1.213,201.16544884176182,0.5028967261314392,8.093507843325154,False
1.2135,201.16544867589397,0.5028967261314392,8.09350606444137,False
1.214,201.1654488114218,0.502896785736084,8.093511024331985,False
1.2145000000000001,201.16545010374006,0.5028967261314392,8.093509049702638,False
1.215,201.16544928405867,0.5028966665267944,8.093500275355959,False
1.2155,201.16544672022897,0.502896785736084,8.09350544348239,False
1.216,201.16544673293762,0.502896785736084,8.093510966613104,False
1.2165,201.16544817031755,0.5028967261314392,8.093509551999842,False
1.217,201.16544884176247,0.5028967261314392,8.093507843325037,False
1.2175,201.16544867589448,0.5028967261314392,8.093506064441097,False
1.218,201.16544881142212,0.502896785736084,8.0935110243316,False
1.2185,201.16545010374017,0.5028967261314392,8.093509049702188,False
1.219,201.16544928405852,0.5028966665267944,8.093500275355508,False
1.2195,201.1654467202286,0.502896785736084,8.093505443482014,False
1.22,201.16544673293706,0.502896785736084,8.09351096661286,False
1.2205,201.16544817031684,0.5028967261314392,8.093509551999782,False
1.221,201.16544884176182,0.5028967261314392,8.093507843325165,False
1.2215,201.16544867589397,0.5028967261314392,8.09350606444138,False
1.222,201.1654488114218,0.502896785736084,8.093511024331995,False
1.2225,201.16545010374006,0.5028967261314392,8.093509049702648,False
1.223,201.16544928405867,0.5028966665267944,8.09350027535597,False
1.2235,201.16544672022897,0.502896785736084,8.093505443482401,False
1.224,201.16544673293762,0.502896785736084,8.093510966613115,False
1.2245,201.16544817031755,0.5028967261314392,8.093509551999853,False
1.225,201.16544884176247,0.5028967261314392,8.093507843325048,False
1.2255,201.1654486758945,0.5028967261314392,8.093506064441105,False
1.226,201.16544881142215,0.502896785736084,8.093511024331594,False
1.2265,201.16545010374017,0.5028967261314392,8.093509049702178,False
1.227,201.16544928405852,0.5028966665267944,8.093500275355497,False
1.2275,201.1654467202286,0.502896785736084,8.093505443482004,False
1.228,201.16544673293706,0.502896785736084,8.093510966612849,False
1.2285,201.16544817031684,0.5028967261314392,8.093509551999771,False
1.229,201.16544884176182,0.5028967261314392,8.093507843325154,False
1.2295,201.16544867589397,0.5028967261314392,8.09350606444137,False
1.23,201.1654488114218,0.502896785736084,8.093511024331985,False
1.2305,201.16545010374006,0.5028967261314392,8.093509049702638,False
1.231,201.16544928405867,0.5028966665267944,8.093500275355959,False
1.2315,201.16544672022897,0.502896785736084,8.09350544348239,False
1.232,201.16544673293762,0.502896785736084,8.093510966613104,False
1.2325,201.16544817031755,0.5028967261314392,8.093509551999842,False
1.233,201.16544884176247,0.5028967261314392,8.093507843325037,False
1.2335,201.16544867589448,0.5028967261314392,8.093506064441097,False
1.234,201.16544881142212,0.502896785736084,8.0935110243316,False
1.2345,201.16545010374017,0.5028967261314392,8.093509049702188,False
1.235,201.16544928405852,0.5028966665267944,8.093500275355508,False
1.2355,201.1654467202286,0.502896785736084,8.093505443482014,False
1.236,201.16544673293706,0.502896785736084,8.09351096661286,False
1.2365,201.16544817031684,0.5028967261314392,8.093509551999782,False
1.237,201.16544884176182,0.5028967261314392,8.093507843325165,False
1.2375,201.16544867589397,0.5028967261314392,8.09350606444138,False
1.238,201.1654488114218,0.502896785736084,8.093511024331995,False
1.2385,201.16545010374006,0.5028967261314392,8.093509049702648,False
1.239,201.16544928405867,0.5028966665267944,8.09350027535597,False
1.2395,201.16544672022897,0.502896785736084,8.093505443482401,False
1.24,201.16544673293762,0.502896785736084,8.093510966613115,False
1.2405,201.16544817031755,0.5028967261314392,8.093509551999853,False
1.241,201.16544884176247,0.5028967261314392,8.093507843325048,False
1.2415,201.1654486758945,0.5028967261314392,8.093506064441105,False
1.242,201.16544881142215,0.502896785736084,8.093511024331594,False
1.2425,201.16545010374017,0.5028967261314392,8.093509049702178,False
1.243,201.16544928405852,0.5028966665267944,8.093500275355497,False
1.2435,201.1654467202286,0.502896785736084,8.093505443482004,False
1.244,201.16544673293706,0.502896785736084,8.093510966612849,False
1.2445,201.16544817031684,0.5028967261314392,8.093509551999771,False
1.245,201.16544884176182,0.5028967261314392,8.093507843325154,False
1.2455,201.16544867589397,0.5028967261314392,8.09350606444137,False
1.246,201.1654488114218,0.502896785736084,8.093511024331985,False
1.2465,201.16545010374006,0.5028967261314392,8.093509049702638,False
1.247,201.16544928405867,0.5028966665267944,8.093500275355959,False
1.2475,201.16544672022897,0.502896785736084,8.09350544348239,False
1.248,201.16544673293762,0.502896785736084,8.093510966613104,False
1.2485,201.16544817031755,0.5028967261314392,8.093509551999842,False
1.249,201.16544884176247,0.5028967261314392,8.093507843325037,False
1.2495,201.16544867589448,0.5028967261314392,8.093506064441097,False
1.25,201.16544881142212,0.502896785736084,8.0935110243316,False
1.2505,201.16545010374017,0.5028967261314392,8.093509049702188,False
1.2510000000000001,201.16544928405852,0.5028966665267944,8.093500275355508,False
1.2515,201.1654467202286,0.502896785736084,8.093505443482014,False
1.252,201.16544673293706,0.502896785736084,8.09351096661286,False
1.2525,201.16544817031684,0.5028967261314392,8.093509551999782,False
1.2530000000000001,201.16544884176182,0.5028967261314392,8.093507843325165,False
1.2535,201.16544867589397,0.5028967261314392,8.09350606444138,False
1.254,201.1654488114218,0.502896785736084,8.093511024331995,False
1.2545,201.16545010374006,0.5028967261314392,8.093509049702648,False
1.2550000000000001,201.16544928405867,0.5028966665267944,8.09350027535597,False
1.2555,201.16544672022897,0.502896785736084,8.093505443482401,False
1.256,201.16544673293762,0.502896785736084,8.093510966613115,False
1.2565,201.16544817031755,0.5028967261314392,8.093509551999853,False
1.2570000000000001,201.16544884176247,0.5028967261314392,8.093507843325048,False
1.2575,201.1654486758945,0.5028967261314392,8.093506064441105,False
1.258,201.16544881142215,0.502896785736084,8.093511024331594,False
1.2585,201.16545010374017,0.5028967261314392,8.093509049702178,False
1.2590000000000001,201.16544928405852,0.5028966665267944,8.093500275355497,False
1.2595,201.1654467202286,0.502896785736084,8.093505443482004,False
1.26,201.16544673293706,0.502896785736084,8.093510966612849,False
1.2605,201.16544817031684,0.5028967261314392,8.093509551999771,False
1.2610000000000001,201.16544884176182,0.5028967261314392,8.093507843325154,False
1.2615,201.16544867589397,0.5028967261314392,8.09350606444137,False
1.262,201.1654488114218,0.502896785736084,8.093511024331985,False
1.2625,201.16545010374006,0.5028967261314392,8.093509049702638,False
1.2630000000000001,201.16544928405867,0.5028966665267944,8.093500275355959,False
1.2635,201.16544672022897,0.502896785736084,8.09350544348239,False
1.264,201.16544673293762,0.502896785736084,8.093510966613104,False
1.2645,201.16544817031755,0.5028967261314392,8.093509551999842,False
1.2650000000000001,201.16544884176247,0.5028967261314392,8.093507843325037,False
1.2655,201.16544867589448,0.5028967261314392,8.093506064441097,False
1.266,201.16544881142212,0.502896785736084,8.0935110243316,False
1.2665,201.16545010374017,0.5028967261314392,8.093509049702188,False
1.2670000000000001,201.16544928405852,0.5028966665267944,8.093500275355508,False
1.2675,201.1654467202286,0.502896785736084,8.093505443482014,False
1.268,201.16544673293706,0.502896785736084,8.09351096661286,False
1.2685,201.16544817031684,0.5028967261314392,8.093509551999782,False
1.2690000000000001,201.16544884176182,0.5028967261314392,8.093507843325165,False
1.2695,201.16544867589397,0.5028967261314392,8.09350606444138,False
1.27,201.1654488114218,0.502896785736084,8.093511024331995,False
1.2705,201.16545010374006,0.5028967261314392,8.093509049702648,False
1.2710000000000001,201.16544928405867,0.5028966665267944,8.09350027535597,False
1.2715,201.16544672022897,0.502896785736084,8.093505443482401,False
1.272,201.16544673293762,0.502896785736084,8.093510966613115,False
1.2725,201.16544817031755,0.5028967261314392,8.093509551999853,False
1.2730000000000001,201.16544884176247,0.5028967261314392,8.093507843325048,False
1.2735,201.1654486758945,0.5028967261314392,8.093506064441105,False
1.274,201.16544881142215,0.502896785736084,8.093511024331594,False
1.2745,201.16545010374017,0.5028967261314392,8.093509049702178,False
1.2750000000000001,201.16544928405852,0.5028966665267944,8.093500275355497,False
1.2755,201.1654467202286,0.502896785736084,8.093505443482004,False
1.276,201.16544673293706,0.502896785736084,8.093510966612849,False
1.2765,201.16544817031684,0.5028967261314392,8.093509551999771,False
1.2770000000000001,201.16544884176182,0.5028967261314392,8.093507843325154,False
1.2775,201.16544867589397,0.5028967261314392,8.09350606444137,False
1.278,201.1654488114218,0.502896785736084,8.093511024331985,False
1.2785,201.16545010374006,0.5028967261314392,8.093509049702638,False
1.2790000000000001,201.16544928405867,0.5028966665267944,8.093500275355959,False
1.2795,201.16544672022897,0.502896785736084,8.09350544348239,False
1.28,201.16544673293762,0.502896785736084,8.093510966613104,False
1.2805,201.16544817031755,0.5028967261314392,8.093509551999842,False
1.281,201.16544884176247,0.5028967261314392,8.093507843325037,False
1.2815,201.16544867589448,0.5028967261314392,8.093506064441097,False
1.282,201.16544881142212,0.502896785736084,8.0935110243316,False
1.2825,201.16545010374017,0.5028967261314392,8.093509049702188,False
1.283,201.16544928405852,0.5028966665267944,8.093500275355508,False
1.2835,201.1654467202286,0.502896785736084,8.093505443482014,False
1.284,201.16544673293706,0.502896785736084,8.09351096661286,False
1.2845,201.16544817031684,0.5028967261314392,8.093509551999782,False
1.285,201.16544884176182,0.5028967261314392,8.093507843325165,False
1.2855,201.16544867589397,0.5028967261314392,8.09350606444138,False
1.286,201.1654488114218,0.502896785736084,8.093511024331995,False
1.2865,201.16545010374006,0.5028967261314392,8.093509049702648,False
1.287,201.16544928405867,0.5028966665267944,8.09350027535597,False
1.2875,201.16544672022897,0.502896785736084,8.093505443482401,False
1.288,201.16544673293762,0.502896785736084,8.093510966613115,False
1.2885,201.16544817031755,0.5028967261314392,8.093509551999853,False
1.289,201.16544884176247,0.5028967261314392,8.093507843325048,False
1.2895,201.1654486758945,0.5028967261314392,8.093506064441105,False
1.29,201.16544881142215,0.502896785736084,8.093511024331594,False
1.2905,201.16545010374017,0.5028967261314392,8.093509049702178,False
1.291,201.16544928405852,0.5028966665267944,8.093500275355497,False
1.2915,201.1654467202286,0.502896785736084,8.093505443482004,False
1.292,201.16544673293706,0.502896785736084,8.093510966612849,False
1.2925,201.16544817031684,0.5028967261314392,8.093509551999771,False
1.293,201.16544884176182,0.5028967261314392,8.093507843325154,False
1.2935,201.16544867589397,0.5028967261314392,8.09350606444137,False
1.294,201.1654488114218,0.502896785736084,8.093511024331985,False
1.2945,201.16545010374006,0.5028967261314392,8.093509049702638,False
1.295,201.16544928405867,0.5028966665267944,8.093500275355959,False
1.2955,201.16544672022897,0.502896785736084,8.09350544348239,False
1.296,201.16544673293762,0.502896785736084,8.093510966613104,False
1.2965,201.16544817031755,0.5028967261314392,8.093509551999842,False
1.297,201.16544884176247,0.5028967261314392,8.093507843325037,False
1.2975,201.16544867589448,0.5028967261314392,8.093506064441097,False
1.298,201.16544881142212,0.502896785736084,8.0935110243316,False
1.2985,201.16545010374017,0.5028967261314392,8.093509049702188,False
1.299,201.16544928405852,0.5028966665267944,8.093500275355508,False
1.2995,201.1654467202286,0.502896785736084,8.093505443482014,False
1.3,201.16544673293706,0.502896785736084,8.09351096661286,False
1.3005,201.16544817031684,0.5028967261314392,8.093509551999782,False
1.301,201.16544884176182,0.5028967261314392,8.093507843325165,False
1.3015,201.16544867589397,0.5028967261314392,8.09350606444138,False
1.302,201.1654488114218,0.502896785736084,8.093511024331995,False
1.3025,201.16545010374006,0.5028967261314392,8.093509049702648,False
1.303,201.16544928405867,0.5028966665267944,8.09350027535597,False
1.3035,201.16544672022897,0.502896785736084,8.093505443482401,False
1.304,201.16544673293762,0.502896785736084,8.093510966613115,False
1.3045,201.16544817031755,0.5028967261314392,8.093509551999853,False
1.305,201.16544884176247,0.5028967261314392,8.093507843325048,False
1.3055,201.1654486758945,0.5028967261314392,8.093506064441105,False
1.306,201.16544881142215,0.502896785736084,8.093511024331594,False
1.3065,201.16545010374017,0.5028967261314392,8.093509049702178,False
1.307,201.16544928405852,0.5028966665267944,8.093500275355497,False
1.3075,201.1654467202286,0.502896785736084,8.093505443482004,False
1.308,201.16544673293706,0.502896785736084,8.093510966612849,False
1.3085,201.16544817031684,0.5028967261314392,8.093509551999771,False
1.309,201.16544884176182,0.5028967261314392,8.093507843325154,False
1.3095,201.16544867589397,0.5028967261314392,8.09350606444137,False
1.31,201.1654488114218,0.502896785736084,8.093511024331985,False
1.3105,201.16545010374006,0.5028967261314392,8.093509049702638,False
1.311,201.16544928405867,0.5028966665267944,8.093500275355959,False
1.3115,201.16544672022897,0.502896785736084,8.09350544348239,False
1.312,201.16544673293762,0.502896785736084,8.093510966613104,False
1.3125,201.16544817031755,0.5028967261314392,8.093509551999842,False
1.313,201.16544884176247,0.5028967261314392,8.093507843325037,False
1.3135000000000001,201.16544867589448,0.5028967261314392,8.093506064441097,False
1.314,201.16544881142212,0.502896785736084,8.0935110243316,False
1.3145,201.16545010374017,0.5028967261314392,8.093509049702188,False
1.315,201.16544928405852,0.5028966665267944,8.093500275355508,False
1.3155000000000001,201.1654467202286,0.502896785736084,8.093505443482014,False
1.316,201.16544673293706,0.502896785736084,8.09351096661286,False
1.3165,201.16544817031684,0.5028967261314392,8.093509551999782,False
1.317,201.16544884176182,0.5028967261314392,8.093507843325165,False
1.3175000000000001,201.16544867589397,0.5028967261314392,8.09350606444138,False
1.318,201.1654488114218,0.502896785736084,8.093511024331995,False
1.3185,201.16545010374006,0.5028967261314392,8.093509049702648,False
1.319,201.16544928405867,0.5028966665267944,8.09350027535597,False
1.3195000000000001,201.16544672022897,0.502896785736084,8.093505443482401,False
1.32,201.16544673293762,0.502896785736084,8.093510966613115,False
1.3205,201.16544817031755,0.5028967261314392,8.093509551999853,False
1.321,201.16544884176247,0.5028967261314392,8.093507843325048,False
1.3215000000000001,201.1654486758945,0.5028967261314392,8.093506064441105,False
1.322,201.16544881142215,0.502896785736084,8.093511024331594,False
1.3225,201.16545010374017,0.5028967261314392,8.093509049702178,False
1.323,201.16544928405852,0.5028966665267944,8.093500275355497,False
1.3235000000000001,201.1654467202286,0.502896785736084,8.093505443482004,False
1.324,201.16544673293706,0.502896785736084,8.093510966612849,False
1.3245,201.16544817031684,0.5028967261314392,8.093509551999771,False
1.325,201.16544884176182,0.5028967261314392,8.093507843325154,False
1.3255000000000001,201.16544867589397,0.5028967261314392,8.09350606444137,False
1.326,201.1654488114218,0.502896785736084,8.093511024331985,False
1.3265,201.16545010374006,0.5028967261314392,8.093509049702638,False
1.327,201.16544928405867,0.5028966665267944,8.093500275355959,False
1.3275000000000001,201.16544672022897,0.502896785736084,8.09350544348239,False
1.328,201.16544673293762,0.502896785736084,8.093510966613104,False
1.3285,201.16544817031755,0.5028967261314392,8.093509551999842,False
1.329,201.16544884176247,0.5028967261314392,8.093507843325037,False
1.3295000000000001,201.16544867589448,0.5028967261314392,8.093506064441097,False
1.33,201.16544881142212,0.502896785736084,8.0935110243316,False
1.3305,201.16545010374017,0.5028967261314392,8.093509049702188,False
1.331,201.16544928405852,0.5028966665267944,8.093500275355508,False
1.3315000000000001,201.1654467202286,0.502896785736084,8.093505443482014,False
1.332,201.16544673293706,0.502896785736084,8.09351096661286,False
1.3325,201.16544817031684,0.5028967261314392,8.093509551999782,False
1.333,201.16544884176182,0.5028967261314392,8.093507843325165,False
1.3335000000000001,201.16544867589397,0.5028967261314392,8.09350606444138,False
1.334,201.1654488114218,0.502896785736084,8.093511024331995,False
1.3345,201.16545010374006,0.5028967261314392,8.093509049702648,False
1.335,201.16544928405867,0.5028966665267944,8.09350027535597,False
1.3355000000000001,201.16544672022897,0.502896785736084,8.093505443482401,False
1.336,201.16544673293762,0.502896785736084,8.093510966613115,False
1.3365,201.16544817031755,0.5028967261314392,8.093509551999853,False
1.337,201.16544884176247,0.5028967261314392,8.093507843325048,False
1.3375000000000001,201.1654486758945,0.5028967261314392,8.093506064441105,False
1.338,201.16544881142215,0.502896785736084,8.093511024331594,False
1.3385,201.16545010374017,0.5028967261314392,8.093509049702178,False
1.339,201.16544928405852,0.5028966665267944,8.093500275355497,False
1.3395000000000001,201.1654467202286,0.502896785736084,8.093505443482004,False
1.34,201.16544673293706,0.502896785736084,8.093510966612849,False
1.3405,201.16544817031684,0.5028967261314392,8.093509551999771,False
1.341,201.16544884176182,0.5028967261314392,8.093507843325154,False
1.3415000000000001,201.16544867589397,0.5028967261314392,8.09350606444137,False
1.342,201.1654488114218,0.502896785736084,8.093511024331985,False
1.3425,201.16545010374006,0.5028967261314392,8.093509049702638,False
1.343,201.16544928405867,0.5028966665267944,8.093500275355959,False
1.3435000000000001,201.16544672022897,0.502896785736084,8.09350544348239,False
1.344,201.16544673293762,0.502896785736084,8.093510966613104,False
1.3445,201.16544817031755,0.5028967261314392,8.093509551999842,False
1.345,201.16544884176247,0.5028967261314392,8.093507843325037,False
1.3455,201.16544867589448,0.5028967261314392,8.093506064441097,False
1.346,201.16544881142212,0.502896785736084,8.0935110243316,False
1.3465,201.16545010374017,0.5028967261314392,8.093509049702188,False
1.347,201.16544928405852,0.5028966665267944,8.093500275355508,False
1.3475,201.1654467202286,0.502896785736084,8.093505443482014,False
1.348,201.16544673293706,0.502896785736084,8.09351096661286,False
1.3485,201.16544817031684,0.5028967261314392,8.093509551999782,False
1.349,201.16544884176182,0.5028967261314392,8.093507843325165,False
1.3495,201.16544867589397,0.5028967261314392,8.09350606444138,False
1.35,201.1654488114218,0.502896785736084,8.093511024331995,False
1.3505,201.16545010374006,0.5028967261314392,8.093509049702648,False
1.351,201.16544928405867,0.5028966665267944,8.09350027535597,False
1.3515,201.16544672022897,0.502896785736084,8.093505443482401,False
1.352,201.16544673293762,0.502896785736084,8.093510966613115,False
1.3525,201.16544817031755,0.5028967261314392,8.093509551999853,False
1.353,201.16544884176247,0.5028967261314392,8.093507843325048,False
1.3535,201.1654486758945,0.5028967261314392,8.093506064441105,False
1.354,201.16544881142215,0.502896785736084,8.093511024331594,False
1.3545,201.16545010374017,0.5028967261314392,8.093509049702178,False
1.355,201.16544928405852,0.5028966665267944,8.093500275355497,False
1.3555,201.1654467202286,0.502896785736084,8.093505443482004,False
1.356,201.16544673293706,0.502896785736084,8.093510966612849,False
1.3565,201.16544817031684,0.5028967261314392,8.093509551999771,False
1.357,201.16544884176182,0.5028967261314392,8.093507843325154,False
1.3575,201.16544867589397,0.5028967261314392,8.09350606444137,False
1.358,201.1654488114218,0.502896785736084,8.093511024331985,False
1.3585,201.16545010374006,0.5028967261314392,8.093509049702638,False
1.359,201.16544928405867,0.5028966665267944,8.093500275355959,False
1.3595,201.16544672022897,0.502896785736084,8.09350544348239,False
1.36,201.16544673293762,0.502896785736084,8.093510966613104,False
1.3605,201.16544817031755,0.5028967261314392,8.093509551999842,False
1.361,201.16544884176247,0.5028967261314392,8.093507843325037,False
1.3615,201.16544867589448,0.5028967261314392,8.093506064441097,False
1.362,201.16544881142212,0.502896785736084,8.0935110243316,False
1.3625,201.16545010374017,0.5028967261314392,8.093509049702188,False
1.363,201.16544928405852,0.5028966665267944,8.093500275355508,False
1.3635,201.1654467202286,0.502896785736084,8.093505443482014,False
1.364,201.16544673293706,0.502896785736084,8.09351096661286,False
1.3645,201.16544817031684,0.5028967261314392,8.093509551999782,False
1.365,201.16544884176182,0.5028967261314392,8.093507843325165,False
1.3655,201.16544867589397,0.5028967261314392,8.09350606444138,False
1.366,201.1654488114218,0.502896785736084,8.093511024331995,False
1.3665,201.16545010374006,0.5028967261314392,8.093509049702648,False
1.367,201.16544928405867,0.5028966665267944,8.09350027535597,False
1.3675,201.16544672022897,0.502896785736084,8.093505443482401,False
1.368,201.16544673293762,0.502896785736084,8.093510966613115,False
1.3685,201.16544817031755,0.5028967261314392,8.093509551999853,False
1.369,201.16544884176247,0.5028967261314392,8.093507843325048,False
1.3695,201.1654486758945,0.5028967261314392,8.093506064441105,False
1.37,201.16544881142215,0.502896785736084,8.093511024331594,False
1.3705,201.16545010374017,0.5028967261314392,8.093509049702178,False
1.371,201.16544928405852,0.5028966665267944,8.093500275355497,False
1.3715,201.1654467202286,0.502896785736084,8.093505443482004,False
1.372,201.16544673293706,0.502896785736084,8.093510966612849,False
1.3725,201.16544817031684,0.5028967261314392,8.093509551999771,False
1.373,201.16544884176182,0.5028967261314392,8.093507843325154,False
1.3735,201.16544867589397,0.5028967261314392,8.09350606444137,False
1.374,201.1654488114218,0.502896785736084,8.093511024331985,False
1.3745,201.16545010374006,0.5028967261314392,8.093509049702638,False
1.375,201.16544928405867,0.5028966665267944,8.093500275355959,False
1.3755,201.16544672022897,0.502896785736084,8.09350544348239,False
1.3760000000000001,201.16544673293762,0.502896785736084,8.093510966613104,False
1.3765,201.16544817031755,0.5028967261314392,8.093509551999842,False
1.377,201.16544884176247,0.5028967261314392,8.093507843325037,False
1.3775,201.16544867589448,0.5028967261314392,8.093506064441097,False
1.3780000000000001,201.16544881142212,0.502896785736084,8.0935110243316,False
1.3785,201.16545010374017,0.5028967261314392,8.093509049702188,False
1.379,201.16544928405852,0.5028966665267944,8.093500275355508,False
1.3795,201.1654467202286,0.502896785736084,8.093505443482014,False
1.3800000000000001,201.16544673293706,0.502896785736084,8.09351096661286,False
1.3805,201.16544817031684,0.5028967261314392,8.093509551999782,False
1.381,201.16544884176182,0.5028967261314392,8.093507843325165,False
1.3815,201.16544867589397,0.5028967261314392,8.09350606444138,False
1.3820000000000001,201.1654488114218,0.502896785736084,8.093511024331995,False
1.3825,201.16545010374006,0.5028967261314392,8.093509049702648,False
1.383,201.16544928405867,0.5028966665267944,8.09350027535597,False
1.3835,201.16544672022897,0.502896785736084,8.093505443482401,False
1.3840000000000001,201.16544673293762,0.502896785736084,8.093510966613115,False
1.3845,201.16544817031755,0.5028967261314392,8.093509551999853,False
1.385,201.16544884176247,0.5028967261314392,8.093507843325048,False
1.3855,201.1654486758945,0.5028967261314392,8.093506064441105,False
1.3860000000000001,201.16544881142215,0.502896785736084,8.093511024331594,False
1.3865,201.16545010374017,0.5028967261314392,8.093509049702178,False
1.387,201.16544928405852,0.5028966665267944,8.093500275355497,False
1.3875,201.1654467202286,0.502896785736084,8.093505443482004,False
1.3880000000000001,201.16544673293706,0.502896785736084,8.093510966612849,False
1.3885,201.16544817031684,0.5028967261314392,8.093509551999771,False
1.389,201.16544884176182,0.5028967261314392,8.093507843325154,False
1.3895,201.16544867589397,0.5028967261314392,8.09350606444137,False
1.3900000000000001,201.1654488114218,0.502896785736084,8.093511024331985,False
1.3905,201.16545010374006,0.5028967261314392,8.093509049702638,False
1.391,201.16544928405867,0.5028966665267944,8.093500275355959,False
1.3915,201.16544672022897,0.502896785736084,8.09350544348239,False
1.3920000000000001,201.16544673293762,0.502896785736084,8.093510966613104,False
1.3925,201.16544817031755,0.5028967261314392,8.093509551999842,False
1.393,201.16544884176247,0.5028967261314392,8.093507843325037,False
1.3935,201.16544867589448,0.5028967261314392,8.093506064441097,False
1.3940000000000001,201.16544881142212,0.502896785736084,8.0935110243316,False
1.3945,201.16545010374017,0.5028967261314392,8.093509049702188,False
1.395,201.16544928405852,0.5028966665267944,8.093500275355508,False
1.3955,201.1654467202286,0.502896785736084,8.093505443482014,False
1.3960000000000001,201.16544673293706,0.502896785736084,8.09351096661286,False
1.3965,201.16544817031684,0.5028967261314392,8.093509551999782,False
1.397,201.16544884176182,0.5028967261314392,8.093507843325165,False
1.3975,201.16544867589397,0.5028967261314392,8.09350606444138,False
1.3980000000000001,201.1654488114218,0.502896785736084,8.093511024331995,False
1.3985,201.16545010374006,0.5028967261314392,8.093509049702648,False
1.399,201.16544928405867,0.5028966665267944,8.09350027535597,False
1.3995,201.16544672022897,0.502896785736084,8.093505443482401,False
1.4000000000000001,201.16544673293762,0.502896785736084,8.093510966613115,False
1.4005,201.16544817031755,0.5028967261314392,8.093509551999853,False
1.401,201.16544884176247,0.5028967261314392,8.093507843325048,False
1.4015,201.1654486758945,0.5028967261314392,8.093506064441105,False
1.4020000000000001,201.16544881142215,0.502896785736084,8.093511024331594,False
1.4025,201.16545010374017,0.5028967261314392,8.093509049702178,False
1.403,201.16544928405852,0.5028966665267944,8.093500275355497,False
1.4035,201.1654467202286,0.502896785736084,8.093505443482004,False
1.4040000000000001,201.16544673293706,0.502896785736084,8.093510966612849,False
1.4045,201.16544817031684,0.5028967261314392,8.093509551999771,False
1.405,201.16544884176182,0.5028967261314392,8.093507843325154,False
1.4055,201.16544867589397,0.5028967261314392,8.09350606444137,False
1.4060000000000001,201.1654488114218,0.502896785736084,8.093511024331985,False
1.4065,201.16545010374006,0.5028967261314392,8.093509049702638,False
1.407,201.16544928405867,0.5028966665267944,8.093500275355959,False
1.4075,201.16544672022897,0.502896785736084,8.09350544348239,False
1.408,201.16544673293762,0.502896785736084,8.093510966613104,False
1.4085,201.16544817031755,0.5028967261314392,8.093509551999842,False
1.409,201.16544884176247,0.5028967261314392,8.093507843325037,False
1.4095,201.16544867589448,0.5028967261314392,8.093506064441097,False
1.41,201.16544881142212,0.502896785736084,8.0935110243316,False
1.4105,201.16545010374017,0.5028967261314392,8.093509049702188,False
1.411,201.16544928405852,0.5028966665267944,8.093500275355508,False
1.4115,201.1654467202286,0.502896785736084,8.093505443482014,False
1.412,201.16544673293706,0.502896785736084,8.09351096661286,False
1.4125,201.16544817031684,0.5028967261314392,8.093509551999782,False
1.413,201.16544884176182,0.5028967261314392,8.093507843325165,False
1.4135,201.16544867589397,0.5028967261314392,8.09350606444138,False
1.414,201.1654488114218,0.502896785736084,8.093511024331995,False
1.4145,201.16545010374006,0.5028967261314392,8.093509049702648,False
1.415,201.16544928405867,0.5028966665267944,8.09350027535597,False
1.4155,201.16544672022897,0.502896785736084,8.093505443482401,False
1.416,201.16544673293762,0.502896785736084,8.093510966613115,False
1.4165,201.16544817031755,0.5028967261314392,8.093509551999853,False
1.417,201.16544884176247,0.5028967261314392,8.093507843325048,False
1.4175,201.1654486758945,0.5028967261314392,8.093506064441105,False
1.418,201.16544881142215,0.502896785736084,8.093511024331594,False
1.4185,201.16545010374017,0.5028967261314392,8.093509049702178,False
1.419,201.16544928405852,0.5028966665267944,8.093500275355497,False
1.4195,201.1654467202286,0.502896785736084,8.093505443482004,False
1.42,201.16544673293706,0.502896785736084,8.093510966612849,False
1.4205,201.16544817031684,0.5028967261314392,8.093509551999771,False
1.421,201.16544884176182,0.5028967261314392,8.093507843325154,False
1.4215,201.16544867589397,0.5028967261314392,8.09350606444137,False
1.422,201.1654488114218,0.502896785736084,8.093511024331985,False
1.4225,201.16545010374006,0.5028967261314392,8.093509049702638,False
1.423,201.16544928405867,0.5028966665267944,8.093500275355959,False
1.4235,201.16544672022897,0.502896785736084,8.09350544348239,False
1.424,201.16544673293762,0.502896785736084,8.093510966613104,False
1.4245,201.16544817031755,0.5028967261314392,8.093509551999842,False
1.425,201.16544884176247,0.5028967261314392,8.093507843325037,False
1.4255,201.16544867589448,0.5028967261314392,8.093506064441097,False
1.426,201.16544881142212,0.502896785736084,8.0935110243316,False
1.4265,201.16545010374017,0.5028967261314392,8.093509049702188,False
1.427,201.16544928405852,0.5028966665267944,8.093500275355508,False
1.4275,201.1654467202286,0.502896785736084,8.093505443482014,False
1.428,201.16544673293706,0.502896785736084,8.09351096661286,False
1.4285,201.16544817031684,0.5028967261314392,8.093509551999782,False
1.429,201.16544884176182,0.5028967261314392,8.093507843325165,False
1.4295,201.16544867589397,0.5028967261314392,8.09350606444138,False
1.43,201.1654488114218,0.502896785736084,8.093511024331995,False
1.4305,201.16545010374006,0.5028967261314392,8.093509049702648,False
1.431,201.16544928405867,0.5028966665267944,8.09350027535597,False
1.4315,201.16544672022897,0.502896785736084,8.093505443482401,False
1.432,201.16544673293762,0.502896785736084,8.093510966613115,False
1.4325,201.16544817031755,0.5028967261314392,8.093509551999853,False
1.433,201.16544884176247,0.5028967261314392,8.093507843325048,False
1.4335,201.1654486758945,0.5028967261314392,8.093506064441105,False
1.434,201.16544881142215,0.502896785736084,8.093511024331594,False
1.4345,201.16545010374017,0.5028967261314392,8.093509049702178,False
1.435,201.16544928405852,0.5028966665267944,8.093500275355497,False
1.4355,201.1654467202286,0.502896785736084,8.093505443482004,False
1.436,201.16544673293706,0.502896785736084,8.093510966612849,False
1.4365,201.16544817031684,0.5028967261314392,8.093509551999771,False
1.437,201.16544884176182,0.5028967261314392,8.093507843325154,False
1.4375,201.16544867589397,0.5028967261314392,8.09350606444137,False
1.438,201.1654488114218,0.502896785736084,8.093511024331985,False
1.4385000000000001,201.16545010374006,0.5028967261314392,8.093509049702638,False
1.439,201.16544928405867,0.5028966665267944,8.093500275355959,False
1.4395,201.16544672022897,0.502896785736084,8.09350544348239,False
1.44,201.16544673293762,0.502896785736084,8.093510966613104,False
1.4405000000000001,201.16544817031755,0.5028967261314392,8.093509551999842,False
1.441,201.16544884176247,0.5028967261314392,8.093507843325037,False
1.4415,201.16544867589448,0.5028967261314392,8.093506064441097,False
1.442,201.16544881142212,0.502896785736084,8.0935110243316,False
1.4425000000000001,201.16545010374017,0.5028967261314392,8.093509049702188,False
1.443,201.16544928405852,0.5028966665267944,8.093500275355508,False
1.4435,201.1654467202286,0.502896785736084,8.093505443482014,False
1.444,201.16544673293706,0.502896785736084,8.09351096661286,False
1.4445000000000001,201.16544817031684,0.5028967261314392,8.093509551999782,False
1.445,201.16544884176182,0.5028967261314392,8.093507843325165,False
1.4455,201.16544867589397,0.5028967261314392,8.09350606444138,False
1.446,201.1654488114218,0.502896785736084,8.093511024331995,False
1.4465000000000001,201.16545010374006,0.5028967261314392,8.093509049702648,False
1.447,201.16544928405867,0.5028966665267944,8.09350027535597,False
1.4475,201.16544672022897,0.502896785736084,8.093505443482401,False
1.448,201.16544673293762,0.502896785736084,8.093510966613115,False
1.4485000000000001,201.16544817031755,0.5028967261314392,8.093509551999853,False
1.449,201.16544884176247,0.5028967261314392,8.093507843325048,False
1.4495,201.1654486758945,0.5028967261314392,8.093506064441105,False
1.45,201.16544881142215,0.502896785736084,8.093511024331594,False
1.4505000000000001,201.16545010374017,0.5028967261314392,8.093509049702178,False
1.451,201.16544928405852,0.5028966665267944,8.093500275355497,False
1.4515,201.1654467202286,0.502896785736084,8.093505443482004,False
1.452,201.16544673293706,0.502896785736084,8.093510966612849,False
1.4525000000000001,201.16544817031684,0.5028967261314392,8.093509551999771,False
1.453,201.16544884176182,0.5028967261314392,8.093507843325154,False
1.4535,201.16544867589397,0.5028967261314392,8.09350606444137,False
1.454,201.1654488114218,0.502896785736084,8.093511024331985,False
1.4545000000000001,201.16545010374006,0.5028967261314392,8.093509049702638,False
1.455,201.16544928405867,0.5028966665267944,8.093500275355959,False
1.4555,201.16544672022897,0.502896785736084,8.09350544348239,False
1.456,201.16544673293762,0.502896785736084,8.093510966613104,False
1.4565000000000001,201.16544817031755,0.5028967261314392,8.093509551999842,False
1.457,201.16544884176247,0.5028967261314392,8.093507843325037,False
1.4575,201.16544867589448,0.5028967261314392,8.093506064441097,False
1.458,201.16544881142212,0.502896785736084,8.0935110243316,False
1.4585000000000001,201.16545010374017,0.5028967261314392,8.093509049702188,False
1.459,201.16544928405852,0.5028966665267944,8.093500275355508,False
1.4595,201.1654467202286,0.502896785736084,8.093505443482014,False
1.46,201.16544673293706,0.502896785736084,8.09351096661286,False
1.4605000000000001,201.16544817031684,0.5028967261314392,8.093509551999782,False
1.461,201.16544884176182,0.5028967261314392,8.093507843325165,False
1.4615,201.16544867589397,0.5028967261314392,8.09350606444138,False
1.462,201.1654488114218,0.502896785736084,8.093511024331995,False
1.4625000000000001,201.16545010374006,0.5028967261314392,8.093509049702648,False
1.463,201.16544928405867,0.5028966665267944,8.09350027535597,False
1.4635,201.16544672022897,0.502896785736084,8.093505443482401,False
1.464,201.16544673293762,0.502896785736084,8.093510966613115,False
1.4645000000000001,201.16544817031755,0.5028967261314392,8.093509551999853,False
1.465,201.16544884176247,0.5028967261314392,8.093507843325048,False
1.4655,201.1654486758945,0.5028967261314392,8.093506064441105,False
1.466,201.16544881142215,0.502896785736084,8.093511024331594,False
1.4665000000000001,201.16545010374017,0.5028967261314392,8.093509049702178,False
1.467,201.16544928405852,0.5028966665267944,8.093500275355497,False
1.4675,201.1654467202286,0.502896785736084,8.093505443482004,False
1.468,201.16544673293706,0.502896785736084,8.093510966612849,False
1.4685000000000001,201.16544817031684,0.5028967261314392,8.093509551999771,False
1.469,201.16544884176182,0.5028967261314392,8.093507843325154,False
1.4695,201.16544867589397,0.5028967261314392,8.09350606444137,False
1.47,201.1654488114218,0.502896785736084,8.093511024331985,False
1.4705000000000001,201.16545010374006,0.5028967261314392,8.093509049702638,False
1.471,201.16544928405867,0.5028966665267944,8.093500275355959,False
1.4715,201.16544672022897,0.502896785736084,8.09350544348239,False
1.472,201.16544673293762,0.502896785736084,8.093510966613104,False
1.4725,201.16544817031755,0.5028967261314392,8.093509551999842,False
1.473,201.16544884176247,0.5028967261314392,8.093507843325037,False
1.4735,201.16544867589448,0.5028967261314392,8.093506064441097,False
1.474,201.16544881142212,0.502896785736084,8.0935110243316,False
1.4745,201.16545010374017,0.5028967261314392,8.093509049702188,False
1.475,201.16544928405852,0.5028966665267944,8.093500275355508,False
1.4755,201.1654467202286,0.502896785736084,8.093505443482014,False
1.476,201.16544673293706,0.502896785736084,8.09351096661286,False
1.4765,201.16544817031684,0.5028967261314392,8.093509551999782,False
1.477,201.16544884176182,0.5028967261314392,8.093507843325165,False
1.4775,201.16544867589397,0.5028967261314392,8.09350606444138,False
1.478,201.1654488114218,0.502896785736084,8.093511024331995,False
1.4785,201.16545010374006,0.5028967261314392,8.093509049702648,False
1.479,201.16544928405867,0.5028966665267944,8.09350027535597,False
1.4795,201.16544672022897,0.502896785736084,8.093505443482401,False
1.48,201.16544673293762,0.502896785736084,8.093510966613115,False
1.4805,201.16544817031755,0.5028967261314392,8.093509551999853,False
1.481,201.16544884176247,0.5028967261314392,8.093507843325048,False
1.4815,201.1654486758945,0.5028967261314392,8.093506064441105,False
1.482,201.16544881142215,0.502896785736084,8.093511024331594,False
1.4825,201.16545010374017,0.5028967261314392,8.093509049702178,False
1.483,201.16544928405852,0.5028966665267944,8.093500275355497,False
1.4835,201.1654467202286,0.502896785736084,8.093505443482004,False
1.484,201.16544673293706,0.502896785736084,8.093510966612849,False
1.4845,201.16544817031684,0.5028967261314392,8.093509551999771,False
1.485,201.16544884176182,0.5028967261314392,8.093507843325154,False
1.4855,201.16544867589397,0.5028967261314392,8.09350606444137,False
1.486,201.1654488114218,0.502896785736084,8.093511024331985,False
1.4865,201.16545010374006,0.5028967261314392,8.093509049702638,False
1.487,201.16544928405867,0.5028966665267944,8.093500275355959,False
1.4875,201.16544672022897,0.502896785736084,8.09350544348239,False
1.488,201.16544673293762,0.502896785736084,8.093510966613104,False
1.4885,201.16544817031755,0.5028967261314392,8.093509551999842,False
1.489,201.16544884176247,0.5028967261314392,8.093507843325037,False
1.4895,201.16544867589448,0.5028967261314392,8.093506064441097,False
1.49,201.16544881142212,0.502896785736084,8.0935110243316,False
1.4905,201.16545010374017,0.5028967261314392,8.093509049702188,False
1.491,201.16544928405852,0.5028966665267944,8.093500275355508,False
1.4915,201.1654467202286,0.502896785736084,8.093505443482014,False
1.492,201.16544673293706,0.502896785736084,8.09351096661286,False
1.4925,201.16544817031684,0.5028967261314392,8.093509551999782,False
1.493,201.16544884176182,0.5028967261314392,8.093507843325165,False
1.4935,201.16544867589397,0.5028967261314392,8.09350606444138,False
1.494,201.1654488114218,0.502896785736084,8.093511024331995,False
1.4945,201.16545010374006,0.5028967261314392,8.093509049702648,False
1.495,201.16544928405867,0.5028966665267944,8.09350027535597,False
1.4955,201.16544672022897,0.502896785736084,8.093505443482401,False
1.496,201.16544673293762,0.502896785736084,8.093510966613115,False
1.4965,201.16544817031755,0.5028967261314392,8.093509551999853,False
1.497,201.16544884176247,0.5028967261314392,8.093507843325048,False
1.4975,201.1654486758945,0.5028967261314392,8.093506064441105,False
1.498,201.16544881142215,0.502896785736084,8.093511024331594,False
1.4985,201.16545010374017,0.5028967261314392,8.093509049702178,False
1.499,201.16544928405852,0.5028966665267944,8.093500275355497,False
1.4995,201.1654467202286,0.502896785736084,8.093505443482004,False
1.5,201.16544673293706,0.502896785736084,8.093510966612849,False
1.5005,201.16544817031684,0.5028967261314392,8.093509551999771,False
1.5010000000000001,201.16544884176182,0.5028967261314392,8.093507843325154,False
1.5015,201.16544867589397,0.5028967261314392,8.09350606444137,False
1.502,201.1654488114218,0.502896785736084,8.093511024331985,False
1.5025,201.16545010374006,0.5028967261314392,8.093509049702638,False
1.5030000000000001,201.16544928405867,0.5028966665267944,8.093500275355959,False
1.5035,201.16544672022897,0.502896785736084,8.09350544348239,False
1.504,201.16544673293762,0.502896785736084,8.093510966613104,False
1.5045,201.16544817031755,0.5028967261314392,8.093509551999842,False
1.5050000000000001,201.16544884176247,0.5028967261314392,8.093507843325037,False
1.5055,201.16544867589448,0.5028967261314392,8.093506064441097,False
1.506,201.16544881142212,0.502896785736084,8.0935110243316,False
1.5065,201.16545010374017,0.5028967261314392,8.093509049702188,False
1.5070000000000001,201.16544928405852,0.5028966665267944,8.093500275355508,False
1.5075,201.1654467202286,0.502896785736084,8.093505443482014,False
1.508,201.16544673293706,0.502896785736084,8.09351096661286,False
1.5085,201.16544817031684,0.5028967261314392,8.093509551999782,False
1.5090000000000001,201.16544884176182,0.5028967261314392,8.093507843325165,False
1.5095,201.16544867589397,0.5028967261314392,8.09350606444138,False
1.51,201.1654488114218,0.502896785736084,8.093511024331995,False
1.5105,201.16545010374006,0.5028967261314392,8.093509049702648,False
1.5110000000000001,201.16544928405867,0.5028966665267944,8.09350027535597,False
1.5115,201.16544672022897,0.502896785736084,8.093505443482401,False
1.512,201.16544673293762,0.502896785736084,8.093510966613115,False
1.5125,201.16544817031755,0.5028967261314392,8.093509551999853,False
1.5130000000000001,201.16544884176247,0.5028967261314392,8.093507843325048,False
1.5135,201.1654486758945,0.5028967261314392,8.093506064441105,False
1.514,201.16544881142215,0.502896785736084,8.093511024331594,False
1.5145,201.16545010374017,0.5028967261314392,8.093509049702178,False
1.5150000000000001,201.16544928405852,0.5028966665267944,8.093500275355497,False
1.5155,201.1654467202286,0.502896785736084,8.093505443482004,False
1.516,201.16544673293706,0.502896785736084,8.093510966612849,False
1.5165,201.16544817031684,0.5028967261314392,8.093509551999771,False
1.5170000000000001,201.16544884176182,0.5028967261314392,8.093507843325154,False
1.5175,201.16544867589397,0.5028967261314392,8.09350606444137,False
1.518,201.1654488114218,0.502896785736084,8.093511024331985,False
1.5185,201.16545010374006,0.5028967261314392,8.093509049702638,False
1.5190000000000001,201.16544928405867,0.5028966665267944,8.093500275355959,False
1.5195,201.16544672022897,0.502896785736084,8.09350544348239,False
1.52,201.16544673293762,0.502896785736084,8.093510966613104,False
1.5205,201.16544817031755,0.5028967261314392,8.093509551999842,False
1.5210000000000001,201.16544884176247,0.5028967261314392,8.093507843325037,False
1.5215,201.16544867589448,0.5028967261314392,8.093506064441097,False
1.522,201.16544881142212,0.502896785736084,8.0935110243316,False
1.5225,201.16545010374017,0.5028967261314392,8.093509049702188,False
1.5230000000000001,201.16544928405852,0.5028966665267944,8.093500275355508,False
1.5235,201.1654467202286,0.502896785736084,8.093505443482014,False
1.524,201.16544673293706,0.502896785736084,8.09351096661286,False
1.5245,201.16544817031684,0.5028967261314392,8.093509551999782,False
1.5250000000000001,201.16544884176182,0.5028967261314392,8.093507843325165,False
1.5255,201.16544867589397,0.5028967261314392,8.09350606444138,False
1.526,201.1654488114218,0.502896785736084,8.093511024331995,False
1.5265,201.16545010374006,0.5028967261314392,8.093509049702648,False
1.5270000000000001,201.16544928405867,0.5028966665267944,8.09350027535597,False
1.5275,201.16544672022897,0.502896785736084,8.093505443482401,False
1.528,201.16544673293762,0.502896785736084,8.093510966613115,False
1.5285,201.16544817031755,0.5028967261314392,8.093509551999853,False
1.5290000000000001,201.16544884176247,0.5028967261314392,8.093507843325048,False
1.5295,201.1654486758945,0.5028967261314392,8.093506064441105,False
1.53,201.16544881142215,0.502896785736084,8.093511024331594,False
1.5305,201.16545010374017,0.5028967261314392,8.093509049702178,False
1.5310000000000001,201.16544928405852,0.5028966665267944,8.093500275355497,False
1.5315,201.1654467202286,0.502896785736084,8.093505443482004,False
1.532,201.16544673293706,0.502896785736084,8.093510966612849,False
1.5325,201.16544817031684,0.5028967261314392,8.093509551999771,False
1.5330000000000001,201.16544884176182,0.5028967261314392,8.093507843325154,False
1.5335,201.16544867589397,0.5028967261314392,8.09350606444137,False
1.534,201.1654488114218,0.502896785736084,8.093511024331985,False
1.5345,201.16545010374006,0.5028967261314392,8.093509049702638,False
1.5350000000000001,201.16544928405867,0.5028966665267944,8.093500275355959,False
1.5355,201.16544672022897,0.502896785736084,8.09350544348239,False
1.536,201.16544673293762,0.502896785736084,8.093510966613104,False
1.5365,201.16544817031755,0.5028967261314392,8.093509551999842,False
1.537,201.16544884176247,0.5028967261314392,8.093507843325037,False
1.5375,201.16544867589448,0.5028967261314392,8.093506064441097,False
1.538,201.16544881142212,0.502896785736084,8.0935110243316,False
1.5385,201.16545010374017,0.5028967261314392,8.093509049702188,False
1.539,201.16544928405852,0.5028966665267944,8.093500275355508,False
1.5395,201.1654467202286,0.502896785736084,8.093505443482014,False
1.54,201.16544673293706,0.502896785736084,8.09351096661286,False
1.5405,201.16544817031684,0.5028967261314392,8.093509551999782,False
1.541,201.16544884176182,0.5028967261314392,8.093507843325165,False
1.5415,201.16544867589397,0.5028967261314392,8.09350606444138,False
1.542,201.1654488114218,0.502896785736084,8.093511024331995,False
1.5425,201.16545010374006,0.5028967261314392,8.093509049702648,False
1.543,201.16544928405867,0.5028966665267944,8.09350027535597,False
1.5435,201.16544672022897,0.502896785736084,8.093505443482401,False
1.544,201.16544673293762,0.502896785736084,8.093510966613115,False
1.5445,201.16544817031755,0.5028967261314392,8.093509551999853,False
1.545,201.16544884176247,0.5028967261314392,8.093507843325048,False
1.5455,201.1654486758945,0.5028967261314392,8.093506064441105,False
1.546,201.16544881142215,0.502896785736084,8.093511024331594,False
1.5465,201.16545010374017,0.5028967261314392,8.093509049702178,False
1.547,201.16544928405852,0.5028966665267944,8.093500275355497,False
1.5475,201.1654467202286,0.502896785736084,8.093505443482004,False
1.548,201.16544673293706,0.502896785736084,8.093510966612849,False
1.5485,201.16544817031684,0.5028967261314392,8.093509551999771,False
1.549,201.16544884176182,0.5028967261314392,8.093507843325154,False
1.5495,201.16544867589397,0.5028967261314392,8.09350606444137,False
1.55,201.1654488114218,0.502896785736084,8.093511024331985,False
1.5505,201.16545010374006,0.5028967261314392,8.093509049702638,False
1.551,201.16544928405867,0.5028966665267944,8.093500275355959,False
1.5515,201.16544672022897,0.502896785736084,8.09350544348239,False
1.552,201.16544673293762,0.502896785736084,8.093510966613104,False
1.5525,201.16544817031755,0.5028967261314392,8.093509551999842,False
1.553,201.16544884176247,0.5028967261314392,8.093507843325037,False
1.5535,201.16544867589448,0.5028967261314392,8.093506064441097,False
1.554,201.16544881142212,0.502896785736084,8.0935110243316,False
1.5545,201.16545010374017,0.5028967261314392,8.093509049702188,False
1.555,201.16544928405852,0.5028966665267944,8.093500275355508,False
1.5555,201.1654467202286,0.502896785736084,8.093505443482014,False
1.556,201.16544673293706,0.502896785736084,8.09351096661286,False
1.5565,201.16544817031684,0.5028967261314392,8.093509551999782,False
1.557,201.16544884176182,0.5028967261314392,8.093507843325165,False
1.5575,201.16544867589397,0.5028967261314392,8.09350606444138,False
1.558,201.1654488114218,0.502896785736084,8.093511024331995,False
1.5585,201.16545010374006,0.5028967261314392,8.093509049702648,False
1.559,201.16544928405867,0.5028966665267944,8.09350027535597,False
1.5595,201.16544672022897,0.502896785736084,8.093505443482401,False
1.56,201.16544673293762,0.502896785736084,8.093510966613115,False
1.5605,201.16544817031755,0.5028967261314392,8.093509551999853,False
1.561,201.16544884176247,0.5028967261314392,8.093507843325048,False
1.5615,201.1654486758945,0.5028967261314392,8.093506064441105,False
1.562,201.16544881142215,0.502896785736084,8.093511024331594,False
1.5625,201.16545010374017,0.5028967261314392,8.093509049702178,False
1.563,201.16544928405852,0.5028966665267944,8.093500275355497,False
1.5635000000000001,201.1654467202286,0.502896785736084,8.093505443482004,False
1.564,201.16544673293706,0.502896785736084,8.093510966612849,False
1.5645,201.16544817031684,0.5028967261314392,8.093509551999771,False
1.565,201.16544884176182,0.5028967261314392,8.093507843325154,False
1.5655000000000001,201.16544867589397,0.5028967261314392,8.09350606444137,False
1.566,201.1654488114218,0.502896785736084,8.093511024331985,False
1.5665,201.16545010374006,0.5028967261314392,8.093509049702638,False
1.567,201.16544928405867,0.5028966665267944,8.093500275355959,False
1.5675000000000001,201.16544672022897,0.502896785736084,8.09350544348239,False
1.568,201.16544673293762,0.502896785736084,8.093510966613104,False
1.5685,201.16544817031755,0.5028967261314392,8.093509551999842,False
1.569,201.16544884176247,0.5028967261314392,8.093507843325037,False
1.5695000000000001,201.16544867589448,0.5028967261314392,8.093506064441097,False
1.57,201.16544881142212,0.502896785736084,8.0935110243316,False
1.5705,201.16545010374017,0.5028967261314392,8.093509049702188,False
1.571,201.16544928405852,0.5028966665267944,8.093500275355508,False
1.5715000000000001,201.1654467202286,0.502896785736084,8.093505443482014,False
1.572,201.16544673293706,0.502896785736084,8.09351096661286,False
1.5725,201.16544817031684,0.5028967261314392,8.093509551999782,False
1.573,201.16544884176182,0.5028967261314392,8.093507843325165,False
1.5735000000000001,201.16544867589397,0.5028967261314392,8.09350606444138,False
1.574,201.1654488114218,0.502896785736084,8.093511024331995,False
1.5745,201.16545010374006,0.5028967261314392,8.093509049702648,False
1.575,201.16544928405867,0.5028966665267944,8.09350027535597,False
1.5755000000000001,201.16544672022897,0.502896785736084,8.093505443482401,False
1.576,201.16544673293762,0.502896785736084,8.093510966613115,False
1.5765,201.16544817031755,0.5028967261314392,8.093509551999853,False
1.577,201.16544884176247,0.5028967261314392,8.093507843325048,False
1.5775000000000001,201.1654486758945,0.5028967261314392,8.093506064441105,False
1.578,201.16544881142215,0.502896785736084,8.093511024331594,False
1.5785,201.16545010374017,0.5028967261314392,8.093509049702178,False
1.579,201.16544928405852,0.5028966665267944,8.093500275355497,False
1.5795000000000001,201.1654467202286,0.502896785736084,8.093505443482004,False
1.58,201.16544673293706,0.502896785736084,8.093510966612849,False
1.5805,201.16544817031684,0.5028967261314392,8.093509551999771,False
1.581,201.16544884176182,0.5028967261314392,8.093507843325154,False
1.5815000000000001,201.16544867589397,0.5028967261314392,8.09350606444137,False
1.582,201.1654488114218,0.502896785736084,8.093511024331985,False
1.5825,201.16545010374006,0.5028967261314392,8.093509049702638,False
1.583,201.16544928405867,0.5028966665267944,8.093500275355959,False
1.5835000000000001,201.16544672022897,0.502896785736084,8.09350544348239,False
1.584,201.16544673293762,0.502896785736084,8.093510966613104,False
1.5845,201.16544817031755,0.5028967261314392,8.093509551999842,False
1.585,201.16544884176247,0.5028967261314392,8.093507843325037,False
1.5855000000000001,201.16544867589448,0.5028967261314392,8.093506064441097,False
1.586,201.16544881142212,0.502896785736084,8.0935110243316,False
1.5865,201.16545010374017,0.5028967261314392,8.093509049702188,False
1.587,201.16544928405852,0.5028966665267944,8.093500275355508,False
1.5875000000000001,201.1654467202286,0.502896785736084,8.093505443482014,False
1.588,201.16544673293706,0.502896785736084,8.09351096661286,False
1.5885,201.16544817031684,0.5028967261314392,8.093509551999782,False
1.589,201.16544884176182,0.5028967261314392,8.093507843325165,False
1.5895000000000001,201.16544867589397,0.5028967261314392,8.09350606444138,False
1.59,201.1654488114218,0.502896785736084,8.093511024331995,False
1.5905,201.16545010374006,0.5028967261314392,8.093509049702648,False
1.591,201.16544928405867,0.5028966665267944,8.09350027535597,False
1.5915000000000001,201.16544672022897,0.502896785736084,8.093505443482401,False
1.592,201.16544673293762,0.502896785736084,8.093510966613115,False
1.5925,201.16544817031755,0.5028967261314392,8.093509551999853,False
1.593,201.16544884176247,0.5028967261314392,8.093507843325048,False
1.5935000000000001,201.1654486758945,0.5028967261314392,8.093506064441105,False
1.594,201.16544881142215,0.502896785736084,8.093511024331594,False
1.5945,201.16545010374017,0.5028967261314392,8.093509049702178,False
1.595,201.16544928405852,0.5028966665267944,8.093500275355497,False
1.5955000000000001,201.1654467202286,0.502896785736084,8.093505443482004,False
1.596,201.16544673293706,0.502896785736084,8.093510966612849,False
1.5965,201.16544817031684,0.5028967261314392,8.093509551999771,False
1.597,201.16544884176182,0.5028967261314392,8.093507843325154,False
1.5975000000000001,201.16544867589397,0.5028967261314392,8.09350606444137,False
1.598,201.1654488114218,0.502896785736084,8.093511024331985,False
1.5985,201.16545010374006,0.5028967261314392,8.093509049702638,False
1.599,201.16544928405867,0.5028966665267944,8.093500275355959,False
1.5995000000000001,201.16544672022897,0.502896785736084,8.09350544348239,False
1.6,201.16544673293762,0.502896785736084,8.093510966613104,False
1.6005,201.16544817031755,0.5028967261314392,8.093509551999842,False
1.601,201.16544884176247,0.5028967261314392,8.093507843325037,False
1.6015,201.16544867589448,0.5028967261314392,8.093506064441097,False
1.602,201.16544881142212,0.502896785736084,8.0935110243316,False
1.6025,201.16545010374017,0.5028967261314392,8.093509049702188,False
1.603,201.16544928405852,0.5028966665267944,8.093500275355508,False
1.6035,201.1654467202286,0.502896785736084,8.093505443482014,False
1.604,201.16544673293706,0.502896785736084,8.09351096661286,False
1.6045,201.16544817031684,0.5028967261314392,8.093509551999782,False
1.605,201.16544884176182,0.5028967261314392,8.093507843325165,False
1.6055,201.16544867589397,0.5028967261314392,8.09350606444138,False
1.606,201.1654488114218,0.502896785736084,8.093511024331995,False
1.6065,201.16545010374006,0.5028967261314392,8.093509049702648,False
1.607,201.16544928405867,0.5028966665267944,8.09350027535597,False
1.6075,201.16544672022897,0.502896785736084,8.093505443482401,False
1.608,201.16544673293762,0.502896785736084,8.093510966613115,False
1.6085,201.16544817031755,0.5028967261314392,8.093509551999853,False
1.609,201.16544884176247,0.5028967261314392,8.093507843325048,False
1.6095,201.1654486758945,0.5028967261314392,8.093506064441105,False
1.61,201.16544881142215,0.502896785736084,8.093511024331594,False
1.6105,201.16545010374017,0.5028967261314392,8.093509049702178,False
1.611,201.16544928405852,0.5028966665267944,8.093500275355497,False
1.6115,201.1654467202286,0.502896785736084,8.093505443482004,False
1.612,201.16544673293706,0.502896785736084,8.093510966612849,False
1.6125,201.16544817031684,0.5028967261314392,8.093509551999771,False
1.613,201.16544884176182,0.5028967261314392,8.093507843325154,False
1.6135,201.16544867589397,0.5028967261314392,8.09350606444137,False
1.614,201.1654488114218,0.502896785736084,8.093511024331985,False
1.6145,201.16545010374006,0.5028967261314392,8.093509049702638,False
1.615,201.16544928405867,0.5028966665267944,8.093500275355959,False
1.6155,201.16544672022897,0.502896785736084,8.09350544348239,False
1.616,201.16544673293762,0.502896785736084,8.093510966613104,False
1.6165,201.16544817031755,0.5028967261314392,8.093509551999842,False
1.617,201.16544884176247,0.5028967261314392,8.093507843325037,False
1.6175,201.16544867589448,0.5028967261314392,8.093506064441097,False
1.618,201.16544881142212,0.502896785736084,8.0935110243316,False
1.6185,201.16545010374017,0.5028967261314392,8.093509049702188,False
1.619,201.16544928405852,0.5028966665267944,8.093500275355508,False
1.6195,201.1654467202286,0.502896785736084,8.093505443482014,False
1.62,201.16544673293706,0.502896785736084,8.09351096661286,False
1.6205,201.16544817031684,0.5028967261314392,8.093509551999782,False
1.621,201.16544884176182,0.5028967261314392,8.093507843325165,False
1.6215,201.16544867589397,0.5028967261314392,8.09350606444138,False
1.622,201.1654488114218,0.502896785736084,8.093511024331995,False
1.6225,201.16545010374006,0.5028967261314392,8.093509049702648,False
1.623,201.16544928405867,0.5028966665267944,8.09350027535597,False
1.6235,201.16544672022897,0.502896785736084,8.093505443482401,False
1.624,201.16544673293762,0.502896785736084,8.093510966613115,False
1.6245,201.16544817031755,0.5028967261314392,8.093509551999853,False
1.625,201.16544884176247,0.5028967261314392,8.093507843325048,False
1.6255,201.1654486758945,0.5028967261314392,8.093506064441105,False
1.6260000000000001,201.16544881142215,0.502896785736084,8.093511024331594,False
1.6265,201.16545010374017,0.5028967261314392,8.093509049702178,False
1.627,201.16544928405852,0.5028966665267944,8.093500275355497,False
1.6275,201.1654467202286,0.502896785736084,8.093505443482004,False
1.6280000000000001,201.16544673293706,0.502896785736084,8.093510966612849,False
1.6285,201.16544817031684,0.5028967261314392,8.093509551999771,False
1.629,201.16544884176182,0.5028967261314392,8.093507843325154,False
1.6295,201.16544867589397,0.5028967261314392,8.09350606444137,False
1.6300000000000001,201.1654488114218,0.502896785736084,8.093511024331985,False
1.6305,201.16545010374006,0.5028967261314392,8.093509049702638,False
1.631,201.16544928405867,0.5028966665267944,8.093500275355959,False
1.6315,201.16544672022897,0.502896785736084,8.09350544348239,False
1.6320000000000001,201.16544673293762,0.502896785736084,8.093510966613104,False
1.6325,201.16544817031755,0.5028967261314392,8.093509551999842,False
1.633,201.16544884176247,0.5028967261314392,8.093507843325037,False
1.6335,201.16544867589448,0.5028967261314392,8.093506064441097,False
1.6340000000000001,201.16544881142212,0.502896785736084,8.0935110243316,False
1.6345,201.16545010374017,0.5028967261314392,8.093509049702188,False
1.635,201.16544928405852,0.5028966665267944,8.093500275355508,False
1.6355,201.1654467202286,0.502896785736084,8.093505443482014,False
1.6360000000000001,201.16544673293706,0.502896785736084,8.09351096661286,False
1.6365,201.16544817031684,0.5028967261314392,8.093509551999782,False
1.637,201.16544884176182,0.5028967261314392,8.093507843325165,False
1.6375,201.16544867589397,0.5028967261314392,8.09350606444138,False
1.6380000000000001,201.1654488114218,0.502896785736084,8.093511024331995,False
1.6385,201.16545010374006,0.5028967261314392,8.093509049702648,False
1.639,201.16544928405867,0.5028966665267944,8.09350027535597,False
1.6395,201.16544672022897,0.502896785736084,8.093505443482401,False
1.6400000000000001,201.16544673293762,0.502896785736084,8.093510966613115,False
1.6405,201.16544817031755,0.5028967261314392,8.093509551999853,False
1.641,201.16544884176247,0.5028967261314392,8.093507843325048,False
1.6415,201.1654486758945,0.5028967261314392,8.093506064441105,False
1.6420000000000001,201.16544881142215,0.502896785736084,8.093511024331594,False
1.6425,201.16545010374017,0.5028967261314392,8.093509049702178,False
1.643,201.16544928405852,0.5028966665267944,8.093500275355497,False
1.6435,201.1654467202286,0.502896785736084,8.093505443482004,False
1.6440000000000001,201.16544673293706,0.502896785736084,8.093510966612849,False
1.6445,201.16544817031684,0.5028967261314392,8.093509551999771,False
1.645,201.16544884176182,0.5028967261314392,8.093507843325154,False
1.6455,201.16544867589397,0.5028967261314392,8.09350606444137,False
1.6460000000000001,201.1654488114218,0.502896785736084,8.093511024331985,False
1.6465,201.16545010374006,0.5028967261314392,8.093509049702638,False
1.647,201.16544928405867,0.5028966665267944,8.093500275355959,False
1.6475,201.16544672022897,0.502896785736084,8.09350544348239,False
1.6480000000000001,201.16544673293762,0.502896785736084,8.093510966613104,False
1.6485,201.16544817031755,0.5028967261314392,8.093509551999842,False
1.649,201.16544884176247,0.5028967261314392,8.093507843325037,False
1.6495,201.16544867589448,0.5028967261314392,8.093506064441097,False
1.6500000000000001,201.16544881142212,0.502896785736084,8.0935110243316,False
1.6505,201.16545010374017,0.5028967261314392,8.093509049702188,False
1.651,201.16544928405852,0.5028966665267944,8.093500275355508,False
1.6515,201.1654467202286,0.502896785736084,8.093505443482014,False
1.6520000000000001,201.16544673293706,0.502896785736084,8.09351096661286,False
1.6525,201.16544817031684,0.5028967261314392,8.093509551999782,False
1.653,201.16544884176182,0.5028967261314392,8.093507843325165,False
1.6535,201.16544867589397,0.5028967261314392,8.09350606444138,False
1.6540000000000001,201.1654488114218,0.502896785736084,8.093511024331995,False
1.6545,201.16545010374006,0.5028967261314392,8.093509049702648,False
1.655,201.16544928405867,0.5028966665267944,8.09350027535597,False
1.6555,201.16544672022897,0.502896785736084,8.093505443482401,False
1.6560000000000001,201.16544673293762,0.502896785736084,8.093510966613115,False
1.6565,201.16544817031755,0.5028967261314392,8.093509551999853,False
1.657,201.16544884176247,0.5028967261314392,8.093507843325048,False
1.6575,201.1654486758945,0.5028967261314392,8.093506064441105,False
1.6580000000000001,201.16544881142215,0.502896785736084,8.093511024331594,False
1.6585,201.16545010374017,0.5028967261314392,8.093509049702178,False
1.659,201.16544928405852,0.5028966665267944,8.093500275355497,False
1.6595,201.1654467202286,0.502896785736084,8.093505443482004,False
1.6600000000000001,201.16544673293706,0.502896785736084,8.093510966612849,False
1.6605,201.16544817031684,0.5028967261314392,8.093509551999771,False
1.661,201.16544884176182,0.5028967261314392,8.093507843325154,False
1.6615,201.16544867589397,0.5028967261314392,8.09350606444137,False
1.6620000000000001,201.1654488114218,0.502896785736084,8.093511024331985,False
1.6625,201.16545010374006,0.5028967261314392,8.093509049702638,False
1.663,201.16544928405867,0.5028966665267944,8.093500275355959,False
1.6635,201.16544672022897,0.502896785736084,8.09350544348239,False
1.6640000000000001,201.16544673293762,0.502896785736084,8.093510966613104,False
1.6645,201.16544817031755,0.5028967261314392,8.093509551999842,False
1.665,201.16544884176247,0.5028967261314392,8.093507843325037,False
1.6655,201.16544867589448,0.5028967261314392,8.093506064441097,False
1.666,201.16544881142212,0.502896785736084,8.0935110243316,False
1.6665,201.16545010374017,0.5028967261314392,8.093509049702188,False
1.667,201.16544928405852,0.5028966665267944,8.093500275355508,False
1.6675,201.1654467202286,0.502896785736084,8.093505443482014,False
1.668,201.16544673293706,0.502896785736084,8.09351096661286,False
1.6685,201.16544817031684,0.5028967261314392,8.093509551999782,False
1.669,201.16544884176182,0.5028967261314392,8.093507843325165,False
1.6695,201.16544867589397,0.5028967261314392,8.09350606444138,False
1.67,201.1654488114218,0.502896785736084,8.093511024331995,False
1.6705,201.16545010374006,0.5028967261314392,8.093509049702648,False
1.671,201.16544928405867,0.5028966665267944,8.09350027535597,False
1.6715,201.16544672022897,0.502896785736084,8.093505443482401,False
1.672,201.16544673293762,0.502896785736084,8.093510966613115,False
1.6725,201.16544817031755,0.5028967261314392,8.093509551999853,False
1.673,201.16544884176247,0.5028967261314392,8.093507843325048,False
1.6735,201.1654486758945,0.5028967261314392,8.093506064441105,False
1.674,201.16544881142215,0.502896785736084,8.093511024331594,False
1.6745,201.16545010374017,0.5028967261314392,8.093509049702178,False
1.675,201.16544928405852,0.5028966665267944,8.093500275355497,False
1.6755,201.1654467202286,0.502896785736084,8.093505443482004,False
1.676,201.16544673293706,0.502896785736084,8.093510966612849,False
1.6765,201.16544817031684,0.5028967261314392,8.093509551999771,False
1.677,201.16544884176182,0.5028967261314392,8.093507843325154,False
1.6775,201.16544867589397,0.5028967261314392,8.09350606444137,False
1.678,201.1654488114218,0.502896785736084,8.093511024331985,False
1.6785,201.16545010374006,0.5028967261314392,8.093509049702638,False
1.679,201.16544928405867,0.5028966665267944,8.093500275355959,False
1.6795,201.16544672022897,0.502896785736084,8.09350544348239,False
1.68,201.16544673293762,0.502896785736084,8.093510966613104,False
1.6805,201.16544817031755,0.5028967261314392,8.093509551999842,False
1.681,201.16544884176247,0.5028967261314392,8.093507843325037,False
1.6815,201.16544867589448,0.5028967261314392,8.093506064441097,False
1.682,201.16544881142212,0.502896785736084,8.0935110243316,False
1.6825,201.16545010374017,0.5028967261314392,8.093509049702188,False
1.683,201.16544928405852,0.5028966665267944,8.093500275355508,False
1.6835,201.1654467202286,0.502896785736084,8.093505443482014,False
1.684,201.16544673293706,0.502896785736084,8.09351096661286,False
1.6845,201.16544817031684,0.5028967261314392,8.093509551999782,False
1.685,201.16544884176182,0.5028967261314392,8.093507843325165,False
1.6855,201.16544867589397,0.5028967261314392,8.09350606444138,False
1.686,201.1654488114218,0.502896785736084,8.093511024331995,False
1.6865,201.16545010374006,0.5028967261314392,8.093509049702648,False
1.687,201.16544928405867,0.5028966665267944,8.09350027535597,False
1.6875,201.16544672022897,0.502896785736084,8.093505443482401,False
1.688,201.16544673293762,0.502896785736084,8.093510966613115,False
1.6885000000000001,201.16544817031755,0.5028967261314392,8.093509551999853,False
1.689,201.16544884176247,0.5028967261314392,8.093507843325048,False
1.6895,201.1654486758945,0.5028967261314392,8.093506064441105,False
1.69,201.16544881142215,0.502896785736084,8.093511024331594,False
1.6905000000000001,201.16545010374017,0.5028967261314392,8.093509049702178,False
1.691,201.16544928405852,0.5028966665267944,8.093500275355497,False
1.6915,201.1654467202286,0.502896785736084,8.093505443482004,False
1.692,201.16544673293706,0.502896785736084,8.093510966612849,False
1.6925000000000001,201.16544817031684,0.5028967261314392,8.093509551999771,False
1.693,201.16544884176182,0.5028967261314392,8.093507843325154,False
1.6935,201.16544867589397,0.5028967261314392,8.09350606444137,False
1.694,201.1654488114218,0.502896785736084,8.093511024331985,False
1.6945000000000001,201.16545010374006,0.5028967261314392,8.093509049702638,False
1.695,201.16544928405867,0.5028966665267944,8.093500275355959,False
1.6955,201.16544672022897,0.502896785736084,8.09350544348239,False
1.696,201.16544673293762,0.502896785736084,8.093510966613104,False
1.6965000000000001,201.16544817031755,0.5028967261314392,8.093509551999842,False
1.697,201.16544884176247,0.5028967261314392,8.093507843325037,False
1.6975,201.16544867589448,0.5028967261314392,8.093506064441097,False
1.698,201.16544881142212,0.502896785736084,8.0935110243316,False
1.6985000000000001,201.16545010374017,0.5028967261314392,8.093509049702188,False
1.699,201.16544928405852,0.5028966665267944,8.093500275355508,False
1.6995,201.1654467202286,0.502896785736084,8.093505443482014,False
1.7,201.16544673293706,0.502896785736084,8.09351096661286,False
1.7005000000000001,201.16544817031684,0.5028967261314392,8.093509551999782,False
1.701,201.16544884176182,0.5028967261314392,8.093507843325165,False
1.7015,201.16544867589397,0.5028967261314392,8.09350606444138,False
1.702,201.1654488114218,0.502896785736084,8.093511024331995,False
1.7025000000000001,201.16545010374006,0.5028967261314392,8.093509049702648,False
1.703,201.16544928405867,0.5028966665267944,8.09350027535597,False
1.7035,201.16544672022897,0.502896785736084,8.093505443482401,False
1.704,201.16544673293762,0.502896785736084,8.093510966613115,False
1.7045000000000001,201.16544817031755,0.5028967261314392,8.093509551999853,False
1.705,201.16544884176247,0.5028967261314392,8.093507843325048,False
1.7055,201.1654486758945,0.5028967261314392,8.093506064441105,False
1.706,201.16544881142215,0.502896785736084,8.093511024331594,False
1.7065000000000001,201.16545010374017,0.5028967261314392,8.093509049702178,False
1.707,201.16544928405852,0.5028966665267944,8.093500275355497,False
1.7075,201.1654467202286,0.502896785736084,8.093505443482004,False
1.708,201.16544673293706,0.502896785736084,8.093510966612849,False
1.7085000000000001,201.16544817031684,0.5028967261314392,8.093509551999771,False
1.709,201.16544884176182,0.5028967261314392,8.093507843325154,False
1.7095,201.16544867589397,0.5028967261314392,8.09350606444137,False
1.71,201.1654488114218,0.502896785736084,8.093511024331985,False
1.7105000000000001,201.16545010374006,0.5028967261314392,8.093509049702638,False
1.711,201.16544928405867,0.5028966665267944,8.093500275355959,False
1.7115,201.16544672022897,0.502896785736084,8.09350544348239,False
1.712,201.16544673293762,0.502896785736084,8.093510966613104,False
1.7125000000000001,201.16544817031755,0.5028967261314392,8.093509551999842,False
1.713,201.16544884176247,0.5028967261314392,8.093507843325037,False
1.7135,201.16544867589448,0.5028967261314392,8.093506064441097,False
1.714,201.16544881142212,0.502896785736084,8.0935110243316,False
1.7145000000000001,201.16545010374017,0.5028967261314392,8.093509049702188,False
1.715,201.16544928405852,0.5028966665267944,8.093500275355508,False
1.7155,201.1654467202286,0.502896785736084,8.093505443482014,False
1.716,201.16544673293706,0.502896785736084,8.09351096661286,False
1.7165000000000001,201.16544817031684,0.5028967261314392,8.093509551999782,False
1.717,201.16544884176182,0.5028967261314392,8.093507843325165,False
1.7175,201.16544867589397,0.5028967261314392,8.09350606444138,False
1.718,201.1654488114218,0.502896785736084,8.093511024331995,False
1.7185000000000001,201.16545010374006,0.5028967261314392,8.093509049702648,False
1.719,201.16544928405867,0.5028966665267944,8.09350027535597,False
1.7195,201.16544672022897,0.502896785736084,8.093505443482401,False
1.72,201.16544673293762,0.502896785736084,8.093510966613115,False
1.7205000000000001,201.16544817031755,0.5028967261314392,8.093509551999853,False
1.721,201.16544884176247,0.5028967261314392,8.093507843325048,False
1.7215,201.1654486758945,0.5028967261314392,8.093506064441105,False
1.722,201.16544881142215,0.502896785736084,8.093511024331594,False
1.7225000000000001,201.16545010374017,0.5028967261314392,8.093509049702178,False
1.723,201.16544928405852,0.5028966665267944,8.093500275355497,False
1.7235,201.1654467202286,0.502896785736084,8.093505443482004,False
1.724,201.16544673293706,0.502896785736084,8.093510966612849,False
1.7245000000000001,201.16544817031684,0.5028967261314392,8.093509551999771,False
1.725,201.16544884176182,0.5028967261314392,8.093507843325154,False
1.7255,201.16544867589397,0.5028967261314392,8.09350606444137,False
1.726,201.1654488114218,0.502896785736084,8.093511024331985,False
1.7265000000000001,201.16545010374006,0.5028967261314392,8.093509049702638,False
1.727,201.16544928405867,0.5028966665267944,8.093500275355959,False
1.7275,201.16544672022897,0.502896785736084,8.09350544348239,False
1.728,201.16544673293762,0.502896785736084,8.093510966613104,False
1.7285,201.16544817031755,0.5028967261314392,8.093509551999842,False
1.729,201.16544884176247,0.5028967261314392,8.093507843325037,False
1.7295,201.16544867589448,0.5028967261314392,8.093506064441097,False
1.73,201.16544881142212,0.502896785736084,8.0935110243316,False
1.7305,201.16545010374017,0.5028967261314392,8.093509049702188,False
1.731,201.16544928405852,0.5028966665267944,8.093500275355508,False
1.7315,201.1654467202286,0.502896785736084,8.093505443482014,False
1.732,201.16544673293706,0.502896785736084,8.09351096661286,False
1.7325,201.16544817031684,0.5028967261314392,8.093509551999782,False
1.733,201.16544884176182,0.5028967261314392,8.093507843325165,False
1.7335,201.16544867589397,0.5028967261314392,8.09350606444138,False
1.734,201.1654488114218,0.502896785736084,8.093511024331995,False
1.7345,201.16545010374006,0.5028967261314392,8.093509049702648,False
1.735,201.16544928405867,0.5028966665267944,8.09350027535597,False
1.7355,201.16544672022897,0.502896785736084,8.093505443482401,False
1.736,201.16544673293762,0.502896785736084,8.093510966613115,False
1.7365,201.16544817031755,0.5028967261314392,8.093509551999853,False
1.737,201.16544884176247,0.5028967261314392,8.093507843325048,False
1.7375,201.1654486758945,0.5028967261314392,8.093506064441105,False
1.738,201.16544881142215,0.502896785736084,8.093511024331594,False
1.7385,201.16545010374017,0.5028967261314392,8.093509049702178,False
1.739,201.16544928405852,0.5028966665267944,8.093500275355497,False
1.7395,201.1654467202286,0.502896785736084,8.093505443482004,False
1.74,201.16544673293706,0.502896785736084,8.093510966612849,False
1.7405,201.16544817031684,0.5028967261314392,8.093509551999771,False
1.741,201.16544884176182,0.5028967261314392,8.093507843325154,False
1.7415,201.16544867589397,0.5028967261314392,8.09350606444137,False
1.742,201.1654488114218,0.502896785736084,8.093511024331985,False
1.7425,201.16545010374006,0.5028967261314392,8.093509049702638,False
1.743,201.16544928405867,0.5028966665267944,8.093500275355959,False
1.7435,201.16544672022897,0.502896785736084,8.09350544348239,False
1.744,201.16544673293762,0.502896785736084,8.093510966613104,False
1.7445,201.16544817031755,0.5028967261314392,8.093509551999842,False
1.745,201.16544884176247,0.5028967261314392,8.093507843325037,False
1.7455,201.16544867589448,0.5028967261314392,8.093506064441097,False
1.746,201.16544881142212,0.502896785736084,8.0935110243316,False
1.7465,201.16545010374017,0.5028967261314392,8.093509049702188,False
1.747,201.16544928405852,0.5028966665267944,8.093500275355508,False
1.7475,201.1654467202286,0.502896785736084,8.093505443482014,False
1.748,201.16544673293706,0.502896785736084,8.09351096661286,False
1.7485,201.16544817031684,0.5028967261314392,8.093509551999782,False
1.749,201.16544884176182,0.5028967261314392,8.093507843325165,False
1.7495,201.16544867589397,0.5028967261314392,8.09350606444138,False
1.75,201.1654488114218,0.502896785736084,8.093511024331995,False
1.7505,201.16545010374006,0.5028967261314392,8.093509049702648,False
1.7510000000000001,201.16544928405867,0.5028966665267944,8.09350027535597,False
1.7515,201.16544672022897,0.502896785736084,8.093505443482401,False
1.752,201.16544673293762,0.502896785736084,8.093510966613115,False
1.7525,201.16544817031755,0.5028967261314392,8.093509551999853,False
1.7530000000000001,201.16544884176247,0.5028967261314392,8.093507843325048,False
1.7535,201.1654486758945,0.5028967261314392,8.093506064441105,False
1.754,201.16544881142215,0.502896785736084,8.093511024331594,False
1.7545,201.16545010374017,0.5028967261314392,8.093509049702178,False
1.7550000000000001,201.16544928405852,0.5028966665267944,8.093500275355497,False
1.7555,201.1654467202286,0.502896785736084,8.093505443482004,False
1.756,201.16544673293706,0.502896785736084,8.093510966612849,False
1.7565,201.16544817031684,0.5028967261314392,8.093509551999771,False
1.7570000000000001,201.16544884176182,0.5028967261314392,8.093507843325154,False
1.7575,201.16544867589397,0.5028967261314392,8.09350606444137,False
1.758,201.1654488114218,0.502896785736084,8.093511024331985,False
1.7585,201.16545010374006,0.5028967261314392,8.093509049702638,False
1.7590000000000001,201.16544928405867,0.5028966665267944,8.093500275355959,False
1.7595,201.16544672022897,0.502896785736084,8.09350544348239,False
1.76,201.16544673293762,0.502896785736084,8.093510966613104,False
1.7605,201.16544817031755,0.5028967261314392,8.093509551999842,False
1.7610000000000001,201.16544884176247,0.5028967261314392,8.093507843325037,False
1.7615,201.16544867589448,0.5028967261314392,8.093506064441097,False
1.762,201.16544881142212,0.502896785736084,8.0935110243316,False
1.7625,201.16545010374017,0.5028967261314392,8.093509049702188,False
1.7630000000000001,201.16544928405852,0.5028966665267944,8.093500275355508,False
1.7635,201.1654467202286,0.502896785736084,8.093505443482014,False
1.764,201.16544673293706,0.502896785736084,8.09351096661286,False
1.7645,201.16544817031684,0.5028967261314392,8.093509551999782,False
1.7650000000000001,201.16544884176182,0.5028967261314392,8.093507843325165,False
1.7655,201.16544867589397,0.5028967261314392,8.09350606444138,False
1.766,201.1654488114218,0.502896785736084,8.093511024331995,False
1.7665,201.16545010374006,0.5028967261314392,8.093509049702648,False
1.7670000000000001,201.16544928405867,0.5028966665267944,8.09350027535597,False
1.7675,201.16544672022897,0.502896785736084,8.093505443482401,False
1.768,201.16544673293762,0.502896785736084,8.093510966613115,False
1.7685,201.16544817031755,0.5028967261314392,8.093509551999853,False
1.7690000000000001,201.16544884176247,0.5028967261314392,8.093507843325048,False
1.7695,201.1654486758945,0.5028967261314392,8.093506064441105,False
1.77,201.16544881142215,0.502896785736084,8.093511024331594,False
1.7705,201.16545010374017,0.5028967261314392,8.093509049702178,False
1.7710000000000001,201.16544928405852,0.5028966665267944,8.093500275355497,False
1.7715,201.1654467202286,0.502896785736084,8.093505443482004,False
1.772,201.16544673293706,0.502896785736084,8.093510966612849,False
1.7725,201.16544817031684,0.5028967261314392,8.093509551999771,False
1.7730000000000001,201.16544884176182,0.5028967261314392,8.093507843325154,False
1.7735,201.16544867589397,0.5028967261314392,8.09350606444137,False
1.774,201.1654488114218,0.502896785736084,8.093511024331985,False
1.7745,201.16545010374006,0.5028967261314392,8.093509049702638,False
1.7750000000000001,201.16544928405867,0.5028966665267944,8.093500275355959,False
1.7755,201.16544672022897,0.502896785736084,8.09350544348239,False
1.776,201.16544673293762,0.502896785736084,8.093510966613104,False
1.7765,201.16544817031755,0.5028967261314392,8.093509551999842,False
1.7770000000000001,201.16544884176247,0.5028967261314392,8.093507843325037,False
1.7775,201.16544867589448,0.5028967261314392,8.093506064441097,False
1.778,201.16544881142212,0.502896785736084,8.0935110243316,False
1.7785,201.16545010374017,0.5028967261314392,8.093509049702188,False
1.7790000000000001,201.16544928405852,0.5028966665267944,8.093500275355508,False
1.7795,201.1654467202286,0.502896785736084,8.093505443482014,False
1.78,201.16544673293706,0.502896785736084,8.09351096661286,False
1.7805,201.16544817031684,0.5028967261314392,8.093509551999782,False
1.7810000000000001,201.16544884176182,0.5028967261314392,8.093507843325165,False
1.7815,201.16544867589397,0.5028967261314392,8.09350606444138,False
1.782,201.1654488114218,0.502896785736084,8.093511024331995,False
1.7825,201.16545010374006,0.5028967261314392,8.093509049702648,False
1.7830000000000001,201.16544928405867,0.5028966665267944,8.09350027535597,False
1.7835,201.16544672022897,0.502896785736084,8.093505443482401,False
1.784,201.16544673293762,0.502896785736084,8.093510966613115,False
1.7845,201.16544817031755,0.5028967261314392,8.093509551999853,False
1.7850000000000001,201.16544884176247,0.5028967261314392,8.093507843325048,False
1.7855,201.1654486758945,0.5028967261314392,8.093506064441105,False
1.786,201.16544881142215,0.502896785736084,8.093511024331594,False
1.7865,201.16545010374017,0.5028967261314392,8.093509049702178,False
1.7870000000000001,201.16544928405852,0.5028966665267944,8.093500275355497,False
1.7875,201.1654467202286,0.502896785736084,8.093505443482004,False
1.788,201.16544673293706,0.502896785736084,8.093510966612849,False
1.7885,201.16544817031684,0.5028967261314392,8.093509551999771,False
1.7890000000000001,201.16544884176182,0.5028967261314392,8.093507843325154,False
1.7895,201.16544867589397,0.5028967261314392,8.09350606444137,False
1.79,201.1654488114218,0.502896785736084,8.093511024331985,False
1.7905,201.16545010374006,0.5028967261314392,8.093509049702638,False
1.7910000000000001,201.16544928405867,0.5028966665267944,8.093500275355959,False
1.7915,201.16544672022897,0.502896785736084,8.09350544348239,False
1.792,201.16544673293762,0.502896785736084,8.093510966613104,False
1.7925,201.16544817031755,0.5028967261314392,8.093509551999842,False
1.793,201.16544884176247,0.5028967261314392,8.093507843325037,False
1.7935,201.16544867589448,0.5028967261314392,8.093506064441097,False
1.794,201.16544881142212,0.502896785736084,8.0935110243316,False
1.7945,201.16545010374017,0.5028967261314392,8.093509049702188,False
1.795,201.16544928405852,0.5028966665267944,8.093500275355508,False
1.7955,201.1654467202286,0.502896785736084,8.093505443482014,False
1.796,201.16544673293706,0.502896785736084,8.09351096661286,False
1.7965,201.16544817031684,0.5028967261314392,8.093509551999782,False
1.797,201.16544884176182,0.5028967261314392,8.093507843325165,False
1.7975,201.16544867589397,0.5028967261314392,8.09350606444138,False
1.798,201.1654488114218,0.502896785736084,8.093511024331995,False
1.7985,201.16545010374006,0.5028967261314392,8.093509049702648,False
1.799,201.16544928405867,0.5028966665267944,8.09350027535597,False
1.7995,201.16544672022897,0.502896785736084,8.093505443482401,False
1.8,201.16544673293762,0.502896785736084,8.093510966613115,False
1.8005,201.16544817031755,0.5028967261314392,8.093509551999853,False
1.801,201.16544884176247,0.5028967261314392,8.093507843325048,False
1.8015,201.1654486758945,0.5028967261314392,8.093506064441105,False
1.802,201.16544881142215,0.502896785736084,8.093511024331594,False
1.8025,201.16545010374017,0.5028967261314392,8.093509049702178,False
1.803,201.16544928405852,0.5028966665267944,8.093500275355497,False
1.8035,201.1654467202286,0.502896785736084,8.093505443482004,False
1.804,201.16544673293706,0.502896785736084,8.093510966612849,False
1.8045,201.16544817031684,0.5028967261314392,8.093509551999771,False
1.805,201.16544884176182,0.5028967261314392,8.093507843325154,False
1.8055,201.16544867589397,0.5028967261314392,8.09350606444137,False
1.806,201.1654488114218,0.502896785736084,8.093511024331985,False
1.8065,201.16545010374006,0.5028967261314392,8.093509049702638,False
1.807,201.16544928405867,0.5028966665267944,8.093500275355959,False
1.8075,201.16544672022897,0.502896785736084,8.09350544348239,False
1.808,201.16544673293762,0.502896785736084,8.093510966613104,False
1.8085,201.16544817031755,0.5028967261314392,8.093509551999842,False
1.809,201.16544884176247,0.5028967261314392,8.093507843325037,False
1.8095,201.16544867589448,0.5028967261314392,8.093506064441097,False
1.81,201.16544881142212,0.502896785736084,8.0935110243316,False
1.8105,201.16545010374017,0.5028967261314392,8.093509049702188,False
1.811,201.16544928405852,0.5028966665267944,8.093500275355508,False
1.8115,201.1654467202286,0.502896785736084,8.093505443482014,False
1.812,201.16544673293706,0.502896785736084,8.09351096661286,False
1.8125,201.16544817031684,0.5028967261314392,8.093509551999782,False
1.813,201.16544884176182,0.5028967261314392,8.093507843325165,False
1.8135000000000001,201.16544867589397,0.5028967261314392,8.09350606444138,False
1.814,201.1654488114218,0.502896785736084,8.093511024331995,False
1.8145,201.16545010374006,0.5028967261314392,8.093509049702648,False
1.815,201.16544928405867,0.5028966665267944,8.09350027535597,False
1.8155000000000001,201.16544672022897,0.502896785736084,8.093505443482401,False
1.816,201.16544673293762,0.502896785736084,8.093510966613115,False
1.8165,201.16544817031755,0.5028967261314392,8.093509551999853,False
1.817,201.16544884176247,0.5028967261314392,8.093507843325048,False
1.8175000000000001,201.1654486758945,0.5028967261314392,8.093506064441105,False
1.818,201.16544881142215,0.502896785736084,8.093511024331594,False
1.8185,201.16545010374017,0.5028967261314392,8.093509049702178,False
1.819,201.16544928405852,0.5028966665267944,8.093500275355497,False
1.8195000000000001,201.1654467202286,0.502896785736084,8.093505443482004,False
1.82,201.16544673293706,0.502896785736084,8.093510966612849,False
1.8205,201.16544817031684,0.5028967261314392,8.093509551999771,False
1.821,201.16544884176182,0.5028967261314392,8.093507843325154,False
1.8215000000000001,201.16544867589397,0.5028967261314392,8.09350606444137,False
1.822,201.1654488114218,0.502896785736084,8.093511024331985,False
1.8225,201.16545010374006,0.5028967261314392,8.093509049702638,False
1.823,201.16544928405867,0.5028966665267944,8.093500275355959,False
1.8235000000000001,201.16544672022897,0.502896785736084,8.09350544348239,False
1.824,201.16544673293762,0.502896785736084,8.093510966613104,False
1.8245,201.16544817031755,0.5028967261314392,8.093509551999842,False
1.825,201.16544884176247,0.5028967261314392,8.093507843325037,False
1.8255000000000001,201.16544867589448,0.5028967261314392,8.093506064441097,False
1.826,201.16544881142212,0.502896785736084,8.0935110243316,False
1.8265,201.16545010374017,0.5028967261314392,8.093509049702188,False
1.827,201.16544928405852,0.5028966665267944,8.093500275355508,False
1.8275000000000001,201.1654467202286,0.502896785736084,8.093505443482014,False
1.828,201.16544673293706,0.502896785736084,8.09351096661286,False
1.8285,201.16544817031684,0.5028967261314392,8.093509551999782,False
1.829,201.16544884176182,0.5028967261314392,8.093507843325165,False
1.8295000000000001,201.16544867589397,0.5028967261314392,8.09350606444138,False
1.83,201.1654488114218,0.502896785736084,8.093511024331995,False
1.8305,201.16545010374006,0.5028967261314392,8.093509049702648,False
1.831,201.16544928405867,0.5028966665267944,8.09350027535597,False
1.8315000000000001,201.16544672022897,0.502896785736084,8.093505443482401,False
1.832,201.16544673293762,0.502896785736084,8.093510966613115,False
1.8325,201.16544817031755,0.5028967261314392,8.093509551999853,False
1.833,201.16544884176247,0.5028967261314392,8.093507843325048,False
1.8335000000000001,201.1654486758945,0.5028967261314392,8.093506064441105,False
1.834,201.16544881142215,0.502896785736084,8.093511024331594,False
1.8345,201.16545010374017,0.5028967261314392,8.093509049702178,False
1.835,201.16544928405852,0.5028966665267944,8.093500275355497,False
1.8355000000000001,201.1654467202286,0.502896785736084,8.093505443482004,False
1.836,201.16544673293706,0.502896785736084,8.093510966612849,False
1.8365,201.16544817031684,0.5028967261314392,8.093509551999771,False
1.837,201.16544884176182,0.5028967261314392,8.093507843325154,False
1.8375000000000001,201.16544867589397,0.5028967261314392,8.09350606444137,False
1.838,201.1654488114218,0.502896785736084,8.093511024331985,False
1.8385,201.16545010374006,0.5028967261314392,8.093509049702638,False
1.839,201.16544928405867,0.5028966665267944,8.093500275355959,False
1.8395000000000001,201.16544672022897,0.502896785736084,8.09350544348239,False
1.84,201.16544673293762,0.502896785736084,8.093510966613104,False
1.8405,201.16544817031755,0.5028967261314392,8.093509551999842,False
1.841,201.16544884176247,0.5028967261314392,8.093507843325037,False
1.8415000000000001,201.16544867589448,0.5028967261314392,8.093506064441097,False
1.842,201.16544881142212,0.502896785736084,8.0935110243316,False
1.8425,201.16545010374017,0.5028967261314392,8.093509049702188,False
1.843,201.16544928405852,0.5028966665267944,8.093500275355508,False
1.8435000000000001,201.1654467202286,0.502896785736084,8.093505443482014,False
1.844,201.16544673293706,0.502896785736084,8.09351096661286,False
1.8445,201.16544817031684,0.5028967261314392,8.093509551999782,False
1.845,201.16544884176182,0.5028967261314392,8.093507843325165,False
1.8455000000000001,201.16544867589397,0.5028967261314392,8.09350606444138,False
1.846,201.1654488114218,0.502896785736084,8.093511024331995,False
1.8465,201.16545010374006,0.5028967261314392,8.093509049702648,False
1.847,201.16544928405867,0.5028966665267944,8.09350027535597,False
1.8475000000000001,201.16544672022897,0.502896785736084,8.093505443482401,False
1.848,201.16544673293762,0.502896785736084,8.093510966613115,False
1.8485,201.16544817031755,0.5028967261314392,8.093509551999853,False
1.849,201.16544884176247,0.5028967261314392,8.093507843325048,False
1.8495000000000001,201.1654486758945,0.5028967261314392,8.093506064441105,False
1.85,201.16544881142215,0.502896785736084,8.093511024331594,False
1.8505,201.16545010374017,0.5028967261314392,8.093509049702178,False
1.851,201.16544928405852,0.5028966665267944,8.093500275355497,False
1.8515000000000001,201.1654467202286,0.502896785736084,8.093505443482004,False
1.852,201.16544673293706,0.502896785736084,8.093510966612849,False
1.8525,201.16544817031684,0.5028967261314392,8.093509551999771,False
1.853,201.16544884176182,0.5028967261314392,8.093507843325154,False
1.8535000000000001,201.16544867589397,0.5028967261314392,8.09350606444137,False
1.854,201.1654488114218,0.502896785736084,8.093511024331985,False
1.8545,201.16545010374006,0.5028967261314392,8.093509049702638,False
1.855,201.16544928405867,0.5028966665267944,8.093500275355959,False
1.8555000000000001,201.16544672022897,0.502896785736084,8.09350544348239,False
1.856,201.16544673293762,0.502896785736084,8.093510966613104,False
1.8565,201.16544817031755,0.5028967261314392,8.093509551999842,False
1.857,201.16544884176247,0.5028967261314392,8.093507843325037,False
1.8575,201.16544867589448,0.5028967261314392,8.093506064441097,False
1.858,201.16544881142212,0.502896785736084,8.0935110243316,False
1.8585,201.16545010374017,0.5028967261314392,8.093509049702188,False
1.859,201.16544928405852,0.5028966665267944,8.093500275355508,False
1.8595,201.1654467202286,0.502896785736084,8.093505443482014,False
1.86,201.16544673293706,0.502896785736084,8.09351096661286,False
1.8605,201.16544817031684,0.5028967261314392,8.093509551999782,False
1.861,201.16544884176182,0.5028967261314392,8.093507843325165,False
1.8615,201.16544867589397,0.5028967261314392,8.09350606444138,False
1.862,201.1654488114218,0.502896785736084,8.093511024331995,False
1.8625,201.16545010374006,0.5028967261314392,8.093509049702648,False
1.863,201.16544928405867,0.5028966665267944,8.09350027535597,False
1.8635,201.16544672022897,0.502896785736084,8.093505443482401,False
1.864,201.16544673293762,0.502896785736084,8.093510966613115,False
1.8645,201.16544817031755,0.5028967261314392,8.093509551999853,False
1.865,201.16544884176247,0.5028967261314392,8.093507843325048,False
1.8655,201.1654486758945,0.5028967261314392,8.093506064441105,False
1.866,201.16544881142215,0.502896785736084,8.093511024331594,False
1.8665,201.16545010374017,0.5028967261314392,8.093509049702178,False
1.867,201.16544928405852,0.5028966665267944,8.093500275355497,False
1.8675,201.1654467202286,0.502896785736084,8.093505443482004,False
1.868,201.16544673293706,0.502896785736084,8.093510966612849,False
1.8685,201.16544817031684,0.5028967261314392,8.093509551999771,False
1.869,201.16544884176182,0.5028967261314392,8.093507843325154,False
1.8695,201.16544867589397,0.5028967261314392,8.09350606444137,False
1.87,201.1654488114218,0.502896785736084,8.093511024331985,False
1.8705,201.16545010374006,0.5028967261314392,8.093509049702638,False
1.871,201.16544928405867,0.5028966665267944,8.093500275355959,False
1.8715,201.16544672022897,0.502896785736084,8.09350544348239,False
1.872,201.16544673293762,0.502896785736084,8.093510966613104,False
1.8725,201.16544817031755,0.5028967261314392,8.093509551999842,False
1.873,201.16544884176247,0.5028967261314392,8.093507843325037,False
1.8735,201.16544867589448,0.5028967261314392,8.093506064441097,False
1.874,201.16544881142212,0.502896785736084,8.0935110243316,False
1.8745,201.16545010374017,0.5028967261314392,8.093509049702188,False
1.875,201.16544928405852,0.5028966665267944,8.093500275355508,False
1.8755,201.1654467202286,0.502896785736084,8.093505443482014,False
1.8760000000000001,201.16544673293706,0.502896785736084,8.09351096661286,False
1.8765,201.16544817031684,0.5028967261314392,8.093509551999782,False
1.877,201.16544884176182,0.5028967261314392,8.093507843325165,False
1.8775,201.16544867589397,0.5028967261314392,8.09350606444138,False
1.8780000000000001,201.1654488114218,0.502896785736084,8.093511024331995,False
1.8785,201.16545010374006,0.5028967261314392,8.093509049702648,False
1.879,201.16544928405867,0.5028966665267944,8.09350027535597,False
1.8795,201.16544672022897,0.502896785736084,8.093505443482401,False
1.8800000000000001,201.16544673293762,0.502896785736084,8.093510966613115,False
1.8805,201.16544817031755,0.5028967261314392,8.093509551999853,False
1.881,201.16544884176247,0.5028967261314392,8.093507843325048,False
1.8815,201.1654486758945,0.5028967261314392,8.093506064441105,False
1.8820000000000001,201.16544881142215,0.502896785736084,8.093511024331594,False
1.8825,201.16545010374017,0.5028967261314392,8.093509049702178,False
1.883,201.16544928405852,0.5028966665267944,8.093500275355497,False
1.8835,201.1654467202286,0.502896785736084,8.093505443482004,False
1.8840000000000001,201.16544673293706,0.502896785736084,8.093510966612849,False
1.8845,201.16544817031684,0.5028967261314392,8.093509551999771,False
1.885,201.16544884176182,0.5028967261314392,8.093507843325154,False
1.8855,201.16544867589397,0.5028967261314392,8.09350606444137,False
1.8860000000000001,201.1654488114218,0.502896785736084,8.093511024331985,False
1.8865,201.16545010374006,0.5028967261314392,8.093509049702638,False
1.887,201.16544928405867,0.5028966665267944,8.093500275355959,False
1.8875,201.16544672022897,0.502896785736084,8.09350544348239,False
1.8880000000000001,201.16544673293762,0.502896785736084,8.093510966613104,False
1.8885,201.16544817031755,0.5028967261314392,8.093509551999842,False
1.889,201.16544884176247,0.5028967261314392,8.093507843325037,False
1.8895,201.16544867589448,0.5028967261314392,8.093506064441097,False
1.8900000000000001,201.16544881142212,0.502896785736084,8.0935110243316,False
1.8905,201.16545010374017,0.5028967261314392,8.093509049702188,False
1.891,201.16544928405852,0.5028966665267944,8.093500275355508,False
1.8915,201.1654467202286,0.502896785736084,8.093505443482014,False
1.8920000000000001,201.16544673293706,0.502896785736084,8.09351096661286,False
1.8925,201.16544817031684,0.5028967261314392,8.093509551999782,False
1.893,201.16544884176182,0.5028967261314392,8.093507843325165,False
1.8935,201.16544867589397,0.5028967261314392,8.09350606444138,False
1.8940000000000001,201.1654488114218,0.502896785736084,8.093511024331995,False
1.8945,201.16545010374006,0.5028967261314392,8.093509049702648,False
1.895,201.16544928405867,0.5028966665267944,8.09350027535597,False
1.8955,201.16544672022897,0.502896785736084,8.093505443482401,False
1.8960000000000001,201.16544673293762,0.502896785736084,8.093510966613115,False
1.8965,201.16544817031755,0.5028967261314392,8.093509551999853,False
1.897,201.16544884176247,0.5028967261314392,8.093507843325048,False
1.8975,201.1654486758945,0.5028967261314392,8.093506064441105,False
1.8980000000000001,201.16544881142215,0.502896785736084,8.093511024331594,False
1.8985,201.16545010374017,0.5028967261314392,8.093509049702178,False
1.899,201.16544928405852,0.5028966665267944,8.093500275355497,False
1.8995,201.1654467202286,0.502896785736084,8.093505443482004,False
1.9000000000000001,201.16544673293706,0.502896785736084,8.093510966612849,False
1.9005,201.16544817031684,0.5028967261314392,8.093509551999771,False
1.901,201.16544884176182,0.5028967261314392,8.093507843325154,False
1.9015,201.16544867589397,0.5028967261314392,8.09350606444137,False
1.9020000000000001,201.1654488114218,0.502896785736084,8.093511024331985,False
1.9025,201.16545010374006,0.5028967261314392,8.093509049702638,False
1.903,201.16544928405867,0.5028966665267944,8.093500275355959,False
1.9035,201.16544672022897,0.502896785736084,8.09350544348239,False
1.9040000000000001,201.16544673293762,0.502896785736084,8.093510966613104,False
1.9045,201.16544817031755,0.5028967261314392,8.093509551999842,False
1.905,201.16544884176247,0.5028967261314392,8.093507843325037,False
1.9055,201.16544867589448,0.5028967261314392,8.093506064441097,False
1.9060000000000001,201.16544881142212,0.502896785736084,8.0935110243316,False
1.9065,201.16545010374017,0.5028967261314392,8.093509049702188,False
1.907,201.16544928405852,0.5028966665267944,8.093500275355508,False
1.9075,201.1654467202286,0.502896785736084,8.093505443482014,False
1.9080000000000001,201.16544673293706,0.502896785736084,8.09351096661286,False
1.9085,201.16544817031684,0.5028967261314392,8.093509551999782,False
1.909,201.16544884176182,0.5028967261314392,8.093507843325165,False
1.9095,201.16544867589397,0.5028967261314392,8.09350606444138,False
1.9100000000000001,201.1654488114218,0.502896785736084,8.093511024331995,False
1.9105,201.16545010374006,0.5028967261314392,8.093509049702648,False
1.911,201.16544928405867,0.5028966665267944,8.09350027535597,False
1.9115,201.16544672022897,0.502896785736084,8.093505443482401,False
1.9120000000000001,201.16544673293762,0.502896785736084,8.093510966613115,False
1.9125,201.16544817031755,0.5028967261314392,8.093509551999853,False
1.913,201.16544884176247,0.5028967261314392,8.093507843325048,False
1.9135,201.1654486758945,0.5028967261314392,8.093506064441105,False
1.9140000000000001,201.16544881142215,0.502896785736084,8.093511024331594,False
1.9145,201.16545010374017,0.5028967261314392,8.093509049702178,False
1.915,201.16544928405852,0.5028966665267944,8.093500275355497,False
1.9155,201.1654467202286,0.502896785736084,8.093505443482004,False
1.9160000000000001,201.16544673293706,0.502896785736084,8.093510966612849,False
1.9165,201.16544817031684,0.5028967261314392,8.093509551999771,False
1.917,201.16544884176182,0.5028967261314392,8.093507843325154,False
1.9175,201.16544867589397,0.5028967261314392,8.09350606444137,False
1.9180000000000001,201.1654488114218,0.502896785736084,8.093511024331985,False
1.9185,201.16545010374006,0.5028967261314392,8.093509049702638,False
1.919,201.16544928405867,0.5028966665267944,8.093500275355959,False
1.9195,201.16544672022897,0.502896785736084,8.09350544348239,False
1.92,201.16544673293762,0.502896785736084,8.093510966613104,False
1.9205,201.16544817031755,0.5028967261314392,8.093509551999842,False
1.921,201.16544884176247,0.5028967261314392,8.093507843325037,False
1.9215,201.16544867589448,0.5028967261314392,8.093506064441097,False
1.922,201.16544881142212,0.502896785736084,8.0935110243316,False
1.9225,201.16545010374017,0.5028967261314392,8.093509049702188,False
1.923,201.16544928405852,0.5028966665267944,8.093500275355508,False
1.9235,201.1654467202286,0.502896785736084,8.093505443482014,False
1.924,201.16544673293706,0.502896785736084,8.09351096661286,False
1.9245,201.16544817031684,0.5028967261314392,8.093509551999782,False
1.925,201.16544884176182,0.5028967261314392,8.093507843325165,False
1.9255,201.16544867589397,0.5028967261314392,8.09350606444138,False
1.926,201.1654488114218,0.502896785736084,8.093511024331995,False
1.9265,201.16545010374006,0.5028967261314392,8.093509049702648,False
1.927,201.16544928405867,0.5028966665267944,8.09350027535597,False
1.9275,201.16544672022897,0.502896785736084,8.093505443482401,False
1.928,201.16544673293762,0.502896785736084,8.093510966613115,False
1.9285,201.16544817031755,0.5028967261314392,8.093509551999853,False
1.929,201.16544884176247,0.5028967261314392,8.093507843325048,False
1.9295,201.1654486758945,0.5028967261314392,8.093506064441105,False
1.93,201.16544881142215,0.502896785736084,8.093511024331594,False
1.9305,201.16545010374017,0.5028967261314392,8.093509049702178,False
1.931,201.16544928405852,0.5028966665267944,8.093500275355497,False
1.9315,201.1654467202286,0.502896785736084,8.093505443482004,False
1.932,201.16544673293706,0.502896785736084,8.093510966612849,False
1.9325,201.16544817031684,0.5028967261314392,8.093509551999771,False
1.933,201.16544884176182,0.5028967261314392,8.093507843325154,False
1.9335,201.16544867589397,0.5028967261314392,8.09350606444137,False
1.934,201.1654488114218,0.502896785736084,8.093511024331985,False
1.9345,201.16545010374006,0.5028967261314392,8.093509049702638,False
1.935,201.16544928405867,0.5028966665267944,8.093500275355959,False
1.9355,201.16544672022897,0.502896785736084,8.09350544348239,False
1.936,201.16544673293762,0.502896785736084,8.093510966613104,False
1.9365,201.16544817031755,0.5028967261314392,8.093509551999842,False
1.937,201.16544884176247,0.5028967261314392,8.093507843325037,False
1.9375,201.16544867589448,0.5028967261314392,8.093506064441097,False
1.938,201.16544881142212,0.502896785736084,8.0935110243316,False
1.9385000000000001,201.16545010374017,0.5028967261314392,8.093509049702188,False
1.939,201.16544928405852,0.5028966665267944,8.093500275355508,False
1.9395,201.1654467202286,0.502896785736084,8.093505443482014,False
1.94,201.16544673293706,0.502896785736084,8.09351096661286,False
1.9405000000000001,201.16544817031684,0.5028967261314392,8.093509551999782,False
1.941,201.16544884176182,0.5028967261314392,8.093507843325165,False
1.9415,201.16544867589397,0.5028967261314392,8.09350606444138,False
1.942,201.1654488114218,0.502896785736084,8.093511024331995,False
1.9425000000000001,201.16545010374006,0.5028967261314392,8.093509049702648,False
1.943,201.16544928405867,0.5028966665267944,8.09350027535597,False
1.9435,201.16544672022897,0.502896785736084,8.093505443482401,False
1.944,201.16544673293762,0.502896785736084,8.093510966613115,False
1.9445000000000001,201.16544817031755,0.5028967261314392,8.093509551999853,False
1.945,201.16544884176247,0.5028967261314392,8.093507843325048,False
1.9455,201.1654486758945,0.5028967261314392,8.093506064441105,False
1.946,201.16544881142215,0.502896785736084,8.093511024331594,False
1.9465000000000001,201.16545010374017,0.5028967261314392,8.093509049702178,False
1.947,201.16544928405852,0.5028966665267944,8.093500275355497,False
1.9475,201.1654467202286,0.502896785736084,8.093505443482004,False
1.948,201.16544673293706,0.502896785736084,8.093510966612849,False
1.9485000000000001,201.16544817031684,0.5028967261314392,8.093509551999771,False
1.949,201.16544884176182,0.5028967261314392,8.093507843325154,False
1.9495,201.16544867589397,0.5028967261314392,8.09350606444137,False
1.95,201.1654488114218,0.502896785736084,8.093511024331985,False
1.9505000000000001,201.16545010374006,0.5028967261314392,8.093509049702638,False
1.951,201.16544928405867,0.5028966665267944,8.093500275355959,False
1.9515,201.16544672022897,0.502896785736084,8.09350544348239,False
1.952,201.16544673293762,0.502896785736084,8.093510966613104,False
1.9525000000000001,201.16544817031755,0.5028967261314392,8.093509551999842,False
1.953,201.16544884176247,0.5028967261314392,8.093507843325037,False
1.9535,201.16544867589448,0.5028967261314392,8.093506064441097,False
1.954,201.16544881142212,0.502896785736084,8.0935110243316,False
1.9545000000000001,201.16545010374017,0.5028967261314392,8.093509049702188,False
1.955,201.16544928405852,0.5028966665267944,8.093500275355508,False
1.9555,201.1654467202286,0.502896785736084,8.093505443482014,False
1.956,201.16544673293706,0.502896785736084,8.09351096661286,False
1.9565000000000001,201.16544817031684,0.5028967261314392,8.093509551999782,False
1.957,201.16544884176182,0.5028967261314392,8.093507843325165,False
1.9575,201.16544867589397,0.5028967261314392,8.09350606444138,False
1.958,201.1654488114218,0.502896785736084,8.093511024331995,False
1.9585000000000001,201.16545010374006,0.5028967261314392,8.093509049702648,False
1.959,201.16544928405867,0.5028966665267944,8.09350027535597,False
1.9595,201.16544672022897,0.502896785736084,8.093505443482401,False
1.96,201.16544673293762,0.502896785736084,8.093510966613115,False
1.9605000000000001,201.16544817031755,0.5028967261314392,8.093509551999853,False
1.961,201.16544884176247,0.5028967261314392,8.093507843325048,False
1.9615,201.1654486758945,0.5028967261314392,8.093506064441105,False
1.962,201.16544881142215,0.502896785736084,8.093511024331594,False
1.9625000000000001,201.16545010374017,0.5028967261314392,8.093509049702178,False
1.963,201.16544928405852,0.5028966665267944,8.093500275355497,False
1.9635,201.1654467202286,0.502896785736084,8.093505443482004,False
1.964,201.16544673293706,0.502896785736084,8.093510966612849,False
1.9645000000000001,201.16544817031684,0.5028967261314392,8.093509551999771,False
1.965,201.16544884176182,0.5028967261314392,8.093507843325154,False
1.9655,201.16544867589397,0.5028967261314392,8.09350606444137,False
1.966,201.1654488114218,0.502896785736084,8.093511024331985,False
1.9665000000000001,201.16545010374006,0.5028967261314392,8.093509049702638,False
1.967,201.16544928405867,0.5028966665267944,8.093500275355959,False
1.9675,201.16544672022897,0.502896785736084,8.09350544348239,False
1.968,201.16544673293762,0.502896785736084,8.093510966613104,False
1.9685000000000001,201.16544817031755,0.5028967261314392,8.093509551999842,False
1.969,201.16544884176247,0.5028967261314392,8.093507843325037,False
1.9695,201.16544867589448,0.5028967261314392,8.093506064441097,False
1.97,201.16544881142212,0.502896785736084,8.0935110243316,False
1.9705000000000001,201.16545010374017,0.5028967261314392,8.093509049702188,False
1.971,201.16544928405852,0.5028966665267944,8.093500275355508,False
1.9715,201.1654467202286,0.502896785736084,8.093505443482014,False
1.972,201.16544673293706,0.502896785736084,8.09351096661286,False
1.9725000000000001,201.16544817031684,0.5028967261314392,8.093509551999782,False
1.973,201.16544884176182,0.5028967261314392,8.093507843325165,False
1.9735,201.16544867589397,0.5028967261314392,8.09350606444138,False
1.974,201.1654488114218,0.502896785736084,8.093511024331995,False
1.9745000000000001,201.16545010374006,0.5028967261314392,8.093509049702648,False
1.975,201.16544928405867,0.5028966665267944,8.09350027535597,False
1.9755,201.16544672022897,0.502896785736084,8.093505443482401,False
1.976,201.16544673293762,0.502896785736084,8.093510966613115,False
1.9765000000000001,201.16544817031755,0.5028967261314392,8.093509551999853,False
1.977,201.16544884176247,0.5028967261314392,8.093507843325048,False
1.9775,201.1654486758945,0.5028967261314392,8.093506064441105,False
1.978,201.16544881142215,0.502896785736084,8.093511024331594,False
1.9785000000000001,201.16545010374017,0.5028967261314392,8.093509049702178,False
1.979,201.16544928405852,0.5028966665267944,8.093500275355497,False
1.9795,201.1654467202286,0.502896785736084,8.093505443482004,False
1.98,201.16544673293706,0.502896785736084,8.093510966612849,False
1.9805000000000001,201.16544817031684,0.5028967261314392,8.093509551999771,False
1.981,201.16544884176182,0.5028967261314392,8.093507843325154,False
1.9815,201.16544867589397,0.5028967261314392,8.09350606444137,False
1.982,201.1654488114218,0.502896785736084,8.093511024331985,False
1.9825000000000002,201.16545010374006,0.5028967261314392,8.093509049702638,False
1.983,201.16544928405867,0.5028966665267944,8.093500275355959,False
1.9835,201.16544672022897,0.502896785736084,8.09350544348239,False
1.984,201.16544673293762,0.502896785736084,8.093510966613104,False
1.9845,201.16544817031755,0.5028967261314392,8.093509551999842,False
1.985,201.16544884176247,0.5028967261314392,8.093507843325037,False
1.9855,201.16544867589448,0.5028967261314392,8.093506064441097,False
1.986,201.16544881142212,0.502896785736084,8.0935110243316,False
1.9865,201.16545010374017,0.5028967261314392,8.093509049702188,False
1.987,201.16544928405852,0.5028966665267944,8.093500275355508,False
1.9875,201.1654467202286,0.502896785736084,8.093505443482014,False
1.988,201.16544673293706,0.502896785736084,8.09351096661286,False
1.9885,201.16544817031684,0.5028967261314392,8.093509551999782,False
1.989,201.16544884176182,0.5028967261314392,8.093507843325165,False
1.9895,201.16544867589397,0.5028967261314392,8.09350606444138,False
1.99,201.1654488114218,0.502896785736084,8.093511024331995,False
1.9905,201.16545010374006,0.5028967261314392,8.093509049702648,False
1.991,201.16544928405867,0.5028966665267944,8.09350027535597,False
1.9915,201.16544672022897,0.502896785736084,8.093505443482401,False
1.992,201.16544673293762,0.502896785736084,8.093510966613115,False
1.9925,201.16544817031755,0.5028967261314392,8.093509551999853,False
1.993,201.16544884176247,0.5028967261314392,8.093507843325048,False
1.9935,201.1654486758945,0.5028967261314392,8.093506064441105,False
1.994,201.16544881142215,0.502896785736084,8.093511024331594,False
1.9945,201.16545010374017,0.5028967261314392,8.093509049702178,False
1.995,201.16544928405852,0.5028966665267944,8.093500275355497,False
1.9955,201.1654467202286,0.502896785736084,8.093505443482004,False
1.996,201.16544673293706,0.502896785736084,8.093510966612849,False
1.9965,201.16544817031684,0.5028967261314392,8.093509551999771,False
1.997,201.16544884176182,0.5028967261314392,8.093507843325154,False
1.9975,201.16544867589397,0.5028967261314392,8.09350606444137,False
1.998,201.1654488114218,0.502896785736084,8.093511024331985,False
1.9985,201.16545010374006,0.5028967261314392,8.093509049702638,False
1.999,201.16544928405867,0.5028966665267944,8.093500275355959,False
1.9995,201.16544672022897,0.502896785736084,8.09350544348239,False
2.0,201.16544673293762,0.502896785736084,8.093510966613104,False
