time_s,output_voltage_V,duty_cycle,inductor_current_A,bound_hit
0.0005,188.79035175444963,0.50078,10.861553089646812,False
0.001,191.0521371376644,0.5009086271359607,13.788209033545604,False
0.0015,194.47082607702032,0.5009297558097351,15.920372953873837,False
0.002,198.58428205689395,0.500841758971612,16.986741816267696,False
0.0025,202.84426255872467,0.5006573219417648,16.85833939724348,False
0.003,206.68843350540348,0.5004016589782925,15.564113110424223,False
0.0035,209.61394617822953,0.5001091239283775,13.28613359019711,False
0.004,211.24324614605524,0.49981863910206276,10.334839116154583,False
0.0045000000000000005,211.37344315608877,0.4995685254114806,7.10730055061443,False
0.005,210.00241017395538,0.4993914139136376,4.033858875034532,False
0.0055,207.32776112106103,0.49930992941013497,1.5203067436812798,False
0.006,203.71865812204166,0.49933374544596376,0.0,False
0.006500000000000001,199.7134101277664,0.4994584207240841,0.0,False
0.007,196.04732819369028,0.49966298197188136,0.5595302216638409,False
0.0075,192.9502070343978,0.49990557614567976,2.0957476910651507,False
0.008,190.82371816751728,0.5001661790981285,4.393320735140927,False
0.0085,189.93579528561466,0.5004101477689598,7.139590356458479,False
0.009000000000000001,190.38770014129045,0.5006055069837707,9.967287253836766,False
0.0095,192.10350479998942,0.5007270962388676,12.503420984211301,False
0.01,194.84263917533147,0.5007597534339328,14.417940246518818,False
0.0105,198.23333800064012,0.5007001571275356,15.466078947359184,False
0.011,201.82244192481804,0.5005571221162607,15.519243809018034,False
0.0115,205.13519230548457,0.5003503302911795,14.58072030377316,False
0.012,207.73749762149282,0.5001076648875639,12.784260854414487,False
0.0125,209.2927484038992,0.49986148715744105,10.375664095236154,False
0.013000000000000001,209.60574550326206,0.4996443333922622,7.679602338721514,False
0.0135,208.6477733214935,0.49948459735474515,5.055968308071085,False
0.014,206.5592528401165,0.4994027793640112,2.851578647224036,False
0.0145,203.62949811963193,0.49940881659547826,1.3538691369471336,False
0.015,200.2564105075169,0.49950086185970805,0.7530190859500419,False
0.0155,196.8918888129041,0.4996656700827011,1.1177162893715793,False
0.016,193.98075648836445,0.4998805178352381,2.3877169769423645,False
0.0165,191.90175014219736,0.5001163631041395,4.383853638325111,False
0.017,190.91851251341583,0.500341787169315,6.833662017954139,False
0.0175,191.14680724749002,0.5005271713630528,9.408749218431623,False
0.018000000000000002,192.5417258992278,0.5006485545176368,11.768672003901534,False
0.0185,194.90593659113674,0.5006906826965615,13.605525762291093,False
0.019,197.91740381810635,0.500648883113099,14.683607414907478,False
0.0195,201.17274310828927,0.500529548694479,14.869285934281097,False
0.02,204.24061121734604,0.5003491905833454,14.147459332298952,False
0.0205,206.71837153713693,0.5001321880096323,12.622582403985222,False
0.021,208.28481485164093,0.49990752442058584,10.50410448042789,False
0.021500000000000002,208.74206562250066,0.499704930032086,8.078116120405776,False
0.022,208.04103778858254,0.4995509365092055,5.66885749878361,False
0.0225,206.2868871377231,0.4994653723340727,3.5952167544360014,False
0.023,203.72363179589746,0.4994587765595498,2.1281605813008797,False
0.0235,200.70008666250425,0.4995310848497026,1.4549831951337886,False
0.024,197.62197299334994,0.4996717608064347,1.6552826473884859,False
0.0245,194.89702339107777,0.49986133689499224,2.6918226856557452,False
0.025,192.880759568711,0.5000741290242395,4.417232669232509,False
0.025500000000000002,191.83027450545345,0.5002817308218273,6.5952405222304655,False
0.026000000000000002,191.87195358029388,0.5004568009574084,8.933201196706602,False
0.0265,192.98695095589915,0.500576637699962,11.121337519926412,False
0.027,195.01579077340608,0.5006260835668431,12.873462896894347,False
0.0275,197.68103916544575,0.5005994047143667,13.963987135191417,False
0.028,200.62484828799884,0.5005009267072831,14.256622135355212,False
0.0285,203.45646986754687,0.5003443635268354,13.721285517450053,False
0.029,205.8036815885846,0.5001509353998449,12.437135890713975,False
0.029500000000000002,207.36156033919855,0.4999465195899642,10.581353069935258,False
0.03,207.93226556656893,0.4997582022473455,8.405063623928392,False
0.0305,207.450525776414,0.49961068300247846,6.199518629796728,False
0.031,205.99132321503578,0.49952301210534,4.257017641876104,False
0.0315,203.75867275573094,0.4995061023851834,2.831890654616252,False
0.032,201.0570595377061,0.49956135481681263,2.1069063630978384,False
0.0325,198.249596024249,0.4996805795846483,2.1697081968634495,False
0.033,195.70883843162878,0.4998472088199574,3.0023966956347103,False
0.0335,193.76713638288493,0.5000386141231139,4.4854392927008915,False
0.034,192.67325265117776,0.5002291921798079,6.415044485641668,False
0.0345,192.56087833906162,0.5003937875766256,8.531328174698965,False
0.035,193.43284883176136,0.5005109931171455,10.553279837694559,False
0.035500000000000004,195.16267902366957,0.5005659018600341,12.215832499977646,False
0.036000000000000004,197.5128074694959,0.5005519701650836,13.304261722724634,False
0.0365,200.16692026411874,0.5004717716307499,13.681615339729257,False
0.037,202.77208758448342,0.5003365621870569,13.305805486306207,False
0.0375,204.98530493391365,0.5001647225072714,12.234271967501268,False
0.038,206.51848083058087,0.4999792820657913,10.615643368709456,False
0.0385,207.17603655143566,0.4998048460584992,8.669450880681241,False
0.039,206.88013454512233,0.49966432772418484,6.65652025256358,False
0.0395,205.6801069401319,0.49957592080632374,4.843968998155019,False
0.04,203.7447691028912,0.49955072058247124,3.4695475034092875,False
0.0405,201.33869419489466,0.49959131593778994,2.710208158184115,False
0.041,198.7858124851294,0.4996915392702663,2.6591970249716854,False
0.0415,196.42548781170936,0.49983739616847767,3.314713309154487,False
0.042,194.56720430585904,0.5000090300849731,4.5814863195301685,False
0.0425,193.45002804415108,0.5001834361956776,6.284776762353572,False
0.043000000000000003,193.21214298641794,0.5003375445881008,8.194626207568009,False
0.043500000000000004,193.87420931348376,0.5004512566961912,10.056898147786521,False
0.044,195.3383491976975,0.5005100402401356,11.626913414239784,False
0.0445,197.4025265723394,0.5005067580079595,12.701312391729234,False
0.045,199.78819740837307,0.5004425112406423,13.144129656521308,False
0.0455,202.1775404962466,0.5003264047377151,12.903857483789587,False
0.046,204.2554574838796,0.5001742744758776,12.019405442336623,False
0.0465,205.75094821722826,0.5000065467642378,10.614230462995803,False
0.047,206.47250000853168,0.49984550800431193,8.879394304117136,False
0.0475,206.3328238146293,0.4997123429146188,7.04774979941449,False
0.048,205.35960744216547,0.49962433436709447,5.362676712639913,False
0.0485,203.6908138155291,0.49959260107408515,4.0455855670349345,False
0.049,201.55519175765068,0.4996206785481841,3.266622592434261,False
0.0495,199.2407580674671,0.49970413177471323,3.122568158088646,False
0.05,197.0557008656101,0.4998312420882104,3.6248750783139845,False
0.0505,195.28715767678756,0.49998465943531917,4.699314897976881,False
0.051000000000000004,194.16348740129922,0.5001437792296085,6.197045541165833,False
0.051500000000000004,193.8250008290824,0.5002875104323633,7.915356957704339,False
0.052000000000000005,194.30680357469114,0.500397059748538,9.625121410127962,False
0.0525,195.535688861863,0.5004583675576372,11.101213892753862,False
0.053,197.3411630790887,0.5004638879603506,12.151923510699957,False
0.0535,199.4789266411252,0.500413496803303,12.643621576198676,False
0.054,201.66364196081287,0.5003144247255843,12.517616477246966,False
0.0545,203.6067247442368,0.5001802343301877,11.797120553859653,False
0.055,205.05428795543466,0.5000289793198529,10.583482396922825,False
0.0555,205.82032193891965,0.4998807868399615,9.042185686879918,False
0.056,205.81075143656514,0.4997551803117035,7.380443211102146,False
0.0565,205.0351555199688,0.49966849756527276,5.819355116662832,False
0.057,203.60456694353232,0.499631750028303,4.564378087532083,False
0.0575,201.7156790201556,0.4996492109529719,3.778119941621891,False
0.058,199.62369523105133,0.49971792016383837,3.5591579060847907,False
0.0585,197.60764688663113,0.49982816392482776,3.9297092096748787,False
0.059000000000000004,195.93301137045364,0.4999648516387494,4.833698770877051,False
0.059500000000000004,194.81673405639864,0.5001095882440015,6.145288624087473,False
0.06,194.3992816712765,0.5002431510988582,7.686501115425697,False
0.0605,194.72725784986017,0.5003480344930452,9.251396111982919,False
0.061,195.74860423419224,0.5004107268163681,10.633494594883844,False
0.0615,197.32073189909698,0.5004234304336386,11.652837490689674,False
0.062,199.23029633954636,0.5003850130719069,12.179219560145997,False
0.0625,201.2219175745447,0.5003010804047912,12.148688155711188,False
0.063,203.03208244382904,0.5001831705794232,11.57126710156365,False
0.0635,204.4238429186486,0.5000471810993015,10.528965639209057,False
0.064,205.21781169873478,0.4999112354317808,9.164355410800546,False
0.0645,205.31539384103993,0.4997932698172955,7.661217217434385,False
0.065,204.71116930348873,0.49970865980256457,6.219823970734439,False
0.0655,203.49276930961187,0.49966820348988983,5.030179480565087,False
0.066,201.8282949127907,0.4996767319499395,4.246840100066442,False
0.0665,199.94306133358796,0.4997325312460887,3.968733768915999,False
0.067,198.08893947598398,0.49982764700504506,4.226673989104713,False
0.0675,196.51056205076472,0.4999490190057854,4.980155752221464,False
0.068,195.4130124490599,0.500080279446285,6.123701319755318,False
0.0685,194.9352903164163,0.5002039617396343,7.501711527610022,False
0.069,195.13293957383618,0.5003038184915203,8.929669999374529,False
0.0695,195.97190870914037,0.5003669419350417,10.218784402530352,False
0.07,197.33420134286075,0.5003854148476393,11.200800253460235,False
0.07050000000000001,199.03437007304382,0.5003572871958105,11.749793131072622,False
0.07100000000000001,200.84457610750783,0.5002867632082056,11.798192663842796,False
0.07150000000000001,202.52490860883034,0.5001835842648698,11.345047880351231,False
0.07200000000000001,203.85502523908704,0.5000616940106712,10.455524617422432,False
0.0725,204.66300686740013,0.4999373628005721,9.251733353579201,False
0.073,204.84765254739472,0.4998270186161454,7.89610331667756,False
0.0735,204.3912679004742,0.49974507154393477,6.569510937247436,False
0.074,203.36124778412054,0.4997020217577737,5.447096188377569,False
0.0745,201.90027323895958,0.49970310404682955,4.675036179169158,False
0.075,200.20651810749408,0.4997476486755032,4.351418886626183,False
0.0755,198.50664694091472,0.4998292386604641,4.5137746087739705,False
0.076,197.02535916700475,0.49993663251467935,5.134866263255972,False
0.0765,195.95564461513956,0.5000553165158698,6.127168238354213,False
0.077,195.4337177029023,0.5001694675742359,7.355266702422866,False
0.0775,195.52185518239853,0.5002640581543043,8.654372732141336,False
0.078,196.20122064930743,0.5003268234525935,9.852390170927732,False
0.0785,197.37540397622993,0.5003498368695084,10.79259843061401,False
0.079,198.88402187039097,0.5003304966435188,11.354012521391391,False
0.0795,200.5244775075324,0.5002718054207549,11.466838905224465,False
0.08,202.07898854257166,0.5001819154762849,11.121097917136252,False
0.0805,203.34335774241805,0.5000730050963943,10.36735539793472,False
0.081,204.1537457352818,0.49995963627026574,9.309507120571459,False
0.0815,204.4079479896232,0.4998568106845933,8.090582669786704,False
0.082,204.0783738077867,0.4997779813520319,6.87345844902873,False
0.0825,203.21501232919428,0.49973328445400694,5.819064779800339,False
0.083,201.9380212797123,0.49972822734299865,5.065027153286175,False
0.0835,200.42100156434273,0.49976300657627704,4.707626046339412,False
0.084,198.86730746531057,0.4998325425385804,4.789487747907449,False
0.0845,197.48268425757195,0.4999272176315523,5.29459868511696,False
0.085,196.44797728532816,0.5000342085280757,6.151199155632723,False
0.0855,195.895563496394,0.500139224217408,7.242025221828631,False
0.08600000000000001,195.89255874324724,0.5002284114544088,8.420394275934857,False
0.08650000000000001,196.43287004556015,0.5002901733109174,9.529901404766823,False
0.08700000000000001,197.43895330564777,0.5003166646951184,10.425089345993445,False
0.08750000000000001,198.77287356035933,0.5003047762325292,10.990399871967979,False
0.088,200.25509893174444,0.5002564871163883,11.154990227224905,False
0.0885,201.68851398491572,0.5001785493638429,10.901556032855595,False
0.089,202.8845064138755,0.5000815509014106,10.268073664682605,False
0.0895,203.68772882597548,0.4999784836837544,9.342277348323401,False
0.09,203.99630184994763,0.4998830066307598,8.249621272579454,False
0.0905,203.7748048848552,0.49980763345181195,7.1363340386172,False
0.091,203.05834509903056,0.49976208622679374,6.149836200101656,False
0.0915,201.9471940109396,0.4997520340395995,5.419158455997576,False
0.092,200.59277158634825,0.49977838368384,5.0380003070745385,False
0.0925,199.17694795583074,0.49983721323127434,5.052694250280539,False
0.093,197.88753727974725,0.49992035019346276,5.456641226543626,False
0.0935,196.8933383075063,0.5000165076680707,6.19186901800176,False
0.094,196.32206901511555,0.5001128175420702,7.157381476402593,False
0.0945,196.2440705845728,0.500196549971463,8.22306172095875,False
0.095,196.66381359218508,0.5002567888342215,9.247190733861261,False
0.0955,197.52016626764652,0.500285844479958,10.09522473525784,False
0.096,198.6952345908549,0.5002802243521703,10.657372903210751,False
0.0965,200.03049960346942,0.5002410424171471,10.862722265713604,False
0.097,201.34807755647054,0.5001738216724644,10.688129262261267,False
0.0975,202.47430517770542,0.5000877216114673,10.160777204184022,False
0.098,203.26257074603762,0.4999942956527399,9.354109922277141,False
0.0985,203.61240902528544,0.49990594381313275,8.37770489482106,False
0.099,203.4823566838708,0.4998342657637911,7.362443331126615,False
0.0995,202.89488194693877,0.4997885330306037,6.442965202292224,False
0.1,201.93276379712458,0.4997744835382463,5.739769529512418,False
0.1005,200.72746061777806,0.4997935979887801,5.343369359548691,False
0.101,199.4411056286431,0.49984295123848077,5.302619248702283,False
0.1015,198.24462883010128,0.4999156524035078,5.618739966251904,False
0.10200000000000001,197.29500121968718,0.5000018068109834,6.2457620849629025,False
0.10250000000000001,196.7146594299005,0.5000898631732088,7.09722303730076,False
0.10300000000000001,196.57580510340932,0.5001681603712497,8.058115107152505,False
0.10350000000000001,196.8915576899231,0.500226466011023,9.000410954468082,False
0.10400000000000001,197.61499141807425,0.5002573050163485,9.800069061380656,False
0.1045,198.64604461738634,0.5002569084586699,10.353281907979959,False
0.105,199.8452851523602,0.5002256651294436,10.58987368668546,False
0.1055,201.05266344122035,0.5001680238254094,10.482150660620606,False
0.106,202.1087741263366,0.5000918649593481,10.0481031421904,False
0.1065,202.87584353552,0.5000074278131972,9.348585027925749,False
0.107,203.2557002763245,0.4999259366897052,8.478873382105034,False
0.1075,203.20237591332221,0.4998581083485201,7.555745025572353,False
0.108,202.72768673199124,0.4998127389279704,6.701804110073987,False
0.1085,201.89908552039665,0.4997955580860571,6.029167426842313,False
0.109,200.83012099970836,0.49980850186383086,5.6247007993674245,False
0.1095,199.66485154622347,0.49984949827486963,5.538779105267257,False
0.11,198.55837725625918,0.49991278897435054,5.779042705931738,False
0.1105,197.65615691006786,0.4999897370300049,6.309920146054821,False
0.111,197.07489425200134,0.5000700056936633,7.057889896230323,False
0.1115,196.88750696321276,0.5001429454127868,7.921682738332197,False
0.112,197.11408887230345,0.500199002172778,8.785989303440914,False
0.1125,197.71994265752755,0.5002309617442389,9.536813194589419,False
0.113,198.62081905713526,0.5002348699151147,10.076440843748777,False
0.1135,199.69457197446664,0.5002105138092773,10.336090516414027,False
0.114,200.79763512586965,0.5001614075837938,10.2846310143704,False
0.1145,201.78413220205093,0.5000942898993356,9.932280202328583,False
0.115,202.52511257856608,0.5000182030624958,9.328843015714993,False
0.1155,202.92539653138633,0.4999432773549915,8.55675400665133,False
0.116,202.93582578300754,0.4998793822093797,7.7198672965984665,False
0.1165,202.5593188433783,0.4998348233600535,6.929500170467675,False
0.117,201.84995717792924,0.49981525892438433,6.289605658554807,False
0.11750000000000001,200.90527060167503,0.4998229776499878,5.883065555116928,False
0.11800000000000001,199.85281544113198,0.4998566329197754,5.7609345624599735,False
0.11850000000000001,198.83290978583037,0.49991146344618553,5.9360482581101985,False
0.11900000000000001,197.97989140633334,0.4999799650821632,6.381794704320097,False
0.11950000000000001,197.40442519563484,0.5000529176300431,7.036135734024645,False
0.12,197.17919492561995,0.5001206245626434,7.810256382688975,False
0.1205,197.32981114578877,0.5001741981522598,8.600619542791465,False
0.121,197.83203828582316,0.5002067201740645,9.302784140991804,False
0.1215,198.6155977271903,0.5002141282427756,9.82515323154213,False
0.122,199.57395204479707,0.5001957163047994,10.100864704346735,False
0.1225,200.57872089437456,0.5001541893082471,10.096304954497171,False
0.123,201.49680521239296,0.5000952700523525,9.815176271927996,False
0.1235,202.2079660260519,0.5000269137582657,9.297627107859759,False
0.124,202.6205557398675,0.499958236227192,8.614593628859637,False
0.1245,202.6833439432597,0.49989829840540323,7.85812514188065,False
0.125,202.3918943727831,0.49985490883608474,7.128995851332585,False
0.1255,201.78867603804204,0.4998336028990168,6.523267562240016,False
0.126,200.95693649600642,0.4998369336751832,6.119606775749871,False
0.1265,200.00921127531942,0.49986416660484495,5.969049531562803,False
0.127,199.0720669120059,0.4999114146967495,6.08856079054461,False
0.1275,198.26916893626728,0.499972190911235,6.459202984579975,False
0.128,197.7049605763178,0.500038298275978,7.029091320210437,False
0.1285,197.45111260220554,0.5001009342853308,7.720666683030987,False
0.129,197.53748973883532,0.5001518599950032,8.441252351742893,False
0.1295,197.94874514721351,0.5001844787920893,9.095451426266004,False
0.13,198.62689662219344,0.5001946848444621,9.597733502480784,False
0.1305,199.47945852579744,0.5001813738213802,9.883567515165037,False
0.131,200.39199767057232,0.5001465538483131,9.9176719489506,False
0.1315,201.24342995080923,0.5000950469260157,9.698341567200139,False
0.132,201.92203858253225,0.5000338238627418,9.25732301224514,False
0.1325,202.34011309457668,0.49997106285241755,8.655289494628159,False
0.133,202.4452936914183,0.4999150574303967,7.973538281438565,False
0.1335,202.2271413673127,0.49987311899518333,7.303031525943238,False
0.134,201.71809048869585,0.49985061949087894,6.732253552733307,False
0.1345,200.98869649731807,0.4998503006774793,6.335513542855372,False
0.135,200.137863080698,0.49987193992958845,6.163254979229665,False
0.1355,199.279409377812,0.499912413654209,6.235648853139625,False
0.136,198.52681949501184,0.4999661451986861,6.5402876004928565,False
0.1365,197.97823547851405,0.5000258724004009,7.034230098132625,False
0.137,197.70368545599507,0.5000836280690482,7.65005903618717,False
0.1375,197.73620076662232,0.5001318002883341,8.305084451538255,False
0.138,198.06792760705045,0.5001641315113035,8.912430669477017,False
0.1385,198.65166283555675,0.5001765262551763,9.392524369928239,False
0.139,199.40753243930294,0.5001675645512177,9.683478299392835,False
0.1395,200.23387370925295,0.5001386580844407,9.749032625279215,False
0.14,201.02085509548405,0.5000938329153045,9.583047690869396,False
0.1405,201.6650304178959,0.5000391710195606,9.209995536645689,False
0.14100000000000001,202.08291536995407,0.49998198679717165,8.681418545841916,False
0.14150000000000001,202.22180907657557,0.4999298488190194,8.068849284970375,False
0.14200000000000002,202.06644959024322,0.4998895769975397,7.454150064104282,False
0.14250000000000002,201.64064774394367,0.4998663482280027,6.918571684406048,False
0.14300000000000002,201.00371845293708,0.4998630286041585,6.531998831930121,False
0.14350000000000002,200.24223071078382,0.4998798192919148,6.343817408990633,False
0.14400000000000002,199.45822719270151,0.49991426021836066,6.37660872282095,False
0.1445,198.75553024050348,0.4999615869863743,6.6234796977151,False
0.145,198.22598699577077,0.5000153888803766,7.049335971307751,False
0.1455,197.93748342785454,0.5000684762376767,7.59587014602937,False
0.146,197.92528633499052,0.5001138391646547,8.189546824549637,False
0.1465,198.18780108774277,0.500145569724273,8.751484817214607,False
0.147,198.68723258765402,0.5001596269703192,9.20791074662205,False
0.1475,199.35499060523,0.500154346906509,9.499809146408996,False
0.148,200.1010705551568,0.5001306341465517,9.5905208480543,False
0.1485,200.82613947129553,0.500091814090728,9.47032287170359,False
0.149,201.43472188007814,0.5000431685528516,9.157422317250584,False
0.1495,201.8477500546791,0.4999912186042113,8.69526516463326,False
0.15,202.0128344907519,0.49994285094466107,8.14654166341123,False
0.1505,201.91091520600628,0.49990440420549614,7.584702917732716,False
0.151,201.55843759644873,0.49988083644164333,7.084131023566395,False
0.1515,201.0047972218254,0.49987508375817447,6.71028120205982,False
0.152,200.32543520559403,0.4998876938185783,6.511111470757406,False
0.1525,199.6115501967616,0.49991678039130594,6.510931714945933,False
0.153,198.9578401176257,0.49995830138879616,6.707465380023721,False
0.1535,198.44993391262972,0.5000066192909886,7.072473275413988,False
0.154,198.1531886084219,0.5000552655925489,7.555805407611016,False
0.1545,198.10431462754318,0.5000978050286329,8.092292332978188,False
0.155,198.30688988551026,0.5001286840082637,8.610523449571144,False
0.1555,198.73129229234556,0.5001439518970827,9.04233067188949,False
0.156,199.3189949960792,0.5001417623923557,9.331725880203809,False
0.1565,199.99060461898898,0.500122592332228,9.442131948374609,False
0.157,200.65654818142937,0.5000891527817976,9.360983668319461,False
0.1575,201.22898460868004,0.5000460073809542,9.101124790273762,False
0.158,201.6333698929573,0.49999895079046136,8.698847307384574,False
0.1585,201.81815929198592,0.4999542309778532,8.208857712378572,False
0.159,201.76138079102702,0.4999177191185219,7.696857349170418,False
0.1595,201.47323241919992,0.4998941373317045,7.230737389415242,False
0.16,200.99438932159154,0.4998864462640078,6.871569745119859,False
0.1605,200.3902835339701,0.4998954725790644,6.66559626726613,False
0.161,199.74215976003498,0.4999198236154359,6.638275125545417,False
0.1615,199.13613718355384,0.49995609740773217,6.791155219759194,False
0.162,198.6517602596888,0.49999935647880295,7.101958895536211,False
0.1625,198.3515674210797,0.5000437989211007,7.527817240024985,False
0.163,198.27304454269395,0.5000835350517151,8.011182992990484,False
0.1635,198.42398898823748,0.500113365527494,8.48760051665697,False
0.164,198.78184256845225,0.5001294584703933,8.894283664091963,False
0.1645,199.29702361086606,0.5001298381528557,9.178365817031064,False
0.165,199.89976865846333,0.500114623746572,9.303747475460664,False
0.1655,200.50954704563495,0.5000859899643152,9.255663410067088,False
0.166,201.04578958003114,0.5000478578392721,9.042396545389536,False
0.1665,201.43851338902027,0.5000053588688518,8.693941013173793,False
0.167,201.63744796310664,0.499964144977567,8.257815939079633,False
0.1675,201.6184710544383,0.49992963652941613,7.792604503488984,False
0.168,201.38652362852028,0.49990630830903293,7.36009107642472,False
0.1685,200.97464525689733,0.4998971078259011,7.017051873573914,False
0.169,200.43929253032064,0.4999030820656288,6.807794961254541,False
0.1695,199.85260126809234,0.49992326031400275,6.758436486100925,False
0.17,199.29265817189912,0.49995480585809277,6.873656652393319,False
0.1705,198.83310223103263,0.499993413140324,7.13633646897988,False
0.171,198.53344682494114,0.5000338944039018,7.510084451900005,False
0.1715,198.43139447177657,0.5000708754718323,7.94427711686362,False
0.17200000000000001,198.53812961757654,0.5000995071724139,8.380910816996701,False
0.17250000000000001,198.8371650841699,0.5001160984708602,8.76233686769623,False
0.17300000000000001,199.28684293422023,0.5001185892212681,9.038852665416238,False
0.17350000000000002,199.82611339956873,0.5001068026847522,9.175156813505497,False
0.17400000000000002,200.3827957205578,0.5000824474604912,9.154837636449146,False
0.17450000000000002,200.8832125516417,0.5000488714086334,8.982329205790437,False
0.17500000000000002,201.2619217740684,0.5000106023788046,8.682103294479841,False
0.17550000000000002,201.47026626969526,0.49997273809107223,8.295227941584235,False
0.176,201.48262463328655,0.4999402668722454,7.873768072462624,False
0.1765,201.29955482460693,0.4999174095845666,7.47378621985007,False
0.177,200.94743956927522,0.4999070697526315,7.147883570185836,False
0.1775,200.4747118875826,0.4999104639218589,6.938277320631505,False
0.178,199.94519710086033,0.49992697962762983,6.871330830973312,False
0.1785,199.42948989197106,0.49995427741045295,6.954249056564503,False
0.179,198.99553800679797,0.4999886204225179,7.17435259926157,False
0.1795,198.69969408851065,0.5000253849466746,7.500992695183164,False
0.18,198.57941483442175,0.5000596817312613,7.889816497974182,False
0.1805,198.64854822440412,0.5000870044714495,8.288785486839382,False
0.181,198.89579210885955,0.5001038195785842,8.64512932264774,False
0.1815,199.28648201502133,0.5001080205027286,8.91230891285789,False
0.182,199.76742948769694,0.5000991887771952,9.056075980887414,False
0.1825,200.27413982324984,0.500078629961246,9.058846783992854,False
0.183,200.73943731764862,0.5000491823471196,8.921835982600017,False
0.1835,201.10235288396726,0.5000148259126349,8.664693436353582,False
0.184,201.31610384230046,0.49998014484105946,8.322714640973896,False
0.1845,201.35412230636348,0.4999497157355083,7.942013338411628,False
0.185,201.2133518261818,0.4999275029777096,7.5733115097680725,False
0.1855,200.91439866917992,0.49991634122432604,7.26518176353524,False
0.186,200.4985461059798,0.49991757290213845,7.057644870696405,False
0.1865,200.02205986054818,0.49993088733870866,6.97697069648858,False
0.187,199.54857211216182,0.4999543807530721,7.032361324865593,False
0.1875,199.14058007291945,0.49998482655880894,7.214934996047223,False
0.188,198.8511997242817,0.5000181174596773,7.4991160393193335,False
0.1885,198.71726401271854,0.500049818481245,7.846213780706237,False
0.189,198.75465867507918,0.5000757563066324,8.209686731748869,False
0.1895,198.95647863733473,0.5000925666933881,8.541374645810459,False
0.19,199.294208173194,0.5000981285157153,8.797866009997962,False
0.1905,199.72172991913945,0.5000918289163244,8.946163903782887,False
0.191,200.18160233111232,0.5000746268802401,8.967916356196858,False
0.1915,200.6127571362626,0.5000489092246748,8.861673051811788,False
0.192,200.95859234929284,0.5000181601273733,8.64289274466446,False
0.1925,201.17439357154691,0.4999864894814824,8.34172179352064,False
0.193,201.23311194980352,0.4999580835167965,7.9988564214052404,False
0.1935,201.1287498132005,0.4999366509186366,7.660051997987174,False
0.194,200.87692652697078,0.49992493777826874,7.370018530285214,False
0.1945,200.51257532885427,0.4999243750446757,7.166518352444965,False
0.195,200.085105647067,0.4999349039746487,7.07544858963433,False
0.1955,199.65170162357785,0.499955000874032,7.107551736426973,False
0.196,199.26966967524658,0.4999818955508529,7.257172448176009,False
0.1965,198.98886321188155,0.5000119521031408,7.503199678486151,False
0.197,198.845187350758,0.5000411594781307,7.812040129012563,False
0.1975,198.85602737602474,0.5000656654609256,8.14220199840531,False
0.198,199.01817694590974,0.5000822830490218,8.44986237990298,False
0.1985,199.30850432234573,0.5000889029163389,8.69467263200092,False
0.199,199.68723306995855,0.5000847589826819,8.845036432312932,False
0.1995,200.10337448950037,0.500070514049252,8.882174798490944,False
0.2,200.50157464490442,0.5000481563609324,8.80245890040228,False
0.2005,200.82946245661526,0.5000207227334885,8.617722795098283,False
0.201,201.04452817048934,0.4999918864060538,8.353534732396758,False
0.2015,201.11963053651576,0.4999654651978027,8.045673583952986,False
0.202,201.04641778664654,0.49994491562145366,7.735291776813224,False
0.2025,200.83622831126144,0.49993287999214747,7.463416858872202,False
0.203,200.5183750232396,0.49993084604124777,7.265527214086073,False
0.20350000000000001,200.13606721626482,0.4999389630803003,7.1669216830335385,False
0.20400000000000001,199.74053722203288,0.499956037462405,7.17948994945496,False
0.20450000000000002,199.3841730864158,0.49997970590378615,7.300296531943166,False
0.20500000000000002,199.11358117237396,0.5000067615142707,7.512143768639498,False
0.20550000000000002,198.96349891071847,0.5000335873923872,7.786013282960623,False
0.20600000000000002,198.9523510955103,0.5000566390218093,8.085037754958396,False
0.20650000000000002,199.08001343649025,0.500072911146137,8.369458234344156,False
0.20700000000000002,199.32804787911718,0.5000803278275406,8.601901268267481,False
0.20750000000000002,199.6623464106688,0.5000780053872226,8.752278344689497,False
0.20800000000000002,200.03780642136462,0.500066355264485,8.80166928633219,False
0.2085,200.40440053819205,0.5000470151676296,8.744691785209515,False
0.209,200.71382900096822,0.5000226194537154,8.590062242855957,False
0.2095,200.92587422645832,0.4999964405955621,8.359292307059796,False
0.21,201.01362346069985,0.4999719502208907,8.08371047384641,False
0.2105,200.96688054779042,0.49995235840726815,7.800217339387014,False
0.211,200.7933320713946,0.4999401923446968,7.546347739877696,False
0.2115,200.51733448468622,0.4999369697874456,7.355300889064877,False
0.212,200.17650688824278,0.4999430096495107,7.251598511102251,False
0.2125,199.8166053838315,0.49995740342600925,7.247940939965333,False
0.213,199.4853794013041,0.49997814942047236,7.343664954033362,False
0.2135,199.22623768896153,0.5000024300285791,7.5249883782646645,False
0.214,199.07256570042463,0.5000269935488619,7.766986071671544,False
0.2145,199.04343725368972,0.5000485886627823,8.037013022167502,False
0.215,199.14126762430632,0.5000643935263137,8.299103414492322,False
0.2155,199.3516912168161,0.5000723829934184,8.5187533653334,False
0.216,199.64565097092068,0.5000715864455406,8.667453563469824,False
0.2165,199.9833976011002,0.5000622036932716,8.726379620841927,False
0.217,200.31985124779433,0.5000455653977461,8.688765443938992,False
0.2175,200.61060641404788,0.5000239449466944,8.560662258947971,False
0.218,200.81778403472626,0.500000248092171,8.360000003899472,False
0.2185,200.91496144837592,0.4999776224506162,8.114091208711919,False
0.219,200.89053839138117,0.4999590391582081,7.855921458497327,False
0.2195,200.74910856628688,0.4999469022351871,7.619728375996729,False
0.22,200.51067416373556,0.49994273709794756,7.436461638151643,False
0.2205,200.20782910051582,0.4999469987056191,7.329727459896804,False
0.221,199.88130644380672,0.49995902352227234,7.312750721687186,False
0.2215,199.5744996108104,0.4999771300584507,7.386746427502849,False
0.222,199.32769649960642,0.4999988529059384,7.540899526489751,False
0.2225,199.17279411014835,0.5000212776140044,7.75393543321695,False
0.223,199.12918646465897,0.5000414308218251,7.997052774601073,False
0.2235,199.20135312609864,0.5000566734071297,8.237813210667502,False
0.224,199.37844361061283,0.5000650447771662,8.444463223730136,False
0.2245,199.63588659791586,0.5000655135987813,8.590113787977899,False
0.225,199.93878732667451,0.5000581031504475,8.656230412909716,False
0.2255,200.24664583097282,0.5000438763041094,8.634983192542968,False
0.226,200.51876142054732,0.5000247836914299,8.530160662989688,False
0.2265,200.719605478524,0.500003396490643,8.356542244428754,False
0.227,200.82345529519912,0.49998256020556625,8.137827225545934,False
0.2275,200.81768469841649,0.49996501588530456,7.903407444787832,False
0.228,200.70428934504798,0.49995303914466743,7.68442132947756,False
0.2285,200.4994618259578,0.49994814457216014,7.509618755582849,False
0.229,200.23129252438648,0.4999508940207253,7.401586860011379,False
0.2295,199.93592111326842,0.49996083309793804,7.373833691252177,False
0.23,199.6526667343602,0.499976562851795,7.42910697965748,False
0.2305,199.4187948150783,0.49999593556972494,7.559156274214807,False
0.231,199.2646183181955,0.5000163472434629,7.745951976898991,False
0.2315,199.20957712724802,0.500035086793534,7.964181311028984,False
0.232,199.25980050825595,0.5000496951961727,8.184674995857145,False
0.2325,199.4074546138117,0.5000582870194985,8.378300827595929,False
0.233,199.6319380351023,0.5000597924950135,8.519805728218984,False
0.2335,199.90274529967604,0.5000540892534224,8.591101723588794,False
0.234,200.18360224602714,0.5000420077106986,8.583570537467104,False
0.23450000000000001,200.4373154459472,0.5000252108296906,8.499094824818023,False
0.23500000000000001,200.6306901942293,0.5000059654380055,8.349693867631652,False
0.23550000000000001,200.73886865398148,0.49998683634767793,8.155825835394888,False
0.23600000000000002,200.74852160473006,0.4999703443948806,7.943593666416028,False
0.23650000000000002,200.6594831860404,0.4999586339232722,7.74123444735089,False
0.23700000000000002,200.48462756907432,0.49995319359641605,7.575363959869708,False
0.23750000000000002,200.24802168303154,0.49995466696372826,7.467476507899275,False
0.23800000000000002,199.98161720119398,0.4999627769327849,7.431161452119684,False
0.23850000000000002,199.72093681911545,0.4999763728988589,7.470397592277658,False
0.23900000000000002,199.5003385417043,0.499993592865676,7.579138827818101,False
0.23950000000000002,199.34849044545422,0.5000121177014211,7.742230110585727,False
0.24,199.28465187425303,0.5000294827495517,7.9375156755482115,False
0.2405,199.31624185827096,0.500043404899998,8.138845760909222,False
0.241,199.43799879911043,0.500052081772923,8.319573765793233,False
0.2415,199.63282183340422,0.5000544239438944,8.456077108168522,False
0.242,199.87416240174807,0.5000501904646787,8.530838315961322,False
0.2425,200.1296331674909,0.5000400110002353,8.534686425056654,False
0.243,200.36534597279172,0.5000252929644358,8.467913408348931,False
0.2435,200.550400236809,0.5000080271345788,8.340130811387022,False
0.244,200.66092907636454,0.4999905184178258,8.16889843777036,False
0.2445,200.68317391185965,0.4999750780397026,7.977318230804696,False
0.245,200.6151910007718,0.49996371818924995,7.790921424926264,False
0.2455,200.46697772982492,0.49995788946979275,7.6342678088296365,False
0.246,200.25901802692,0.49995829546739273,7.527710456134057,False
0.2465,200.0194564245554,0.4999648081821342,7.484752980061702,False
0.247,199.7802906386652,0.49997649441588404,7.510343077147602,False
0.2475,199.57309871175457,0.4999917483455987,7.600317610516933,False
0.248,199.4248722585365,0.5000085114612679,7.742058745095554,False
0.2485,199.35450570266661,0.5000245497000507,7.9162591956528985,False
0.249,199.37039694764223,0.5000377504423041,8.099549298091917,False
0.2495,199.46946179495325,0.5000463999258408,8.267628385078401,False
0.25,199.63767409542336,0.5000494047565509,8.398481590126027,False
0.2505,199.85204173757168,0.5000464290300961,8.475257661534139,False
0.251,200.08374147146918,0.5000379300219251,8.488433243937559,False
0.2515,200.30198701877217,0.5000250889131581,8.436987031131382,False
0.252,200.47811343876342,0.5000096468305114,8.328440014467594,False
0.2525,200.5893374960528,0.49999366880793045,8.177768361654225,False
0.253,200.62170139673776,0.4999792675426251,8.005343745407604,False
0.2535,200.57181930751133,0.4999683238266398,7.834182886082355,False
0.254,200.44720772027205,0.49996224064148853,7.686876995717002,False
0.2545,200.26517043662506,0.49996176310504636,7.5826109273606,False
0.255,200.05040121339195,0.49996688741267936,7.534666002313254,False
0.2555,199.83163594616477,0.49997686985564016,7.548732093057704,False
0.256,199.63780894602988,0.49999033357980893,7.622243253347454,False
0.2565,199.49422823939415,0.5000054577956253,7.744812578774786,False
0.257,199.41927562005557,0.5000202234073662,7.899695190168745,False
0.2575,199.42206085978796,0.5000326819040323,8.066073127964723,False
0.258,199.50132754479412,0.5000412117291488,8.221850299359936,False
0.2585,199.64573904340543,0.5000447284817267,8.346582756841725,False
0.259,199.83548999882035,0.500042821821145,8.42415683267326,False
0.2595,200.0450155016908,0.5000358019233919,8.444865689552612,False
0.26,200.24642888860495,0.5000246504157231,8.4066179122167,False
0.2605,200.41322763577168,0.5000108833130482,8.315128565709541,False
0.261,200.52377632493994,0.49999634496115336,8.18307831031156,False
0.2615,200.564109666807,0.4999829608818208,8.028362088636877,False
0.262,200.52969237704514,0.4999724825697254,7.871667875006163,False
0.2625,200.42591383847557,0.4999662580485578,7.733712399133419,False
0.263,200.2672651352105,0.49996505826790916,7.632503220012244,False
0.2635,200.07532143344096,0.4999689817260442,7.580989471582758,False
0.264,199.8758101567221,0.49997744908963104,7.585408214180638,False
0.2645,199.69516379296536,0.4999892875011162,7.644537455751287,False
0.265,199.55701985635065,0.5000028923624096,7.749943958142057,False
0.2655,199.47913165445357,0.500016444261395,7.8871808884853,False
0.266,199.47109296245264,0.500028151696673,8.03776525037102,False
0.2665,199.53316671605145,0.5000364872368364,8.181664364147247,False
0.267,199.6563583939844,0.5000403860484156,8.299957274300528,False
0.2675,199.82370919001616,0.5000393810886092,8.377318401633584,False
0.268,200.01262420938656,0.5000336579109573,8.403998593359587,False
0.2685,200.19791733252194,0.5000240227968481,8.377048579443667,False
0.269,200.3551639138797,0.5000117893807035,8.30063213079918,False
0.2695,200.46391631835965,0.49999859959292736,8.185397395846083,False
0.27,200.51035969734855,0.499986203227928,8.046999134501519,False
0.2705,200.4890631497629,0.4999762256635183,7.903975668420399,False
0.271,200.4036041022114,0.4999699545436511,7.775267773785737,False
0.2715,200.26599500246215,0.49996817343449557,7.677711486300726,False
0.272,200.0950009640764,0.4999710639644461,7.623837024942588,False
0.2725,199.91358335149494,0.49997818865190424,7.620261963839535,False
0.273,199.74581780652179,0.4999885557822609,7.666884664735731,False
0.2735,199.61370088736385,0.5000007567924117,7.756975304581989,False
0.274,199.53426908691165,0.5000131571250591,7.878141592645041,False
0.2745,199.51740711032767,0.500024114678778,8.014030787862962,False
0.275,199.56462618553186,0.5000321966709523,8.14653421181367,False
0.2755,199.66896151655033,0.5000363663244093,8.2581973453261,False
0.276,199.81598874571895,0.50003611513511,8.334515456398474,False
0.2765,199.9858122447659,0.5000315239424657,8.365813812563614,False
0.277,200.15575222700656,0.500023245583842,8.348469705176928,False
0.2775,200.30336901629926,0.5000124123013248,8.285322689909252,False
0.278,200.40942235155782,0.5000004809266158,8.185227756699813,False
0.2785,200.46037617821278,0.4999890369245794,8.061819385271644,False
0.279,200.45012301947628,0.4999795835905735,7.931657830126977,False
0.2795,200.3807081568881,0.4999733444032181,7.812008982212332,False
0.28,200.2619682915544,0.49997110452399424,7.718555274524412,False
0.2805,200.11014408223397,0.49997311199288763,7.663341326109434,False
0.281,199.94566151164912,0.49997905104212015,7.65322373204969,False
0.28150000000000003,199.79038524142462,0.49998809024797464,7.689024521330875,False
0.28200000000000003,199.66471366105793,0.4999989982828645,7.765492092364381,False
0.28250000000000003,199.58490177711278,0.5000103111569669,7.8720651053989315,False
0.28300000000000003,199.56096297002705,0.5000205282245075,7.994328578848538,False
0.28350000000000003,199.5954195289387,0.5000283107203114,8.11596143116651,False
0.28400000000000003,199.68305634730237,0.5000326565994317,8.220912552494328,False
0.28450000000000003,199.81169805873205,0.500033028913304,8.295515833823563,False
0.28500000000000003,199.96389506443433,0.5000294213568516,8.33026626973494,False
0.28550000000000003,200.11928587804363,0.5000223530806,8.32102713705842,False
0.28600000000000003,200.25731703259652,0.5000127942517487,8.269515621310719,False
0.28650000000000003,200.35995823630168,0.5000020329385322,8.183010757312756,False
0.28700000000000003,200.41405478782417,0.4999915015048024,8.073330475803692,False
0.28750000000000003,200.41301057515872,0.49998258585540895,7.955220441046542,False
0.28800000000000003,200.35758631022998,0.49997644290741483,7.844373679427656,False
0.2885,200.25571675552493,0.49997385032600783,7.7553467384361765,False
0.289,200.1213816141363,0.4999751080524102,7.699649197759732,False
0.2895,199.97268990423214,0.49998000408526755,7.6842574997495285,False
0.29,199.82944025905698,0.4999878483221993,7.710745023474318,False
0.2905,199.71048609467806,0.49999756920057226,7.77513635959075,False
0.291,199.63125646318733,0.500007859617371,7.868496440155557,False
0.2915,199.6017583660712,0.5000173522519976,7.978167768065198,False
0.292,199.6253184436021,0.5000248007813625,8.089484463919517,False
0.2925,199.6982210274532,0.500029243000832,8.187731178155392,False
0.293,199.81027943080636,0.5000301245562275,8.26008566146876,False
0.2935,199.94625410736424,0.5000273674445977,8.297289225301581,False
0.294,200.08792103342807,0.5000213748991594,8.294828187541015,False
0.2945,200.21651047914025,0.5000129727373548,8.253476167228179,False
0.295,200.3151906942843,0.500003295607882,8.179132774077397,False
0.2955,200.37126850336304,0.49999363373671063,8.081987521190301,False
0.296,200.37781938730143,0.49998526081870626,7.975126447975916,False
0.2965,200.33453774684844,0.4999792659836998,7.872771373114225,False
0.297,200.24770319638543,0.4999764119995197,7.788388426275817,False
0.2975,200.12927682617718,0.49997703817909706,7.7329174582536595,False
0.298,199.9952565542854,0.4999810203452148,7.7133552972317165,False
0.2985,199.86351755061244,0.49998779251049513,7.731876355371202,False
0.299,199.7514294206659,0.49999642669741956,7.785600730868158,False
0.2995,199.67356792702049,0.5000057596626069,7.8670328226797945,False
0.3,199.63982255301812,0.5000145492183838,7.965104433499339,False
0.3005,199.65414503561706,0.5000216391487887,8.066677280904837,False
0.301,199.7140962314564,0.5000261108491245,8.158301079605131,False
0.3015,199.81124145046533,0.5000274018458608,8.227992291003384,False
0.302,199.93233208182536,0.5000253759631533,8.266798859758758,False
0.3025,200.0611086784617,0.5000203364503579,8.269947242968225,False
0.303,200.18048086705656,0.5000129809903492,8.237425318733395,False
0.3035,200.27479259262248,0.5000043051679136,8.173930575704865,False
0.304,200.3318730474409,0.49999546769274594,8.088197286295971,False
0.3045,200.34460492090736,0.49998763557429343,7.9917980831561,False
0.305,200.31180797565753,0.49998182990680645,7.897583791623137,False
0.3055,200.23832845401367,0.4999787926344342,7.817971571155744,False
0.306,200.13433103446832,0.4999788916837061,7.763309384461186,False
0.3065,200.0138957483276,0.4999820765891664,7.740532328890644,False
0.307,199.89311329608478,0.49998788991724846,7.7522853347090654,False
0.3075,199.7879365050758,0.4999955323404193,7.796622928463402,False
0.308,199.71207492591384,0.5000039721323937,7.867318989311402,False
0.3085,199.675210325295,0.5000120840874631,7.954738281469467,False
0.309,199.6817649050478,0.5000187991626146,8.047147892142064,False
0.3095,199.73037814939897,0.5000232449600511,8.132290188556151,False
0.31,199.81415279690904,0.5000248586255926,8.199006698156731,False
0.3105,199.92162839684067,0.5000234576012635,8.23869823651956,False
0.311,200.03834567851865,0.5000192593953143,8.2464307498041,False
0.3115,200.14878884250658,0.5000128483460526,8.221545156474228,False
0.312,200.23844553624767,0.5000050943552157,8.167696309276556,False
0.3125,200.2957115634092,0.49999703483748487,8.09232216161808,False
0.313,200.31339065237333,0.49998973586267564,8.005619314541764,False
0.3135,200.2895955623406,0.49998415104844185,7.919165500697992,False
0.314,200.22793785529632,0.4999809968695084,7.844374812821273,False
0.3145,200.13698891944765,0.4999806606870312,7.790991729277523,False
0.315,200.02909152381906,0.49998315330003185,7.765822700957199,False
0.3155,199.91868638841902,0.499988111796956,7.771870430758562,False
0.316,199.82038067161625,0.49999485175789976,7.807980747277919,False
0.3165,199.74701680045226,0.5000024613336657,7.869042782245234,False
0.317,199.70799688254942,0.500009924275217,7.946709435153872,False
0.3175,199.7080809656355,0.500016255317874,8.03053673711161,False
0.318,199.7468120866781,0.5000206298992351,8.109386695979616,False
0.3185,199.818636464309,0.5000224911618828,8.172905416848947,False
0.319,199.91369476409736,0.5000216203960367,8.212880710681729,False
0.3195,200.01917232234146,0.5000181620595857,8.224301632381259,False
0.32,200.12102397377174,0.5000126005968384,8.205983683629567,False
0.3205,200.2058419023075,0.5000056926546603,8.160682105721806,False
0.321,200.2626186036969,0.49999836412969895,8.094683934914556,False
0.3215,200.28417346272565,0.49999158601557403,8.016938293516105,False
0.322,200.2680581978658,0.4999862456706817,7.93784471760612,False
0.3225,200.216827146488,0.4999830305609567,7.867863288438149,False
0.323,200.13764353775863,0.49998233970632827,7.816132228884118,False
0.3235,200.0412811075108,0.49998423423369837,7.789275693350097,False
0.324,199.94065986176855,0.4999884331385981,7.790557308281879,False
0.3245,199.84911495474418,0.4999943543029587,7.819487468107876,False
0.325,199.7786306768249,0.5000011948239887,7.871931038942341,False
0.3255,199.7382733744148,0.5000080395777323,7.94069533627704,False
0.326,199.73302793844888,0.5000139833422366,8.01651499467947,False
0.3265,199.76318664366983,0.5000182501949582,8.089298976069673,False
0.327,199.82436439706723,0.500020294460042,8.149472068351194,False
0.3275,199.90813098969124,0.5000198701064161,8.189232843609538,False
0.328,200.00316981143982,0.5000170598119396,8.203563193262013,False
0.3285,200.0968042503253,0.5000122603236806,8.190859186728217,False
0.329,200.1766863928022,0.5000061265379814,8.153104320318414,False
0.3295,200.2324235082662,0.4999994821349656,8.095567352246093,False
0.33,200.25692837492457,0.49999320892656834,8.026069772777728,False
0.3305,200.2473181524722,0.4999881297576116,7.9539242783041395,False
0.331,200.20524793352294,0.4999849004964471,7.888688037019994,False
0.3315,200.1366410284518,0.49998392528839175,7.838897540855213,False
0.332,200.05085827279493,0.4999853060182185,7.810952521104582,False
0.3325,199.95942247138493,0.49998883228190943,7.808294854241828,False
0.333,199.87447171402752,0.4999940127349092,7.830987683230846,False
0.3335,199.80714918967846,0.5000001431970666,7.875745769926324,False
0.334,199.76614305444613,0.5000064020854389,7.93640777487481,False
0.3345,199.75656746207474,0.5000119602463837,8.004782846004847,False
0.335,199.7793284381751,0.5000160905140713,8.071755296460909,False
0.3355,199.83105252364592,0.5000182625386936,8.128498540063873,False
0.336,199.90458096948507,0.5000182105465654,8.167636878140883,False
0.3365,199.98995773348116,0.5000159654097311,8.184202544044371,False
0.337,200.0757753506882,0.5000118472055292,8.17626415895132,False
0.3375,200.15069717351344,0.5000064196944084,8.145147425163184,False
0.338,200.20495324340777,0.5000004131456646,8.095223465609125,False
0.3385,200.23161269828586,0.4999946260435187,8.03329747234784,False
0.339,200.22746716268952,0.4999898188803005,7.967682719468159,False
0.3395,200.1934126561914,0.4999866141496399,7.907085668452665,False
0.34,200.13428501456804,0.499985415685122,7.859451559841305,False
0.3405,200.05817659244002,0.49998635779198464,7.83092353501557,False
0.341,199.97533038031744,0.49998929056420444,7.82505164649237,False
0.3415,199.8967625499819,0.49999380291910583,7.842353508305086,False
0.342,199.83279865884677,0.4999992798723728,7.8802806169698085,False
0.3425,199.79171797858254,0.5000049860870469,7.933590057950697,False
0.343,199.77868376518003,0.5000101643513813,7.99506771836423,False
0.3435,199.795097333915,0.5000141358055739,8.056503355861741,False
0.34400000000000003,199.83845617427505,0.5000163886671284,8.109785862747684,False
0.34450000000000003,199.90272889710445,0.5000166438824962,8.147972824436502,False
0.34500000000000003,199.97919155099257,0.5000148893128982,8.166193611231407,False
0.34550000000000003,200.05760972835859,0.5000113783069389,8.162268819314454,False
0.34600000000000003,200.12760665982765,0.5000065932521451,8.136967571475791,False
0.34650000000000003,200.18003476467504,0.5000011793056743,8.093872767257922,False
0.34700000000000003,200.2081696385338,0.49999585737896185,8.038876376173691,False
0.34750000000000003,200.20857079689702,0.4999913280906909,7.979375442734557,False
0.34800000000000003,200.18149912275888,0.4999881794708193,7.923278253827496,False
0.34850000000000003,200.13084070443668,0.4999868105676848,7.877954062782472,False
0.34900000000000003,200.06355256849417,0.49998738087803435,7.849265815129298,False
0.34950000000000003,199.98870891487283,0.49998979199630406,7.840812825892127,False
0.35000000000000003,199.91627846881335,0.499993703545262,7.853481154822451,False
0.35050000000000003,199.85579766002115,0.4999985808905329,7.885357581926477,False
0.35100000000000003,199.8151161888321,0.500003767966072,7.932014324344127,False
0.35150000000000003,199.7993798505549,0.5000085752967991,7.987122533076996,False
0.352,199.81038213916378,0.5000123714159546,8.04330968490007,False
0.3525,199.8463658661316,0.5000146655694366,8.09314482976379,False
0.353,199.90229568960132,0.5000151708950963,8.130120201984774,False
0.3535,199.97056013095394,0.5000138399685788,8.14949975863445,False
0.354,200.04200555838355,0.500010868344547,8.148924259736821,False
0.3545,200.107162003242,0.5000066659897997,8.128695840142427,False
0.355,200.1574969617602,0.5000018007375081,8.091708113206593,False
0.3555,200.18653142760368,0.4999969215351558,8.043034945714796,False
0.356,200.190672342708,0.49999267184044954,7.989235933392479,False
0.3565,200.16965463184425,0.4999896047095537,7.937473399011183,False
0.357,200.12653869965143,0.4999881107756193,7.894559640439768,False
0.3575,200.06726862578503,0.4999883684917341,7.866061114531245,False
0.358,199.99985435679352,0.4999903229660407,7.855577335579486,False
0.3585,199.93329025004746,0.49999369586413833,7.86428783785557,False
0.359,199.876355935635,0.49999802471572496,7.890824015130184,False
0.3595,199.83645932793186,0.500002726092411,7.931479010172971,False
0.36,199.81867414301038,0.5000071740328773,7.980723976548372,False
0.3605,199.82509674067927,0.5000107831799782,8.031958941159433,False
0.361,199.8546034383479,0.5000130855989845,8.0783963970501,False
0.3615,199.9030356324557,0.5000137912125259,8.113959479064876,False
0.362,199.96378333584377,0.5000128240683336,8.134076064734609,False
0.3625,200.0286855811339,0.5000103299331266,8.136265250513995,False
0.363,200.08912532614542,0.5000066545371451,8.120441199155465,False
0.3635,200.13717223754176,0.5000022956700023,8.088897440347038,False
0.364,200.16662202310647,0.4999978357408693,8.045977240269584,False
0.3645,200.17379625717408,0.4999938639212445,7.997477010105429,False
0.365,200.1579997082768,0.4999908982656835,7.949864468094094,False
0.3655,200.1215785187784,0.49998931809750424,7.909416876489592,False
0.366,200.06957595940867,0.4999893154791975,7.881394114486805,False
0.3665,200.00903574539714,0.49999087196777486,7.869355493443087,False
0.367,199.94804897690813,0.49999376344229446,7.874708994538333,False
0.3675,199.8946735979323,0.4999975920460653,7.896549851320284,False
0.368,199.85587063550093,0.500001840711045,7.931806466741266,False
0.3685,199.8365975567258,0.5000059427996342,7.975670809812923,False
0.369,199.8391766393699,0.500009357490222,8.022253125081766,False
0.3695,199.86301851840145,0.5000116408864993,8.065371898158983,False
0.37,199.90473324282848,0.5000125035147717,8.099373247046387,False
0.3705,199.95860969236443,0.500011846779908,8.119871290486989,False
0.371,200.0173958745106,0.5000097738120456,8.124312733133147,False
0.3715,200.07327374684291,0.5000065735648206,8.112293186588152,False
0.372,200.11889776837052,0.5000026805650014,8.085586283154369,False
0.3725,200.14835942333733,0.49999861589739947,8.047884936673592,False
0.373,200.15795121843618,0.49999491742330104,8.004292086057578,False
0.3735,200.14663147925236,0.49999206856526957,7.960630927602859,False
0.374,200.11613184744772,0.49999043508004,7.922667739526239,False
0.3745,200.0706972299627,0.4999902180839185,7.895350955401585,False
0.375,200.01649666757115,0.49999142935634333,7.882166866095873,False
0.3755,199.96078669461045,0.4999938919344493,7.884695789572531,False
0.376,199.91094058142917,0.4999972656326782,7.90242508039259,False
0.3765,199.87347328068873,0.5000010938296158,7.9328407307430355,False
0.377,199.85319094079196,0.5000048650954425,7.971782228793869,False
0.3775,199.8525758555628,0.5000080813483254,8.014010739568938,False
0.378,199.8714853009778,0.5000103234647535,8.053913104673262,False
0.3785,199.90720034770968,0.500011305712968,8.08624716325556,False
0.379,199.95481415031261,0.5000109119554158,8.106829570238958,False
0.3795,200.00790458106653,0.5000092090530309,8.113076027752708,False
0.38,200.0593992316964,0.5000064359627773,8.104324337526503,False
0.3805,200.10251648788375,0.5000029702417703,8.081900097152305,False
0.381,200.13165763989184,0.49999927663164273,8.048919243448605,False
0.3815,200.14313281508456,0.49999584470944397,8.009856425280834,False
0.382,200.13562671649694,0.499993123958458,7.969938786179779,False
0.3825,200.11034552668704,0.49999146486264,7.934447157075502,False
0.383,200.0708291031131,0.4999910737392302,7.908018011267313,False
0.3835,200.02245701758258,0.49999198712386217,7.894038414884144,False
0.384,199.97171716647415,0.49999406887287495,7.894212885020019,False
0.3845,199.92533630675467,0.4999970301079333,7.908357439879123,False
0.385,199.8893889905045,0.5000004691063179,7.934445444905944,False
0.3855,199.86850286474964,0.5000039256372729,7.968896284756909,False
0.386,199.86526417327244,0.5000069424005893,8.007065912702073,False
0.3865,199.8798996202305,0.500009125372564,8.043872158683753,False
0.387,199.9102733717814,0.5000101951059128,8.074470692762976,False
0.3875,199.95219594083628,0.5000100223177585,8.094891855756291,False
0.388,200.00000061233766,0.5000086432501932,8.102554781034124,False
0.3885,200.0473083066559,0.5000062530074331,8.09659237299513,False
0.389,200.08787783224463,0.5000031779981173,8.077946397216827,False
0.3895,200.11642836633862,0.4999998313543542,8.049222706550035,False
0.39,200.1293259071316,0.49999665740215443,8.01432838086351,False
0.3905,200.12504456934784,0.49999407263650786,7.977941107853158,False
0.391,200.10434429220157,0.4999924110348568,7.944882744160501,False
0.3915,200.07014463245048,0.4999918808843311,7.919480878256775,False
0.392,200.02711471221207,0.4999925386978319,7.905002886626904,False
0.3925,199.98103670200456,0.4999942834731606,7.903236452695033,False
0.393,199.9380295222203,0.49999687182314095,7.914270315882285,False
0.3935,199.90373693692234,0.4999999517392969,7.93650192585186,False
0.394,199.88258770886443,0.500003110314508,7.966868372078727,False
0.3945,199.87722469447823,0.5000059289602778,8.001267499971283,False
0.395,199.88817629644635,0.50000803874058,8.03511140072161,False
0.3955,199.91381082837927,0.5000091685160349,8.063937676327358,False
0.396,199.950576540565,0.5000091796270125,8.083997140807117,False
0.3965,199.9934923489775,0.5000080826932947,8.092740678374497,False
0.397,200.03682165630957,0.5000060345176395,8.089142168389301,False
0.3975,200.0748382806589,0.5000033157274282,8.07381671944486,False
0.398,200.10258237799295,0.5000002923220008,8.048920905585389,False
0.3985,200.11650669018024,0.49999736638146425,8.01785060430631,False
0.399,200.11492901272052,0.49999492256550226,7.984778580078212,False
0.3995,200.09823327785926,0.49999327751418443,7.954094662095423,False
0.4,200.06879548654558,0.4999926388017596,7.929823550924974,False
0.4005,200.0306473497984,0.4999930787590271,7.915097423866416,False
0.401,199.98892503486655,0.4999945264556175,7.911752408582022,False
0.4015,199.94917829343504,0.4999967786958411,7.920100839192221,False
0.402,199.91663284948436,0.49999952835851114,7.938907374861907,False
0.4025,199.8955040266983,0.5000024061379664,7.965569788428431,False
0.403,199.8884516760654,0.5000050300187051,7.996478179732865,False
0.4035,199.89624673839828,0.500007055861096,8.027503113569823,False
0.404,199.91769100582,0.5000082224069032,8.054546748860794,False
0.4045,199.9497977457582,0.5000083848284449,8.07408349135912,False
0.405,199.98820635204277,0.5000075325252616,8.083618942978548,False
0.4055,200.0277736348603,0.5000057889996667,8.082007518302335,False
0.406,200.063261721323,0.5000033940310029,8.069588415754477,False
0.40650000000000003,200.090030694646,0.50000067070086,8.048124040812237,False
0.40700000000000003,200.10464449210951,0.49999798179177407,8.02055121752393,False
0.40750000000000003,200.1053110328918,0.4999956814345193,7.990580120453231,False
0.40800000000000003,200.09210029694873,0.4999940684419868,7.962195586031936,False
0.40850000000000003,200.06691402271247,0.4999933474743297,7.939127762068423,False
0.40900000000000003,200.0332138044372,0.4999936030777008,7.9243623714098765,False
0.40950000000000003,199.9955462320271,0.49999478988154805,7.919754849850305,False
0.41000000000000003,199.95893011487328,0.4999967400666881,7.92579816347032,False
0.41050000000000003,199.92818832347947,0.4999991869208227,7.941573226390947,False
0.41100000000000003,199.9073131502183,0.5000018011855403,7.9648863707449085,False
0.41150000000000003,199.89894862374862,0.50000423524695,7.992573553260858,False
0.41200000000000003,199.90405678310984,0.5000061692439173,8.02092919970964,False
0.41250000000000003,199.92180984053869,0.5000073529842026,8.046201630147207,False
0.41300000000000003,199.9497198586485,0.500007638183723,8.065088904192557,False
0.41350000000000003,199.98398609793188,0.5000069968849378,8.075169642627973,False
0.41400000000000003,200.02001171009928,0.5000055237815048,8.075212713933437,False
0.41450000000000004,200.0530196695723,0.5000034223252449,8.065326290639547,False
0.41500000000000004,200.07868553512247,0.5000009766322275,8.046928412399213,False
0.41550000000000004,200.09370332941103,0.49999851305592324,8.022544940920008,False
0.41600000000000004,200.09621057291562,0.4999963566162676,7.995463508436446,False
0.4165,200.08601791487166,0.4999947880954987,7.969290762369531,False
0.417,200.0646152112696,0.49999400745967776,7.947472464699708,False
0.4175,200.03495574886648,0.4999941083666889,7.932840257848802,False
0.418,200.0010496183166,0.499995067003576,7.927244676198711,False
0.4185,199.9674221205598,0.49999674656582876,7.9313219126542345,False
0.419,199.93851029687835,0.4999989166089082,7.944423628535481,False
0.4195,199.91807801022549,0.5000012845456392,7.9647172089376905,False
0.42,199.90872661895338,0.5000035349898183,7.989441258691942,False
0.4205,199.91156475532188,0.5000053716600976,8.015280807756962,False
0.421,199.9260789678946,0.5000065562819495,8.038811307131537,False
0.4215,199.9502199865085,0.5000069393868023,8.056952014620098,False
0.422,199.9806907469997,0.500006479036074,8.06736882347269,False
0.4225,200.01339585846824,0.5000052451368445,8.068773948499643,False
0.423,200.04399136191836,0.500003408943394,8.061084089606348,False
0.4235,200.06846108976177,0.5000012192977927,8.045417794382363,False
0.424,200.08364324820056,0.4999989688950542,8.02393417262322,False
0.4245,200.08763825832426,0.4999969551384092,7.999536030533253,False
0.425,200.08004532686306,0.49999544081402814,7.975478139478578,False
0.4255,200.06199841510417,0.49999461978069826,7.9549334368128415,False
0.426,200.03599910151777,0.49999459215005965,7.940574932548957,False
0.4265,200.00557070327318,0.4999953521292162,7.934228378423545,False
0.427,199.97478137396027,0.4999967899885793,7.936640785110155,False
0.4275,199.94770067205184,0.4999987077344356,7.947394049202301,False
0.428,199.92786214728153,0.5000008462594502,7.964973438025786,False
0.4285,199.91780285626328,0.5000029202534795,7.9869801063643395,False
0.429,199.9187397296161,0.5000046561751864,8.010457921103555,False
0.4295,199.9304239411254,0.5000058282355746,8.032290124900792,False
0.43,199.95119045261217,0.5000062876658823,8.049612672041128,False
0.4305,199.9781939537181,0.5000059814835187,8.060189488692533,False
0.431,200.0077979266487,0.5000049583991577,8.062700565278659,False
0.4315,200.03606374686203,0.5000033612316114,8.056905848800461,False
0.432,200.05927413434395,0.5000014069843978,8.043664706503183,False
0.4325,200.07442147292107,0.49999935735300854,8.024810015392687,False
0.433,200.07959692258137,0.4999974836639859,8.002895129315682,False
0.4335,200.07423005411465,0.49999603093766415,7.980848557293847,False
0.434,200.05914903012282,0.49999518583027575,7.96158299165869,False
0.4345,200.03645539487317,0.4999950526460235,7.9476108403113,False
0.435,200.00923209944042,0.4999956404968629,7.940716978252068,False
0.4355,199.98112521980823,0.4999968631801429,7.941731302502996,False
0.436,199.95585606092106,0.4999985516458274,7.950430001416233,False
0.4365,199.9367288905662,0.500000477262858,7.965577108417944,False
0.437,199.9261993706384,0.5000023826880172,7.985099241479493,False
0.4375,199.92555997888994,0.500004016173454,8.00636892006037,False
0.438,199.93478260872587,0.5000051647433581,8.02655780146999,False
0.4385,199.9525373171493,0.5000056818727354,8.043012400224946,False
0.439,199.9763827243937,0.500005506077557,8.053602438459551,False
0.4395,200.00310097275934,0.5000046680663288,8.056996162086023,False
0.44,200.02913139083242,0.5000032856393192,8.052827115206735,False
0.4405,200.0510445065958,0.5000015471475531,8.04173158769741,False
0.441,200.06599338383407,0.49999968582416593,8.025253248907852,False
0.4415,200.07208295055648,0.49999794847954654,8.005629048301008,False
0.442,200.06860947135254,0.4999965627569521,7.985485983233024,False
0.4425,200.0561399927464,0.499995707288842,7.967489778123723,False
0.443,200.0364230636542,0.49999548866288107,7.953992417508046,False
0.4435,200.0121444232994,0.4999959281633809,7.946725104608521,False
0.444,199.9865616829545,0.49999695992904913,7.946576691858326,False
0.4445,199.96306763457497,0.49999844064082205,7.953485881029508,False
0.445,199.9447406842004,0.5000001693287225,7.966460133214791,False
0.4455,199.9339419351559,0.5000019145659781,7.983717338663609,False
0.446,199.93201159366959,0.500003445374403,8.002930127103477,False
0.4465,199.9391036404693,0.5000045617175723,8.021539379672626,False
0.447,199.95417900526556,0.5000051205606253,8.037094757526281,False
0.4475,199.9751563268572,0.5000050541073064,8.04757698628304,False
0.448,199.99919859815705,0.500004377896324,8.051659565161298,False
0.4485,200.02309631530477,0.5000031878037866,8.048876046600235,False
0.449,200.04369546421708,0.5000016464731997,8.039671875443027,False
0.4495,200.05831334259094,0.49999996108379086,8.025335246177532,False
0.45,200.06508745710275,0.49999835548973326,8.007817466175274,False
0.4505,200.0632121785056,0.49999704047215116,7.989467783595696,False
0.451,200.053033161017,0.4999961860534034,7.972718657520003,False
0.4515,200.03598865254034,0.4999958995068626,7.959763594997755,False
0.452,200.0144071717774,0.4999962119024983,7.952270192567793,False
0.4525,199.99118990143947,0.4999970748689598,7.951165889828294,False
0.453,199.9694210605727,0.4999983678839551,7.9565239100196505,False
0.4535,199.9519585425347,0.4999999150100899,7.967563310742615,False
0.454,199.94105911151232,0.5000015087578538,7.982761831835263,False
0.4545,199.9380872575704,0.5000029378427322,8.000065343312892,False
0.455,199.94334519235025,0.5000040151265658,8.017165127807582,False
0.4555,199.95604503869376,0.5000046020519415,8.031805610669666,False
0.456,199.97442525517587,0.5000046263840439,8.042081565538785,False
0.4565,199.9959942789993,0.5000040909943921,8.04668568460708,False
0.457,200.01786777908637,0.500003072629016,8.045074400149756,False
0.4575,200.03715394134346,0.5000017109373254,8.037530995486309,False
0.458,200.0513353834598,0.5000001893200924,8.025118833653364,False
0.4585,200.05859731664557,0.49999871021723463,8.009532115120905,False
0.459,200.05805922861418,0.49999746816082563,7.9928650211207914,False
0.4595,200.04988057613903,0.499996624176798,7.977330644661542,False
0.46,200.03522794406712,0.49999628490077963,7.9649673945278785,False
0.4605,200.0161095687987,0.49999648911322225,7.95737179230998,False
0.461,199.99510058287194,0.4999972033884537,7.955492658748766,False
0.4615,199.9749965131371,0.49999832732900695,7.9595131785848015,False
0.462,199.95844161772743,0.49999970758479667,7.968835420001204,False
0.4625,199.94758143695296,0.5000011587053013,7.982168181786613,False
0.463,199.94378516506006,0.5000024879927857,7.997705382762647,False
0.4635,199.94747370088467,0.5000035210289044,8.013370399209329,False
0.464,199.95807486690504,0.5000041244965998,8.02709333429896,False
0.4645,199.97411025127943,0.5000042233152953,8.037084238777567,False
0.465,199.99340070510627,0.5000038098923074,8.042066262709813,False
0.4655,200.0133620178976,0.5000029443590394,8.041438418255284,False
0.466,200.03135071851375,0.5000017458631314,8.035347266675414,False
0.4665,200.04501378619312,0.500000376167323,8.024659095341146,False
0.467,200.05259605855605,0.49999901780714606,8.010837379113829,False
0.4675,200.05316522359945,0.49999784975264955,7.995742770734654,False
0.468,200.04672561141868,0.49999702381604344,7.9813829025221965,False
0.4685,200.03420700814192,0.49999664491248114,7.969645606629538,False
0.46900000000000003,200.01733137765788,0.4999967577375229,7.962050976391458,False
0.46950000000000003,199.998376474861,0.4999973415483822,7.959554804655481,False
0.47000000000000003,199.97986874323547,0.49999831364639913,7.96242877933337,False
0.47050000000000003,199.9642468646206,0.49999954100183186,7.970232386298731,False
0.47100000000000003,199.95354073264755,0.5000008583927933,7.981879183038383,False
0.47150000000000003,199.94910806852795,0.5000020905884023,7.995787610451579,False
0.47200000000000003,199.95146279744552,0.5000030756005802,8.010095459575057,False
0.47250000000000003,199.9602167933146,0.5000036859221728,8.022908947166902,False
0.47300000000000003,199.97414138442338,0.5000038449704796,8.032553121271938,False
0.47350000000000003,199.99133913225018,0.5000035366201578,8.037790525667736,False
0.47400000000000003,200.00950195171447,0.5000028066457827,8.037979619833251,False
0.47450000000000003,200.0262205195136,0.5000017559755338,8.033152725744594,False
0.47500000000000003,200.0393035450156,0.5000005267393511,8.024004121778514,False
0.47550000000000003,200.0470646419696,0.49999928303490077,8.011790869012035,False
0.47600000000000003,200.04853928893752,0.49999818901042353,7.998160446729181,False
0.47650000000000003,200.04360401559487,0.4999973871887411,7.984928781065597,False
0.47700000000000004,200.03298317523803,0.4999969798921743,7.973838539220625,False
0.47750000000000004,200.01814367612963,0.49999701618656356,7.966329834615707,False
0.47800000000000004,200.00109284173425,0.49999748600637706,7.963353488024832,False
0.47850000000000004,199.98410719717768,0.4999983221554708,7.9652510270180334,False
0.47900000000000004,199.96942878948516,0.49999940982974095,7.971716514040401,False
0.47950000000000004,199.95896951982107,0.5000006023182832,7.981844310809712,False
0.48,199.9540624425135,0.5000017407389691,7.99425548833275,False
0.4805,199.95529233361094,0.5000026751561969,8.007285289678642,False
0.481,199.96242699179638,0.5000032842766378,8.019206194624992,False
0.4815,199.97445718859683,0.5000034911388517,8.028456729195375,False
0.482,199.98973875276215,0.5000032727711826,8.03384574847466,False
0.4825,200.00621686884546,0.5000026626116829,8.03470550487267,False
0.483,200.02170204692268,0.500001745452846,8.030973876934652,False
0.4835,200.03416074681726,0.5000006456632383,8.023195705213624,False
0.484,200.04198212265177,0.49999951031704143,8.01244397208082,False
0.4845,200.04418593769174,0.4999984895164099,8.000172135676701,False
0.485,200.0405448575071,0.4999977165365925,7.98801789200478,False
0.4855,200.03160593582427,0.49999729041773916,7.977584827244019,False
0.486,200.01860959219286,0.49999726327478594,7.970231046695307,False
0.4865,200.00331794107413,0.4999976339480846,7.966892618593604,False
0.487,199.98777617382513,0.49999834876152444,7.967964757459589,False
0.4875,199.97403927063422,0.49999930920727953,7.973255783419489,False
0.488,199.96390053115215,0.5000003854633795,7.982019108346788,False
0.4885,199.958657753774,0.5000014338923863,7.993058133106948,False
0.489,199.9589475088505,0.5000023161649486,8.0048893700339,False
0.4895,199.9646686085883,0.500002917464562,8.015941585974568,False
0.49,199.9750038573162,0.5000031613804464,8.024764261840616,False
0.4905,199.9885360882808,0.5000030195601503,8.030217741962314,False
0.491,200.00344209439535,0.5000025149072778,8.031620179678441,False
0.4915,200.0177379667939,0.5000017179755561,8.02883237131746,False
0.492,200.02954287034973,0.5000007371124342,8.022269982688195,False
0.4925,200.03732622349813,0.4999997037242012,8.01284237430271,False
0.493,200.040105833752,0.4999987546631914,8.001826930329749,False
0.4935,200.03757137892572,0.49999801409517236,7.990696212302207,False
0.494,200.03011776896295,0.49999757724722976,7.980921294692395,False
0.4945,200.01878499906428,0.4999974981611935,7.973777523757208,False
0.495,200.00511349475244,0.4999977830247025,7.970178326196142,False
0.4955,199.99093501182105,0.4999983898974968,7.970558699540035,False
0.496,199.97812744022207,0.49999923479646596,7.974823207615546,False
0.4965,199.9683663060958,0.5000002032634426,7.982364614355356,False
0.497,199.9629058266873,0.5000011658255575,7.992149888661489,False
0.4975,199.96241809226052,0.5000019952621276,8.002861453108183,False
0.498,199.9669109445792,0.5000025833774651,8.013074394228244,False
0.4985,199.97573449469735,0.5000028550706804,8.021445826357434,False
0.499,199.98767440753844,0.5000027778757541,8.026891270283292,False
0.4995,200.00111864958822,0.5000023657639989,8.02872490979409,False
0.5,200.01427485161486,0.5000016767721526,8.026745620618236,False
0.5005000000000001,200.0254090170142,0.500000804839277,8.02125802901161,False
0.501,200.03307381928417,0.4999998669957519,8.013026554419916,False
0.5015000000000001,200.03629646351735,0.4999989876483491,8.003169260586185,False
0.502,200.03470176219537,0.49999828206918473,7.993006210172888,False
0.5025000000000001,200.0285549032872,0.4999978412778179,7.98388286131477,False
0.503,200.0187191689276,0.49999772029721395,7.976992110554257,False
0.5035000000000001,200.0065351501445,0.4999979312963981,7.973218500130527,False
0.504,199.99363829943513,0.499998442470085,7.9730249144072385,False
0.5045000000000001,199.98173961774356,0.49999918273812893,7.9763962470278305,False
0.505,199.97239885984428,0.5000000515779475,7.982846829881286,False
0.5055000000000001,199.96682029427095,0.5000009326329447,7.991489915367699,False
0.506,199.96569773046826,0.5000017092568093,8.00115932784209,False
0.5065000000000001,199.96912871295407,0.5000022799190424,8.010566624924508,False
0.507,199.9766084212695,0.5000025714392239,8.018472612640972,False
0.5075000000000001,199.9871031712947,0.5000025483274889,8.02385040643612,False
0.508,199.99919290738467,0.5000022170424183,8.026018607173764,False
0.5085000000000001,200.01126308956142,0.500001624662003,8.024727350217946,False
0.509,200.02172008273803,0.5000008522065508,8.020186401822295,False
0.5095000000000001,200.02920134537405,0.5000000035556509,8.013032249155883,False
0.51,200.03275272465623,0.49999919147233846,8.004239218320498,False
0.5105000000000001,200.0319498191199,0.49999852261250455,7.994986988197719,False
0.511,200.02694801375725,0.4999980835104945,7.986502487155883,False
0.5115000000000001,200.01845538531163,0.4999979293805563,7.979897340999556,False
0.512,200.00763292807844,0.49999807718119893,7.976022390117306,False
0.5125,199.9959361006703,0.4999985038101394,7.975358296312015,False
0.513,199.9849192868479,0.4999991496099998,7.977956277041979,False
0.5135,199.9760294166348,0.49999992666138815,7.983436223651672,False
0.514,199.97041612585528,0.5000007307136493,7.991041797864832,False
0.5145,199.96878333425116,0.5000014551363003,7.999744580473234,False
0.515,199.9713013672161,0.5000020050258668,8.008382959807111,False
0.5155,199.97759053264613,0.5000023096037104,8.015817025208705,False
0.516,199.98677750584383,0.5000023312874492,8.021078832783733,False
0.5165,199.99761624890513,0.5000020702762016,8.023498257749049,False
0.517,200.00865676700568,0.5000015640953149,8.02278809587307,False
0.5175,200.0184388794066,0.500000882217905,8.019077641084847,False
0.518,200.02568513922526,0.5000001165290937,8.012890889489881,False
0.5185,200.02946743998046,0.4999993689390144,8.005072873523503,False
0.519,200.02932560726947,0.49999873781237697,7.9966744389227795,False
0.5195,200.02532285772077,0.4999983050199035,7.988811148871548,False
0.52,200.01803151455022,0.4999981253145151,7.982515240351124,False
0.5205,200.00845165483517,0.4999982194089554,7.978600262451669,False
0.521,199.99787419222184,0.49999857162711864,7.97755612979483,False
0.5215,199.98770710807563,0.499999132387366,7.979488105848951,False
0.522,199.97928819903095,0.4999998251349521,7.98410727463598,False
0.5225,199.97370922317126,0.500000556757419,7.990773172467116,False
0.523,199.97167453684946,0.5000012300678643,7.998582355000198,False
0.5235,199.973412494692,0.5000017566841276,8.00649068044022,False
0.524,199.97865070891078,0.5000020685988151,8.013452778183218,False
0.5245,199.98665770595449,0.5000021269274705,8.018560092908903,False
0.525,199.99634472436955,0.500001926712029,8.02115929512133,False
0.5255,200.00641353032128,0.5000014971902428,8.020935648521334,False
0.526,200.01553021340112,0.5000008975469903,8.017950725466322,False
0.5265,200.02250172273077,0.5000002087596354,8.01263000820056,False
0.527,200.02643180389495,0.49999952265832787,8.005702579735814,False
0.5275,200.02683597961246,0.49999892967721127,7.998101408989606,False
0.528,200.02370085385752,0.49999850692873116,7.990837842469345,False
0.5285,200.01748053713416,0.4999983081722111,7.984867168023607,False
0.529,200.00903137616328,0.49999835697999023,7.9809631054566905,False
0.5295,199.99949430670847,0.4999986439673963,7.979617698237153,False
0.53,199.9901409610284,0.4999991284062684,7.980979538885587,False
0.5305,199.98220426565473,0.49999974395913704,7.984838050385,False
0.531,199.97671607730163,0.5000004077299209,7.9906553749074725,False
0.5315,199.97437321738806,0.5000010313981791,7.997641116035845,False
0.532,199.97544927076046,0.5000015329429138,8.004859576156914,False
0.5325,199.97976327238595,0.5000018474011838,8.011354958827157,False
0.533,199.98670876761707,0.5000019352520167,8.016277800572015,False
0.5335,199.99533872155635,0.500001787345741,8.018995925698897,False
0.534,200.00449443218682,0.5000014257672206,8.01917545134878,False
0.5345,200.01296092792808,0.5000009005652063,8.016821488085844,False
0.535,200.01962803267085,0.5000002828265003,8.012273619181059,False
0.5355,200.02363576831493,0.49999965505077315,8.006157267240988,False
0.536,200.02448507307494,0.49999910012746623,7.999297868451407,False
0.5365,200.02209960759623,0.4999986903861321,7.9926096077809365,False
0.537,200.01683104007586,0.4999984781652921,7.986973695619611,False
0.5375,200.00940775184196,0.49999848912806694,7.983122378838986,False
0.538,200.0008343783405,0.49999871917620103,7.981543939100964,False
0.5385,199.99225601030219,0.499999135329201,7.982420986552216,False
0.539,199.98480539063462,0.4999996804074484,7.985609819561445,False
0.5395,199.97945347959612,0.5000002808575723,7.990663108778909,False
0.54,199.97688308325624,0.5000008566509302,7.996892416288453,False
0.5405,199.97740196920276,0.5000013319244984,8.003461840139941,False
0.541,199.98090649132197,0.500001644950663,8.00950006447064,False
0.5415,199.98689995057407,0.5000017561271872,8.01421581100181,False
0.542,199.99456264416744,0.500001652954966,8.01700141020618,False
0.5425,200.00286376684582,0.5000013513806238,8.017510953095881,False
0.543,200.01069991505938,0.5000008933679873,8.015702994149597,False
0.5435,200.01704160585487,0.5000003410618507,8.011842569256196,False
0.544,200.02106837441363,0.499999768353223,8.006462722890415,False
0.5445,200.02227474133485,0.4999992509891789,8.000291082458384,False
0.545,200.02053338656302,0.4999988565497128,7.994151570550806,False
0.5455,200.01610767164541,0.499998635616653,7.988854515326188,False
0.546,200.0096124297948,0.49999861528732414,7.9850898020033165,False
0.5465,200.00192878783423,0.4999987958629698,7.983337141477542,False
0.547,199.994084790244,0.49999915111325033,7.983805111964356,False
0.5475,199.98711797875328,0.4999996320412761,7.986406696969932,False
0.548,199.98193828026362,0.5000001736121694,7.990774134736715,False
0.5485,199.97920930571777,0.5000007035228898,7.996310670459722,False
0.549,199.97926352425534,0.5000011518320314,8.002271956893694,False
0.5495,199.98206212696203,0.5000014601682408,8.007866017113036,False
0.55,199.98720437027876,0.500001589306201,8.01235835924751,False
0.5505,199.99398460195644,0.5000015241284809,8.015168306109755,False
0.551,200.00148889811913,0.5000012753478678,8.015943921365118,False
0.5515,200.0087181026936,0.5000008777995878,8.014605882964258,False
0.552,200.01472072487215,0.5000003855678187,8.011354863410206,False
0.5525,200.01871803603865,0.4999998646258366,8.006641855781918,False
0.553,200.02020493683733,0.49999938398973776,8.001105782968922,False
0.5535,200.01901354954683,0.4999990065706453,7.995486998560742,False
0.554,200.015331560021,0.4999987809367666,7.9905283743446915,False
0.5545,200.0096733991709,0.49999873506284254,7.986877176823411,False
0.555,200.0028086039594,0.4999988728698975,7.98500068186913,False
0.5555,199.9956573042586,0.4999991739805987,7.985126515622437,False
0.556,199.9891670109429,0.4999995966860198,7.987215319330787,False
0.5565,199.98418718892972,0.5000000836955215,7.990968980282861,False
0.557,199.98135820343887,0.5000005698787882,7.9958729369636865,False
0.5575,199.98102914014757,0.5000009909550112,8.00126658389033,False
0.558,199.98321502140456,0.5000012919710735,8.006432159477717,False
0.5585,199.9875986186617,0.5000014344516897,8.010690169856193,False
0.559,199.99357611401686,0.5000014012925468,8.013488675142963,False
0.5595,200.0003400833767,0.5000011987760687,8.014474719479002,False
0.56,200.00698842101033,0.5000008554763501,8.013538676783218,False
0.5605,200.01264452977227,0.5000004182331533,8.010825964472884,False
0.561,200.0165727801536,0.49999994575976864,8.006714948309956,False
0.5615,200.01827404671437,0.4999995007555473,8.001764338555205,False
0.562,200.01754893237916,0.4999991415815185,7.99663736868024,False
0.5625,200.01452069752645,0.4999989146032496,7.992013031490498,False
0.5630000000000001,200.0096153221413,0.49999884820452933,7.988496240771529,False
0.5635,200.00350181960056,0.49999894924346644,7.986538794415719,False
0.5640000000000001,199.99700113497912,0.49999920239129947,7.9863814540174385,False
0.5645,199.9909760153802,0.49999957240850584,7.9880245500055125,False
0.5650000000000001,199.98621661198675,0.5000000090242551,7.991230669752876,False
0.5655,199.98333696902338,0.5000004537452449,7.995558708532415,False
0.5660000000000001,199.9826959441193,0.5000008476728578,8.000424429743921,False
0.5665,199.98435272367993,0.5000011392849413,8.00517923583622,False
0.5670000000000001,199.9880624128697,0.5000012911551079,8.009196541706073,False
0.5675,199.99331182623015,0.5000012847344555,8.011954259762,False
0.5680000000000001,199.9993902961519,0.500001122586394,8.013102550218058,False
0.5685,200.00548575241254,0.5000008278084556,8.012508058877353,False
0.5690000000000001,200.01079310043474,0.5000004407493565,8.010269068412567,False
0.5695,200.01462044919194,0.5000000134854488,8.006699892355028,False
0.5700000000000001,200.01647918697532,0.499999602811273,8.002286920736536,False
0.5705,200.01614619400385,0.49999926268657924,7.997622442163637,False
0.5710000000000001,200.01369029222207,0.4999990371433177,7.993325232537052,False
0.5715,200.00945984444908,0.4999989545840235,7.989958546695328,False
0.5720000000000001,200.00403358065495,0.4999990242087454,7.98795637206311,False
0.5725,199.99814156214833,0.4999992350182253,7.987567589337272,False
0.5730000000000001,199.9925670599844,0.49999955749571845,7.988825210874455,False
0.5735,199.9880425220639,0.4999999477149268,7.991544473966902,False
0.5740000000000001,199.98515343402744,0.500000353303992,7.995349712488342,False
0.5745,199.9842626791318,0.5000007204568833,7.999726130892559,False
0.5750000000000001,199.98546515148726,0.5000010010544411,8.004089360506596,False
0.5755,199.98857827097626,0.5000011589535511,8.00786341143146,False
0.5760000000000001,199.99316924354355,0.500001174623512,8.010556632040934,False
0.5765,199.99861504962823,0.5000010475362304,8.011825669553087,False
0.577,200.00418686843156,0.5000007960201818,8.011519123145543,False
0.5775,200.00914751387788,0.5000004546262151,8.009695356455488,False
0.578,200.01284886977805,0.5000000693812346,8.006612410587202,False
0.5785,200.01481645903786,0.4999996915803929,8.002691665587289,False
0.579,200.01481012588448,0.4999993709540444,7.99846034589241,False
0.5795,200.0128530886679,0.4999991491188138,7.994480701270206,False
0.58,200.00922588497863,0.4999990541743446,7.991275365884896,False
0.5805,200.00442640646122,0.4999990971462544,7.989258795439239,False
0.581,199.9991016855254,0.49999927072408334,7.988683767590113,False
0.5815,199.99396076262312,0.49999955043484723,7.989609839579747,False
0.582,199.98968035541,0.49999989806955303,7.991897678880581,False
0.5825,199.9868158682964,0.5000002668845825,7.995229721215377,False
0.583,199.98572943271114,0.5000006078709138,7.999154128432862,False
0.5835,199.9865442860897,0.5000008762512023,8.003145976552853,False
0.584,199.98913121353903,0.5000010373442421,8.00667739850422,False
0.5845,199.9931284774581,0.5000010710296666,8.00928731819798,False
0.585,199.99799222281968,0.5000009742393087,8.010641573269682,False
0.5855,200.0030703566013,0.5000007611686983,8.010575597488549,False
0.586,200.00768988028548,0.5000004612066602,8.009114225294375,False
0.5865,200.01124599185752,0.5000001148822717,8.006466263029678,False
0.587,200.01328117236628,0.49999976838681526,8.002994829641858,False
0.5875,200.01354392774903,0.49999946741020435,7.999167657602949,False
0.588,200.01201965970253,0.49999925111351895,7.99549414358084,False
0.5885,200.00892990479937,0.4999991470320258,7.992457611406618,False
0.589,200.0047004007828,0.49999916757119894,7.990451786467322,False
0.5895,199.9999025505527,0.499999308540388,7.989729822617198,False
0.59,199.9951763157861,0.4999995498946412,7.99037247037883,False
0.5905,199.99114493341293,0.4999998585616428,7.992279372476304,False
0.591,199.98833280981364,0.5000001929567602,7.9951843731541326,False
0.5915,199.9870973985841,0.500000508570793,7.998692546461619,False
0.592,199.9875838979324,0.5000007638803757,8.002333806879195,False
0.5925,199.98970848978365,0.5000009257969392,8.005625834706798,False
0.593,199.9931720088723,0.5000009739400001,8.008137901661575,False
0.5935,199.99750189091824,0.5000009031839124,8.009547159180514,False
0.594,200.0021165398926,0.5000007241614464,8.009680043075518,False
0.5945,200.00640336110564,0.5000004616808993,8.008533496674477,False
0.595,200.0098000019024,0.5000001512894221,8.006273439168986,False
0.5955,200.0118680367071,0.4999998344573537,8.003210939354867,False
0.596,200.0123494525241,0.4999995530350629,7.999759493439336,False
0.5965,200.0111986710834,0.4999993437224841,7.996379262246486,False
0.597,200.00858615629033,0.4999992332814899,7.9935157789837294,False
0.5975,200.00487345264415,0.4999992351148852,7.991541283988626,False
0.598,200.0005632748831,0.49999934764827786,7.990706403621033,False
0.5985,199.99623152289163,0.49999955470804264,7.991108436896963,False
0.599,199.99245040486989,0.49999982782279884,7.992680249064573,False
0.5995,199.98971292158103,0.5000001301226269,7.9952010044711495,False
0.6,199.9883686679904,0.5000004213029676,7.998327073023457,False
0.6005,199.98857930063852,0.5000006629856273,8.00163879961021,False
0.601,199.99029932714015,0.5000008237644853,8.004696780419971,False
0.6015,199.99328446623093,0.5000008832732532,8.00710010730635,False
0.602,199.99712616097406,0.5000008347493051,8.008538867413101,False
0.6025,200.00130739092276,0.5000006857721534,8.00883403152175,False
0.603,200.00527217218055,0.500000457099792,8.007959607645422,False
0.6035,200.0084994134945,0.5000001797781465,8.006044336007685,False
0.604,200.01057132712774,0.4999998909248784,8.003352933578046,False
0.6045,200.01122742314658,0.49999962875928977,8.000249596439614,False
0.605,200.01039712080743,0.49999942754314164,7.997148780350568,False
0.6055,200.00820691306572,0.4999993131014465,7.994459902991,False
0.606,200.00496142656013,0.4999992995081376,7.992533338906256,False
0.6065,200.00110117419825,0.49999938736106453,7.9916148239934905,False
0.607,199.99714284376873,0.4999995638560696,7.9918141951258415,False
0.6075,199.99361020599795,0.49999980462993454,7.993092430116218,False
0.608,199.99096487236724,0.5000000771087332,7.995268491403729,False
0.6085,199.98954604777256,0.5000003449023291,7.9980448445365955,False
0.609,199.98952713112928,0.5000005726528424,8.001048069375583,False
0.6095,199.99089470281382,0.5000007306917075,8.003879029869038,False
0.61,199.9934524187603,0.500000798892581,8.006165869238195,False
0.6105,199.9968490138074,0.5000007692205023,8.007612801070884,False
0.611,200.00062644282139,0.5000006466555429,8.008038301891343,False
0.6115,200.00428157451265,0.5000004483874498,8.00739778276016,False
0.612,200.00733313826427,0.5000002014072477,8.005787922546633,False
0.6125,200.00938502481083,0.49999993883198607,8.003432298690377,False
0.613,200.01017762378828,0.49999969546228656,8.000650424799227,False
0.6135,200.00962055490118,0.49999950316798086,7.997814471551914,False
0.614,200.00780268151408,0.4999993867131017,7.995299525387981,False
0.6145,200.00497834189665,0.49999936056654837,7.993434026578387,False
0.615,200.00153188603127,0.4999994271084008,7.992456929377709,False
0.6155,199.99792544718142,0.4999995764529036,7.992487165078114,False
0.616,199.99463703549648,0.49999978789313837,7.9935093007163145,False
0.6165,199.99209723844302,0.5000000327581902,7.995377103164719,False
0.617,199.99063290255486,0.5000002782894661,7.997834334380675,False
0.6175,199.99042515372275,0.5000004920127222,8.000549835882165,False
0.618,199.99148713606235,0.5000006460228581,8.003162107219618,False
0.6185,199.99366418444635,0.5000007206167002,8.005327384272988,False
0.619,199.9966561528233,0.5000007068015143,8.006764829379655,False
0.6195,200.00005869834305,0.500000607360803,8.007292899326194,False
0.62,200.00341785495345,0.5000004363530519,8.006852189476806,False
0.6205,200.00629053985665,0.5000002171273971,8.005511891247112,False
0.621,200.00830293630364,0.49999997913505406,8.003459196162495,False
0.6215,200.00919906786353,0.4999997539711871,8.000973238960773,False
0.622,200.00887326141077,0.49999957117859123,7.998387195655721,False
0.6225,200.00738239482172,0.49999945436999266,7.996043675655988,False
0.623,200.00493654126845,0.4999994181773998,7.994249374399746,False
0.6235,200.001869490556,0.49999946642195847,7.993234983049612,False
0.624,199.99859326856497,0.49999959173213576,7.993125589581551,False
0.6245,199.9955428422868,0.49999977664420686,7.993925360716725,False
0.625,199.99311842370415,0.4999999960228865,7.995518365192215,False
0.6255000000000001,199.99163301852985,0.50000022046746,7.997685246159735,False
0.626,199.99127208617438,0.5000004202424407,8.000133360939717,False
0.6265000000000001,199.99207049985415,0.5000005692077659,8.002536255180551,False
0.627,199.9939096523058,0.5000006482295841,8.004577153032606,False
0.6275000000000001,199.99653486020668,0.500000647627177,8.00599067525203,False
0.628,199.99959053855358,0.5000005683438787,8.006597296987485,False
0.6285000000000001,200.00266829880871,0.5000004217018832,8.006326077983907,False
0.629,200.00536147331303,0.5000002277893882,8.005222797071765,False
0.6295000000000001,200.00731879368513,0.5000000127085633,8.003442582459682,False
0.63,200.00829014503304,0.49999980506063946,8.001228186760445,False
0.6305000000000001,200.00815844426472,0.4999996321408966,7.998876938151225,False
0.631,200.00695359039685,0.49999951634927103,7.99670086002072,False
0.6315000000000001,200.00484684802137,0.4999994722881085,7.994985302701292,False
0.632,200.00212662752404,0.4999995049225069,7.993951566845554,False
0.6325000000000001,199.99915907140377,0.49999960903411894,7.9937284087695595,False
0.633,199.99633882382557,0.49999977002585383,7.994336089661236,False
0.6335000000000001,199.99403659582825,0.49999996595587537,7.995684932451537,False
0.634,199.9925504865636,0.5000001705183379,7.997588412012781,False
0.6345000000000001,199.9920674457368,0.5000003565665027,7.999788884919774,False
0.635,199.99263985059622,0.5000004997068579,8.001992417564919,False
0.6355000000000001,199.99418011841814,0.500000581488856,8.003908010384741,False
0.636,199.99647386080497,0.5000005917736886,8.005285989040976,False
0.6365000000000001,199.9992096321882,0.5000005299786572,8.00595050289088,False
0.637,200.00202115609306,0.5000004050456052,8.005821906633374,False
0.6375000000000001,200.00453631200284,0.5000002341520685,8.004926184739675,False
0.638,200.00642633789957,0.5000000403495931,8.003390321292777,False
0.6385000000000001,200.0074487492638,0.4999998494532297,8.001424386019979,False
0.639,200.00747837861283,0.4999996866014225,7.999292852572479,False
0.6395000000000001,200.00652257163426,0.4999995729442759,7.997279058442477,False
0.64,200.00471871295815,0.4999995228960504,7.99564757728026,False
0.6405,200.0023146087178,0.49999954230828975,7.994609496003696,False
0.641,199.9996345109214,0.499999627794371,7.994295148905227,False
0.6415,199.99703543314683,0.499999767281597,7.994737824566387,False
0.642,199.99485963635317,0.4999999417039886,7.9958704724348415,False
0.6425,199.99338960252044,0.5000001275992829,7.997535696219595,False
0.643,199.9928114134287,0.5000003002569368,7.999507563459247,False
0.6435,199.99319127465057,0.5000004369951899,8.001522217070393,False
0.644,199.99446813512765,0.5000005201330091,8.003313146764807,False
0.6445,199.99646319386673,0.5000005392679583,8.004646410091466,False
0.645,199.99890484657826,0.5000004925671133,8.005351153102204,False
0.6455,200.00146560293274,0.5000003869117791,8.005341454113763,False
0.646,200.00380596399745,0.5000002368899173,8.004626704848478,False
0.6465,200.00561938728853,0.5000000627824042,8.003309288308996,False
0.647,200.0066723898513,0.49999988782043026,8.001570004109691,False
0.6475,200.00683454916776,0.4999997350844544,7.999643304710385,False
0.648,200.006094554971,0.499999624458251,7.997785728037909,False
0.6485,200.0045603505625,0.49999957003963635,7.9962417720409125,False
0.649,200.00244352544954,0.4999995783445983,7.995211746418513,False
0.6495,200.0000301989592,0.4999996475329722,7.994825824256014,False
0.65,199.99764239301047,0.49999976774631233,7.995127649660408,False
0.6505,199.99559510277768,0.4999999225007146,7.9960695574598235,False
0.651,199.9941547828863,0.5000000909386846,7.997519904249403,False
0.6515,199.99350471482356,0.500000250632936,7.999281405075714,False
0.652,199.99372175039832,0.5000003805656167,8.001117929371606,False
0.6525,199.99476737278178,0.500000463887582,8.002786121749779,False
0.653,199.9964940926884,0.500000490095871,8.004067617553359,False
0.6535,199.99866616086746,0.5000004563484853,8.004797592655667,False
0.654,200.0009916994044,0.5000003677526634,8.004885919445957,False
0.6545,200.00316187956736,0.5000002366002455,8.004328219525641,False
0.655,200.00489189316758,0.5000000806630439,8.00320546838218,False
0.6555,200.00595828716604,0.4999999207839663,8.0016723341237,False
0.656,200.00622777299802,0.49999977808995894,7.999935917851484,False
0.6565,200.0056738031788,0.4999996711990723,7.998227811757876,False
0.657,200.00437886504542,0.49999961379051566,7.996773240378715,False
0.6575,200.00252235077477,0.4999996128544466,7.995761392931805,False
0.658,200.0003557691058,0.4999996678448985,7.995320850814593,False
0.6585,199.99816871574478,0.4999997708374454,7.995503297204341,False
0.659,199.9962502009878,0.49999990765937724,7.996277565832297,False
0.6595,199.99485049393408,0.5000000598321003,7.997534697309912,False
0.66,199.99414851577578,0.500000207060044,7.9991032102319855,False
0.6605,199.99422902465054,0.5000003299312152,8.000772454465793,False
0.661,199.99507249334172,0.5000004124704017,8.002320871099927,False
0.6615,199.9965588721199,0.500000444209567,8.003545371782241,False
0.662,199.99848458208564,0.5000004215075464,8.004287945455694,False
0.6625,200.0005903449107,0.5000003479533167,8.004456010831202,False
0.663,200.00259605128275,0.5000002338100019,8.004033898274608,False
0.6635,200.0042379841089,0.500000094583914,8.003084045720048,False
0.664,200.00530345474732,0.4999999489175111,8.001737867413365,False
0.6645,200.0056583081403,0.49999981609215793,8.000177618357423,False
0.665,200.00526374582893,0.4999997134748662,7.9986117512983395,False
0.6655,200.00418036659858,0.4999996542467943,7.997247094087179,False
0.666,200.00255903620823,0.4999996457102569,7.9962615574054015,False
0.6665,200.00061994130374,0.49999968839123327,7.995780970743114,False
0.667,199.99862272755544,0.4999997760468589,7.995863058552054,False
0.6675,199.99683176649415,0.499999896566633,7.996490591416627,False
0.668,199.99548119283546,0.5000000336381887,7.9975745123844355,False
0.6685,199.99474433161666,0.500000168948979,7.998966512277885,False
0.669,199.99471150226026,0.5000002846270657,8.000479286077995,False
0.6695,199.99537903518603,0.5000003655959997,8.001911708342126,False
0.67,199.9966508238045,0.5000004015338255,8.003075547524896,False
0.6705,199.99835206451743,0.5000003881820376,8.003820174322284,False
0.671,200.00025323202934,0.5000003278390343,8.00405202432165,False
0.6715,200.0021010080247,0.5000002289821781,8.003746304669749,False
0.672,200.0036520004285,0.5000001050782581,8.002949487043656,False
0.6725,200.0047047692325,0.4999999727486314,8.001772362306127,False
0.673,200.0051259493146,0.49999984953865273,8.000374681011726,False
0.6735,200.00486708784155,0.4999997515904089,7.998943503350714,False
0.674,200.00397007827726,0.49999969152716495,7.997668188694532,False
0.6745,200.00256060282538,0.499999676826469,7.996715365430205,False
0.675,200.00083058529893,0.4999997088911992,7.996207186495045,False
0.6755,199.99901209623906,0.499999782933296,7.996205704639067,False
0.676,199.99734625313673,0.49999988867630546,7.996705361144286,False
0.6765,199.99605127927174,0.5000000117746635,7.997634487684885,False
0.677,199.99529394846277,0.5000001357541677,7.998865520599203,False
0.6775,199.995168147843,0.5000002442114811,8.000232479810146,False
0.678,199.9956833084241,0.5000003229792945,8.001553321839186,False
0.6785,199.9967641189609,0.5000003619716391,8.002654159965907,False
0.679,199.99826143268504,0.5000003564693278,8.003392132245537,False
0.6795,199.99997279961775,0.5000003076821513,8.003673913227665,False
0.68,200.0016698040433,0.5000002225218104,8.003467474544774,False
0.6805,200.0031285202162,0.5000001126245286,8.002805618131475,False
0.681,200.0041590294837,0.49999999276091667,8.001780908915348,False
0.6815,200.00463011194574,0.499999878850011,8.0005327736689,False
0.682,200.00448590700552,0.49999978584420873,7.999228558422012,False
0.6825,200.0037524339697,0.49999972576585067,7.998041114261837,False
0.683,200.00253322672071,0.4999997061529929,7.9971259106342245,False
0.6835,200.00099478242734,0.49999972911495455,7.996600703645846,False
0.684,199.99934386139003,0.4999997911154328,7.996530415127829,False
0.6845,199.9977997280639,0.49999988350356384,7.996919159984197,False
0.685,199.99656505623085,0.49999999371430914,7.997710393400885,False
0.6855,199.99579935537852,0.5000001069720574,7.9987950662226535,False
0.686,199.99559839857042,0.5000002082667693,8.000026620614072,False
0.6865,199.99598230003733,0.5000002843386312,8.001240768176064,False
0.687,199.99689371846648,0.5000003254090571,8.002277384604806,False
0.6875,199.9982063081733,0.5000003264323588,8.003001605827142,False
0.6880000000000001,199.9997421858346,0.5000002877082508,8.003321349119012,False
0.6885,200.00129600406405,0.5000002147815803,8.003198986298159,False
0.6890000000000001,200.00266237811232,0.5000001176506078,8.002655694039106,False
0.6895,200.00366300615642,0.5000000093962337,8.001767990001781,False
0.6900000000000001,200.00416990561246,0.4999999044197392,8.000657000826305,False
0.6905,200.00412174132177,0.49999981652618225,7.99947196155838,False
0.6910000000000001,200.00353116792684,0.49999975710827693,7.998370190779628,False
0.6915,200.0024823188601,0.49999973366942774,7.997496225646544,False
0.6920000000000001,200.00111888533857,0.4999997488770982,7.996962881534767,False
0.6925,199.99962446632148,0.4999998002654942,7.9968367154747755,False
0.6930000000000001,199.99819787193584,0.49999988061945017,7.997129762898119,False
0.6935,199.99702669881,0.4999999789810905,7.997798567585182,False
0.6940000000000001,199.99626268623828,0.5000000821392646,7.99875055005145,False
0.6945,199.9960020870583,0.5000001763995996,7.999856790070874,False
0.6950000000000001,199.99627358817526,0.5000002493982527,8.000969462585921,False
0.6955,199.9970352899595,0.5000002917193743,8.001941571829004,False
0.6960000000000001,199.9981810404357,0.5000002981049356,8.002646351800587,False
0.6965,199.99955518161482,0.5000002681018053,8.002993775219958,False
0.6970000000000001,200.00097366530247,0.5000002060670221,8.002942023920363,False
0.6975,200.00224867789765,0.5000001205378583,8.002502463325884,False
0.6980000000000001,200.0032134828402,0.50000002305706,8.001737537904138,False
0.6985,200.00374419796705,0.49999992661457027,8.000751945822776,False
0.6990000000000001,200.00377566698748,0.4999998439158444,7.99967833440558,False
0.6995,200.00330939633793,0.49999978570738857,7.998659467404879,False
0.7000000000000001,200.00241259942055,0.499999759379976,7.9978292588697775,False
0.7005,200.00120857535094,0.49999976803083057,7.997295190894132,False
0.7010000000000001,199.9998597910398,0.4999998101034038,7.997124421227783,False
0.7015,199.99854598342614,0.4999998796457537,7.997335373312205,False
0.7020000000000001,199.99744022995986,0.499999967146383,7.997895856989044,False
0.7025,199.99668617022778,0.500000060830607,7.998727893849024,False
0.7030000000000001,199.9963793734339,0.5000001482410401,7.99971853387867,False
0.7035,199.99655526495312,0.5000002178902783,8.000735167046395,False
0.704,199.99718513165215,0.500000260766728,8.001643256955063,False
0.7045,199.99818064165675,0.5000002714964182,8.00232412744155,False
0.705,199.99940618504291,0.5000002490112933,8.002690452941069,False
0.7055,200.00069731713754,0.5000001966413483,8.002697433318826,False
0.706,200.0018827998493,0.5000001216249865,8.002348226623464,False
0.7065,200.0028072897975,0.5000000341088532,8.001692987591161,False
0.707,200.00335167008893,0.4999999457750088,8.000821711430582,False
0.7075,200.00344836779632,0.49999986828094284,7.999851898121432,False
0.708,200.003089691441,0.49999981172054053,7.998912724867931,False
0.7085,200.00232816675705,0.49999978330898676,7.9981278562953335,False
0.709,200.00126891721206,0.49999978646271953,7.997599177707031,False
0.7095,200.0000551857165,0.4999998203914386,7.997393588901957,False
0.71,199.99884898721382,0.4999998802502277,7.997534567644024,False
0.7105,199.99780950221728,0.4999999578253445,7.997999562636712,False
0.711,199.99707209001508,0.5000000426570612,7.998723494034388,False
0.7115,199.99673068572272,0.500000123446321,7.999607829875672,False
0.712,199.99682586711523,0.5000001895562498,8.00053397659,False
0.7125,199.99734010252254,0.5000002324091735,8.001379166425599,False
0.713,199.99820072568343,0.5000002465958653,8.002032715606116,False
0.7135,199.99929015697438,0.5000002305538219,8.002410502237941,False
0.714,200.00046193908042,0.5000001867299029,8.002465772493498,False
0.7145,200.0015604037006,0.5000001212117113,8.002194889890808,False
0.715,200.0024413312278,0.5000000428824247,8.001637325928144,False
0.7155,200.0029908641646,0.49999996221607995,8.000869958672295,False
0.716,200.0031401966938,0.4999998898764707,7.999996496734928,False
0.7165,200.00287414865483,0.4999998353068938,7.999133480464043,False
0.717,200.00223256117096,0.49999980549706596,7.998394747676135,False
0.7175,200.00130441111,0.4999998040880225,7.997876432600109,False
0.718,200.00021550419527,0.49999983092935896,7.9976444728236755,False
0.7185,199.99911144475968,0.49999988214214175,7.99772624543821,False
0.719,199.99813818457403,0.49999995067344216,7.998107389912515,False
0.7195,199.99742274670555,0.5000000272636829,7.998734178311311,False
0.72,199.99705666775415,0.5000001016943757,7.999521056862979,False
0.7205,199.99708431395183,0.500000164148307,8.000362304297989,False
0.721,199.9974975585431,0.5000002065012877,8.001146220770943,False
0.7215,199.99823745099167,0.5000002233756801,8.001769945064437,False
0.722,199.99920257818405,0.5000002128192927,8.002152936433957,False
0.7225,200.00026293759075,0.5000001765242603,8.002247356085192,False
0.723,200.00127742795087,0.5000001195622262,8.002044012694435,False
0.7235,200.00211260689537,0.5000000496762889,8.001573137270897,False
0.724,200.00266022431268,0.4999999762282383,8.000899943737773,False
0.7245,200.00285123018,0.4999999089440027,8.000115620609163,False
0.725,200.00266444721063,0.49999985662525664,7.999324995116022,False
0.7255,200.00212882368294,0.49999982599769693,7.9986325364416,False
0.726,200.0013190418358,0.49999982084651806,7.998128565136347,False
0.7265,200.00034513715016,0.4999998415499829,7.997877487372634,False
0.727,199.9993375672535,0.49999988506815995,7.997909584679756,False
0.7275,199.99842975372218,0.49999994538314596,7.998217402923673,False
0.728,199.99774043077673,0.5000000143275167,7.998757165116829,False
0.7285,199.99735813384405,0.5000000826872023,7.999454964434765,False
0.729,199.99732985188703,0.5000001414300413,8.00021686537709,False
0.7295,199.9976552945932,0.5000001828963608,8.000941534872565,False
0.73,199.9982874676149,0.5000002017948066,8.00153370673154,False
0.7305,199.99913940825004,0.5000001958741414,8.001916692093255,False
0.731,200.0000961221986,0.5000001661859858,8.00204229479084,False
0.7315,200.0010300861728,0.5000001169084554,8.001896851852463,False
0.732,200.00181822887026,0.5000000547589641,8.001502645526898,False
0.7325,200.00235813130652,0.49999998807839613,8.0009145529256,False
0.733,200.00258131621388,0.49999992571130475,8.000212429729341,False
0.7335,200.00246190475258,0.4999998758323162,7.999490282065107,False
0.734,200.0020195500333,0.499999844874318,7.9988436928089275,False
0.7345,200.00131632505025,0.49999983669880343,7.998357182432742,False
0.735,200.00044804458767,0.49999985211517683,7.998093174093193,False
0.7355,199.99953123020475,0.49999988880853113,7.998084001871872,False
0.736,199.99868748900116,0.49999994168079726,7.998327982895898,False
0.7365,199.99802739826276,0.5000000035555224,7.9987900258465086,False
0.737,199.9976360295644,0.5000000661490853,7.999406643976972,False
0.7375,199.99756200517933,0.5000001211770768,8.00009466066071,False
0.738,199.99781149170596,0.5000001614482185,8.000762416002472,False
0.7385,199.9983478679311,0.5000001818015165,8.001321966337937,False
0.739,199.99909704633,0.5000001797646862,8.001700654482722,False
0.7395,199.9999576813265,0.5000001558500713,8.001850530108772,False
0.74,200.00081486089252,0.5000001134531016,8.001754400769356,False
0.7405,200.00155543406024,0.50000005837121,8.001427752832669,False
0.741,200.002082931881,0.4999999980110406,8.000916335562938,False
0.7415,200.00233011622655,0.4999999403921714,8.000289776582747,False
0.742,200.0022675263564,0.4999998930812107,7.999632116803205,False
0.7425,200.0019069401445,0.49999986219780884,7.999030549602401,False
0.743,200.00129935064456,0.4999998516230173,7.998563871578288,False
0.7435,200.00052778744032,0.4999998625122326,7.998292173184289,False
0.744,199.99969598922303,0.49999989317358123,7.998249116485985,False
0.7445,199.99891447045096,0.4999999393236537,7.99843779035669,False
0.745,199.9982858515297,0.4999999946825356,7.9988306497897534,False
0.7455,199.99789139796718,0.5000000518257087,7.999373500952818,False
0.746,199.9977805322098,0.5000001031774174,7.999992959820112,False
0.7465,199.99796466929652,0.500000142012722,8.000606360052256,False
0.747,199.99841614117747,0.5000001633358283,8.001132774026122,False
0.7475,199.99907229393298,0.5000001645201165,8.00150367911647,False
0.748,199.9998441581316,0.5000001456280698,8.001671864850255,False
0.7485,200.00062849553507,0.5000001093724878,8.00161742478328,False
0.749,200.00132159313173,0.5000000607281847,8.001350075014418,False
0.7495,200.00183296325145,0.5000000062494079,8.00090753489494,False
0.75,200.00209714181378,0.4999999531864531,8.000350228449616,False
0.7505000000000001,200.00208204840393,0.4999999085203978,7.999753047918932,False
0.751,200.0017928432948,0.49999987804434226,7.999195300351763,False
0.7515000000000001,200.00127082322538,0.49999986561194826,7.998750185380009,False
0.752,200.0005875580616,0.49999987265060336,7.99847519891511,False
0.7525000000000001,199.99983509660123,0.49999989800049066,7.998404719410096,False
0.753,199.99911357944447,0.4999999380971147,7.998545730861452,False
0.7535000000000001,199.9985179240469,0.49999998746928076,7.998877211689729,False
0.754,199.99812535067687,0.5000000394831899,7.9993532285586175,False
0.7545000000000001,199.99798538686179,0.5000000872315983,7.9999092845248665,False
0.755,199.9981136420304,0.5000001244489861,8.000471046313285,False
0.7555000000000001,199.9984901315456,0.5000001463315973,8.000964271307083,False
0.756,199.99906231975334,0.5000001501551483,8.001324609831245,False
0.7565000000000001,199.9997524266377,0.5000001356109416,8.001505989820192,False
0.757,200.00046798487014,0.5000001048191978,8.001486492830864,False
0.7575000000000001,200.00111421636083,0.5000000620215131,8.00127097399835,False
0.758,200.00160657341368,0.5000000129966933,8.000890116952188,False
0.7585000000000001,200.00188178663421,0.4999999642802394,8.000396088955346,False
0.759,200.0019059777281,0.49999992229277884,7.999855408571108,False
0.7595000000000001,200.0016787992509,0.4999998924935582,7.999339999285863,False
0.76,200.00123309977357,0.49999987867049334,7.9989176310074575,False
0.7605000000000001,200.00063020947064,0.4999998824589706,7.998643018548079,False
0.761,199.9999515183725,0.4999999031503437,7.998550745043292,False
0.7615000000000001,199.99928750143528,0.499999937812123,7.998650924021285,False
0.762,199.99872566861825,0.4999999817004483,7.998928141828521,False
0.7625000000000001,199.99833904331786,0.50000002890706,7.99934378280389,False
0.763,199.9981766845255,0.500000073152675,7.99984139175109,False
0.7635000000000001,199.9982574809946,0.5000001086203468,8.000354331123008,False
0.764,199.99856799969382,0.5000001307183085,8.000814695765925,False
0.7645000000000001,199.99906462659555,0.5000001366723782,8.001162293804025,False
0.765,199.99967966837139,0.5000001258716341,8.001352507046342,False
0.7655000000000001,200.0003305643274,0.5000000999245197,8.00136200572701,False
0.766,200.00093095688806,0.500000062421257,8.001191587349133,False
0.7665000000000001,200.00140213774344,0.5000000184372757,8.00086579743254,False
0.767,200.00168335400272,0.49999997384616673,8.000429418775974,False
0.7675000000000001,200.00173962642518,0.49999993453504377,7.999941328353401,False
0.768,200.0015660756138,0.49999990562702623,7.999466562889696,False
0.7685,200.0011882245564,0.4999998908134326,7.999067661153059,False
0.769,200.0006582832418,0.4999998918826171,7.998796434387621,False
0.7695,200.0000479515677,0.4999999085054343,7.998687246706437,False
0.77,199.99943873041883,0.4999999383027445,7.998752675597503,False
0.7705,199.9989110485961,0.4999999771828456,7.9989820985273195,False
0.771,199.99853365478464,0.5000000199012078,7.999343359043344,False
0.7715,199.99835467229244,0.5000000607660766,7.999787257397988,False
0.772,199.9983954788481,0.5000000943951168,8.000254240648506,False
0.7725,199.99864818750677,0.5000001164226063,8.000682383860584,False
0.773,199.9990770203934,0.5000001240643608,8.001015593882087,False
0.7735,199.99962334967688,0.5000001164674105,8.001210949903859,False
0.774,200.00021369850205,0.5000000948007012,8.001244221337835,False
0.7745,200.0007696117985,0.5000000620777825,8.00111285510963,False
0.775,200.00121807236042,0.5000000227379406,8.000836066644364,False
0.7755,200.00150108062766,0.4999999820438271,8.000452055412236,False
0.776,200.0015831427072,0.4999999453772044,8.0000127453465,False
0.7765,200.0014557016252,0.49999991752695977,7.999576772730486,False
0.777,200.00113796138493,0.4999999020634895,7.999201667363253,False
0.7775,200.0006740359649,0.4999999008810807,7.9989362686041385,False
0.778,200.00012684144417,0.49999991396681226,7.998814375058977,False
0.7785,199.999569574753,0.49999993942391663,7.998850452433539,False
0.779,199.9990759316494,0.49999997374362987,7.9990379429429606,False
0.7795,199.99871036991166,0.5000000122868103,7.999350369967226,False
0.78,199.99851970293463,0.5000000499093485,7.999745060341266,False
0.7805,199.9985271186396,0.5000000816471534,8.000168963039386,False
0.781,199.99872938592105,0.5000001033695886,8.000565772118069,False
0.7815,199.99909758129826,0.5000001123154356,8.000883398561724,False
0.782,199.99958119984163,0.5000001074419473,8.001080800458803,False
0.7825,200.00011506912023,0.5000000895430226,8.001133276914732,False
0.783,200.00062812139956,0.5000000611235218,8.001035544119395,False
0.7835,200.00105284467847,0.5000000260490869,8.00080221257542,False
0.784,200.0013341569078,0.4999999890202527,8.000465631976557,False
0.7845,200.00143653814843,0.4999999549422876,8.000071418190648,False
0.785,200.00134849868195,0.4999999282751534,7.999672279297482,False
0.7855,200.0010838233239,0.4999999124496465,7.999320975231722,False
0.786,200.00067946423079,0.4999999094260645,7.999063350513394,False
0.7865,200.00019039849667,0.4999999194520557,7.9989323592337955,False
0.787,199.99968216403383,0.4999999410493649,7.998943860005826,False
0.7875,199.99922208570558,0.4999999712286276,7.999094716039279,False
0.788,199.99887036513607,0.5000000059012585,7.999363425039993,False
0.7885,199.99867221229292,0.5000000404318098,7.999713167025977,False
0.789,199.99865204599516,0.5000000702562676,8.000096840150306,False
0.7895,199.99881050563934,0.5000000914838926,8.000463396998336,False
0.79,199.99912463679792,0.5000001014033257,8.000764629918454,False
0.7905,199.99955119013714,0.5000000988272159,8.000961504325533,False
0.791,200.0000325626972,0.5000000842316968,8.001029208838158,False
0.7915,200.0005045670222,0.5000000596746283,8.000960269981912,False
0.792,200.00090498152102,0.5000000285059067,8.000765342157177,False
0.7925,200.00118174416727,0.49999999491045904,8.000471594954263,False
0.793,200.00129971165654,0.49999996334616426,8.000118938037845,False
0.7935,200.00124510779574,0.49999993795211495,7.999754606632469,False
0.794,200.00102709996978,0.49999992200569104,7.999426841179435,False
0.7945,200.00067632812352,0.4999999174995828,7.999178506019905,False
0.795,200.00024061509885,0.49999992489325323,7.999041490420872,False
0.7955,199.99977845676108,0.499999943069678,7.999032622381587,False
0.796,199.99935117672584,0.4999999695007435,7.999151617606451,False
0.7965,199.99901479678368,0.5000000005970944,7.999381311362072,False
0.797,199.9988126997236,0.5000000321941397,7.999690116676463,False
0.7975,199.9987700443926,0.5000000601084968,8.000036359002186,False
0.798,199.99889065055063,0.5000000806905975,8.000373893662797,False
0.7985,199.99915673680837,0.5000000913005314,8.000658249762168,False
0.799,199.99953151384707,0.5000000906451664,8.00085248331169,False
0.7995,199.9999642580782,0.5000000789336067,8.000931970008823,False
0.8,200.00039716763072,0.500000057832524,8.000887516851462,False
0.8005,200.00077307513897,0.5000000302295319,8.000726400807288,False
0.801,200.00104298917614,0.49999999983802934,8.0004712209236,False
0.8015,200.0011724704766,0.49999997069748986,8.000156740273336,False
0.802,200.00114601422976,0.4999999466363677,7.999825157561509,False
0.8025,200.00096888242115,0.4999999307689666,7.999520450579274,False
0.803,200.00066617321855,0.4999999250923207,7.999282548962491,False
0.8035,200.00027928165397,0.4999999302351825,7.99914210765321,False
0.804,199.99986024857193,0.49999994539053594,7.99911656438486,False
0.8045,199.99946476801887,0.4999999684384615,7.999207987202713,False
0.805,199.9991447916505,0.49999999624096886,7.999402975917434,False
0.8055,199.99894171128628,0.5000000250679125,7.999674607178681,False
0.806,199.998881013254,0.5000000510962614,7.999986143122078,False
0.8065,199.99896909367442,0.5000000709159642,8.00029599385317,False
0.807,199.9991926306664,0.500000081975538,8.000563264260599,False
0.8075,199.9995205673307,0.5000000829092285,8.000753146098814,False
0.808,199.99990841402249,0.5000000737038853,8.000841445106092,False
0.8085,200.00030427548825,0.5000000556853403,8.000817655202178,False
0.809,200.00065578743474,0.5000000313281349,8.000686190334074,False
0.8095,200.0009170362735,0.500000003915726,8.000465632229597,False
0.81,200.00105454851908,0.4999999770977399,8.000186115914351,False
0.8105,200.0010515695361,0.4999999544038998,7.999885219361495,False
0.811,200.00091008606913,0.499999938779306,7.999602917006923,False
0.8115,200.00065035110435,0.4999999322021883,7.999376274121199,False
0.812,200.00030800216,0.49999993543366994,7.999234585563821,False
0.8125,199.99992918084547,0.49999994793108476,7.999195595779669,False
0.8130000000000001,199.99956432082485,0.49999996793443785,7.999263286892713,False
0.8135,199.99926143957634,0.49999999271262646,7.999427509162409,False
0.8140000000000001,199.99905982537422,0.5000000189350953,7.999665481676685,False
0.8145,199.99898494860662,0.5000000431184247,7.999944943882559,False
0.8150000000000001,199.9990452554575,0.500000062088034,8.000228523063045,False
0.8155,199.99923124595128,0.5000000733938597,8.000478727249941,False
0.8160000000000001,199.9995169321555,0.5000000756256456,8.000662897184888,False
0.8165,199.99986345696513,0.500000068587353,8.000757463917259,False
0.8170000000000001,200.00022437109547,0.5000000533092581,8.000750957734125,False
0.8175,200.00055185266072,0.5000000318979853,8.00064538528964,False
0.8180000000000001,200.000803037378,0.500000007246117,8.000455811619647,False
0.8185,200.0009456222735,0.4999999826413205,8.00020822261467,False
0.8190000000000001,200.0009620112013,0.4999999613277416,7.999935969721716,False
0.8195,200.00085147133467,0.4999999460781272,7.999675282429247,False
0.8200000000000001,200.00063003845707,0.49999993883305055,7.999460451672657,False
0.8205,200.0003282091179,0.49999994045411755,7.999319323905043,False
0.8210000000000001,199.99998674952036,0.49999995062244773,7.999269697292804,False
0.8215,199.99965119594273,0.4999999678941849,7.999317085658758,False
0.8220000000000001,199.99936578774475,0.4999999899039245,7.999454129902056,False
0.8225,199.99916764052,0.5000000136875183,7.999661715905446,False
0.8230000000000001,199.9990819260734,0.5000000360802717,7.9999116319355315,False
0.8235,199.999118684247,0.5000000541371029,8.000170397157083,False
0.8240000000000001,199.99927166904337,0.5000000655189306,8.000403742426785,False
0.8245,199.99951935830452,0.5000000687946551,8.000581144296149,False
0.8250000000000001,199.99982796905647,0.5000000636198174,8.000679812931342,False
0.8255,200.00015605758426,0.500000050769744,8.000687613570205,False
0.8260000000000001,200.00046007883185,0.5000000320244539,8.000604547865457,False
0.8265,200.00070016014897,0.500000009922209,8.000442615862607,False
0.8270000000000001,200.0008453245607,0.4999999874157409,8.00022409522328,False
0.8275,200.00087748010648,0.49999996747765196,7.99997848288229,False
0.8280000000000001,200.00079366248593,0.49999995270767306,7.999738518161866,False
0.8285,200.0006062547115,0.4999999449936168,7.999535822899118,False
0.8290000000000001,200.00034117773234,0.4999999452701848,7.999396738635068,False
0.8295,200.00003431398608,0.49999995340636777,7.999338908307335,False
0.8300000000000001,199.99972665619592,0.4999999682348453,7.999369045364571,False
0.8305,199.99945883646728,0.49999998771789184,7.9994821713968856,False
0.8310000000000001,199.999265765127,0.5000000092263313,7.999662406273279,False
0.8315,199.9991720859737,0.5000000298934214,7.999885188821418,False
0.8320000000000001,199.99918903877736,0.5000000469960895,8.000120618574591,False
0.8325,199.99931312733645,0.5000000583128676,8.000337464594898,False
0.833,199.99952674846256,0.5000000624115296,8.000507304454864,False
0.8335,199.99980067657071,0.5000000588292464,8.000608245371373,False
0.834,200.00009805472817,0.5000000481226924,8.000627740883283,False
0.8345,200.0003793480621,0.5000000317829637,8.000564141417392,False
0.835,200.00060759453044,0.500000012028076,8.000426788375465,False
0.8355,200.00075325634683,0.4999999915018346,8.00023465585536,False
0.836,200.00079803598848,0.49999997291989856,8.000013735848418,False
0.8365,200.00073716466005,0.49999995871037667,7.999793526449796,False
0.837,200.0005798783754,0.4999999506964732,7.999603096979063,False
0.8375,200.0003480393699,0.4999999498626118,7.9994672543964285,False
0.838,200.00007310593716,0.49999995623397153,7.999403316070755,False
0.8385,199.99979186956193,0.4999999688840541,7.99941890815523,False
0.839,199.99954153623744,0.4999999860678294,7.999511068638723,False
0.8395,199.99935480890312,0.5000000054614521,7.999666758695092,False
0.84,199.99925562032902,0.5000000244756853,7.999864698816306,False
0.8405,199.99925607251055,0.500000040600809,8.000078272232761,False
0.841,199.99935497300797,0.5000000517371123,8.000279100119357,False
0.8415,199.99953814336274,0.5000000564674923,8.000440808872586,False
0.842,199.99978043874293,0.5000000542368241,8.00054248983036,False
0.8425,200.00004919270256,0.500000045415474,8.00057139809171,False
0.843,200.0003086160128,0.5000000312398855,8.000524542713114,False
0.8435,200.00052455789282,0.5000000136394798,8.0004089708934,False
0.844,200.00066899683168,0.49999999497401737,8.000240723450334,False
0.8445,200.00072367108393,0.49999997771711796,8.000042614598254,False
0.845,200.00068237921877,0.4999999641283391,7.999841142543115,False
0.8455,200.0005516620466,0.49999995595724406,7.999662948703429,False
0.846,200.00034979425513,0.49999995421817195,7.999531298223762,False
0.8465,200.00010423809596,0.4999999590646477,7.999463046270573,False
0.847,199.99984791281298,0.4999999697788842,7.9994664851801955,False
0.8475,199.99961478586366,0.4999999848764562,7.999540346731139,False
0.848,199.99943537579242,0.5000000023110157,7.999674078168069,False
0.8485,199.99933276158256,0.5000000197508824,7.999849341065641,False
0.849,199.99931961967874,0.5000000348901692,8.000042521227726,False
0.8495,199.9993966682551,0.5000000457529691,8.000227906721912,False
0.85,199.99955270817284,0.5000000509505165,8.000381106820141,False
0.8505,199.9997662370877,0.500000049857898,8.000482257658193,False
0.851,200.00000840570897,0.5000000426878959,8.000518593747575,False
0.8515,200.0002469106139,0.5000000304533793,8.000486052987561,False
0.852,200.00045029895898,0.5000000148244748,8.000389714218946,False
0.8525,200.00059211200008,0.49999999790057315,8.000243022798768,False
0.853,200.00065432212168,0.4999999819282411,8.000065920214741,False
0.8535,200.00062961755623,0.49999996900290317,7.999882137156961,False
0.854,200.00052224619012,0.49999996079386816,7.999716016980334,False
0.8545,200.00034732339634,0.4999999583287436,7.999589294335354,False
0.855,200.00012871273043,0.4999999618650323,7.999518254842284,False
0.8555,199.99989577553706,0.4999999708648747,7.999511646533389,False
0.856,199.99967943151083,0.49999998407510127,7.999569610310941,False
0.8565,199.999508058218,0.49999999970083,7.999683759077254,False
0.857,199.9994037728561,0.5000000156486214,7.9998383820438566,False
0.8575,199.99937958288473,0.5000000298062965,8.000012602419357,False
0.858,199.99943777190413,0.5000000403220519,8.000183192738247,False
0.8585,199.9995697198899,0.5000000458460223,8.000327668613576,False
0.859,199.99975716523176,0.5000000457028246,8.000427249239666,False
0.8595,199.99997472555953,0.5000000399730791,8.00046929524058,False
0.86,200.00019333020134,0.5000000294741793,8.000448907895525,False
0.8605,200.0003841006875,0.5000000156439942,8.000369488095131,False
0.861,200.0005221618136,0.5000000003439596,8.00024219303303,False
0.8615,200.00058988082242,0.4999999856084761,8.000084374888464,False
0.862,200.00057911348065,0.49999997337431334,7.999917219221852,False
0.8625,200.00049217174308,0.4999999652259782,7.999762904006637,False
0.863,200.00034139974446,0.4999999621904889,7.999641659875815,False
0.8635,200.00014742990768,0.4999999646080927,7.99956912088435,False
0.864,199.99993636442747,0.49999997209513597,7.999554312307746,False
0.8645,199.99973626650274,0.4999999836029435,7.999598533944663,False
0.865,199.99957343247203,0.4999999975638422,7.999695276209301,False
0.8655,199.99946893958437,0.5000000121040566,7.999831168364674,False
0.866,199.9994359221254,0.5000000252946073,7.9999878219669345,False
0.8665,199.99947792729986,0.5000000354066484,8.00014431593737,False
0.867,199.9995885557058,0.5000000411374802,8.00027998783578,False
0.8675,199.9997524192851,0.5000000417777243,8.00037715928617,False
0.868,199.99994727529906,0.500000037298256,8.000423436425693,False
0.8685,200.00014704119442,0.5000000283463258,8.000413286441592,False
0.869,200.00032528226305,0.5000000161524131,8.000348690243344,False
0.8695,200.00045870620067,0.5000000023611257,8.000238795578325,False
0.87,200.00053020304978,0.4999999888093359,8.000098627743949,False
0.8705,200.00053103427996,0.4999999772814477,7.999947038839883,False
0.871,200.0004618916102,0.49999996927437196,7.99980417499599,False
0.8715,200.00033269859313,0.4999999658031313,7.999688801488506,False
0.872,200.0001611954364,0.4999999672723033,7.999615840563062,False
0.8725,199.9999705077441,0.49999997342952957,7.999594444667614,False
0.873,199.99978603175066,0.499999983406298,7.999626853435837,False
0.8735,199.99963205509894,0.49999999583962146,7.999708176451072,False
0.874,199.99952856237405,0.5000000090576275,7.9998271199627755,False
0.8745,199.99948864510782,0.5000000213038281,7.999967550877149,False
0.875,199.99951685138447,0.5000000309700148,8.000110681996988,False
0.8755000000000001,199.99960868230315,0.5000000368069302,8.00023758290708,False
0.876,199.99975128876267,0.5000000380851497,8.000331681258771,False
0.8765000000000001,199.99992526293173,0.5000000346854954,8.000380924282416,False
0.877,200.0001072754212,0.5000000271078429,8.000379318970579,False
0.8775000000000001,200.00027320033152,0.5000000163980871,8.000327654614729,False
0.878,200.00040130999162,0.5000000040038366,8.00023332157242,False
0.8785000000000001,200.00047511674984,0.49999999157870373,8.000109260457336,False
0.879,200.00048549058175,0.49999998076161456,7.9999721903791015,False
0.8795000000000001,200.00043178111824,0.49999997296056425,7.999840358369859,False
0.88,200.000321807239,0.49999996916932066,7.999731112610764,False
0.8805000000000001,200.00017072846418,0.49999996984090606,7.99965862190207,False
0.881,199.99999895986704,0.4999999748339178,7.999632040848992,False
0.8815000000000001,199.9998294166943,0.49999998343794966,7.99965435798036,False
0.882,199.9996844601388,0.4999999944738579,7.999722071145438,False
0.8825000000000001,199.99958295095422,0.5000000064547836,7.999825723656906,False
0.883,199.99953779874122,0.5000000177859786,7.999951220610747,False
0.8835000000000001,199.99955432488053,0.5000000269766081,8.000081742710298,False
0.884,199.99962964603884,0.5000000328354278,8.000199998099358,False
0.8845000000000001,199.99975314806247,0.5000000346246793,8.000290511023833,False
0.885,199.9999079753024,0.5000000321523572,8.000341644698995,False
0.8855000000000001,200.00007332718224,0.5000000257913657,8.000347094292456,False
0.886,200.0002272495959,0.500000016423864,8.000306658899676,False
0.8865000000000001,200.00034954692643,0.5000000053189994,8.000226198763698,False
0.887,200.00042442880147,0.4999999939609289,8.000116792639087,False
0.8875000000000001,200.00044254510735,0.49999998385040323,7.999993215647025,False
0.888,200.0004021474951,0.4999999763064113,7.999871946327904,False
0.8885000000000001,200.0003092339245,0.49999997229407944,7.999768971395215,False
0.889,200.00017666870733,0.49999997230124915,7.999697680358861,False
0.8895000000000001,200.00002240587614,0.49999997627947934,7.999667127001696,False
0.89,199.9998670606552,0.4999999836565328,7.999680883107245,False
0.8905000000000001,199.99973115711092,0.499999993417884,7.999736629072895,False
0.891,199.99963241909282,0.5000000042457046,7.999826527098491,False
0.8915000000000001,199.99958346169066,0.5000000146963192,7.999938318786002,False
0.892,199.99959018349054,0.5000000233922638,8.00005699399171,False
0.8925000000000001,199.9996510639649,0.5000000292034215,8.000166804081147,False
0.893,199.99975744849482,0.5000000313934383,8.000253349836534,False
0.8935000000000001,199.99989477217323,0.5000000297124844,8.000305467472641,False
0.894,200.00004455013257,0.5000000244247178,8.00031666601584,False
0.8945000000000001,200.00018686288178,0.5000000162675678,8.000285931342965,False
0.895,200.00030300285746,0.5000000063489872,8.000217797902371,False
0.8955000000000001,200.00037793089575,0.49999999599694556,8.000121686961862,False
0.896,200.0004022204199,0.49999998658158024,8.00001060709233,False
0.8965,200.00037323844032,0.4999999793337977,7.999899395722281,False
0.897,200.00029541608762,0.4999999751843201,7.999802739167769,False
0.8975,200.00017958329346,0.49999997464419643,7.999733235097632,False
0.898,200.00004146609737,0.49999997774208665,7.999699752794016,False
0.8985,199.99989955451142,0.499999984025955,7.999706304346114,False
0.899,199.9997726296265,0.4999999926282166,7.9997515700285105,False
0.8995,199.99967728036387,0.5000000023850165,7.999829133107211,False
0.9,199.99962573788883,0.5000000119932742,7.99992838501225,False
0.9005,199.99962431003382,0.5000000201843295,8.000035973741372,False
0.901,199.99967261564333,0.5000000258910718,8.000137598071975,False
0.9015,199.99976371085745,0.5000000283865568,8.000219906738634,False
0.902,199.99988508053056,0.5000000273761331,8.00027225060848,False
0.9025,200.00002035404975,0.5000000230314415,8.000288058158946,False
0.903,200.00015151076425,0.5000000159624548,8.000265656910981,False
0.9035,200.00026127825075,0.5000000071319577,8.00020843864322,False
0.904,200.00033540454785,0.49999999772440956,8.000124354022466,False
0.9045,200.000364505755,0.4999999889870265,8.00002481099577,False
0.905,200.0003452498509,0.49999998206437984,7.99992312917528,False
0.9055,200.00028072795186,0.49999997784842726,7.999832759347552,False
0.906,200.0001799732127,0.4999999768636029,7.999765505878833,False
0.9065,200.00005670057521,0.49999997920174166,7.999729986705573,False
0.907,199.99992744262116,0.49999998451486494,7.999730531563184,False
0.9075,199.99980933453782,0.4999999920661233,7.9997666589599215,False
0.908,199.99971784466481,0.5000000008315094,7.999833194387102,False
0.9085,199.99966475090963,0.500000009638333,7.99992100687512,False
0.909,199.99965662744316,0.5000000173217573,8.000018259615139,False
0.9095,199.9996940357049,0.5000000228785189,8.000112003671026,False
0.91,199.9997715185428,0.5000000255975703,8.000189900444775,False
0.9105,199.99987838914188,0.5000000251506502,8.000241843991098,False
0.911,200.00000020154306,0.5000000216312832,8.000261270101136,False
0.9115,200.00012070083798,0.50000001553764,8.000245982854663,False
0.912,200.00022399008267,0.5000000077021626,8.000198394978426,False
0.9125,200.00029662533845,0.4999999991778491,8.000125156928428,False
0.913,200.00032936301918,0.49999999109670623,8.00003623061444,False
0.9135,200.00031833276324,0.49999998451937694,7.9999435363822196,False
0.914,200.00026548748275,0.49999998029589826,7.999859356757527,False
0.9145,200.00017827936978,0.49999997895585,7.999794710491116,False
0.915,200.00006861343007,0.49999998064206513,7.999757911940887,False
0.9155,199.9999512249285,0.49999998509616067,7.999753503913009,False
0.916,199.99984170153795,0.4999999916972118,7.9997817006343945,False
0.9165,199.99975441539027,0.49999999954785823,7.999838408616395,False
0.917,199.9997006391159,0.5000000075959349,7.9999158160926305,False
0.9175,199.9996870925482,0.5000000147751619,8.00000346674229,False
0.918,199.99971510710301,0.5000000201461019,8.000089670420268,False
0.9185,199.99978051115826,0.5000000230187677,8.000163060787957,False
0.919,199.99987424338133,0.5000000230408976,8.000214092499892,False
0.9195,199.99998360475107,0.5000000202406357,8.000236280937678,False
0.92,200.00009397670064,0.500000015018496,8.000227023714622,False
0.9205,200.00019077321676,0.5000000080902479,8.000187900224685,False
0.921,200.00026136647406,0.5000000003888239,8.000124415608795,False
0.9215,200.0002967320375,0.49999999293866393,8.000045229254546,False
0.922,200.000292599575,0.49999998671940515,7.999960975554501,False
0.9225,200.00024996275042,0.4999999825370347,7.999882837265473,False
0.923,200.00017488824366,0.49999998091943465,7.9998210626581265,False
0.9235,200.00007765707463,0.4999999820498363,7.999783622898025,False
0.924,199.99997135919511,0.4999999857465387,7.999775185351703,False
0.9245,199.99987013313472,0.49999999149104474,7.999796534800195,False
0.925,199.9997872871765,0.49999999850035076,7.999844513899768,False
0.9255,199.9997335514964,0.5000000058333409,7.999912484855365,False
0.926,199.99971569057567,0.5000000125168526,7.999991245426832,False
0.9265,199.99973565501818,0.5000000176745399,8.000070273154702,False
0.927,199.99979037864546,0.5000000206414925,8.000139129785454,False
0.9275,199.99987224033464,0.5000000210496315,8.0001888386304,False
0.928,199.9999701220679,0.500000018872942,8.00021305329286,False
0.9285,200.00007091671347,0.5000000144270242,8.000208865808837,False
0.929,200.0001612813378,0.5000000083235413,8.000177151585094,False
0.9295,200.00022940174546,0.50000000138609,8.000122410846926,False
0.93,200.000266535122,0.4999999945390435,8.00005213324853,False
0.9305,200.000268129601,0.49999998868434786,7.999975774959888,False
0.931,200.00023437772668,0.4999999845826799,7.999903487700395,False
0.9315,200.00017013715728,0.49999998275460766,7.999844770360341,False
0.932,200.00008423626545,0.4999999834145788,7.999807222135542,False
0.9325,199.9999882633113,0.4999999864460794,7.999795560664624,False
0.933,199.9998950049354,0.4999999914207775,7.9998110318098465,False
0.9335,199.99981674414352,0.4999999976586222,7.999851284569602,False
0.934,199.99976364411955,0.5000000043204997,7.999910722358301,False
0.9345,199.99974243030238,0.5000000105208391,7.999981278859346,False
0.935,199.99975554136333,0.5000000154450753,8.00005351118293,False
0.9355,199.9998008558695,0.500000018456402,8.000117862379891,False
0.936,199.9998720241872,0.5000000191778385,8.000165924680376,False
0.9365,199.9999593549282,0.5000000175390598,8.000191536645636,False
0.937,200.00005113259041,0.5000000137821988,8.000191571245802,False
0.9375,200.0001351875103,0.5000000084263269,8.000166314312029,False
0.9380000000000001,200.0002005079584,0.5000000021957682,8.000119388041618,False
0.9385,200.0002386810311,0.4999999959221265,8.000057234822489,False
0.9390000000000001,200.00024497402057,0.4999999904332573,7.99998823452758,False
0.9395,200.00021891755546,0.49999998644399757,7.999921575997573,False
0.9400000000000001,200.0001643191698,0.49999998446305755,7.999866034517521,False
0.9405,200.00008871197446,0.49999998472818924,7.9998288177828405,False
0.9410000000000001,200.00000231764628,0.4999999871778694,7.999814631961194,False
0.9415,199.99991666618132,0.49999999146282115,7.999825088672721,False
0.9420000000000001,199.99984305856398,0.4999999969954016,7.99985852732274,False
0.9425,199.9997910771329,0.500000003029904,7.999910271530526,False
0.9430000000000001,199.99976733979923,0.5000000087628187,7.99997328086485,False
0.9435,199.9997746598486,0.5000000134395882,8.000039107339035,False
0.9440000000000001,199.9998117176634,0.5000000164536881,8.000099026905083,False
0.9445,199.99987328190014,0.5000000174250324,8.000145194551814,False
0.9450000000000001,199.9999509446779,0.500000016247592,8.000171670214868,False
0.9455,200.00003426786282,0.500000013100283,8.000175181499651,False
0.9460000000000001,200.00011218442089,0.5000000084201058,8.000155525492346,False
0.9465,200.00017446690111,0.5000000028415116,8.000115560700099,False
0.9470000000000001,200.00021306838232,0.4999999971103841,8.000060794838673,False
0.9475,200.00022316026678,0.4999999919842843,7.999998627486726,False
0.9480000000000001,200.00020373332694,0.4999999881322861,7.999937351529166,False
0.9485,200.0001576876008,0.4999999860476332,7.999885047982462,False
0.9490000000000001,200.0000914050677,0.49999998598460543,7.99984852134498,False
0.9495,200.00001386740487,0.4999999879276561,7.9998324155938745,False
0.9500000000000001,199.9999354404852,0.49999999159652814,7.9998386255050455,False
0.9505,199.9998664899012,0.4999999964862669,7.999866077675292,False
0.9510000000000001,199.99981601224684,0.5000000019364476,7.999910905963133,False
0.9515,199.9997904627105,0.5000000072201466,7.999966993703856,False
0.9520000000000001,199.99979293155965,0.5000000116406828,8.000026806937077,False
0.9525,199.99982277429646,0.5000000146232668,8.000082405319136,False
0.9530000000000001,199.99987573916826,0.5000000157895156,8.00012649521729,False
0.9535,199.99994456954926,0.5000000150051845,8.000153385451176,False
0.9540000000000001,200.00001999625874,0.5000000123951222,8.00015972058676,False
0.9545,200.00009198435887,0.5000000083238428,8.000144897481224,False
0.9550000000000001,200.00015106690924,0.5000000033446724,8.000111113672848,False
0.9555,200.000189588576,0.49999999812454127,8.000063045406643,False
0.9560000000000001,200.00020269590755,0.4999999933546293,8.00000720201595,False
0.9565,200.0001889463919,0.4999999896588241,7.999951045585291,False
0.9570000000000001,200.00015046020204,0.499999987512104,7.999901994803472,False
0.9575,200.00009259978455,0.4999999871795105,7.999866445857895,False
0.9580000000000001,200.00002322496155,0.49999998868353457,7.999848939462341,False
0.9585,199.999951626725,0.4999999918039013,7.999851582348597,False
0.9590000000000001,199.99988728415988,0.4999999961094122,7.999873796721554,False
0.9595,199.9998386106458,0.5000000010172782,7.9999124270368025,False
0.96,199.99981185501602,0.5000000058717942,7.999962185943773,False
0.9605,199.99981030101097,0.5000000100317504,8.000016376658873,False
0.961,199.99983386734695,0.5000000129549355,8.000067793243892,False
0.9615,199.99987915665872,0.5000000142686084,8.000109677892858,False
0.962,199.99993994175742,0.500000013816793,8.00013660817544,False
0.9625,200.00000802002992,0.5000000116784117,8.000145197876448,False
0.963,200.0000743189802,0.5000000081541977,8.00013452100641,False
0.9635,200.0001301040811,0.5000000037244654,8.00010620613795,False
0.964,200.00016812828454,0.49999999898364916,8.000064192354891,False
0.9645,200.00018357206488,0.4999999945605147,8.000014182881795,False
0.965,200.0001746522478,0.4999999910347447,7.9999628719721665,False
0.9655,200.00014282299168,0.4999999888609518,7.999917049714891,False
0.966,200.0000925470141,0.4999999883100698,7.999882704350891,False
0.9665,200.00003067215192,0.49999998943566343,7.999864240662602,False
0.967,199.99996550005778,0.49999999206932433,7.9998639163259595,False
0.9675,199.99990567350315,0.49999999584542815,7.999881568176603,False
0.968,199.99985903127293,0.5000000002516534,7.9999146612434675,False
0.9685,199.99983158222503,0.5000000046982958,7.999958650410098,False
0.969,199.99982673263153,0.5000000085970148,8.000007603398192,False
0.9695,199.9998448659514,0.500000011438505,8.00005499984439,False
0.97,199.9998833265206,0.5000000128588497,8.000094598956847,False
0.9705,199.9999368047275,0.5000000126859234,8.000121260403786,False
0.971,199.99999806825392,0.5000000109599422,8.000131610570923,False
0.9715,200.00005893889602,0.5000000079257421,8.000124467968153,False
0.972,200.0001113831923,0.5000000039981265,8.000100974347731,False
0.9725,200.00014857155597,0.4999999997051638,8.000064417561937,False
0.973,200.00016576641522,0.49999999561717223,8.000019773051127,False
0.9735,200.00016092402996,0.49999999227093306,7.999973027701165,False
0.974,200.0001349337687,0.4999999900991919,7.999930377822195,False
0.9745,200.00009146736707,0.4999999893746984,7.99989740858089,False
0.975,200.00003646250127,0.499999990176008,7.999878363448307,False
0.9755,199.9999773130199,0.4999999923793138,7.999875599107004,False
0.976,199.99992187609072,0.4999999956770926,7.999889295687984,False
0.9765,199.99987742944253,0.49999999962079766,7.999917457700071,False
0.977,199.9998497169594,0.5000000036816884,7.999956202228102,False
0.9775,199.99984220764838,0.5000000073215582,8.000000293082847,False
0.978,199.99985566340706,0.500000010063909,8.000043847578084,False
0.9785,199.9998880691581,0.50000001155617,8.000081120648742,False
0.979,199.99993493046196,0.5000000116148451,8.000107261893154,False
0.9795,199.99998989513645,0.5000000102478229,8.000118945883639,False
0.98,200.00004561312264,0.5000000076511621,8.000114793955442,False
0.9805,200.00009471835156,0.500000004181066,8.000095534146695,False
0.981,200.00013080157572,0.5000000003050292,8.000063881143586,False
0.9815,200.00014924581149,0.4999999965388444,8.000024155262558,False
0.982,200.00014781563627,0.4999999933779455,7.999981693743854,False
0.9825,200.00012692532167,0.49999999123221966,7.999942134450385,False
0.983,200.00008955404448,0.4999999903728556,7.999910668004416,False
0.9835,200.00004082337776,0.4999999908981088,7.999891357471904,False
0.984,199.99998729668783,0.49999999272229145,7.999886614659515,False
0.9845,199.99993609610496,0.4999999955891756,7.99989690039836,False
0.985,199.99989395573937,0.4999999991077632,7.9999206858470115,False
0.9855,199.99986633688385,0.5000000028054453,7.9999546769595185,False
0.986,199.99985672133218,0.5000000061913349,7.999994269490544,False
0.9865,199.99986617410383,0.5000000088212926,8.000034171838546,False
0.987,199.99989323025673,0.5000000103560424,8.000069111578274,False
0.9875,199.9999341170523,0.5000000106047809,8.000094531438497,False
0.988,199.9999832783303,0.5000000095486853,8.00010718294458,False
0.9885,200.00003412842062,0.5000000073414465,8.00010554050085,False
0.989,200.00007993343542,0.5000000042870156,8.000089983274206,False
0.9895,200.000114702126,0.5000000007977633,8.000062723498825,False
0.99,200.00013396856255,0.49999999733879696,8.000027493548334,False
0.9905,200.00013536451655,0.49999999436594667,7.999989035834758,False
0.991,200.00011890835358,0.49999999226568126,7.999952465129553,False
0.9915,200.00008697550882,0.49999999130486406,7.999922588957124,False
0.992,200.00004395805908,0.49999999159687364,7.999903276275607,False
0.9925,199.99999566187392,0.4999999930883752,7.999896957258866,False
0.993,199.99994852392751,0.49999999556825636,7.9999043187422565,False
0.9935,199.99990875516468,0.49999999869729483,7.99992423332527,False
0.994,199.9998815229451,0.5000000020544055,7.999953928839356,False
0.9945,199.99987028057114,0.5000000051931723,7.999989373074284,False
0.995,199.9998763307608,0.5000000077010824,8.000025820517694,False
0.9955,199.99989867805064,0.5000000092536115,8.000058447074073,False
0.996,199.99993418633719,0.5000000096560763,8.000082987952966,False
0.9965,199.9999780172894,0.5000000088678669,8.000096294460764,False
0.997,200.0000242885529,0.50000000700606,8.00009673709558,False
0.9975,200.00006686233812,0.5000000043281685,8.000084403463958,False
0.998,200.0001001587828,0.5000000011965442,8.000061067215363,False
0.9985,200.00011988640784,0.4999999980293402,8.000029934696443,False
0.999,200.00012359415484,0.4999999952446628,7.999995205302078,False
0.9995,200.00011097413727,0.49999999320536315,7.999961505691744,False
1.0,200.0000838779601,0.49999999217175195,7.999933274012238,False
1.0005,200.00004604770427,0.4999999922683914,7.999914176004577,False
1.0010000000000001,200.00000260033872,0.4999999934691886,7.99990662973299,False
1.0015,199.99995933644004,0.4999999956025518,7.999911500459743,False
1.002,199.99992196649492,0.49999999837570014,7.999928004023828,False
1.0025,199.99989535788376,0.5000000014146999,7.999953829114418,False
1.0030000000000001,199.99988290174267,0.5000000043147623,7.999985459807927,False
1.0035,199.99988608194474,0.5000000066940432,8.000018653505183,False
1.004,199.99990430081954,0.500000008243804,8.000049009395353,False
1.0045,199.99993498170812,0.5000000087683478,8.000072551355824,False
1.0050000000000001,199.99997393166848,0.5000000082095779,8.000086248155583,False
1.0055,200.00001591348345,0.5000000066531048,8.000088402983732,False
1.006,200.00005534906487,0.5000000043153118,8.000078862352128,False
1.0065,200.000087059881,0.5000000015132967,8.000059018838428,False
1.0070000000000001,200.00010694621668,0.49999999862185773,8.00003160964824,False
1.0075,200.00011251626916,0.4999999960233477,8.000000339913719,False
1.008,200.00010319691972,0.499999994057101,7.999969382459964,False
1.0085,200.0000803876244,0.4999999929751147,7.999942821495113,False
1.0090000000000001,200.00004725322495,0.4999999929097651,7.999924114318655,False
1.0095,200.00000828600258,0.49999999385768673,7.9999156419219055,False
1.01,199.99996869742318,0.4999999956817578,7.999918406812249,False
1.0105,199.9999337218246,0.4999999981307254,7.999931916289957,False
1.0110000000000001,199.99990792499065,0.500000000873678,7.99995426448463,False
1.0115,199.99989460885507,0.5000000035446448,7.999982400061679,False
1.012,199.99989538984997,0.5000000057913188,8.000012542141512,False
1.0125,199.99991000460335,0.5000000073214212,8.00004068782834,False
1.0130000000000001,199.99993636606112,0.5000000079406145,8.000063143292094,False
1.0135,199.99997085977924,0.5000000075770508,8.000077008009436,False
1.014,200.00000883853494,0.5000000062894682,8.00008054875432,False
1.0145,200.00004524769471,0.5000000042579523,8.000073415206682,False
1.0150000000000001,200.00007529727768,0.5000000017587789,8.000056670507547,False
1.0155,200.00009509144175,0.4999999991268406,8.00003263482733,False
1.016,200.00010213275607,0.49999999671076084,8.000004564726257,False
1.0165,200.00009563609436,0.49999999482670376,7.999976212510431,False
1.0170000000000001,200.0000766128639,0.4999999937169954,7.999951325130711,False
1.0175,200.00004771705494,0.49999999351896396,7.999933149478597,False
1.018,200.00001287614424,0.4999999942479986,7.999924009329669,False
1.0185,199.99997675803218,0.49999999579690196,7.999925008983251,False
1.0190000000000001,199.99994414626403,0.4999999979514371,7.999935901292752,False
1.0195,199.999919307075,0.5000000004198315,7.999955135645603,False
1.02,199.99990543193098,0.5000000028721849,7.999980077514244,False
1.0205,199.9999042283162,0.5000000049844631,8.000007368639155,False
1.0210000000000001,199.9999157111201,0.5000000064812191,8.000033378687071,False
1.0215,199.99993821989,0.5000000071714121,8.000054687706331,False
1.022,199.999968657109,0.5000000069726752,8.000068535324324,False
1.0225,200.0000029135239,0.5000000059209576,8.00007317775038,False
1.0230000000000001,200.0000364222381,0.500000004164434,8.000068106490774,False
1.0235,200.0000647669427,0.5000000019426648,8.000054101465928,False
1.024,200.00008426335606,0.4999999995539254,8.000033113396315,False
1.0245,200.00009243740172,0.4999999973151544,8.000007992925966,False
1.025,200.00008833815517,0.49999999551989105,7.999982103991661,False
1.0255,200.0000726461131,0.49999999439978104,7.999958873804578,False
1.026,200.00004756481295,0.4999999940946915,7.999941339586931,False
1.0265,200.00001651257324,0.49999999463528433,7.999931751951173,False
1.027,199.99998365732952,0.49999999594020766,7.999931286650584,False
1.0275,199.9999533577685,0.4999999978281099,7.999939901532235,False
1.028,199.99992958562072,0.5000000000427215,7.999956355932372,False
1.0285,199.9999154056089,0.5000000022875445,7.99997838810847,False
1.029,199.99991258106658,0.500000004265461,8.000003025484585,False
1.0295,199.99992135587658,0.5000000057179722,8.000026985235541,False
1.03,199.999940439521,0.5000000064588934,8.000047111289238,False
1.0305,199.99996719491006,0.5000000063981185,8.000060789629863,False
1.031,199.999998001886,0.5000000055524253,8.000066287309549,False
1.0315,200.0000287464082,0.5000000040420483,8.000062971270447,False
1.032,200.00005536939796,0.500000002073626,8.000051379447463,False
1.0325,200.0000744020942,0.49999999991193556,8.000033136440326,False
1.033,200.0000834173818,0.4999999978442693,8.000010726654978,False
1.0335,200.00008133845128,0.4999999961422442,7.9999871564880305,False
1.034,200.00006856565344,0.499999995026114,7.99996555142098,False
1.0345,200.00004690686177,0.4999999946362691,7.999948741964852,False
1.035,200.00001932277053,0.4999999950156057,7.999938893255695,False
1.0355,199.99998952286035,0.49999999610496876,7.999937226715163,False
1.036,199.99996146707886,0.4999999977521213,7.999943869484113,False
1.0365,199.9999388401065,0.4999999997329042,7.999957850059918,False
1.037,199.99992456793998,0.5000000017816512,7.999977239053152,False
1.0375,199.9999204401449,0.5000000036267405,7.999999414829998,False
1.038,199.9999268864571,0.500000005026528,8.0000214175453,False
1.0385,199.99994293547937,0.5000000058009155,8.000040343814703,False
1.039,199.99996635885893,0.5000000058544323,8.00005372944983,False
1.0395,199.99999397980218,0.5000000051878805,8.000059869854109,False
1.04,200.00002210332266,0.5000000038971362,8.000058036480509,False
1.0405,200.0000470100283,0.5000000021594103,8.000048561949336,False
1.041,200.0000654475243,0.5000000002089247,8.00003278407804,False
1.0415,200.0000750545716,0.499999998305337,8.000012857815681,False
1.042,200.0000746627573,0.49999999669916606,7.999991461415027,False
1.0425,200.0000644372325,0.4999999955988154,7.999971436841468,False
1.043,200.00004583976286,0.49999999514353316,7.99995541264773,False
1.0435,200.00002142098703,0.4999999953858102,7.999945459310791,False
1.044,199.99999447125438,0.4999999962854342,7.999942822173356,False
1.0445,199.9999685777528,0.499999997715852,7.999947766372321,False
1.045,199.9999471474688,0.4999999994818608,7.99995955295905,False
1.0455,199.99993295935934,0.500000001346163,7.99997654787496,False
1.046,199.999927804537,0.500000003061178,7.9999964478841425,False
1.0465,199.99993226097962,0.5000000044018511,8.00001659230183,False
1.047,199.9999456309868,0.5000000051951143,8.00003431838239,False
1.0475,199.99996604779264,0.5000000053421492,8.000047312944,False
1.048,199.99999073533706,0.5000000048305919,8.000053913842619,False
1.0485,200.00001638515428,0.5000000037351846,8.000053322056731,False
1.049,200.0000395992835,0.5000000022069164,8.000045697393189,False
1.0495,200.0000573399678,0.5000000004522207,8.000032126498157,False
1.05,200.00006732668345,0.499999998705087,8.000014468847155,False
1.0505,200.00006832867265,0.49999999719585103,7.999995102435883,False
1.051,200.00006031553852,0.49999999612082147,7.999976603890763,False
1.0515,200.00004444762877,0.4999999956167451,7.999961405983848,False
1.052,200.00002290929734,0.49999999574342613,7.999951478031651,False
1.0525,199.9999986088446,0.49999999647670323,7.9999480711199045,False
1.053,199.99997478627128,0.49999999771259324,7.999951561059839,False
1.0535,199.99995458168723,0.49999999928192784,7.999961408703004,False
1.054,199.99994062181125,0.5000000009734318,7.999976241522282,False
1.0545,199.99993467895607,0.5000000025620983,7.999994044309679,False
1.055,199.99993744670587,0.5000000038390567,8.000012432571449,False
1.0555,199.99994846058107,0.5000000046389687,8.000028971580893,False
1.056,199.99996617252003,0.5000000048613662,8.000041498441403,False
1.0565,199.9999881675966,0.5000000044831815,8.000048404598733,False
1.057,200.000011492741,0.5000000035609137,8.000048841947407,False
1.0575,200.00003305278761,0.5000000022222654,8.000042826183762,False
1.058,200.0000500207884,0.5000000006484712,8.00003122492487,False
1.0585,200.0000602082509,0.49999999904975934,8.000015633470943,False
1.059,200.000062346867,0.49999999763726244,7.999998155891631,False
1.0595,200.00005624553808,0.49999999659512867,7.999981121417921,False
1.06,200.00004280337654,0.499999996056512,7.999966774322857,False
1.0605,200.0000238786039,0.4999999960865694,7.999956978542016,False
1.061,200.00000203229175,0.499999996674629,7.999952975869421,False
1.0615,199.99998018220515,0.4999999977364602,7.999955229049647,False
1.062,199.999961213477,0.49999999912623144,7.9999633695209384,False
1.0625,199.99994759801243,0.5000000006564658,7.999976255521296,False
1.063,199.99994107277888,0.5000000021232688,7.9999921316316245,False
1.0635000000000001,199.9999424187942,0.5000000033334387,8.00000886753754,False
1.064,199.99995136885204,0.5000000041298561,8.000024243582875,False
1.0645,199.99996665470758,0.5000000044118205,8.00003624487785,False
1.065,199.99998618590925,0.5000000041477071,8.000043325029385,False
1.0655000000000001,200.00000733516774,0.5000000033783583,8.00004460501424,False
1.066,200.0000272913712,0.5000000022108678,8.000039981671424,False
1.0665,200.00004343286471,0.5000000008036871,8.000030132514198,False
1.067,200.0000536714746,0.49999999934511946,8.000016417403602,False
1.0675000000000001,200.00005672218307,0.49999999802811684,8.000000691238116,False
1.068,200.000052263688,0.4999999970247487,7.999985053403048,False
1.0685,200.00004096988644,0.4999999964637182,7.999971567781901,False
1.069,200.00002440958957,0.49999999641385995,7.99996199063458,False
1.0695000000000001,200.0000048292079,0.4999999968757309,7.999957542185764,False
1.07,199.9999848484308,0.49999999778231186,7.9999587515873705,False
1.0705,199.9999671100718,0.49999999900862424,7.99996539489394,False
1.071,199.99995393083654,0.5000000003888911,7.999976533184836,False
1.0715000000000001,199.99994699911736,0.5000000017388904,7.999990644662209,False
1.072,199.99994715918433,0.5000000028804896,8.000005832214795,False
1.0725,199.99995430928905,0.5000000036650984,8.000020078182937,False
1.073,199.99996742584182,0.5000000039929539,8.000031512148626,False
1.0735000000000001,199.99998470903873,0.5000000038257386,8.000038656242229,False
1.074,200.00000382933004,0.5000000031909432,8.000040615829864,False
1.0745,200.00002224103977,0.5000000021774886,8.000037191022448,False
1.075,200.00003752096274,0.5000000009232876,8.000028895181217,False
1.0755000000000001,200.00004768694532,0.499999999596477,8.000016879032234,False
1.076,200.00005145460997,0.4999999983728737,8.00000277148194,False
1.0765,200.00004839902738,0.4999999974126713,7.999988459099104,False
1.077,200.00003900106697,0.49999999683946506,7.999975834077726,False
1.0775000000000001,200.00002457361566,0.49999999672434703,7.9999665443190695,False
1.078,200.00000707877035,0.4999999970771154,7.999961778609016,False
1.0785,199.99998886138206,0.49999999784567606,7.999962114858458,False
1.079,199.99997233508455,0.49999999892362484,7.999967450729706,False
1.0795000000000001,199.99995966280596,0.5000000001649133,7.999977024873766,False
1.08,199.99995247401228,0.5000000014035852,7.999989524945527,False
1.0805,199.99995165560273,0.5000000024759147,8.00000326714836,False
1.081,199.999957243231,0.5000000032420011,8.000016422788342,False
1.0815000000000001,199.99996842626354,0.5000000036039712,8.000027261388762,False
1.082,199.99998366442867,0.5000000035184258,8.00003437807506,False
1.0825,200.00000089948634,0.500000003001551,8.000036875383758,False
1.083,200.00001783288909,0.5000000021263058,8.00003447600614,False
1.0835000000000001,200.00003223202162,0.5000000010121424,8.000027552363578,False
1.084,200.00004222425702,0.4999999998087054,8.000017070053639,False
1.0845,200.00004654013966,0.49999999867572975,8.000004453612638,False
1.085,200.0000446741608,0.49999999776183357,7.999991393202043,False
1.0855000000000001,200.00003694283396,0.4999999971850201,7.999979618415531,False
1.086,200.00002443356703,0.4999999970174439,7.999970669447618,False
1.0865,200.00000885232234,0.49999999727640376,7.999965695869802,False
1.087,199.9999922913297,0.4999999979226812,7.999965309271311,False
1.0875000000000001,199.99997694843293,0.4999999988663608,7.999969508610706,False
1.088,199.99996483567668,0.4999999999792792,7.999977687309831,False
1.0885,199.9999575157366,0.5000000011123819,7.999988720225033,False
1.089,199.99995590067894,0.5000000021156428,8.000001118104668,False
1.0895,199.99996013891476,0.5000000028578856,8.000013228371254,False
1.09,199.99996960427424,0.50000000324389,8.000023455189954,False
1.0905,199.99998298748434,0.5000000032265579,8.000030469545786,False
1.091,199.99999847680797,0.5000000028125852,8.000033381703199,False
1.0915,200.0000140029795,0.5000000020609668,8.000031853702884,False
1.092,200.00002751536445,0.5000000010746135,8.00002613772213,False
1.0925,200.0000372525234,0.4999999999862639,8.00001703607524,False
1.093,200.00004197151662,0.49999999894061803,8.00000578902542,False
1.0935,200.0000411061402,0.49999999807509565,7.999993906041818,False
1.094,200.00003483400602,0.4999999975017723,7.999982963425362,False
1.0945,200.00002404464308,0.499999997292869,7.999974395407802,False
1.095,200.00001021395605,0.49999999747166746,7.999969306382205,False
1.0955,199.9999952026819,0.49999999800999245,7.999968328819093,False
1.096,199.99998100631964,0.49999999883251595,7.999971545110676,False
1.0965,199.99996949010512,0.49999999982723925,7.999978482937573,False
1.097,199.99996214419582,0.5000000008606984,7.999988183934697,False
1.0975,199.99995989116238,0.500000001795831,7.999999335757348,False
1.098,199.99996297061307,0.5000000025101152,8.000010449388663,False
1.0985,199.99997091530986,0.5000000029115834,8.000020057762471,False
1.099,199.99998262089082,0.500000002950619,8.000026909232256,False
1.0995,199.99999649892968,0.5000000026260266,8.000030130398294,False
1.1,200.00001069217552,0.5000000019846407,8.000029337140449,False
1.1005,200.00002332284538,0.5000000011145957,8.000024679783484,False
1.101,200.00003274080848,0.5000000001332195,8.000016817178878,False
1.1015,200.00003773889236,0.4999999991712093,8.000006823932726,False
1.102,200.00003770725354,0.49999999835522174,7.999996043788914,False
1.1025,200.00003270712165,0.49999999779119486,7.999985909138899,False
1.103,200.0000234550945,0.49999999755059465,7.999977750875449,False
1.1035,200.0000112210731,0.49999999766136954,7.999972623807894,False
1.104,199.99999765429587,0.49999999810475454,7.9999711705150895,False
1.1045,199.99998456125778,0.49999999881827895,7.999973541177163,False
1.105,199.99997366538673,0.499999999704512,7.999979379336158,False
1.1055,199.99996638041748,0.5000000006443247,7.9999878747172986,False
1.106,199.99996362723192,0.5000000015128669,7.999997875374461,False
1.1065,199.99996571785803,0.5000000021961177,8.00000804367817,False
1.107,199.99997232118162,0.5000000026058186,8.000017035050828,False
1.1075,199.99998251397096,0.5000000026908347,8.000023675589896,False
1.108,199.99999490950825,0.5000000024434856,8.000027115137431,False
1.1085,200.000007845961,0.5000000019000662,8.000026935862806,False
1.109,200.000019608942,0.5000000011355541,8.000023202525924,False
1.1095,200.0000286584818,0.500000000253271,8.000016448446297,False
1.11,200.00003383039277,0.49999999937091666,8.000007599760577,False
1.1105,200.00003448572713,0.49999999860486527,7.99999784867081,False
1.111,200.00003058918244,0.4999999980548126,7.999988492999287,False
1.1115,200.0000227069087,0.4999999977908021,7.999980763618807,False
1.112,200.0000119249218,0.4999999978443122,7.999975662682701,False
1.1125,199.99999969979802,0.4999999982045377,7.999973833892911,False
1.113,199.99998766213312,0.49999999882029694,7.999975481572759,False
1.1135,199.99997739925493,0.49999999960724817,7.999980348676275,False
1.114,199.99997024611653,0.5000000004594033,7.999987755968596,False
1.1145,199.99996711188842,0.5000000012633684,7.999996696509161,False
1.115,199.9999683647422,0.5000000019134015,8.000005972333986,False
1.1155,199.99997378937869,0.5000000023252877,8.000014354809409,False
1.116,199.99998262208203,0.5000000024472151,8.000020747214798,False
1.1165,199.99999365779152,0.5000000022662487,8.000024328060885,False
1.117,200.00000541423515,0.5000000018095965,8.000024656437697,False
1.1175,200.00001633080305,0.5000000011405608,8.000021725912942,False
1.118,200.00002497550736,0.5000000003497703,8.00001596044792,False
1.1185,200.00003023260808,0.4999999995429025,8.00000815352861,False
1.119,200.00003144634962,0.4999999988265583,7.999999359194162,False
1.1195,200.00002850232667,0.49999999829417596,7.999990749898098,False
1.12,200.00002183644378,0.4999999980138422,7.999983460347536,False
1.1205,200.00001237110789,0.4999999980195897,7.999978438099762,False
1.121,200.0000013879052,0.4999999983072899,7.999976320567418,False
1.1215,199.99999035429607,0.49999999883563145,7.999977354373235,False
1.122,199.99998072773417,0.4999999995319975,7.999981367222227,False
1.1225,199.99997376333096,0.5000000003024095,7.999987795409081,False
1.123,199.99997035042273,0.5000000010441797,7.999995762696919,False
1.1235,199.9999708992918,0.5000000016595689,8.000004199568457,False
1.124,199.99997529243058,0.500000002068636,8.000011986644664,False
1.1245,199.99998290605072,0.5000000022195926,8.000018103059011,False
1.125,199.9999926981999,0.5000000020953208,8.00002176013881,False
1.1255,200.00000335109422,0.5000000017152403,8.000022502908674,False
1.1260000000000001,200.00001344825665,0.5000000011323292,8.000020266378518,False
1.1265,200.00002166267583,0.5000000004257472,8.000015379696812,False
1.127,200.00002693101493,0.4999999996900862,8.000008518212962,False
1.1275,200.00002859102557,0.499999999022704,8.000000610369925,False
1.1280000000000001,200.00002646444,0.4999999985108381,7.9999927122344,False
1.1285,200.00002087501463,0.4999999982202008,7.999985866599729,False
1.129,200.00001260007946,0.4999999981865468,7.99998096544132,False
1.1295,200.00000276274542,0.49999999841129233,7.999978633848588,False
1.1300000000000001,199.99999267967718,0.49999999886171786,7.999979150515708,False
1.1305,199.99998368503705,0.49999999947567614,7.999982414874843,False
1.131,199.99997695411716,0.5000000001701326,7.9999879646820755,False
1.1315,199.99997334995226,0.5000000008523668,7.999995041161044,False
1.1320000000000001,199.99997331290652,0.5000000014323258,8.000002692562418,False
1.1325,199.99997680732497,0.5000000018344845,8.000009902028488,False
1.133,199.99998333164675,0.5000000020076537,8.00001572260314,False
1.1335,199.999991989924,0.5000000019314629,8.00001940147854,False
1.1340000000000001,200.0000016146051,0.5000000016187003,8.000020477194905,False
1.1345,200.0000109237876,0.500000001113247,8.000018837265499,False
1.135,200.00001869178521,0.5000000004839311,8.000014729067406,False
1.1355,200.0000239103346,0.49999999981515447,8.000008723090465,False
1.1360000000000001,200.0000259192624,0.499999999195572,8.000001633938181,False
1.1365,200.0000244897052,0.49999999870633666,7.999994409991858,False
1.137,200.00001984943196,0.49999999841046894,7.999988006662855,False
1.1375,200.0000126475836,0.49999999834474107,7.9999832601557745,False
1.1380000000000001,200.00000386417244,0.4999999985151197,7.99998077840575,False
1.1385,199.9999946769202,0.49999999889632774,7.999980863395781,False
1.139,199.9999863035009,0.4999999994355365,7.9999834747555845,False
1.1395,199.99997984029974,0.5000000000596551,7.999988238979691,False
1.1400000000000001,199.9999761190188,0.5000000006852106,7.99999450252953,False
1.1405,199.9999755998606,0.5000000012294893,8.000001421309507,False
1.141,199.999978314979,0.5000000016214493,8.00000807428907,False
1.1415,199.9999838690942,0.5000000018109687,8.000013585993424,False
1.1420000000000001,199.99999149654062,0.5000000017752265,8.00001724158802,False
1.1425,200.00000016657464,0.5000000015214061,8.00001857944459,False
1.143,200.00000872248884,0.5000000010854058,8.000017449221534,False
1.1435,200.00001603577917,0.5000000005267727,8.000014028181083,False
1.1440000000000001,200.00002115483767,0.49999999992057154,8.000008794062891,False
1.1445,200.00002342859867,0.49999999934729605,8.00000245858916,False
1.145,200.0000225890959,0.499999998882179,7.99999587082866,False
1.1455,200.00001878249577,0.49999999858531774,7.99998990352218,False
1.1460000000000001,200.00001254509456,0.4999999984939103,7.999985337572994,False
1.1465,200.00000472807355,0.4999999986176039,7.999982759975551,False
1.147,199.99999638152934,0.4999999989375339,7.999982488507808,False
1.1475,199.99998861355576,0.49999999940913814,7.999984532827307,False
1.1480000000000001,199.99998244326736,0.49999999996833355,7.999988596694591,False
1.1485,199.99997866724104,0.5000000005401989,7.999994120563534,False
1.149,199.99997775685944,0.5000000010489917,8.00000035845624,False
1.1495,199.99997979975984,0.5000000014281578,8.00000647858229,False
1.1500000000000001,199.99998449261943,0.5000000016290164,8.000011674146673,False
1.1505,199.99999118564693,0.5000000016269841,8.000015269598926,False
1.151,199.9999989723181,0.500000001424548,8.000016808345658,False
1.1515,200.00000681199262,0.5000000010506297,8.000016110555041,False
1.1520000000000001,200.00001366884797,0.5000000005564661,8.00001329376003,False
1.1525,200.0000186485995,0.5000000000085906,8.00000875396221,False
1.153,200.00002111497884,0.49999999947987406,8.000003110179916,False
1.1535,200.00002077081984,0.4999999990398304,7.9999971201778495,False
1.154,200.00001769344763,0.49999999874547607,7.999991578832835,False
1.1545,200.00001232021543,0.4999999986339429,7.99998721275317,False
1.155,200.00000538666674,0.49999999871780126,7.999984585109075,False
1.1555,199.9999978260246,0.49999999898367875,7.9999840231249575,False
1.156,199.99999064372003,0.49999999939432044,7.9999855775502136,False
1.1565,199.99998478381002,0.4999999998937799,7.999989019097454,False
1.157,199.99998100501702,0.5000000004150182,7.999993871898508,False
1.1575,199.99997978264798,0.5000000008888826,7.999999479140121,False
1.158,199.99998124905088,0.5000000012532614,8.000005091847294,False
1.1585,199.99998518003315,0.5000000014612055,8.000009968827905,False
1.159,199.9999910285136,0.5000000014869559,8.00001347445476,False
1.1595,199.99999800042775,0.5000000013291042,8.000015161398126,False
1.16,200.00000516238464,0.500000001010502,8.000014827555102,False
1.1605,200.0000115664978,0.5000000005749684,8.00001253995169,False
1.161,200.00001637571341,0.5000000000812653,8.000008622836448,False
1.1615,200.0000189730802,0.49999999959516883,8.000003611944422,False
1.162,200.0000190407152,0.49999999918070426,7.999998181354845,False
1.1625,200.00001659838276,0.49999999889171176,7.999993052911671,False
1.163,200.00001199705093,0.4999999987648527,7.999988900365566,False
1.1635,200.00000586878687,0.4999999988149635,7.999986260954786,False
1.164,199.99999904010403,0.4999999990333449,7.999985466015921,False
1.1645,199.99999242061776,0.4999999993891775,7.999986599570592,False
1.165,199.9999868819916,0.49999999983384247,7.999989490039104,False
1.1655,199.9999831432697,0.500000000307544,7.999993735798986,False
1.166,199.9999816776641,0.500000000747331,7.9999987608291745,False
1.1665,199.99998265286072,0.5000000010954464,8.000003892750849,False
1.167,199.9999859123468,0.5000000013068936,8.000008452705545,False
1.1675,199.99999099975875,0.500000001355234,8.000011845068377,False
1.168,199.99999722254722,0.5000000012358671,8.00001363515201,False
1.1685,200.00000374610647,0.5000000009663895,8.000013604777383,False
1.169,200.00000970559273,0.5000000005840198,8.000011778624572,False
1.1695,200.00001432046534,0.5000000001404616,8.00000841821637,False
1.17,200.00001699659583,0.4999999996949111,8.000003984696235,False
1.1705,200.00001740260277,0.4999999993061556,7.999999075670043,False
1.171,200.00001551062527,0.49999999902481623,7.999994344745998,False
1.1715,200.00001159655562,0.4999999988867557,7.9999904145931735,False
1.172,200.00000620016,0.4999999989085109,7.999987795072747,False
1.1725,200.0000000508088,0.4999999990853282,7.999986817194461,False
1.173,199.99999396901458,0.49999999939203366,7.999987591439421,False
1.1735,199.99998875705253,0.49999999978658816,7.999989995675714,False
1.174,199.99998509323154,0.5000000002158305,7.999993693926624,False
1.1745,199.99998344373486,0.5000000006226231,7.999998183162697,False
1.175,199.9999840034715,0.5000000009534419,8.000002861621,False
1.1755,199.99998667342007,0.500000001165403,8.000007109385821,False
1.176,199.99999107704156,0.5000000012318042,8.0000103704513,False
1.1765,199.99999661315042,0.5000000011454675,8.00001222541337,False
1.177,200.0000025378487,0.5000000009194648,8.000012445298722,False
1.1775,200.00000806437447,0.5000000005851621,8.000011019637142,False
1.178,200.0000124674759,0.5000000001878703,8.000008155363014,False
1.1785,200.00001517847886,0.4999999997807031,8.000004247022112,False
1.179,200.00001585859923,0.49999999941747575,7.999999822543574,False
1.1795,200.00001444106684,0.4999999991455908,7.999995472015194,False
1.18,200.00001113685383,0.49999999899985137,7.999991769059656,False
1.1805,200.00000640366295,0.49999999899800923,7.999989195277683,False
1.181,200.00000088268882,0.4999999991386138,7.999988077700107,False
1.1815,199.99999531186808,0.4999999994014222,7.999988547360374,False
1.182,199.99999042734018,0.4999999997502852,7.999990524217801,False
1.1825,199.9999868662646,0.5000000001381015,7.999993730123241,False
1.183,199.9999850838114,0.5000000005131613,7.999997727796698,False
1.1835,199.9999852951247,0.5000000008260268,8.000001980374728,False
1.184,199.99998744963952,0.5000000010360343,8.00000592343116,False
1.1845,199.99999124077593,0.500000001116564,8.000009039819531,False
1.185,199.99999614932813,0.5000000010583955,8.000010927422629,False
1.1855,200.00000151443732,0.5000000008707278,8.000011350943767,False
1.186,200.0000066224627,0.5000000005797559,8.000010271082283,False
1.1865,200.00001080181372,0.5000000002250177,8.000007847497383,False
1.187,200.00001351115216,0.49999999985402294,8.000004415466876,False
1.1875,200.00001440939414,0.49999999951588875,8.000000439621362,False
1.188,200.0000133984745,0.49999999925483574,7.999996451123471,False
1.1885000000000001,200.00001063353633,0.49999999910440457,7.999992976775216,False
1.189,200.00000649956993,0.49999999908314846,7.999990469506104,False
1.1895,200.0000015579671,0.4999999991923532,7.99998924940502,False
1.19,199.99999647038914,0.4999999994160639,7.999989462962675,False
1.1905000000000001,199.99999191025984,0.4999999997233869,7.999991065699365,False
1.191,199.99998847370952,0.5000000000727395,7.99999383020683,False
1.1915,199.99998660173694,0.5000000004174614,7.9999973782533855,False
1.192,199.9999865237395,0.5000000007120339,8.000001232439995,False
1.1925000000000001,199.99998822962493,0.5000000009180777,8.000004880364347,False
1.193,199.99999147386373,0.5000000010093391,8.000007842678228,False
1.1935,199.99999581058302,0.5000000009750192,8.000009736007575,False
1.194,200.0000006547166,0.5000000008210245,8.000010322485233,False
1.1945000000000001,200.00000536084056,0.5000000005689971,8.00000953950779,False
1.195,200.00000930908328,0.5000000002532782,8.000007506011913,False
1.1955,200.0000119866859,0.49999999991622984,8.000004504708054,False
1.196,200.00001305449342,0.4999999996025494,8.00000094289036,False
1.1965000000000001,200.00001238976677,0.49999999935334166,7.999997297241052,False
1.197,200.00001009993247,0.49999999920073146,7.999994050099191,False
1.1975,200.0000065057843,0.49999999916372423,7.999991625706162,False
1.198,200.00000209670114,0.4999999992458448,7.999990334846511,False
1.1985000000000001,199.99999746411294,0.4999999994348485,7.999990335098866,False
1.199,199.9999932222468,0.4999999997045162,7.999991611768095,False
1.1995,199.99998992676257,0.5000000000182758,7.999993981781957,False
1.2,199.99998800204622,0.5000000003341486,7.999997119776642,False
1.2005000000000001,199.99998768666225,0.5000000006103537,8.000000602675083,False
1.201,199.99998900396278,0.500000000810823,8.000003966661536,False
1.2015,199.9999917614475,0.5000000009098985,8.000006768888538,False
1.202,199.9999955786335,0.5000000008956026,8.000008645714486,False
1.2025000000000001,199.99999993943032,0.5000000007710637,8.000009359821135,False
1.203,200.00000426182712,0.5000000005539325,8.000008830115895,False
1.2035,200.0000079754922,0.5000000002738851,8.000007140665643,False
1.204,200.0000105969498,0.4999999999685696,8.000004527720838,False
1.2045000000000001,200.0000117924343,0.4999999996785424,8.000001346791857,False
1.205,200.00001142026218,0.49999999944188167,7.999998024351554,False
1.2055,200.00000954735955,0.49999999928918637,7.9999950007160585,False
1.206,200.00000643805606,0.49999999923962113,7.999992671746156,False
1.2065000000000001,200.00000251694016,0.49999999929851546,7.999991337080805,False
1.207,199.99999831097477,0.49999999945681717,7.999991161663974,False
1.2075,199.9999943787521,0.49999999969245074,7.999992155494138,False
1.208,199.99999123637542,0.4999999999733806,7.999994174063475,False
1.2085000000000001,199.99998928979284,0.5000000002619539,7.999996939193676,False
1.209,199.99998878244483,0.500000000519936,8.000000077285778,False
1.2095,199.99998976496454,0.5000000007135669,8.000003169735416,False
1.21,199.9999920906812,0.5000000008179664,8.000005808718267,False
1.2105000000000001,199.99999543722762,0.5000000008203204,8.000007650918699,False
1.211,199.99999935110205,0.5000000007214346,8.000008462130252,False
1.2115,200.00000330903964,0.5000000005354743,8.000008146942445,False
1.212,200.00000678789894,0.5000000002879419,8.000006759763224,False
1.2125000000000001,200.00000933373866,0.5000000000121804,8.00000449593343,False
1.213,200.0000106209723,0.49999999974488235,8.000001664332883,False
1.2135,200.00001049390258,0.4999999995212061,7.999998645305201,False
1.214,200.00000898535149,0.49999999937015105,7.999995839623957,False
1.2145000000000001,200.00000631018574,0.4999999993107983,7.999993615340739,False
1.215,200.00000283487745,0.4999999993499038,7.999992259557431,False
1.2155,199.9999990273921,0.49999999948114604,7.999991941435145,False
1.216,199.9999953942439,0.4999999996861095,7.999992691196608,False
1.2165,199.9999924131753,0.4999999999368532,7.999994397713005,False
1.217,199.99999047040052,0.500000000199709,7.9999968247830475,False
1.2175,199.99998981064732,0.5000000004397918,7.999999643742219,False
1.218,199.9999905064485,0.5000000006256197,8.000002477911124,False
1.2185,199.99999245051973,0.5000000007332328,8.000004952879161,False
1.219,199.99999537196746,0.5000000007492715,8.000006745917716,False
1.2195,199.99999887391695,0.5000000006726196,8.000007628007866,False
1.22,200.00000248734793,0.5000000005144134,8.000007493017053,False
1.2205,200.00000573384523,0.5000000002964317,8.000006370317953,False
1.221,200.00000818887784,0.5000000000480991,8.00000441937131,False
1.2215,200.00000953724407,0.4999999998025143,8.0000019071929,False
1.222,200.00000961345077,0.4999999995920373,7.999999171874182,False
1.2225,200.00000842186583,0.4999999994440252,7.99999657713213,False
1.223,200.00000613421287,0.4999999993772765,7.99999446399135,False
1.2235,200.00000306499547,0.4999999993996459,7.999993106011213,False
1.224,199.9999996283476,0.4999999995071319,7.999992673929997,False
1.2245,199.99999628221812,0.499999999684539,7.999993214287226,False
1.225,199.99999346740344,0.49999999990761224,7.999994644688696,False
1.2255,199.99999154953758,0.5000000001463419,7.999996766150212,False
1.226,199.99999077166578,0.5000000003689922,7.999999290696219,False
1.2265,199.99999122354322,0.5000000005463108,8.000001880395974,False
1.227,199.9999928315243,0.5000000006553638,8.000004192552739,False
1.2275,199.99999537014253,0.5000000006824917,8.000005925009095,False
1.228,199.9999984936058,0.5000000006250087,8.000006855584978,False
1.2285,200.00000178282306,0.5000000004914316,8.000006870507201,False
1.229,200.00000480157505,0.5000000003002283,8.000005978201601,False
1.2295,200.0000071543093,0.5000000000772671,8.000004306792972,False
1.23,200.000008537909,0.49999999985231575,8.000002085827626,False
1.2305,200.0000087806684,0.4999999996550671,7.999999614811436,False
1.231,200.0000078634733,0.49999999951121915,7.999997222867317,False
1.2315,200.0000059205924,0.49999999943912676,7.999995224939921,False
1.232,200.00000322020628,0.49999999944746193,7.999993880369982,False
1.2325,200.0000001274749,0.4999999995341782,7.999993359281053,False
1.233,199.99999705521893,0.4999999996869026,7.9999937211287095,False
1.2335,199.99999440886808,0.4999999998846871,7.999994908106352,False
1.234,199.9999925330099,0.5000000001008716,7.999996754109762,False
1.2345,199.99999166657983,0.5000000003066694,7.999999007900008,False
1.235,199.99999191251067,0.5000000004749923,8.000001367244911,False
1.2355,199.99999322568527,0.500000000584008,8.000003519406162,False
1.236,199.99999542057498,0.500000000619964,8.00000518255409,False
1.2365,199.99999819733202,0.5000000005789109,8.000006142630792,False
1.237,200.0000011826812,0.500000000467113,8.000006280845751,False
1.2375,200.00000398004232,0.5000000003001054,8.000005588279775,False
1.238,200.00000622216115,0.5000000001005367,8.000004165815108,False
1.2385,200.0000076192705,0.4999999998950983,8.000002209567729,False
1.239,200.00000799647248,0.49999999971095377,7.999999983909887,False
1.2395,200.0000073155286,0.49999999957214664,7.999997785786134,False
1.24,200.00000567835713,0.4999999994964609,7.9999959051334955,False
1.2405,200.0000033119838,0.4999999994931441,7.999994586676434,False
1.241,200.00000053714385,0.499999999561783,7.999993998125673,False
1.2415,199.99999772486646,0.49999999969246783,7.999994208907369,False
1.242,199.9999952469113,0.4999999998672087,7.999995182111772,False
1.2425,199.9999934266713,0.5000000000624029,7.999996780574425,False
1.243,199.9999924970196,0.5000000002520147,7.999998786126332,False
1.2435,199.99999257058775,0.500000000411042,8.000000929321837,False
1.244,199.9999936262586,0.5000000005188048,8.000002925599755,False
1.2445,199.9999955134735,0.5000000005616274,8.000004513029742,False
1.245,199.99999797358242,0.5000000005345645,8.000005486641811,False
1.2455,200.0000006752248,0.5000000004419554,8.000005724844826,False
1.246,200.0000032589096,0.5000000002967449,8.000005204535091,False
1.2465,200.00000538480333,0.500000000118677,8.000004003028835,False
1.247,200.00000677738032,0.4999999999316102,8.000002286712734,False
1.2475,200.00000726107413,0.4999999997603207,8.000000288062028,False
1.248,200.00000678232496,0.4999999996272199,7.999998274193016,False
1.2485,200.00000541526683,0.4999999995494225,7.9999965111983915,False
1.249,200.00000335048833,0.49999999953654634,7.999995229022796,False
1.2495,200.0000008685444,0.49999999958952795,7.999994591510288,False
1.25,199.9999983018887,0.499999999700597,7.999994675520173,False
1.2505,199.99999599038588,0.4999999998544014,7.999995461765818,False
1.2510000000000001,199.99999423634975,0.5000000000301208,7.999996838453162,False
1.2515,199.99999326505093,0.5000000002042774,7.9999986170928805,False
1.252,199.9999931958461,0.5000000003538665,8.000000558260266,False
1.2525,199.99999402761975,0.5000000004593892,8.000002403788379,False
1.2530000000000001,199.9999956403,0.5000000005073861,8.000003911070369,False
1.2535,199.99999781206364,0.5000000004921475,8.000004884917768,False
1.254,200.00000024978252,0.5000000004163785,8.000005202795684,False
1.2545,200.0000026285389,0.5000000002907458,8.000004830177831,False
1.2550000000000001,200.00000463489027,0.5000000001323799,8.000003824106253,False
1.2555,200.0000060081274,0.49999999996253897,8.000002324619475,False
1.256,200.00000657410075,0.4999999998037552,8.00000053531871,False
1.2565,200.00000626723306,0.499999999676845,7.999998695761716,False
1.2570000000000001,200.000005137946,0.49999999959817987,7.999997049422167,False
1.2575,200.00000334468467,0.49999999957757507,7.999995811495764,False
1.258,200.0000011317693,0.49999999961706787,7.9999951408059236,False
1.2585,199.99999879615916,0.4999999997107371,7.999995119472094,False
1.2590000000000001,199.99999664764277,0.49999999984557525,7.999995742937251,False
1.2595,199.9999949677863,0.5000000000032864,7.999996921553847,False
1.26,199.99999397307482,0.5000000001627625,7.9999984933875385,False
1.2605,199.99999378706548,0.5000000003029019,8.0000002464205,False
1.2610000000000001,199.99999442512782,0.5000000004053964,8.000001947115983,False
1.2615,199.99999579364257,0.5000000004571163,8.00000337149989,False
1.262,199.99999770360128,0.5000000004517859,8.000004334626825,False
1.2625,199.9999998966469,0.500000000390734,8.000004714557939,False
1.2630000000000001,200.00000207997593,0.500000000282632,8.0000044677469,False
1.2635,200.00000396539278,0.5000000001422659,8.000003633899773,False
1.264,200.00000530731202,0.4999999999885142,8.00000232978677,False
1.2645,200.00000593470287,0.49999999984180854,8.000000732948262,False
1.2650000000000001,200.00000577282623,0.49999999972141845,7.999999057561497,False
1.2655,200.0000048520103,0.49999999964291986,7.999997525743666,False
1.266,200.00000330245282,0.4999999996161806,7.9999963381323145,False
1.2665,200.00000133589518,0.4999999996441216,7.999995647636125,False
1.2670000000000001,199.99999921673714,0.4999999997224111,7.999995539786158,False
1.2675,199.99999722652635,0.4999999998401179,7.999996022206912,False
1.268,199.99999562658667,0.4999999999812305,7.999997024494259,False
1.2685,199.9999946237416,0.5000000001268287,7.999998408397887,False
1.2690000000000001,199.99999434362311,0.5000000002576149,7.999999986846948,False
1.2695,199.99999481500438,0.5000000003564665,8.000001549206049,False
1.27,199.9999959671004,0.5000000004106723,8.000002889356136,False
1.2705,199.99999764004534,0.5000000004135611,8.000003832860202,False
1.2710000000000001,199.99999960701328,0.5000000003653131,8.00000425963687,False
1.2715,200.00000160492974,0.5000000002728594,8.000004119199412,False
1.272,200.00000336962094,0.5000000001488897,8.000003436531978,False
1.2725,200.00000467070902,0.5000000000101108,8.00000230793359,False
1.2730000000000001,200.00000534164838,0.49999999987499577,8.000000887492593,False
1.2735,200.0000053009923,0.49999999976132414,7.999999366083929,False
1.274,200.0000045621813,0.49999999968384207,7.99999794574741,False
1.2745,200.00000323069105,0.49999999965234987,7.9999968128826815,False
1.2750000000000001,200.0000014890596,0.499999999670464,7.99999611381372,False
1.2755,199.99999957190937,0.49999999973520964,7.999995935922573,False
1.276,199.99999773437497,0.49999999983748855,7.999996296780384,False
1.2765,199.99999621818128,0.49999999996334965,7.999997142619816,False
1.2770000000000001,199.999995219877,0.5000000000958866,7.999998356244842,False
1.2775,199.99999486539468,0.5000000002175037,7.999999773226065,False
1.278,199.99999519422357,0.5000000003122469,8.000001204149099,False
1.2785,199.99999615517712,0.500000000367892,8.00000245990937,False
1.2790000000000001,199.9999976141813,0.5000000003775167,8.000003376678896,False
1.2795,199.99999937291952,0.5000000003403537,8.00000383725188,False
1.28,200.00000119574892,0.5000000002618231,8.000003785991725,False
1.2805,200.0000028412396,0.5000000001527454,8.00000323547836,False
1.281,200.00000409411953,0.5000000000278523,8.000002264072629,False
1.2815,200.00000479340338,0.4999999999037965,8.00000100482216,False
1.282,200.00000485303326,0.4999999997969312,7.999999627272216,False
1.2825,200.00000427239138,0.4999999997211542,7.999998314663688,False
1.283,200.00000313541145,0.4999999996861005,7.999997239581619,False
1.2835,200.00000159853562,0.4999999996959183,7.9999965412872855,False
1.284,199.99999986923373,0.49999999974878406,7.9999963077078275,False
1.2845,199.9999981780289,0.49999999983721066,7.999996564408902,False
1.285,199.99999674779608,0.4999999999491005,7.999997271926919,False
1.2855,199.9999957644195,0.5000000000693952,7.999998331718441,False
1.286,199.9999953526679,0.5000000001820977,7.999999599843157,False
1.2865,199.99999556041323,0.5000000002723952,8.000000906485905,False
1.287,199.99999635318258,0.5000000003286018,8.000002078673658,False
1.2875,199.99999761964534,0.5000000003436657,8.000002963151568,False
1.288,199.9999991871863,0.5000000003160477,8.000003446395509,False
1.2885,200.00000084539462,0.5000000002498629,8.000003469151242,False
1.289,200.0000023742766,0.5000000001542716,8.000003033642356,False
1.2895,200.00000357341335,0.5000000000422133,8.000002202578566,False
1.29,200.00000428820292,0.4999999999286553,8.00000109018845,False
1.2905,200.00000442975428,0.4999999998285928,7.999999846551175,False
1.291,200.00000398587892,0.49999999975506887,7.999998637372241,False
1.2915,200.00000302182914,0.49999999971747444,7.999997621925558,False
1.292,200.00000167080267,0.49999999972034953,7.999996932095188,False
1.2925,200.00000011558302,0.4999999997628388,7.999996655271755,False
1.293,199.9999985638408,0.49999999983886606,7.999996823318218,False
1.2935,199.99999722042952,0.4999999999379956,7.999997408993055,False
1.294,199.99999626036748,0.5000000000468596,7.999998330218442,False
1.2945,199.99999580606664,0.5000000001509572,7.999999461540933,False
1.295,199.9999959117658,0.5000000002365813,8.000000651189396,False
1.2955,199.9999965571431,0.5000000002926198,8.00000174141439,False
1.296,199.99999765084567,0.5000000003119939,8.00000258938607,False
1.2965,199.9999990433592,0.500000000292546,8.000003085884655,False
1.297,200.00000054741054,0.50000000023727,8.000003169340706,False
1.2975,200.00000196312527,0.5000000001538563,8.000002833423961,False
1.298,200.00000310456286,0.5000000000536237,8.000002127251975,False
1.2985,200.00000382411105,0.4999999999499833,8.000001148274785,False
1.299,200.00000403154183,0.49999999985664423,8.000000028858366,False
1.2995,200.00000370527428,0.49999999978579956,7.999998918409957,False
1.3,200.00000289444452,0.49999999974653386,7.999997963456102,False
1.3005,200.00000171161457,0.49999999974365866,7.999997288327314,False
1.301,200.00000031718903,0.49999999977712595,7.999996978992975,False
1.3015,199.99999889769126,0.49999999984208937,7.999997072145058,False
1.302,199.9999976408372,0.4999999999295989,7.99999755091275,False
1.3025,199.99999671073533,0.500000000027829,7.999998347698292,False
1.303,199.9999962264846,0.5000000001236731,7.999999353678979,False
1.3035,199.9999962469595,0.5000000002044883,8.000000433644667,False
1.304,199.99999676371982,0.5000000002597602,8.00000144415119,False
1.3045,199.9999977028891,0.5000000002824664,8.00000225255488,False
1.305,199.9999989356532,0.5000000002699646,8.000002754404852,False
1.3055,200.0000002958929,0.5000000002242916,8.000002886915015,False
1.306,200.00000160254297,0.5000000001518412,8.000002636781572,False
1.3065,200.00000268367023,0.5000000000624706,8.000002041377812,False
1.307,200.00000339907302,0.4999999999681592,8.00000118324379,False
1.3075,200.00000365843357,0.4999999998814029,8.000000178674405,False
1.308,200.00000343267774,0.4999999998135584,7.99999916198011,False
1.3085,200.00000275711852,0.499999999773356,7.999998267547236,False
1.309,200.00000172606204,0.4999999997657772,7.999997612092244,False
1.3095,200.00000047968527,0.4999999997914391,7.999997279450546,False
1.31,199.99999918500527,0.4999999998465627,7.9999973098798245,False
1.3105,199.99999801352087,0.49999999992352157,7.9999976952390535,False
1.311,199.99999711851638,0.500000000011893,7.999998380613052,False
1.3115,199.9999966150277,0.5000000000998654,7.999999272094847,False
1.312,199.99999656508714,0.5000000001758145,8.000000249628366,False
1.3125,199.99999697013402,0.5000000002298352,8.000001183158073,False
1.313,199.99999777151268,0.5000000002550308,8.000001949915681,False
1.3135000000000001,199.99999885889994,0.5000000002483892,8.000002450548301,False
1.314,200.00000008545965,0.5000000002111364,8.000002621971577,False
1.3145,200.0000012876459,0.5000000001485265,8.00000244528777,False
1.315,200.0000023069882,0.5000000000691025,8.000001947779424,False
1.3155000000000001,200.00000301095915,0.49999999998353056,8.000001198782462,False
1.316,200.00000331017932,0.4999999999031676,8.00000030005325,False
1.3165,200.00000316972938,0.4999999998385539,7.999999371964026,False
1.317,200.00000261314253,0.4999999997980305,7.999998537397068,False
1.3175000000000001,200.00000171863354,0.49999999978666265,7.999997905490236,False
1.318,200.00000060814992,0.49999999980560866,7.999997557381927,False
1.3185,199.99999943077268,0.49999999985201055,7.999997535815156,False
1.319,199.99999834272307,0.4999999999194178,7.999997839929514,False
1.3195000000000001,199.99999748665323,0.49999999999867945,7.999998425869957,False
1.32,199.99999697296394,0.5000000000791832,7.999999213065748,False
1.3205,199.99999686559278,0.5000000001502731,8.000000095286305,False
1.321,199.99999717409918,0.5000000002026579,8.00000095495984,False
1.3215000000000001,199.9999978530197,0.5000000002296211,8.00000167882677,False
1.322,199.99999880849603,0.5000000002278797,8.000002172846088,False
1.3225,199.9999999112178,0.5000000001979785,8.000002374394791,False
1.323,200.00000101390003,0.5000000001441741,8.000002260180121,False
1.3235000000000001,200.00000197093547,0.5000000000738315,8.000001848868688,False
1.324,200.000002657602,0.49999999999641564,8.000001198145188,False
1.3245,200.00000298629473,0.49999999992221833,8.000000396652377,False
1.325,200.00000291767185,0.49999999986098925,7.999999551934772,False
1.3255000000000001,200.00000246530175,0.49999999982065535,7.9999987760233475,False
1.326,200.00000169327063,0.49999999980629434,7.999998170591465,False
1.3265,200.0000007071465,0.4999999998194968,7.999997813647111,False
1.327,199.9999996395685,0.4999999998581958,7.999997749501017,False
1.3275000000000001,199.9999986324252,0.4999999999169812,7.999997983298344,False
1.328,199.99999781801415,0.499999999987852,7.999998480783992,False
1.3285,199.99999730168122,0.5000000000613023,7.999999173273191,False
1.329,199.99999714821658,0.5000000001275937,7.99999996711192,False
1.3295000000000001,199.99999737375998,0.5000000001780437,8.00000075632692,False
1.33,199.9999979442218,0.5000000002061601,8.000001436758787,False
1.3305,199.9999987803551,0.5000000002084737,8.00000191979508,False
1.331,199.99999976873212,0.5000000001849617,8.000002143894577,False
1.3315000000000001,200.00000077711016,0.5000000001390119,8.000002082406066,False
1.332,200.00000167210715,0.5000000000769363,8.000001746691344,False
1.3325,200.000002336827,0.5000000000071049,8.000001184193287,False
1.333,200.0000026861078,0.4999999999388165,8.000000471761604,False
1.3335000000000001,200.00000267740668,0.4999999998810608,7.999999705171286,False
1.334,200.00000231593356,0.49999999984133475,7.999998986261194,False
1.3345,200.00000165342072,0.4999999998246694,7.999998409417899,False
1.335,200.0000007807639,0.49999999983299376,7.999998049197057,False
1.3355000000000001,199.99999981557508,0.49999999986491517,7.999997950703901,False
1.336,199.9999988863491,0.499999999915941,7.999998123971774,False
1.3365,199.9999981153731,0.49999999997910705,7.999998543035487,False
1.337,199.99999760264967,0.5000000000459252,7.999999149768652,False
1.3375000000000001,199.9999974129449,0.5000000001075218,7.999999861924202,False
1.338,199.99999756763677,0.5000000001558127,8.000000584268463,False
1.3385,199.9999980423846,0.5000000001845636,8.000001221303815,False
1.339,199.99999877086265,0.5000000001901905,8.000001689881577,False
1.3395000000000001,199.99999965399448,0.5000000001722036,8.00000193004111,False
1.34,200.0000005734075,0.5000000001332371,8.000001912664073,False
1.3405,200.00000140728258,0.5000000000786653,8.00000164296907,False
1.341,200.00000204647856,0.5000000000158623,8.000001159432678,False
1.3415000000000001,200.0000024088,0.4999999999532053,8.000000528331212,False
1.342,200.00000244954458,0.49999999989895727,7.999999834673598,False
1.3425,200.00000216698018,0.49999999986017685,7.99999917076369,False
1.343,200.0000016020855,0.4999999998418004,7.999998623929206,False
1.3435000000000001,200.00000083265417,0.49999999984601384,7.9999982650471075,False
1.344,199.99999996260445,0.4999999998719956,7.999998139371429,False
1.3445,199.9999991079609,0.499999999916059,7.99999826084868,False
1.345,199.99999838139607,0.4999999999721718,7.999998610631828,False
1.3455,199.99999787739128,0.500000000032779,7.9999991399412265,False
1.346,199.9999976599671,0.5000000000898185,7.999999776845699,False
1.3465,199.99999775457582,0.5000000001357902,8.000000436023425,False
1.347,199.99999814517827,0.5000000001647411,8.000001030180355,False
1.3475,199.9999987768331,0.5000000001730333,8.000001481599343,False
1.348,199.9999995633933,0.500000000159798,8.000001732293462,False
1.3485,200.0000003992355,0.5000000001270192,8.000001751438916,False
1.349,200.00000117342825,0.5000000000792385,8.000001539136626,False
1.3495,200.0000017844404,0.5000000000229274,8.000001126047833,False
1.35,200.00000215344062,0.49999999996561023,8.00000056899839,False
1.3505,200.00000223444928,0.4999999999148586,7.999999943178149,False
1.351,200.00000202003648,0.49999999987729143,7.9999993320039895,False
1.3515,200.0000015418655,0.49999999985771154,7.9999988160116695,False
1.352,200.0000008660681,0.4999999998584921,7.99999846225422,False
1.3525,200.00000008412061,0.49999999987929095,7.999998315601038,False
1.353,199.99999930047713,0.4999999999171265,7.999998393065009,False
1.3535,199.99999861862972,0.4999999999668015,7.9999986818723965,False
1.354,199.9999981274537,0.5000000000216145,7.999999141487751,False
1.3545,199.99999788963805,0.5000000000742615,7.999999709281591,False
1.355,199.9999979337052,0.5000000001178077,8.000000309051206,False
1.3555,199.99999825063242,0.5000000001465986,8.000000861236929,False
1.356,199.99999879546985,0.5000000001569929,8.000001293465704,False
1.3565,199.9999994936837,0.500000000147819,8.000001550025935,False
1.357,200.00000025133394,0.500000000120503,8.000001599034707,False
1.3575,200.00000096769912,0.5000000000788505,8.000001436377199,False
1.358,200.00000154865282,0.5000000000285167,8.000001085934706,False
1.3585,200.0000019190178,0.4999999999762393,8.000000596113372,False
1.359,200.00000203227773,0.49999999992893573,8.000000033173931,False
1.3595,200.00000187639364,0.4999999998927886,7.999999472279574,False
1.36,200.00000147500245,0.4999999998724369,7.999998987469983,False
1.3605,200.00000088389052,0.4999999998703814,7.99999864189754,False
1.361,200.0000001832625,0.49999999988667865,7.999998479612013,False
1.3615,199.99999946687313,0.4999999999189611,7.999998519960924,False
1.362,199.99999882949407,0.4999999999627775,7.999998755315369,False
1.3625,199.9999983543877,0.500000000012204,7.999999152383557,False
1.363,199.99999810244407,0.5000000000606435,7.99999965689833,False
1.3635,199.99999810439408,0.500000000101704,8.000000201020963,False
1.364,199.9999983570945,0.5000000001300406,8.00000071245307,False
1.3645,199.99999882432775,0.5000000001420493,8.000001124033794,False
1.365,199.99999944195937,0.5000000001363226,8.000001382549673,False
1.3655,200.00000012672385,0.5000000001138116,8.00000145560295,False
1.366,200.0000007874368,0.5000000000776725,8.000001335653073,False
1.3665,200.00000133712498,0.5000000000328254,8.000001040730131,False
1.367,200.00000170446307,0.4999999999852841,8.000000611763742,False
1.3675,200.0000018430139,0.4999999999413502,8.000000106918495,False
1.368,200.00000173707784,0.4999999999067775,7.999999593717925,False
1.3685,200.0000014034167,0.49999999988601806,7.999999140022127,False
1.369,200.0000008886718,0.49999999988164995,7.999998805063361,False
1.3695,200.00000026286608,0.49999999989405713,7.999998631722696,False
1.37,199.99999960989228,0.49999999992140437,7.999998641053516,False
1.3705,199.99999901627814,0.4999999999599047,7.999998829749347,False
1.371,199.9999985597306,0.5000000000043412,7.999999170857053,False
1.3715,199.99999829897544,0.5000000000487727,7.999999617604398,False
1.372,199.99999826621826,0.5000000000873257,8.000000109801066,False
1.3725,199.999998463193,0.5000000001149704,8.000000581938897,False
1.373,199.99999886127918,0.5000000001281737,8.000000971902198,False
1.3735,199.9999994056256,0.5000000001253502,8.000001229131332,False
1.374,200.0000000226909,0.5000000001070485,8.000001321167572,False
1.3745,200.00000063016685,0.5000000000758549,8.000001237733638,False
1.375,200.00000114794588,0.5000000000360286,8.000000991838805,False
1.3755,200.00000150867416,0.49999999999292044,8.000000617796742,False
1.3760000000000001,200.00000166650037,0.4999999999522539,8.000000166452645,False
1.3765,200.00000160288596,0.4999999999193651,7.999999698281685,False
1.377,200.00000132874285,0.4999999998985026,7.999999275294219,False
1.3775,200.00000088265847,0.49999999989227856,7.999998952830291,False
1.3780000000000001,200.00000032548584,0.4999999999013429,7.99999877232793,False
1.3785,199.9999997320557,0.4999999999243192,7.9999987560093855,False
1.379,199.99999918113673,0.49999999995800987,7.999998904164988,False
1.3795,199.99999874498985,0.4999999999978388,7.999999195363839,False
1.3800000000000001,199.99999847990028,0.5000000000384712,7.999999589530261,False
1.3805,199.99999841892722,0.5000000000745273,8.00000003344738,False
1.381,199.9999985678017,0.5000000001012921,8.000000467933239,False
1.3815,199.99999890448072,0.5000000001153313,8.000000835723242,False
1.3820000000000001,199.99999938237283,0.5000000001149301,8.000001089009832,False
1.3825,199.99999993676923,0.5000000001003,8.000001195647924,False
1.383,200.00000049359392,0.5000000000735286,8.000001143221548,False
1.3835,200.0000009792914,0.5000000000382834,8.000000940459348,False
1.3840000000000001,200.0000013305334,0.49999999999930916,8.000000615841891,False
1.3845,200.0000015024649,0.49999999996178907,8.000000213616678,False
1.385,200.00000147441702,0.4999999999306555,7.999999787776483,False
1.3855,200.000001252362,0.49999999990994165,7.999999394819247,False
1.3860000000000001,200.0000008678219,0.499999999902259,7.999999086259357,False
1.3865,200.00000037341601,0.49999999990846866,7.999998901881995,False
1.387,199.9999998356734,0.4999999999275877,7.9999988646229845,False
1.3875,199.99999932609006,0.4999999999569397,7.999998977731533,False
1.3880000000000001,199.99999891163196,0.49999999999252753,7.999999224564696,False
1.3885,199.99999864594386,0.5000000000295759,7.999999571010904,False
1.389,199.9999985624171,0.5000000000631712,7.999999970192562,False
1.3895,199.9999986700105,0.5000000000889113,8.000000368800908,False
1.3900000000000001,199.99999895234473,0.5000000001034814,8.000000714208205,False
1.3905,199.99999937015286,0.5000000001050796,8.000000961409231,False
1.391,199.9999998667252,0.5000000000936369,8.000001078877398,False
1.3915,200.0000003755958,0.5000000000708075,8.00000105257465,False
1.3920000000000001,200.00000082942924,0.5000000000397299,8.000000887606452,False
1.3925,200.00000116892227,0.5000000000045969,8.00000060733042,False
1.393,200.00000135054304,0.4999999999700883,8.000000250064673,False
1.3935,200.00000135210013,0.4999999999407492,7.999999863858314,False
1.3940000000000001,200.00000117543058,0.4999999999203898,7.999999500036326,False
1.3945,200.00000084588453,0.4999999999115918,7.99999920638516,False
1.395,200.00000040871072,0.49999999991538085,7.999999020882957,False
1.3955,199.99999992285584,0.4999999999311089,7.999998966796158,False
1.3960000000000001,199.9999994530253,0.4999999999565588,7.999999049774278,False
1.3965,199.99999906107388,0.499999999988255,7.9999992573040215,False
1.397,199.9999987978705,0.5000000000219365,7.99999956056779,False
1.3975,199.9999986967059,0.5000000000531285,7.999999918434033,False
1.3980000000000001,199.99999876909658,0.500000000077736,8.000000283028289,False
1.3985,199.9999990035112,0.5000000000925802,8.000000606131346,False
1.399,199.99999936715494,0.5000000000958068,8.00000084555016,False
1.3995,199.99999981054137,0.5000000000871172,8.000000970620862,False
1.4000000000000001,200.00000027421643,0.5000000000677899,8.000000966126844,False
1.4005,200.00000069672214,0.5000000000404928,8.000000834132573,False
1.401,200.00000102273455,0.5000000000089166,8.00000059351482,False
1.4015,200.00000121029936,0.49999999997727507,8.000000277279167,False
1.4020000000000001,200.0000012362199,0.4999999999497423,7.9999999280413645,False
1.4025,200.0000010989073,0.499999999929903,7.999999592291008,False
1.403,200.0000008183446,0.499999999920285,7.999999314208875,False
1.4035,200.00000043320358,0.49999999992203803,7.999999129859284,False
1.4040000000000001,199.99999999552574,0.499999999934797,7.99999906252016,False
1.4045,199.99999956369885,0.499999999956748,7.9999991197545,False
1.405,199.99999919467533,0.4999999999848839,7.999999292590214,False
1.4055,199.99999893646788,0.5000000000154149,7.999999556892494,False
1.4060000000000001,199.99999882191142,0.5000000000442782,7.999999876722926,False
1.4065,199.99999886449967,0.5000000000676774,8.000000209218992,False
1.407,199.99999905682313,0.5000000000825805,8.000000510332423,False
1.4075,199.99999937178455,0.500000000087112,8.000000740659038,False
1.408,199.9999997664008,0.5000000000807872,8.00000087058911,False
1.4085,200.0000001876588,0.5000000000645604,8.000000884105956,False
1.409,200.00000057962959,0.5000000000406826,8.000000780746493,False
1.4095,200.00000089088638,0.5000000000123895,8.000000575485785,False
1.41,200.00000108124428,0.4999999999834634,8.000000296584405,False
1.4105,200.0000011269388,0.49999999995772687,7.999999981705856,False
1.411,200.0000010235772,0.49999999993853805,7.999999672836572,False
1.4115,200.00000078649884,0.4999999999283525,7.999999410692751,False
1.412,200.00000044852538,0.49999999992840893,7.999999229358419,False
1.4125,200.00000005542853,0.4999999999385797,7.9999991518601075,False
1.413,199.999999659739,0.4999999999574031,7.999999187251893,False
1.4135,199.99999931373324,0.4999999999822915,7.999999329578531,False
1.414,199.999999062534,0.5000000000098858,7.99999955883221,False
1.4145,199.99999893823255,0.5000000000365077,7.999999843754037,False
1.415,199.99999895579992,0.5000000000586494,8.000000146089434,False
1.4155,199.999999111304,0.5000000000734339,8.000000425718765,False
1.416,199.99999938264355,0.5000000000789891,8.00000064597619,False
1.4165,199.9999997326728,0.5000000000746826,8.000000778451977,False
1.417,200.0000001142772,0.5000000000611909,8.000000806650048,False
1.4175,200.00000047670807,0.5000000000403966,8.000000728030976,False
1.418,200.0000007723245,0.5000000000151245,8.000000554188807,False
1.4185,200.00000096284919,0.49999999998875877,8.000000309159606,False
1.419,200.00000102431625,0.49999999996478983,8.000000026106404,False
1.4195,200.00000095007326,0.4999999999463517,7.999999742836501,False
1.42,200.00000075146318,0.49999999993581273,7.999999496756538,False
1.4205,200.0000004561221,0.4999999999344713,7.999999319937695,False
1.421,200.00000010414527,0.4999999999423966,7.999999234941384,False
1.4215,199.99999974265097,0.4999999999584332,7.999999251948201,False
1.422,199.9999994194793,0.4999999999803682,7.999999367554137,False
1.4225,199.99999917686682,0.5000000000052345,7.999999565374373,False
1.423,199.99999904593307,0.5000000000297121,7.999999818354176,False
1.4235,199.99999904269768,0.5000000000505699,8.000000092462496,False
1.424,199.99999916613655,0.5000000000650912,8.000000351264779,False
1.4245,199.99999939851034,0.5000000000714272,8.000000560761274,False
1.425,199.99999970789722,0.5000000000688308,8.000000693848886,False
1.4255,200.00000005256845,0.500000000057743,8.000000733821608,False
1.426,200.00000038661005,0.500000000039721,8.000000676458479,False
1.4265,200.00000066603295,0.5000000000172198,8.000000530439145,False
1.427,200.00000085455972,0.49999999999325806,8.000000316051269,False
1.4275,200.00000092832724,0.49999999997101335,8.00000006237987,False
1.428,200.00000087889674,0.49999999995340005,7.999999803366855,False
1.4285,200.00000071419274,0.4999999999426881,7.9999995732740725,False
1.429,200.00000045727126,0.49999999994021044,7.9999994021555905,False
1.4295,200.00000014310325,0.4999999999461975,7.99999931193694,False
1.43,199.99999981382163,0.4999999999597593,7.999999313612304,False
1.4305,199.99999951307663,0.499999999979016,7.999999405916932,False
1.431,199.9999992802547,0.5000000000013571,7.9999995756333195,False
1.4315,199.9999991453263,0.5000000000237944,7.9999997994722545,False
1.432,199.99999912499516,0.500000000043361,8.000000047262349,False
1.4325,199.99999922064342,0.5000000000575026,8.00000028601219,False
1.433,199.99999941832306,0.5000000000644105,8.000000484298713,False
1.4335,199.99999969077172,0.5000000000632517,8.000000616398633,False
1.434,200.0000000011639,0.5000000000542677,8.000000665620322,False
1.4345,200.0000003080819,0.5000000000387306,8.000000626405289,False
1.435,200.00000057103708,0.5000000000187634,8.000000504935795,False
1.4355,200.0000007558056,0.4999999999970502,8.000000318185137,False
1.436,200.0000008388764,0.49999999997647465,8.000000091553927,False
1.4365,200.000000810434,0.49999999995973793,7.999999855420372,False
1.437,200.0000006754991,0.49999999994900357,7.9999996410724625,False
1.4375,200.00000045309724,0.49999999994561783,7.999999476566244,False
1.438,200.00000017358735,0.49999999994994143,7.999999383057847,False
1.4385000000000001,199.99999987452455,0.4999999999613131,7.999999372088333,False
1.439,199.99999959561939,0.4999999999781484,7.999999444168849,False
1.4395,199.9999993734698,0.4999999999981594,7.999999588838465,False
1.44,199.9999992367638,0.5000000000186648,7.999999786169974,False
1.4405000000000001,199.99999920258142,0.5000000000369487,8.000000009508783,False
1.441,199.99999927427098,0.5000000000506191,8.0000002290688,False
1.4415,199.999999441163,0.5000000000579204,8.000000415901122,False
1.442,199.99999968013807,0.5000000000579585,8.0000005457071,False
1.4425000000000001,199.9999999588213,0.5000000000508077,8.000000601994003,False
1.443,200.00000023996205,0.5000000000374911,8.000000578164158,False
1.4435,200.00000048640823,0.5000000000198347,8.000000478273826,False
1.444,200.00000066601075,0.5000000000002163,8.000000316376594,False
1.4445000000000001,200.00000075581207,0.499999999981246,8.000000114554128,False
1.445,200.00000074497302,0.4999999999654187,7.9999998999092705,False
1.4455,200.0000006360665,0.4999999999547861,7.999999700930263,False
1.446,200.00000044458548,0.4999999999506904,7.999999543713248,False
1.4465000000000001,200.00000019675073,0.4999999999535957,7.999999448543643,False
1.447,199.9999999259262,0.4999999999630362,7.999999427283468,False
1.4475,199.999999668133,0.4999999999776885,7.999999481900705,False
1.448,199.99999945726228,0.4999999999955562,7.999999604321771,False
1.4485000000000001,199.9999993206245,0.5000000000142407,7.999999777611633,False
1.449,199.99999927541808,0.5000000000312633,7.999999978310642,False
1.4495,199.99999932657306,0.5000000000443924,8.000000179606264,False
1.45,199.99999946623953,0.500000000051936,8.000000354911634,False
1.4505000000000001,199.99999967496927,0.5000000000529591,8.00000048137367,False
1.451,199.9999999244154,0.5000000000473981,8.000000542848278,False
1.4515,200.0000001811765,0.5000000000360595,8.00000053195593,False
1.452,200.0000004112647,0.5000000000205038,8.000000450956575,False
1.4525000000000001,200.0000005846,0.5000000000028304,8.000000311341719,False
1.453,200.00000067893774,0.4999999999853947,8.000000132212277,False
1.4535,200.0000006827173,0.4999999999704937,7.999999937669951,False
1.454,200.0000005964669,0.499999999960064,7.999999753577949,False
1.4545000000000001,200.00000043259675,0.4999999999554295,7.999999604125908,False
1.455,200.0000002136254,0.499999999957134,7.999999508654789,False
1.4555,199.99999996909165,0.4999999999648782,7.999999479158014,False
1.456,199.9999997315742,0.49999999997756855,7.99999951878129,False
1.4565000000000001,199.99999953235528,0.4999999999934708,7.999999621507641,False
1.457,199.99999939730495,0.5000000000104464,7.999999773056028,False
1.4575,199.99999934352635,0.5000000000262393,7.999999952860856,False
1.458,199.99999937719687,0.5000000000387753,8.000000136858926,False
1.4585000000000001,199.99999949287658,0.500000000046434,8.00000030070664,False
1.459,199.99999967435852,0.5000000000482567,8.000000422997509,False
1.4595,199.99999989693092,0.5000000000440673,8.000000488055496,False
1.46,200.00000013073674,0.5000000000344847,8.000000487939865,False
1.4605000000000001,200.00000034477478,0.5000000000208334,8.000000423405869,False
1.461,200.00000051100602,0.5000000000049598,8.000000303706262,False
1.4615,200.00000060802253,0.49999999998898326,8.000000145273114,False
1.462,200.00000062379888,0.49999999997501204,7.999999969466391,False
1.4625000000000001,200.00000055717334,0.49999999996486627,7.9999997996976795,False
1.463,200.0000004178784,0.49999999995983996,7.9999996583154,False
1.4635,200.00000022513146,0.4999999999605365,7.9999995636659476,False
1.464,200.00000000498986,0.4999999999667969,7.999999527716571,False
1.4645000000000001,199.9999997868323,0.49999999997772915,7.999999554547599,False
1.465,199.99999959944194,0.4999999999918345,7.999999639903207,False
1.4655,199.99999946721252,0.5000000000072123,7.999999771848048,False
1.466,199.99999940697705,0.5000000000218157,7.999999932430437,False
1.4665000000000001,199.99999942587093,0.5000000000337228,8.00000010012109,False
1.467,199.9999995205,0.50000000004139,8.000000252696589,False
1.4675,199.99999967750836,0.5000000000438511,8.000000370181747,False
1.468,199.99999987545462,0.500000000040838,8.000000437461628,False
1.4685000000000001,200.00000008773534,0.5000000000328089,8.000000446222327,False
1.469,200.00000028615656,0.5000000000208789,8.000000395971476,False
1.4695,200.00000044467436,0.5000000000066654,8.000000294014436,False
1.47,200.00000054280954,0.4999999999920694,8.000000154401148,False
1.4705000000000001,200.00000056828875,0.49999999997902056,7.999999995994349,False
1.471,200.00000051857185,0.49999999996922223,7.999999839924144,False
1.4715,200.00000040107673,0.4999999999639295,7.999999706772198,False
1.472,200.00000023208688,0.4999999999637881,7.999999613860213,False
1.4725,200.0000000345004,0.4999999999687563,7.999999572999761,False
1.473,199.99999983473157,0.4999999999781181,7.999999588995142,False
1.4735,199.99999965918263,0.49999999999058553,7.9999996590885925,False
1.474,199.9999995307583,0.5000000000044752,7.999999773410338,False
1.4745,199.99999946588034,0.5000000000179352,7.999999916362559,False
1.475,199.99999947239337,0.5000000000291908,8.000000068743988,False
1.4755,199.99999954862588,0.5000000000367792,8.000000210326373,False
1.476,199.99999968371938,0.5000000000397383,8.000000322537094,False
1.4765,199.9999998591664,0.5000000000377278,8.000000390892797,False
1.477,200.0000000513412,0.5000000000310679,8.000000406865393,False
1.4775,200.00000023467746,0.5000000000206891,8.00000036894054,False
1.478,200.0000003850662,0.500000000008002,8.000000282737966,False
1.4785,200.00000048302286,0.4999999999947067,8.000000160188405,False
1.479,200.00000051620736,0.4999999999825635,8.000000017886535,False
1.4795,200.0000004809727,0.4999999999731612,7.999999874846807,False
1.48,200.0000003827476,0.4999999999677083,7.999999749965149,False
1.4805,200.00000023521667,0.4999999999668784,7.999999659525314,False
1.481,200.0000000584198,0.49999999997072664,7.999999615078256,False
1.4815,199.99999987603366,0.49999999997869016,7.999999621970685,False
1.482,199.9999997122041,0.49999999998966893,7.999999678709485,False
1.4825,199.99999958835258,0.5000000000021775,7.9999997772365825,False
1.483,199.9999995203785,0.5000000000145447,7.999999904067422,False
1.4835,199.9999995166222,0.5000000000251377,8.000000042133236,False
1.484,199.99999957684986,0.5000000000325762,8.000000173075563,False
1.4845,199.99999969238152,0.500000000035912,8.000000279685002,False
1.485,199.99999984733324,0.5000000000347498,8.000000348160597,False
1.4855,200.00000002079614,0.5000000000292922,8.000000369893492,False
1.486,200.00000018965454,0.5000000000203071,8.000000342544672,False
1.4865,200.00000033166322,0.5000000000090193,8.000000270282683,False
1.487,200.00000042837496,0.49999999999694394,8.000000163159296,False
1.4875,200.00000046753314,0.49999999998568273,8.000000035715372,False
1.488,200.0000004446201,0.4999999999767119,7.999999905009899,False
1.4885,200.00000036336542,0.4999999999711882,7.999999788338803,False
1.489,200.00000023516026,0.4999999999698005,7.999999700948521,False
1.4895,200.00000007746596,0.4999999999726833,7.999999654045914,False
1.49,199.99999991143935,0.49999999997940603,7.999999653364451,False
1.4905,199.99999975909736,0.49999999998903577,7.999999698469233,False
1.491,199.99999964039998,0.5000000000002665,7.9999997828844815,False
1.4915,199.99999957063784,0.5000000000115953,7.999999895017192,False
1.492,199.99999955846647,0.5000000000215239,8.000000019746079,False
1.4925,199.99999960483842,0.5000000000287554,8.000000140458278,False
1.493,199.9999997029652,0.5000000000323642,8.00000024125996,False
1.4935,199.99999983930135,0.5000000000319135,8.000000309066852,False
1.494,199.99999999541004,0.5000000000275071,8.000000335300028,False
1.4945,200.00000015045276,0.5000000000197705,8.000000316967567,False
1.495,200.00000028396857,0.5000000000097615,8.000000256996158,False
1.4955,200.00000037857114,0.49999999999882627,8.000000163777486,False
1.496,200.0000004222101,0.49999999998841754,8.000000049998055,False
1.4965,200.0000004097012,0.49999999997990247,7.999999930915263,False
1.497,200.0000003433331,0.4999999999743824,7.999999822313523,False
1.4975,200.00000023248046,0.4999999999725508,7.999999738414084,False
1.498,200.0000000922853,0.4999999999746062,7.999999690014868,False
1.4985,199.99999994159222,0.4999999999802317,7.999999683103589,False
1.499,199.99999980041807,0.49999999998864253,7.99999971812173,False
1.4995,199.99999968729549,0.49999999999869493,7.999999789969184,False
1.5,199.99999961684267,0.5000000000090417,7.999999888740649,False
1.5005,199.99999959787746,0.5000000000183116,8.000000001088104,False
1.5010000000000001,199.99999963231892,0.5000000000252917,8.000000112022493,False
1.5015,199.99999971501225,0.5000000000290848,8.000000206911535,False
1.502,199.99999983448984,0.500000000029225,8.00000027340778,False
1.5025,199.99999997455703,0.5000000000257337,8.000000303053115,False
1.5030000000000001,200.00000011648436,0.500000000019112,8.000000292351446,False
1.5035,200.00000024150944,0.5000000000102685,8.000000243173982,False
1.504,200.00000033331483,0.5000000000003946,8.000000162451189,False
1.5045,200.00000038015472,0.4999999999908045,8.000000061200215,False
1.5050000000000001,200.00000037635428,0.49999999998276023,7.99999995302381,False
1.5055,200.00000032298976,0.49999999997730493,7.9999998522846605,False
1.506,200.00000022767,0.49999999997512834,7.999999772200368,False
1.5065,200.00000010345724,0.49999999997647926,7.999999723111064,False
1.5070000000000001,199.9999999670808,0.49999999998113803,7.999999711146749,False
1.5075,199.99999983668602,0.49999999998845057,7.99999973746565,False
1.508,199.9999997294224,0.49999999999742006,7.9999997981577815,False
1.5085,199.99999965919037,0.5000000000068419,7.999999884818716,False
1.5090000000000001,199.99999963484274,0.5000000000154656,7.999999985710429,False
1.5095,199.99999965907293,0.5000000000221604,8.000000087349095,False
1.51,199.99999972812935,0.5000000000260628,8.00000017630536,False
1.5105,199.99999983238405,0.5000000000266881,8.000000240977,False
1.5110000000000001,199.99999995767058,0.5000000000239896,8.000000273100179,False
1.5115,200.00000008720622,0.5000000000183601,8.00000026880274,False
1.512,200.00000020383771,0.5000000000105753,8.000000229065678,False
1.5125,200.00000029231052,0.5000000000016861,8.000000159538432,False
1.5130000000000001,200.0000003412616,0.49999999999287786,8.000000069739958,False
1.5135,200.0000003446755,0.49999999998531136,7.999999971757784,False
1.514,200.000000302618,0.4999999999799705,7.99999987862284,False
1.5145,200.0000002211585,0.49999999997753414,7.999999802578043,False
1.5150000000000001,200.00000011150019,0.49999999997828976,7.9999997534705845,False
1.5155,199.99999998844262,0.4999999999821002,7.999999737478936,False
1.516,199.9999998683865,0.4999999999884264,7.999999756338641,False
1.5165,199.99999976715011,0.4999999999964034,7.999999807163617,False
1.5170000000000001,199.99999969788695,0.5000000000049579,7.999999882879725,False
1.5175,199.9999996693794,0.5000000000129529,7.9999999732063936,False
1.518,199.99999968492855,0.5000000000193375,8.00000006605053,False
1.5185,199.99999974198045,0.5000000000232862,8.000000149123938,False
1.5190000000000001,199.99999983253,0.5000000000243039,8.000000211568146,False
1.5195,199.99999994423982,0.5000000000222884,8.000000245371927,False
1.52,200.00000006211854,0.5000000000175393,8.000000246396862,False
1.5205,200.00000017053037,0.5000000000107137,8.000000214879782,False
1.5210000000000001,200.0000002552672,0.500000000002735,8.000000155351831,False
1.5215,200.00000030540835,0.4999999999946692,8.000000075991386,False
1.522,200.0000003147254,0.49999999998758105,7.999999987502751,False
1.5225,200.0000002824512,0.4999999999823943,7.9999999016739824,False
1.5230000000000001,200.00000021331917,0.49999999997977124,7.999999829808079,False
1.5235,200.00000011687598,0.49999999998002803,7.999999781235973,False
1.524,200.0000000061661,0.499999999983097,7.999999762106827,False
1.5245,199.99999989596978,0.49999999998854006,7.9999997746121965,False
1.5250000000000001,199.9999998008316,0.49999999999561034,7.999999816741577,False
1.5255,199.9999997331426,0.5000000000033548,7.999999882595599,False
1.526,199.99999970152876,0.5000000000107421,7.999999963209174,False
1.5265,199.9999997097544,0.5000000000167998,8.000000047770087,False
1.5270000000000001,199.9999997562806,0.5000000000207422,8.000000125067672,False
1.5275,199.99999983452858,0.5000000000220717,8.000000184977651,False
1.528,199.9999999338054,0.5000000000206414,8.000000219786648,False
1.5285,200.00000004076298,0.5000000000166704,8.000000225183307,False
1.5290000000000001,200.00000014119058,0.5000000000107111,8.000000200788968,False
1.5295,200.000000221901,0.5000000000035719,8.000000150163022,False
1.53,200.00000027246028,0.49999999999620787,8.000000080288196,False
1.5305,200.0000002865344,0.49999999998959305,8.00000000060961,False
1.5310000000000001,200.0000002626788,0.49999999998459127,7.999999921759693,False
1.5315,200.0000002044738,0.49999999998184386,7.999999854140737,False
1.532,200.00000011999472,0.499999999981687,7.9999998065538955,False
1.5325,200.00000002069453,0.49999999998411104,7.9999997850552775,False
1.5330000000000001,199.99999991985317,0.49999999998876565,7.999999792187397,False
1.5335,199.99999983080332,0.49999999999500994,7.999999826683396,False
1.534,199.99999976516935,0.5000000000020003,7.9999998836775,False
1.5345,199.99999973135164,0.5000000000088045,7.999999955388449,False
1.5350000000000001,199.99999973345388,0.500000000014525,8.000000032180056,False
1.5355,199.99999977079028,0.5000000000184183,8.000000103854708,False
1.536,199.99999983803036,0.5000000000199896,8.00000016100622,False
1.5365,199.99999992595554,0.5000000000190571,8.000000196252918,False
1.537,200.00000002272043,0.5000000000157715,8.000000205189364,False
1.5375,200.00000011544708,0.5000000000105924,8.00000018693428,False
1.538,200.00000019193695,0.5000000000042244,8.000000144206883,False
1.5385,200.0000002422739,0.49999999999752087,8.00000008292696,False
1.539,200.00000026010784,0.4999999999913699,8.000000011396839,False
1.5395,200.00000024345266,0.49999999998657657,7.99999993917805,False
1.54,200.0000001948988,0.49999999998375755,7.999999875814506,False
1.5405,200.0000001212195,0.4999999999832618,7.999999829572442,False
1.541,200.00000003242855,0.4999999999851274,7.999999806363433,False
1.5415,199.99999994042162,0.49999999998908057,7.999999808990546,False
1.542,199.99999985738393,0.4999999999945746,7.999999836813509,False
1.5425,199.99999979417797,0.5000000000008658,7.9999998858723185,False
1.543,199.99999975892422,0.5000000000071133,7.999999949447856,False
1.5435,199.99999975596,0.5000000000124921,8.000000018980467,False
1.544,199.9999997853098,0.500000000016301,8.00000008522108,False
1.5445,199.9999998427308,0.5000000000180539,8.000000139460335,False
1.545,199.99999992032187,0.5000000000175419,8.000000174672472,False
1.5455,200.0000000076081,0.5000000000148574,8.000000186423948,False
1.546,200.00000009295346,0.500000000010379,8.000000173429424,False
1.5465,200.00000016511024,0.5000000000047174,8.000000137685717,False
1.547,200.00000021469995,0.4999999999986329,8.00000008417088,False
1.5475,200.0000002354305,0.49999999999293293,8.000000020153047,False
1.548,200.0000002248918,0.499999999988365,7.9999999542046645,False
1.5485,200.00000018483038,0.4999999999855185,7.999999895055752,False
1.549,200.00000012087088,0.49999999998474914,7.999999850439372,False
1.5495,200.00000004172992,0.49999999998613404,7.999999826081849,False
1.55,199.99999995802966,0.49999999998946515,7.999999824969403,False
1.5505,199.9999998808738,0.49999999999427974,7.999999846984983,False
1.551,199.99999982037565,0.49999999999992445,7.999999888958912,False
1.5515,199.9999997843344,0.5000000000056437,7.999999945122087,False
1.552,199.99999977723095,0.5000000000106807,8.000000007897315,False
1.5525,199.99999979967438,0.5000000000143774,8.000000068920377,False
1.553,199.99999984836543,0.5000000000162602,8.000000120153393,False
1.5535,199.99999991657634,0.5000000000161001,8.000000154942443,False
1.554,199.99999999507827,0.500000000013941,8.00000016888053,False
1.5545,200.00000007338838,0.5000000000100897,8.000000160363928,False
1.555,200.00000014116802,0.5000000000050734,8.000000130772165,False
1.5555,200.0000001895866,0.4999999999995668,8.000000084251953,False
1.556,200.0000002124702,0.4999999999943021,8.000000027138258,False
1.5565,200.00000020708688,0.49999999998997086,7.999999967092905,False
1.557,200.0000001744681,0.49999999998713374,7.999999912077831,False
1.5575,200.00000011923007,0.49999999998614764,7.99999986930035,False
1.558,200.00000004892314,0.4999999999871211,7.9999998442700155,False
1.5585,199.99999997300188,0.4999999999899026,7.9999998400904175,False
1.559,199.99999990155467,0.49999999999410366,7.999999857076679,False
1.5595,199.99999984396467,0.4999999999991527,7.999999892745495,False
1.56,199.99999980767882,0.5000000000043727,7.999999942174832,False
1.5605,199.99999979724615,0.5000000000090719,7.999999998681534,False
1.561,199.99999981375046,0.5000000000126347,8.000000054723802,False
1.5615,199.99999985470632,0.5000000000146032,8.000000102906835,False
1.562,199.99999991442778,0.5000000000147349,8.00000013695754,False
1.5625,199.99999998481567,0.5000000000130324,8.00000015254014,False
1.563,200.00000005645418,0.5000000000097408,8.000000147806732,False
1.5635000000000001,200.0000001198694,0.5000000000053121,8.000000123613006,False
1.564,200.0000001667808,0.5000000000003432,8.000000083374548,False
1.5645,200.0000001911811,0.49999999999549594,8.000000032586826,False
1.565,200.0000001901037,0.4999999999914082,7.999999978075844,False
1.5655000000000001,200.00000016397996,0.49999999998861056,7.999999927081764,False
1.566,200.00000011654353,0.49999999998745703,7.999999886298105,False
1.5665,200.00000005429985,0.4999999999880807,7.999999860994181,False
1.567,199.99999998563575,0.49999999999037836,7.999999854335461,False
1.5675000000000001,199.99999991969062,0.499999999994027,7.9999998669894605,False
1.568,199.99999986514104,0.4999999999985289,7.999999897065975,False
1.5685,199.99999982906039,0.5000000000032793,7.999999940395696,False
1.569,199.99999981600286,0.5000000000076473,7.999999991106668,False
1.5695000000000001,199.99999982743105,0.5000000000110603,8.000000042418952,False
1.57,199.99999986155757,0.5000000000130773,8.000000087550184,False
1.5705,199.99999991361827,0.5000000000134477,8.000000120611212,False
1.571,199.99999997653495,0.5000000000121404,8.000000137373542,False
1.5715000000000001,200.0000000418762,0.5000000000093465,8.00000013580884,False
1.572,200.0000001009864,0.5000000000054513,8.000000116331806,False
1.5725,200.00000014613087,0.500000000000981,8.000000081717657,False
1.573,200.00000017150677,0.49999999999653183,8.000000036708872,False
1.5735000000000001,200.00000017398764,0.4999999999926904,7.999999987366622,False
1.574,200.00000015350562,0.4999999999899566,7.999999940255499,False
1.5745,200.0000001130258,0.49999999998867806,7.999999901570912,False
1.575,200.00000005812018,0.4999999999890067,7.999999876325256,False
1.5755000000000001,199.99999999620223,0.4999999999908802,7.999999867699474,False
1.576,199.99999993552737,0.499999999994033,7.999999876643823,False
1.5765,199.99999988409303,0.49999999999803385,7.999999901777712,False
1.577,199.99999984858565,0.5000000000023442,7.999999939598523,False
1.5775000000000001,199.99999983351273,0.5000000000063908,7.999999984968144,False
1.578,199.9999998406324,0.5000000000096417,8.000000031810016,False
1.5785,199.99999986875224,0.5000000000116763,8.000000073922198,False
1.579,199.9999999139205,0.500000000012239,8.000000105797668,False
1.5795000000000001,199.99999996997923,0.5000000000112718,8.000000123343682,False
1.58,200.00000002940217,0.5000000000089191,8.000000124406071,False
1.5805,200.00000008430453,0.5000000000055069,8.000000109031705,False
1.581,200.00000012748782,0.5000000000014972,8.000000079437324,False
1.5815000000000001,200.00000015338279,0.4999999999974258,8.000000039692162,False
1.582,200.0000001587662,0.49999999999383027,7.999999995159584,False
1.5825,200.00000014315992,0.4999999999911796,7.99999995177424,False
1.583,200.00000010886285,0.49999999998981254,7.9999999152519,False
1.5835000000000001,200.00000006061575,0.4999999999898945,7.999999890337178,False
1.584,200.00000000494754,0.49999999999139755,7.999999880188104,False
1.5845,199.99999994929297,0.49999999999410677,7.999999885977139,False
1.585,199.9999999010006,0.49999999999765005,7.999999906758894,False
1.5855000000000001,199.9999998663633,0.5000000000015496,7.999999939618991,False
1.586,199.99999984979962,0.5000000000052862,7.999999980081284,False
1.5865,199.99999985329117,0.5000000000083673,8.000000022716579,False
1.587,199.99999987614902,0.5000000000103934,8.000000061870441,False
1.5875000000000001,199.9999999151348,0.5000000000111083,8.000000092412341,False
1.588,199.99999996491732,0.500000000010432,8.00000011040715,False
1.5885,200.0000000188003,0.5000000000084691,8.000000113621214,False
1.589,200.00000006962202,0.5000000000054929,8.000000101797944,False
1.5895000000000001,200.0000001107063,0.5000000000019075,8.00000007666927,False
1.59,200.00000013673858,0.4999999999981927,8.000000041704393,False
1.5905,200.00000014445214,0.49999999999484,8.00000000163188,False
1.591,200.00000013303622,0.4999999999922875,7.9999999618010795,False
1.5915000000000001,200.0000001042153,0.4999999999908628,7.999999927468703,False
1.592,200.00000006199252,0.4999999999907406,7.99999990310567,False
1.5925,200.000000012095,0.49999999999192185,7.999999891815804,False
1.593,199.9999999611986,0.49999999999423533,7.999999894941423,False
1.5935000000000001,199.9999999160349,0.49999999999736217,7.999999911906086,False
1.594,199.99999988250238,0.5000000000008799,7.999999940312561,False
1.5945,199.9999998648965,0.5000000000043189,7.999999976279986,False
1.595,199.999999865361,0.5000000000072257,8.000000014973182,False
1.5955000000000001,199.9999998836292,0.5000000000092221,8.000000051251977,False
1.596,199.9999999170865,0.5000000000100543,8.000000080353354,False
1.5965,199.9999999611425,0.5000000000096251,8.000000098516098,False
1.597,200.0000000098592,0.5000000000080052,8.00000010346612,False
1.5975000000000001,200.00000005675082,0.5000000000054214,8.000000094699814,False
1.598,200.00000009564607,0.5000000000022256,8.000000073530446,False
1.5985,200.00000012149962,0.49999999999884615,8.000000042894149,False
1.599,200.0000001310456,0.49999999999573097,8.000000006943782,False
1.5995000000000001,200.00000012320854,0.499999999993288,7.999999970486713,False
1.6,200.00000009922047,0.4999999999918317,7.99999993834264,False
1.6005,200.00000006243212,0.49999999999154277,7.999999914707035,False
1.601,200.0000000178464,0.4999999999924457,7.999999902604225,False
1.6015,199.99999997143885,0.4999999999944073,7.999999903501369,False
1.602,199.999999929358,0.4999999999971561,7.999999917132361,False
1.6025,199.99999989711102,0.5000000000003197,7.999999941552709,False
1.603,199.99999987884416,0.5000000000034754,7.99999997341532,False
1.6035,199.99999987681056,0.5000000000062061,8.000000008428403,False
1.604,199.99999989109426,0.5000000000081557,8.000000041932864,False
1.6045,199.99999991962383,0.5000000000090751,8.000000069521725,False
1.605,199.99999995846994,0.5000000000088543,8.000000087619183,False
1.6055,200.000000002386,0.5000000000075349,8.000000093943344,False
1.606,200.00000004551535,0.5000000000053033,8.000000087792824,False
1.6065,200.00000008217185,0.500000000002464,8.000000070121379,False
1.607,200.00000010758845,0.4999999999993987,8.000000043393255,False
1.6075,200.00000011853658,0.499999999996514,8.000000011240578,False
1.608,200.00000011373467,0.4999999999941886,7.999999977970529,False
1.6085,200.00000009399548,0.49999999999272265,7.9999999479889174,False
1.609,200.00000006209498,0.49999999999229966,7.999999925217298,False
1.6095,200.00000002238338,0.4999999999929633,7.999999912580651,False
1.61,199.99999998019285,0.49999999999461314,7.999999911632498,False
1.6105,199.99999994112247,0.4999999999970197,7.999999922365286,False
1.611,199.99999991029566,0.4999999999998564,7.999999943229186,False
1.6115,199.99999989168924,0.5000000000027433,7.999999971354183,False
1.612,199.9999998876212,0.5000000000052983,8.000000002944057,False
1.6125,199.9999998984634,0.5000000000071874,8.000000033788178,False
1.613,199.9999999226147,0.5000000000081684,8.000000059822202,False
1.6135,199.9999999567349,0.5000000000081215,8.000000077663087,False
1.614,199.99999999620516,0.5000000000070646,8.000000085048077,False
1.6145,200.0000000357528,0.5000000000051479,8.000000081120717,False
1.615,200.00000007015475,0.5000000000026342,8.000000066528044,False
1.6155,200.00000009492675,0.49999999999986183,8.000000043318044,False
1.616,200.0000001069069,0.49999999999719935,8.000000014653299,False
1.6165,200.00000010465845,0.4999999999949967,7.999999984380748,False
1.617,200.00000008863967,0.4999999999935393,7.999999956515995,False
1.6175,200.000000061122,0.4999999999930106,7.9999999347110755,False
1.618,200.00000002586944,0.49999999999346967,7.999999921776398,False
1.6185,199.99999998762462,0.49999999999484424,7.9999999193191815,False
1.619,199.99999995147135,0.49999999999694206,7.999999927544895,False
1.6195,199.99999992215962,0.4999999999994777,7.9999999452460955,False
1.62,199.99999990348203,0.5000000000021109,7.999999969977811,False
1.6205,199.99999989778405,0.5000000000044926,7.999999998394529,False
1.621,199.9999999056705,0.5000000000063107,8.000000026702105,False
1.6215,199.99999992594562,0.5000000000073312,8.000000051163893,False
1.622,199.99999995579137,0.5000000000074284,8.000000068593538,False
1.6225,199.99999999115803,0.5000000000065993,8.000000076769387,False
1.623,200.0000000273128,0.5000000000049635,8.000000074716906,False
1.6235,200.00000005947257,0.5000000000027461,8.000000062823261,False
1.624,200.00000008343596,0.500000000000246,8.000000042770674,False
1.6245,200.0000000961317,0.4999999999977963,8.00000001729962,False
1.625,200.0000000960113,0.49999999999571954,7.999999989834939,False
1.6255,200.000000083236,0.4999999999942854,7.999999964025818,False
1.6260000000000001,200.00000005963625,0.4999999999936756,7.999999943261386,False
1.6265,200.00000002845104,0.49999999999396105,7.9999999302262,False
1.627,199.99999999388427,0.4999999999950936,7.99999992655372,False
1.6275,199.99999996053856,0.4999999999969136,7.999999932622545,False
1.6280000000000001,199.99999993280306,0.49999999999917283,7.999999947520699,False
1.6285,199.99999991427623,0.5000000000015676,7.999999969180696,False
1.629,199.99999990729975,0.5000000000037798,7.999999994665649,False
1.6295,199.99999991266353,0.500000000005519,8.000000020566977,False
1.6300000000000001,199.9999999295191,0.500000000006561,8.000000043459831,False
1.6305,199.99999995551022,0.5000000000067754,8.000000060355477,False
1.631,199.99999998710095,0.5000000000061431,8.000000069091007,False
1.6315,200.0000000200563,0.5000000000047571,8.000000068605607,False
1.6320000000000001,200.000000050009,0.5000000000028085,8.000000059068062,False
1.6325,200.000000073038,0.5000000000005608,8.000000041840526,False
1.633,200.00000008618085,0.4999999999983137,8.000000019285112,False
1.6335,200.0000000878143,0.49999999999636385,7.999999994440641,False
1.6340000000000001,200.00000007785326,0.49999999999496497,7.999999970613678,False
1.6345,200.00000005774456,0.49999999999429523,7.999999950938894,False
1.635,200.00000003025858,0.49999999999443445,7.999999937967061,False
1.6355,199.99999999910833,0.4999999999953549,7.9999999333349185,False
1.6360000000000001,199.99999996844846,0.49999999999692585,7.999999937559426,False
1.6365,199.99999994232184,0.49999999999893213,7.999999949982208,False
1.637,199.9999999241268,0.5000000000011036,7.9999999688697585,False
1.6375,199.99999991617565,0.5000000000031514,7.999999991654679,False
1.6380000000000001,199.99999991940192,0.5000000000048064,8.00000001528409,False
1.6385,199.9999999332525,0.500000000005854,8.000000036628236,False
1.639,199.99999995577784,0.5000000000061626,8.000000052894698,False
1.6395,199.9999999839049,0.5000000000056998,8.000000061993223,False
1.6400000000000001,200.000000013856,0.5000000000045348,8.00000006280378,False
1.6405,200.0000000416554,0.5000000000028294,8.000000055313432,False
1.641,200.00000006365664,0.5000000000008146,8.000000040605501,False
1.6415,200.00000007702033,0.4999999999987597,8.000000020704043,False
1.6420000000000001,200.00000008007984,0.49999999999693623,7.999999998295915,False
1.6425,200.00000007254812,0.49999999999558203,7.999999976368434,False
1.643,200.00000005553983,0.4999999999948704,7.99999995781153,False
1.6435,200.00000003140823,0.4999999999948877,7.999999945037284,False
1.6440000000000001,200.0000000034207,0.49999999999562317,7.9999999396668136,False
1.6445,199.99999997531648,0.49999999999697126,7.9999999423251635,False
1.645,199.9999999508078,0.49999999999874667,7.9999999525701275,False
1.6455,199.9999999330899,0.50000000000071,7.999999968962766,False
1.6460000000000001,199.99999992442523,0.5000000000025996,7.99999998926873,False
1.6465,199.99999992585498,0.5000000000041664,8.000000010762259,False
1.647,199.99999993707561,0.5000000000052072,8.000000030591771,False
1.6475,199.9999999564943,0.50000000000559,8.000000046157766,False
1.6480000000000001,199.99999998145364,0.5000000000052716,8.000000055453226,False
1.6485,200.00000000859495,0.5000000000043019,8.000000057321959,False
1.649,200.00000003430944,0.5000000000028159,8.000000051601509,False
1.6495,200.00000005521773,0.5000000000010155,8.000000039133411,False
1.6500000000000001,200.00000006861353,0.4999999999991418,8.000000021640622,False
1.6505,200.00000007281318,0.49999999999744277,8.000000001490008,False
1.651,200.0000000673665,0.49999999999614064,7.999999981372545,False
1.6515,200.0000000531021,0.4999999999954025,7.99999996394425,False
1.6520000000000001,200.00000003200356,0.4999999999953192,7.999999951475869,False
1.6525,200.00000000693433,0.49999999999589406,7.999999945557478,False
1.653,199.99999998124966,0.4999999999970435,7.999999946896188,False
1.6535,199.999999958348,0.49999999999860895,7.9999999552327985,False
1.6540000000000001,199.99999994122172,0.5000000000003788,7.9999999693870505,False
1.6545,199.9999999320665,0.5000000000021168,7.99999998742388,False
1.655,199.99999993200063,0.5000000000035937,8.000000006917553,False
1.6555,199.99999994092957,0.5000000000046169,8.000000025277462,False
1.6560000000000001,199.9999999575721,0.5000000000050565,8.00000004009216,False
1.6565,199.99999997964295,0.5000000000048608,8.000000049445681,False
1.657,200.00000000416605,0.5000000000040625,8.00000005216495,False
1.6575,200.00000002787536,0.500000000002774,8.000000047966244,False
1.6580000000000001,200.0000000476493,0.5000000000011703,8.000000037482497,False
1.6585,200.00000006092142,0.49999999999946687,8.000000022169415,False
1.659,200.000000066013,0.49999999999788947,8.00000000410384,False
1.6595,200.00000006234447,0.49999999999664474,7.999999985702478,False
1.6600000000000001,200.00000005049964,0.49999999999589295,7.999999969398947,False
1.6605,200.00000003213532,0.4999999999957277,7.9999999573222125,False
1.661,200.00000000975038,0.4999999999961639,7.999999951018965,False
1.6615,199.9999999863462,0.4999999999971369,7.999999951255935,False
1.6620000000000001,199.9999999650247,0.4999999999985119,7.99999995792755,False
1.6625,199.99999994857754,0.5000000000001026,7.999999970079794,False
1.663,199.99999993912098,0.5000000000016963,7.999999986045781,False
1.6635,199.99999993782427,0.5000000000030823,8.000000003673998,False
1.6640000000000001,199.9999999447659,0.5000000000040797,8.000000020617835,False
1.6645,199.9999999589357,0.5000000000045612,8.000000034647739,False
1.665,199.99999997838043,0.5000000000044688,8.000000043944203,False
1.6655,200.00000000047257,0.5000000000038208,8.000000047333403,False
1.666,200.00000002226477,0.500000000002709,8.000000044434895,False
1.6665,200.00000004088284,0.5000000000012855,8.000000035702799,False
1.667,200.0000000539043,0.4999999999997413,8.000000022356373,False
1.6675,200.00000005967325,0.49999999999828165,8.000000006210339,False
1.668,200.00000005751014,0.49999999999709815,7.999999989428484,False
1.6685,200.00000004779068,0.4999999999963436,7.999999974233995,False
1.669,200.00000003188393,0.4999999999961128,7.9999999626151785,False
1.6695,200.00000001196057,0.49999999999642986,7.999999956065623,False
1.67,199.99999999069678,0.4999999999972466,7.999999955392598,False
1.6705,199.99999997091555,0.49999999999844935,7.99999996061824,False
1.671,199.99999995521196,0.4999999999998746,7.9999999709855265,False
1.6715,199.9999999456132,0.5000000000013317,7.999999985067164,False
1.672,199.99999994331736,0.5000000000026275,8.000000000961544,False
1.6725,199.99999994854457,0.5000000000035925,8.000000016549313,False
1.673,199.99999996051912,0.5000000000041028,8.000000029775661,False
1.6735,199.99999997758312,0.5000000000040964,8.00000003892095,False
1.674,199.99999999742556,0.5000000000035795,8.000000042823926,False
1.6745,200.0000000173947,0.5000000000026259,8.000000041028715,False
1.675,200.00000003485223,0.5000000000013666,8.00000003383709,False
1.6755,200.00000004752144,0.4999999999999709,8.000000022259922,False
1.676,200.00000005378368,0.4999999999986246,8.000000007875705,False
1.6765,200.0000000528847,0.4999999999975048,7.999999992615672,False
1.677,200.00000004502454,0.49999999999675643,7.999999978504763,False
1.6775,200.00000003132004,0.4999999999964741,7.999999967393219,False
1.678,200.00000001364708,0.4999999999966895,7.999999960714168,False
1.6785,199.99999999438427,0.49999999999736844,7.999999959299223,False
1.679,199.9999999760932,0.4999999999984158,7.999999963275447,False
1.6795,199.99999996117793,0.499999999999689,7.999999972056571,False
1.68,199.9999999515696,0.5000000000010171,7.999999984428529,False
1.6805,199.99999994847659,0.5000000000022239,7.999999998716888,False
1.681,199.99999995223328,0.5000000000031515,8.000000013013201,False
1.6815,199.99999996226575,0.5000000000036801,8.000000025429598,False
1.682,199.99999997717796,0.5000000000037444,8.000000034347911,False
1.6825,199.99999999494534,0.5000000000033412,8.000000038630251,False
1.683,200.00000001318938,0.5000000000025286,8.000000037763787,False
1.6835,200.00000002949545,0.5000000000014186,8.000000031921397,False
1.684,200.00000004173248,0.5000000000001609,8.000000021931026,False
1.6845,200.00000004833075,0.4999999999989231,8.000000009158958,False
1.685,200.00000004848295,0.4999999999978682,7.999999995323233,False
1.6855,200.00000004224208,0.4999999999971333,7.999999982262874,False
1.686,200.00000003050482,0.4999999999968117,7.999999971693615,False
1.6865,200.00000001488328,0.49999999999694106,7.999999964982794,False
1.687,199.9999999974843,0.49999999999749883,7.9999999629727085,False
1.6875,199.9999999806254,0.49999999999840655,7.999999965875411,False
1.688,199.99999996652662,0.49999999999954015,7.999999973251812,False
1.6885000000000001,199.9999999570181,0.5000000000007472,7.999999984077099,False
1.689,199.99999995330327,0.5000000000018673,7.999999996882666,False
1.6895,199.99999995580674,0.5000000000027535,8.00000000995514,False
1.69,199.99999996412734,0.5000000000032913,8.000000021565345,False
1.6905000000000001,199.99999997710023,0.5000000000034133,8.000000030196796,False
1.691,199.99999999295954,0.5000000000031081,8.000000034743591,False
1.6915,200.00000000957832,0.5000000000024208,8.000000034651741,False
1.692,200.00000002475346,0.5000000000014462,8.000000029986015,False
1.6925000000000001,200.00000003649748,0.5000000000003161,8.000000021414426,False
1.693,200.00000004329857,0.49999999999918143,8.000000010113165,False
1.6935,200.00000004431473,0.4999999999981919,7.999999997605495,False
1.694,200.0000000394774,0.49999999999747635,7.999999985556683,False
1.6945000000000001,200.0000000294918,0.4999999999971261,7.999999975552484,False
1.695,200.0000000157348,0.499999999997183,7.999999968890682,False
1.6955,200.0000000000657,0.4999999999976348,7.999999966412985,False
1.696,199.99999998457528,0.49999999999841727,7.999999968399044,False
1.6965000000000001,199.99999997130675,0.4999999999994232,7.999999974535917,False
1.697,199.99999996198693,0.5000000000005169,7.999999983966132,False
1.6975,199.9999999578016,0.5000000000015532,7.999999995407089,False
1.698,199.99999995924503,0.5000000000023954,8.00000000732522,False
1.6985000000000001,199.99999996606257,0.5000000000029345,8.000000018141384,False
1.699,199.99999997729304,0.5000000000031027,8.000000026439876,False
1.6995,199.9999999914033,0.5000000000028818,8.00000003115351,False
1.7,200.00000000649746,0.5000000000023053,8.000000031700575,False
1.7005000000000001,200.00000002057112,0.5000000000014532,8.000000028056146,False
1.701,200.00000003177752,0.5000000000004409,8.000000020749033,False
1.7015,200.00000003866944,0.49999999999940387,8.000000010785667,False
1.702,200.00000004038574,0.49999999999847927,7.999999999511832,False
1.7025000000000001,200.0000000367585,0.49999999999778766,7.999999988431052,False
1.703,200.0000000283273,0.4999999999974176,7.99999997900429,False
1.7035,200.0000000162599,0.49999999999741424,7.999999972457521,False
1.704,200.00000000219106,0.4999999999977737,7.999999969622509,False
1.7045000000000001,199.99999998800112,0.4999999999984443,7.9999999708314435,False
1.705,199.99999997556515,0.4999999999993338,7.9999999758787705,False
1.7055,199.99999996650524,0.5000000000003221,7.99999998405442,False
1.706,199.99999996197934,0.5000000000012775,7.999999994243325,False
1.7065000000000001,199.99999996253354,0.5000000000020741,8.00000000507723,False
1.707,199.99999996803692,0.5000000000026084,8.000000015118239,False
1.7075,199.9999999777065,0.5000000000028128,8.00000002304952,False
1.708,199.99999999021816,0.5000000000026636,8.000000027847722,False
1.7085000000000001,200.00000000388755,0.5000000000021847,8.000000028914837,False
1.709,200.00000001689637,0.500000000001443,8.000000026152327,False
1.7095,200.0000000275344,0.5000000000005391,8.000000019968462,False
1.71,200.0000000344238,0.49999999999959416,8.000000011218603,False
1.7105000000000001,200.00000003669737,0.49999999999873335,8.000000001087285,False
1.711,200.0000000341073,0.4999999999980692,7.999999990927988,False
1.7115,200.0000000270508,0.49999999999768713,7.999999982082486,False
1.712,200.00000001651026,0.49999999999763417,7.99999997570384,False
1.7125000000000001,200.000000003917,0.49999999999791356,7.999999972606329,False
1.713,199.99999999095718,0.49999999999848443,7.9999999731616915,False
1.7135,199.9999999793462,0.49999999999926814,7.999999977255135,False
1.714,199.99999997060186,0.5000000000001584,7.999999984305941,False
1.7145000000000001,199.99999996584626,0.5000000000010366,7.999999993349511,False
1.715,199.99999996566194,0.5000000000017867,8.000000003169049,False
1.7155,199.99999997002132,0.5000000000023109,8.000000012459125,False
1.716,199.99999997829713,0.5000000000025427,8.000000019999067,False
1.7165000000000001,199.99999998935206,0.5000000000024545,8.000000024813112,False
1.717,200.00000000169476,0.5000000000020614,8.000000026296538,False
1.7175,200.00000001368082,0.5000000000014189,8.000000024291307,False
1.718,200.00000002373156,0.5000000000006144,8.000000019101797,False
1.7185000000000001,200.00000003054174,0.49999999999975586,8.000000011449389,False
1.719,200.00000003324877,0.4999999999989572,8.000000002372532,False
1.7195,200.00000003154187,0.4999999999983231,7.999999993085948,False
1.72,200.00000002569647,0.4999999999979354,7.999999984818272,False
1.7205000000000001,200.00000001653143,0.49999999999784217,7.99999997864961,False
1.721,200.00000000529457,0.49999999999805245,7.999999975370671,False
1.7215,199.9999999934931,0.4999999999985349,7.999999975381597,False
1.722,199.99999998269172,0.4999999999992225,7.999999978643579,False
1.7225000000000001,199.99999997430533,0.5000000000000223,7.999999984689005,False
1.723,199.9999999694138,0.500000000000827,7.999999992687973,False
1.7235,199.99999996862337,0.5000000000015303,8.000000001562073,False
1.724,199.99999997199177,0.5000000000020406,8.000000010129613,False
1.7245000000000001,199.9999999790269,0.5000000000022923,8.000000017262757,False
1.725,199.99999998875822,0.500000000002255,8.00000002203589,False
1.7255,199.9999999998701,0.5000000000019371,8.000000023845553,False
1.726,200.0000000108795,0.5000000000013834,8.000000022486429,False
1.7265000000000001,200.00000002033386,0.5000000000006698,8.000000018173983,False
1.727,200.00000002700241,0.4999999999998921,8.000000011511158,False
1.7275,200.00000003003615,0.4999999999991536,8.000000003404425,False
1.728,200.00000002907578,0.49999999999855144,7.9999999949406435,False
1.7285,200.00000002429334,0.4999999999981633,7.999999987241464,False
1.729,200.00000001636377,0.49999999999803807,7.999999981314848,False
1.7295,200.00000000636982,0.49999999999818906,7.999999977923225,False
1.73,199.99999999565452,0.49999999999859324,7.999999977485674,False
1.7305,199.99999998564095,0.49999999999919414,7.999999980026402,False
1.731,199.9999999776433,0.49999999999991024,7.999999985176114,False
1.7315,199.99999997269475,0.5000000000006455,7.999999992225172,False
1.732,199.999999971414,0.5000000000013024,8.00000000022122,False
1.7325,199.99999997392854,0.5000000000017952,8.00000000809768,False
1.733,199.99999997986316,0.5000000000020607,8.00000001481586,False
1.7335,199.99999998839536,0.5000000000020659,8.0000000195018,False
1.734,199.999999998369,0.5000000000018133,8.000000021559835,False
1.7345,200.0000000084507,0.5000000000013393,8.000000020748056,False
1.735,200.000000017308,0.5000000000007083,8.000000017206228,False
1.7355,200.00000002378516,0.5000000000000058,8.000000011433016,False
1.736,200.00000002705394,0.4999999999993252,8.000000004216096,False
1.7365,200.0000000267191,0.49999999999875594,7.99999999652479,False
1.737,200.0000000228657,0.4999999999983719,7.999999989380095,False
1.7375,200.0000000160425,0.4999999999982216,7.999999983719233,False
1.738,200.00000000718416,0.4999999999983221,7.999999980272818,False
1.7385,199.9999999974835,0.4999999999986573,7.999999979470784,False
1.739,199.9999999882309,0.49999999999918004,7.999999981388995,False
1.7395,199.999999980643,0.4999999999998192,7.999999985743309,False
1.74,199.99999997570282,0.500000000000489,7.999999991931085,False
1.7405,199.9999999740326,0.5000000000011003,7.999999999114418,False
1.741,199.99999997581568,0.5000000000015735,8.000000006333517,False
1.7415,199.99999998077746,0.5000000000018471,8.000000012634711,False
1.742,199.9999999882266,0.5000000000018873,8.00000001719637,False
1.7425,199.99999999715118,0.5000000000016914,8.000000019435907,False
1.743,200.00000000635595,0.500000000001288,8.00000001908397,False
1.7435,200.00000001462226,0.5000000000007324,8.000000016216465,False
1.744,200.0000000208693,0.5000000000000997,8.000000011240578,False
1.7445,200.00000002429496,0.49999999999947436,8.000000004837306,False
1.745,200.00000002447902,0.4999999999989386,7.9999999978683425,False
1.7455,200.00000002143386,0.49999999999856226,7.9999999912603466,False
1.746,200.00000001559826,0.499999999998393,7.999999985881758,False
1.7465,200.0000000077744,0.4999999999984508,7.999999982428836,False
1.747,199.99999999901794,0.49999999999872535,7.99999998133565,False
1.7475,199.99999999049572,0.49999999999917794,7.999999982719764,False
1.748,199.99999998333035,0.4999999999997466,7.999999986370263,False
1.7485,199.99999997845256,0.5000000000003549,7.999999991779375,False
1.749,199.99999997648035,0.500000000000922,7.9999999982128935,False
1.7495,199.9999999776412,0.5000000000013735,8.000000004809682,False
1.75,199.99999998174619,0.5000000000016508,8.000000010696793,False
1.7505,199.99999998821974,0.5000000000017194,8.000000015104941,False
1.7510000000000001,199.9999999961803,0.5000000000015723,8.000000017468833,False
1.7515,200.0000000045596,0.5000000000012316,8.000000017499548,False
1.752,200.0000000122466,0.5000000000007443,8.000000015219538,False
1.7525,200.00000001823403,0.5000000000001762,8.000000010956073,False
1.7530000000000001,200.00000002175054,0.4999999999996033,8.000000005294654,False
1.7535,200.00000002235987,0.4999999999991013,7.999999998998718,False
1.754,200.00000002001448,0.4999999999987354,7.999999992906798,False
1.7545,200.00000001505765,0.4999999999985525,7.999999987820989,False
1.7550000000000001,200.00000000817346,0.4999999999985744,7.999999984401415,False
1.7555,200.00000000029286,0.499999999998796,7.999999983080698,False
1.756,199.99999999246768,0.49999999999918565,7.999999984009386,False
1.7565,199.9999999857305,0.49999999999968986,7.999999987039304,False
1.7570000000000001,199.99999998095865,0.5000000000002408,7.999999991746538,False
1.7575,199.99999997875983,0.5000000000007649,7.999999997490449,False
1.758,199.99999997939508,0.5000000000011936,8.000000003500826,False
1.7585,199.99999998274845,0.5000000000014709,8.000000008981006,False
1.7590000000000001,199.99999998834616,0.500000000001562,8.000000013213358,False
1.7595,199.99999999542354,0.5000000000014568,8.000000015653187,False
1.76,200.0000000030293,0.5000000000011717,8.000000015998713,False
1.7605,200.00000001015303,0.500000000000746,8.000000014228055,False
1.7610000000000001,200.00000001585963,0.5000000000002375,8.000000010599067,False
1.7615,200.00000001941157,0.49999999999971423,8.000000005612016,False
1.762,200.0000000203643,0.4999999999992455,7.999999999940851,False
1.7625,200.00000001862148,0.49999999999889233,7.99999999434217,False
1.7630000000000001,200.0000000144438,0.4999999999987002,7.999999989554437,False
1.7635,200.0000000084106,0.49999999999869243,7.999999986200634,False
1.764,200.00000000133952,0.4999999999988679,7.999999984707329,False
1.7645,199.999999994176,0.49999999999920136,7.999999985250577,False
1.7650000000000001,199.99999998786703,0.49999999999964695,7.999999987735537,False
1.7655,199.99999998323594,0.5000000000001443,7.999999991812006,False
1.766,199.99999998087512,0.5000000000006274,7.999999996923656,False
1.7665,199.99999998107054,0.5000000000010323,8.000000002383754,False
1.7670000000000001,199.99999998376734,0.5000000000013065,8.000000007467365,False
1.7675,199.999999988581,0.5000000000014152,8.0000000115075,False
1.768,199.99999999485183,0.5000000000013457,8.000000013982518,False
1.7685,200.00000000173526,0.5000000000011094,8.000000014583387,False
1.7690000000000001,200.0000000083153,0.5000000000007392,8.000000013252027,False
1.7695,200.00000001372663,0.5000000000002854,8.000000010186195,False
1.77,200.0000000172679,0.499999999999809,8.000000005810401,False
1.7705,200.0000000184927,0.4999999999993729,8.000000000717327,False
1.7710000000000001,200.0000000172656,0.4999999999990343,7.9999999955876175,False
1.7715,200.00000001377643,0.4999999999988367,7.999999991099057,False
1.772,200.0000000085116,0.49999999999880446,7.9999999878370485,False
1.7725,200.00000000218643,0.49999999999894,7.999999986218389,False
1.7730000000000001,199.9999999956482,0.4999999999992235,7.9999999864381675,False
1.7735,199.9999999897626,0.4999999999996157,7.999999988446466,False
1.774,199.99999998529935,0.5000000000000636,7.999999991957807,False
1.7745,199.99999998283164,0.5000000000005073,7.999999996491456,False
1.7750000000000001,199.99999998266264,0.5000000000008881,8.000000001437154,False
1.7755,199.99999998478856,0.5000000000011566,8.000000006137178,False
1.776,199.99999998890257,0.5000000000012785,8.000000009973704,False
1.7765,199.99999999443884,0.5000000000012392,8.000000012449929,False
1.7770000000000001,200.00000000065015,0.5000000000010459,8.000000013254349,False
1.7775,200.00000000670872,0.5000000000007255,8.00000001229971,False
1.778,200.0000000118162,0.500000000000322,8.000000009732027,False
1.7785,200.00000001530896,0.49999999999988937,8.000000005908692,False
1.7790000000000001,200.0000000167441,0.4999999999994851,8.000000001348788,False
1.7795,200.0000000159555,0.49999999999916217,7.9999999966628055,False
1.78,200.00000001307245,0.4999999999989623,7.999999992470929,False
1.7805,200.00000000849948,0.4999999999989103,7.999999989321065,False
1.7810000000000001,200.0000000028595,0.49999999999901146,7.999999987617303,False
1.7815,199.99999999690948,0.4999999999992506,7.999999987568207,False
1.782,199.9999999914385,0.4999999999995945,7.999999989161465,False
1.7825,199.99999998716353,0.49999999999999645,7.999999992168024,False
1.7830000000000001,199.99999998463545,0.5000000000004027,7.999999996174835,False
1.7835,199.99999998416823,0.5000000000007596,8.000000000641485,False
1.784,199.99999998580012,0.5000000000010204,8.000000004972934,False
1.7845,199.99999998929184,0.5000000000011519,8.000000008598777,False
1.7850000000000001,199.99999999416113,0.500000000001138,8.000000011048256,False
1.7855,199.9999999997494,0.500000000000982,8.000000012011267,False
1.786,200.00000000531054,0.5000000000007063,8.000000011377542,False
1.7865,200.00000001011054,0.5000000000003486,8.000000009248886,False
1.7870000000000001,200.00000001352421,0.499999999999957,8.00000000592335,False
1.7875,200.0000000151165,0.4999999999995834,8.000000001853644,False
1.788,200.00000001469786,0.499999999999277,7.999999997585586,False
1.7885,200.0000000123463,0.4999999999990775,7.999999993685014,False
1.7890000000000001,200.00000000839427,0.4999999999990099,7.999999990662816,False
1.7895,200.00000000338184,0.49999999999908157,7.9999999889080815,False
1.79,199.99999999798288,0.4999999999992815,7.999999988638111,False
1.7905,199.99999999291464,0.49999999999958167,7.999999989871702,False
1.7910000000000001,199.99999998884266,0.4999999999999414,7.9999999924288705,False
1.7915,199.99999998629315,0.5000000000003124,7.999999995956939,False
1.792,199.99999998558556,0.5000000000006454,7.999999999979011,False
1.7925,199.9999999867924,0.5000000000008971,8.000000003958391,False
1.793,199.9999999897325,0.5000000000010347,8.000000007370078,False
1.7935,199.9999999939979,0.5000000000010418,8.000000009770064,False
1.794,199.99999999901038,0.5000000000009186,8.000000010852913,False
1.7945,200.00000000409958,0.5000000000006828,8.000000010490597,False
1.795,200.0000000085926,0.5000000000003668,8.000000008747369,False
1.7955,200.00000001190287,0.5000000000000132,8.000000005869069,False
1.796,200.00000001360672,0.49999999999966926,8.000000002248674,False
1.7965,200.0000000134974,0.49999999999937994,7.9999999983726555,False
1.797,200.00000001160993,0.499999999999183,7.999999994755733,False
1.7975,200.00000000821368,0.49999999999910316,7.999999991872541,False
1.798,200.00000000377423,0.4999999999991498,7.999999990095464,False
1.7985,199.99999999888962,0.4999999999993151,7.999999989646597,False
1.799,199.99999999420982,0.499999999999576,7.999999990570139,False
1.7995,199.99999999035057,0.4999999999998969,7.999999992728571,False
1.8,199.9999999878121,0.5000000000002346,7.999999995822814,False
1.8005,199.99999998691445,0.5000000000005443,7.999999999433682,False
1.801,199.99999998775758,0.5000000000007855,8.00000000307852,False
1.8015,199.99999999021043,0.5000000000009269,8.000000006275652,False
1.802,199.99999999393074,0.5000000000009511,8.000000008608003,False
1.8025,199.99999999841287,0.5000000000008561,8.000000009777413,False
1.803,200.0000000030564,0.5000000000006559,8.000000009642692,False
1.8035,200.00000000724623,0.5000000000003778,8.000000008236405,False
1.804,200.0000000104343,0.5000000000000596,8.000000005758697,False
1.8045,200.00000001221096,0.49999999999974376,8.000000002548903,False
1.805,200.00000001235765,0.49999999999947176,7.999999999039173,False
1.8055,200.00000001087352,0.499999999999279,7.999999995696341,False
1.806,200.00000000797303,0.49999999999919015,7.999999992959921,False
1.8065,200.0000000040552,0.4999999999992156,7.999999991184352,False
1.807,199.99999999964896,0.49999999999935063,7.999999990593168,False
1.8075,199.99999999534162,0.49999999999957623,7.999999991250985,False
1.808,199.9999999917008,0.4999999999998615,7.999999993056756,False
1.8085,199.9999999891997,0.5000000000001681,7.99999999575902,False
1.809,199.99999998815554,0.5000000000004551,7.999999998990763,False
1.8095,199.9999999886897,0.5000000000006849,8.000000002319238,False
1.81,199.99999999071375,0.5000000000008279,8.000000005303852,False
1.8105,199.99999999394345,0.500000000000866,8.000000007554384,False
1.811,199.9999999979386,0.5000000000007954,8.000000008782015,False
1.8115,200.00000000216298,0.5000000000006265,8.000000008836242,False
1.812,200.00000000605618,0.5000000000003828,8.000000007723248,False
1.8125,200.0000000091079,0.5000000000000974,8.000000005603239,False
1.813,200.00000001092468,0.4999999999998081,8.000000002767571,False
1.8135000000000001,200.00000001128058,0.4999999999995534,7.999999999598826,False
1.814,200.00000001014527,0.4999999999993664,7.999999996519186,False
1.8145,200.00000000768557,0.499999999999271,7.999999993934296,False
1.815,200.00000000424126,0.4999999999992787,7.999999992179838,False
1.8155000000000001,200.00000000027828,0.4999999999993873,7.999999991478071,False
1.816,199.99999999632584,0.4999999999995813,7.9999999919096885,False
1.8165,199.99999999290569,0.499999999999834,7.9999999934048525,False
1.817,199.9999999904634,0.5000000000001115,7.999999995754046,False
1.8175000000000001,199.99999998931037,0.5000000000003766,7.999999998637365,False
1.818,199.99999998958418,0.5000000000005945,8.000000001668006,False
1.8185,199.9999999912324,0.5000000000007372,8.00000000444414,False
1.819,199.9999999940218,0.5000000000007863,8.00000000660208,False
1.8195000000000001,199.99999999757117,0.5000000000007364,8.000000007863886,False
1.82,200.00000000140304,0.5000000000005954,8.000000008073126,False
1.8205,200.0000000050083,0.5000000000003828,8.000000007214144,False
1.821,200.0000000079135,0.5000000000001273,8.000000005412462,False
1.8215000000000001,200.00000000974296,0.4999999999998634,8.000000002916698,False
1.822,200.0000000102672,0.4999999999996258,8.000000000064277,False
1.8225,200.00000000943191,0.49999999999944555,7.999999997235891,False
1.823,200.00000000736273,0.49999999999934586,7.999999994804744,False
1.8235000000000001,200.0000000043469,0.49999999999933886,7.999999993087357,False
1.824,200.00000000079342,0.4999999999994245,7.99999999230239,False
1.8245,199.99999999717758,0.4999999999995902,7.999999992542914,False
1.825,199.99999999397753,0.49999999999981337,7.999999993765511,False
1.8255000000000001,199.9999999916111,0.5000000000000637,7.999999995797608,False
1.826,199.99999999038127,0.5000000000003079,7.999999998361669,False
1.8265,199.99999999043752,0.5000000000005137,8.000000001113094,False
1.827,199.99999999175782,0.5000000000006544,8.00000000368644,False
1.8275000000000001,199.99999999415346,0.5000000000007119,8.000000005743917,False
1.828,199.9999999972959,0.5000000000006798,8.000000007019706,False
1.8285,200.00000000076167,0.5000000000005632,8.000000007354222,False
1.829,200.00000000408943,0.5000000000003786,8.000000006713996,False
1.8295000000000001,200.0000000068414,0.5000000000001508,8.000000005194623,False
1.83,200.00000000866066,0.49999999999991057,8.000000003006715,False
1.8305,200.00000000931763,0.4999999999996897,8.000000000446756,False
1.831,200.00000000873868,0.49999999999951705,7.999999997856995,False
1.8315000000000001,200.00000000701425,0.49999999999941497,7.999999995579753,False
1.832,200.00000000438513,0.499999999999396,7.999999993912187,False
1.8325,200.00000000120872,0.49999999999946165,7.999999993067536,False
1.833,199.99999999791066,0.4999999999996023,7.999999993147998,False
1.8335000000000001,199.99999999492778,0.4999999999997986,7.999999994132453,False
1.834,199.99999999265037,0.5000000000000238,7.999999995880615,False
1.8345,199.9999999913711,0.5000000000002479,7.999999998153001,False
1.835,199.99999999124768,0.5000000000004413,8.000000000643592,False
1.8355000000000001,199.99999999228308,0.5000000000005788,8.000000003021029,False
1.836,199.99999999432748,0.5000000000006427,8.00000000497268,False
1.8365,199.9999999970995,0.5000000000006256,8.000000006245692,False
1.837,200.00000000022487,0.5000000000005305,8.000000006679649,False
1.8375000000000001,200.0000000032868,0.5000000000003708,8.000000006226779,False
1.838,200.00000000588167,0.5000000000001685,8.00000000495697,False
1.8385,200.00000000767218,0.4999999999999505,8.000000003047154,False
1.839,200.00000000843104,0.4999999999997459,8.000000000756803,False
1.8395000000000001,200.00000000806978,0.4999999999995815,7.999999998392627,False
1.84,200.00000000664872,0.49999999999947853,7.999999996267666,False
1.8405,200.00000000436762,0.49999999999944983,7.999999994659771,False
1.841,200.0000000015374,0.4999999999994984,7.999999993775405,False
1.8415000000000001,199.99999999853796,0.4999999999996168,7.999999993723103,False
1.842,199.99999999576735,0.49999999999978867,7.999999994500333,False
1.8425,199.99999999358872,0.49999999999999073,7.999999995995053,False
1.843,199.99999999228302,0.5000000000001958,7.999999998001757,False
1.8435000000000001,199.99999999201282,0.5000000000003768,8.000000000249646,False
1.844,199.99999999280195,0.5000000000005103,8.000000002439178,False
1.8445,199.99999999453428,0.5000000000005788,8.000000004281878,False
1.845,199.99999999697027,0.5000000000005742,8.00000000553837,False
1.8455000000000001,199.99999999978027,0.5000000000004977,8.000000006049374,False
1.846,200.00000000258896,0.5000000000003606,8.000000005755911,False
1.8465,200.0000000050255,0.5000000000001813,8.00000000470585,False
1.847,200.00000000677232,0.49999999999998407,8.000000003046432,False
1.8475000000000001,200.0000000076067,0.49999999999979516,8.000000001003713,False
1.848,200.00000000742875,0.4999999999996393,7.999999998851741,False
1.8485,200.00000000627344,0.4999999999995368,7.999999996875938,False
1.849,200.00000000430438,0.49999999999950046,7.999999995335177,False
1.8495000000000001,200.00000000179085,0.4999999999995343,7.999999994427994,False
1.85,199.99999999907092,0.4999999999996332,7.9999999942669735,False
1.8505,199.99999999650606,0.49999999999978306,7.999999994864894,False
1.851,199.99999999443318,0.4999999999999638,7.999999996134215,False
1.8515000000000001,199.99999999312047,0.5000000000001509,7.999999997899669,False
1.852,199.99999999273254,0.5000000000003196,7.999999999922498,False
1.8525,199.99999999331015,0.5000000000004481,8.00000000193269,False
1.853,199.999999994766,0.5000000000005196,8.00000000366495,False
1.8535000000000001,199.99999999689794,0.5000000000005252,8.00000000489369,False
1.854,199.9999999994167,0.5000000000004652,8.000000005462386,False
1.8545,200.00000000198526,0.500000000000348,8.000000005303452,False
1.855,200.00000000426405,0.5000000000001898,8.000000004446138,False
1.8555000000000001,200.0000000059553,0.5000000000000119,8.000000003011548,False
1.856,200.00000000684238,0.4999999999998381,8.00000000119571,False
1.8565,200.00000000681734,0.4999999999996911,7.9999999992427,False
1.857,200.00000000589378,0.49999999999959005,7.999999997411956,False
1.8575,200.0000000042039,0.4999999999995478,7.99999999594383,False
1.858,200.0000000019795,0.49999999999956923,7.999999995028049,False
1.8585,199.99999999952033,0.4999999999996508,7.999999994779272,False
1.859,199.9999999971538,0.49999999999978095,7.9999999952227965,False
1.8595,199.99999999519136,0.499999999999942,7.999999996292178,False
1.86,199.99999999388749,0.5000000000001122,7.999999997839097,False
1.8605,199.9999999934069,0.5000000000002691,7.999999999653869,False
1.861,199.9999999938037,0.500000000000392,8.000000001493829,False
1.8615,199.99999999501551,0.5000000000004652,8.000000003115737,False
1.862,199.99999999687304,0.5000000000004793,8.000000004307891,False
1.8625,199.99999999912373,0.5000000000004333,8.000000004917759,False
1.863,200.00000000146588,0.500000000000334,8.000000004871431,False
1.8635,200.0000000035891,0.5000000000001948,8.000000004182471,False
1.864,200.0000000052156,0.5000000000000349,8.000000002949166,False
1.8645,200.00000000613628,0.49999999999987527,8.000000001340524,False
1.865,200.0000000062375,0.4999999999997372,7.999999999573229,False
1.8655,200.00000000551526,0.4999999999996386,7.999999997882435,False
1.866,200.00000000407417,0.49999999999959194,7.999999996490524,False
1.8665,200.00000000211276,0.4999999999996029,7.999999995577915,False
1.867,199.99999999989586,0.49999999999966926,7.999999995259662,False
1.8675,199.99999999771916,0.49999999999978173,7.9999999955710495,False
1.868,199.99999999586956,0.4999999999999247,7.9999999964638,False
1.8685,199.9999999945876,0.5000000000000792,7.999999997813427,False
1.869,199.99999999403607,0.5000000000002245,7.999999999436541,False
1.8695,199.99999999427953,0.5000000000003415,8.000000001115714,False
1.87,199.99999999527682,0.5000000000004151,8.000000002628568,False
1.8705,199.99999999688765,0.5000000000004361,8.000000003777238,False
1.871,199.99999999889232,0.5000000000004023,8.000000004414185,False
1.8715,200.00000000102173,0.5000000000003186,8.000000004461096,False
1.872,200.0000000029932,0.5000000000001968,8.000000003918489,False
1.8725,200.00000000454824,0.5000000000000534,8.00000000286471,False
1.873,200.00000000548619,0.4999999999999074,8.000000001444697,False
1.8735,200.00000000569023,0.4999999999997782,7.999999999850112,False
1.874,200.00000000514171,0.49999999999968264,7.999999998293504,False
1.8745,200.0000000039217,0.49999999999963296,7.999999996979977,False
1.875,200.0000000021988,0.4999999999996351,7.999999996080221,False
1.8755,200.00000000020623,0.4999999999996883,7.999999995708338,False
1.8760000000000001,199.9999999982102,0.49999999999978484,7.999999995907445,False
1.8765,199.99999999647426,0.49999999999991146,7.999999996644756,False
1.877,199.99999999522467,0.5000000000000512,7.9999999978168335,False
1.8775,199.99999999462096,0.5000000000001853,7.999999999263959,False
1.8780000000000001,199.99999999473548,0.5000000000002962,8.000000000791928,False
1.8785,199.99999999554495,0.5000000000003694,8.000000002198039,False
1.879,199.99999999693458,0.5000000000003957,8.000000003298023,False
1.8795,199.99999999871426,0.5000000000003723,8.00000000395011,False
1.8800000000000001,200.0000000006446,0.5000000000003025,8.000000004073275,False
1.8805,200.00000000246894,0.5000000000001963,8.000000003657263,False
1.881,200.00000000394763,0.5000000000000681,8.000000002763128,False
1.8815,200.00000000488933,0.49999999999993494,8.000000001514364,False
1.8820000000000001,200.00000000517576,0.49999999999981454,8.000000000079902,False
1.8825,200.00000000477664,0.49999999999972256,7.999999998651229,False
1.883,200.00000000375226,0.4999999999996709,7.9999999974169524,False
1.8835,200.00000000224512,0.49999999999966577,7.99999999653784,False
1.8840000000000001,200.00000000045964,0.4999999999997075,7.999999996125934,False
1.8845,199.99999999863473,0.4999999999997899,7.999999996230335,False
1.885,199.99999999701186,0.4999999999999016,7.999999996831385,False
1.8855,199.99999999580302,0.5000000000000275,7.999999997844067,False
1.8860000000000001,199.99999999516308,0.500000000000151,7.999999999130003,False
1.8865,199.9999999951701,0.5000000000002555,8.000000000516266,False
1.887,199.99999999581578,0.5000000000003276,8.000000001818698,False
1.8875,199.99999999700765,0.500000000000358,8.000000002866244,False
1.8880000000000001,199.99999999858207,0.5000000000003434,8.00000000352349,False
1.8885,200.0000000003268,0.500000000000286,8.00000000370808,False
1.889,200.00000000200947,0.5000000000001938,8.000000003401006,False
1.8895,200.0000000034087,0.5000000000000795,8.000000002648404,False
1.8900000000000001,200.0000000043429,0.4999999999999584,8.000000001554723,False
1.8905,200.000000004694,0.49999999999984657,8.00000000026822,False
1.891,200.0000000044222,0.4999999999997586,7.9999999989609805,False
1.8915,200.00000000357053,0.49999999999970585,7.999999997805838,False
1.8920000000000001,200.000000002258,0.49999999999969486,7.9999999969536075,False
1.8925,200.00000000066314,0.4999999999997266,7.99999999651338,False
1.893,199.99999999899973,0.49999999999979644,7.999999996538588,False
1.8935,199.9999999974882,0.49999999999989453,7.999999997020639,False
1.8940000000000001,199.99999999632644,0.5000000000000079,7.999999997890692,False
1.8945,199.99999999566384,0.500000000000121,7.999999999029434,False
1.895,199.9999999955822,0.5000000000002193,8.000000000283483,False
1.8955,199.99999999608573,0.5000000000002897,8.000000001485931,False
1.8960000000000001,199.99999999710133,0.5000000000003231,8.000000002478558,False
1.8965,199.999999998489,0.5000000000003157,8.000000003132694,False
1.897,200.0000000000613,0.500000000000269,8.000000003365805,False
1.8975,200.00000000160858,0.5000000000001895,8.000000003151895,False
1.8980000000000001,200.0000000029267,0.500000000000088,8.000000002524278,False
1.8985,200.00000000384426,0.49999999999997824,8.00000000157054,False
1.899,200.00000000424467,0.4999999999998747,8.000000000420306,False
1.8995,200.0000000040809,0.49999999999979106,7.99999999922769,False
1.9000000000000001,200.00000000338096,0.499999999999738,7.999999998150644,False
1.9005,200.00000000224335,0.4999999999997223,7.999999997330089,False
1.901,200.0000000008233,0.4999999999997455,7.99999999687147,False
1.9015,199.99999999931148,0.49999999999980416,7.999999996831213,False
1.9020000000000001,199.9999999979086,0.4999999999998901,7.999999997209893,False
1.9025,199.99999999679858,0.4999999999999916,7.999999997952747,False
1.903,199.99999999612479,0.5000000000000951,7.999999998957556,False
1.9035,199.99999999597108,0.500000000000187,8.000000000088653,False
1.9040000000000001,199.99999999635196,0.500000000000255,8.000000001195255,False
1.9045,199.99999999721103,0.5000000000002908,8.000000002131529,False
1.905,199.99999999842936,0.5000000000002897,8.000000002775774,False
1.9055,199.99999999984212,0.5000000000002522,8.00000000304623,False
1.9060000000000001,200.00000000126045,0.500000000000184,8.000000002911428,False
1.9065,200.00000000249696,0.5000000000000941,8.000000002393778,False
1.907,200.00000000339057,0.4999999999999949,8.000000001565985,False
1.9075,200.00000000382707,0.49999999999989936,8.000000000540867,False
1.9080000000000001,200.0000000037541,0.49999999999982014,7.999999999456025,False
1.9085,200.00000000318698,0.49999999999976746,7.999999998455379,False
1.909,200.00000000220626,0.499999999999748,7.999999997670099,False
1.9095,200.00000000094607,0.49999999999976397,7.999999997201441,False
1.9100000000000001,199.99999999957606,0.49999999999981276,7.999999997107704,False
1.9105,199.99999999827833,0.49999999999988765,7.999999997396977,False
1.911,199.99999999722345,0.4999999999999783,7.999999998026717,False
1.9115,199.99999999654787,0.5000000000000727,7.999999998909916,False
1.9120000000000001,199.99999999633653,0.5000000000001583,7.999999999927085,False
1.9125,199.99999999661205,0.5000000000002238,8.00000000094238,False
1.913,199.99999999733254,0.5000000000002609,8.000000001821768,False
1.9135,199.99999999839778,0.5000000000002648,8.00000000245066,False
1.9140000000000001,199.99999999966326,0.5000000000002357,8.000000002748877,False
1.9145,200.00000000095952,0.5000000000001774,8.000000002680771,False
1.915,200.00000000211506,0.5000000000000981,8.0000000022595,False
1.9155,200.00000000297896,0.5000000000000087,8.000000001544702,False
1.9160000000000001,200.0000000034404,0.4999999999999208,8.000000000634076,False
1.9165,200.00000000344292,0.4999999999998461,7.999999999650114,False
1.917,200.0000000029915,0.49999999999979433,7.999999998723586,False
1.9175,200.0000000021509,0.499999999999772,7.999999997976167,False
1.9180000000000001,200.00000000103654,0.49999999999978184,7.9999999975045295,False
1.9185,199.99999999979863,0.499999999999822,7.99999999736779,False
1.919,199.99999999860208,0.4999999999998869,7.999999997580225,False
1.9195,199.9999999976044,0.49999999999996775,7.999999998109806,False
1.92,199.99999999693497,0.5000000000000535,7.999999998882986,False
1.9205,199.99999999667855,0.5000000000001329,7.999999999794919,False
1.921,199.99999999686426,0.5000000000001956,8.000000000723631,False
1.9215,199.99999999746254,0.5000000000002334,8.0000000015463,False
1.922,199.9999999983898,0.5000000000002416,8.000000002155513,False
1.9225,199.99999999951976,0.5000000000002193,8.000000002473218,False
1.923,200.00000000070096,0.50000000000017,8.000000002460787,False
1.9235,200.00000000177687,0.5000000000001005,8.000000002123619,False
1.924,200.00000000260647,0.50000000000002,8.000000001509909,False
1.9245,200.0000000030832,0.4999999999999394,8.000000000703858,False
1.925,200.000000003148,0.4999999999998693,7.999999999814067,False
1.9255,200.00000000279707,0.49999999999981887,7.99999999895897,False
1.926,200.00000000208138,0.49999999999979444,7.999999998251081,False
1.9265,200.0000000010996,0.499999999999799,7.99999999778222,False
1.927,199.99999999998442,0.49999999999983163,7.999999997611572,False
1.9275,199.99999999888453,0.4999999999998876,7.999999997758279,False
1.928,199.99999999794503,0.4999999999999593,7.999999998199376,False
1.9285,199.99999999728817,0.5000000000000371,7.999999998873269,False
1.929,199.99999999699745,0.5000000000001106,7.999999999688324,False
1.9295,199.99999999710707,0.5000000000001702,8.00000000053533,False
1.93,199.99999999759805,0.5000000000002082,8.000000001302094,False
1.9305,199.9999999984012,0.5000000000002196,8.00000000188826,False
1.931,199.99999999940695,0.5000000000002034,8.00000000221847,False
1.9315,200.0000000004802,0.500000000000162,8.000000002252042,False
1.932,200.0000000014784,0.5000000000001011,8.000000001987896,False
1.9325,200.00000000227064,0.5000000000000291,8.000000001464302,False
1.933,200.00000000275466,0.4999999999999554,8.000000000753344,False
1.9335,200.00000000287,0.4999999999998899,7.999999999951016,False
1.934,200.00000000260565,0.49999999999984107,7.99999999916429,False
1.9345,200.00000000200083,0.4999999999998152,7.9999999984968895,False
1.935,200.00000000113914,0.4999999999998155,7.999999998035577,False
1.9355,200.00000000013742,0.49999999999984146,7.999999997838937,False
1.936,199.9999999991295,0.4999999999998895,7.999999997929914,False
1.9365,199.9999999982485,0.4999999999999529,7.999999998293245,False
1.937,199.99999999760936,0.5000000000000233,7.999999998877852,False
1.9375,199.99999999729366,0.5000000000000911,7.999999999604038,False
1.938,199.99999999733947,0.5000000000001474,8.000000000374285,False
1.9385000000000001,199.99999999773658,0.5000000000001851,8.000000001086404,False
1.939,199.99999999842865,0.5000000000001991,8.000000001647008,False
1.9395,199.99999999932083,0.5000000000001882,8.000000001983805,False
1.94,200.0000000002931,0.5000000000001538,8.000000002054863,False
1.9405000000000001,200.0000000012162,0.5000000000001007,8.000000001853802,False
1.941,200.0000000019687,0.5000000000000363,8.000000001410271,False
1.9415,200.00000000245322,0.49999999999996914,8.000000000785597,False
1.942,200.00000000260883,0.4999999999999081,8.000000000064308,False
1.9425000000000001,200.00000000241872,0.49999999999986117,7.999999999342752,False
1.943,200.00000000191184,0.4999999999998344,7.999999998716206,False
1.9435,200.0000000011588,0.4999999999998311,7.999999998266329,False
1.944,200.00000000026182,0.49999999999985134,7.999999998050519,False
1.9445000000000001,199.999999999341,0.49999999999989225,7.999999998094607,False
1.945,199.9999999985181,0.4999999999999482,7.9999999983898284,False
1.9455,199.9999999979007,0.5000000000000115,7.99999999889433,False
1.946,199.99999999756798,0.5000000000000739,7.999999999539151,False
1.9465000000000001,199.9999999975607,0.500000000000127,8.00000000023753,False
1.947,199.9999999978761,0.5000000000001641,8.000000000896662,False
1.9475,199.99999999846884,0.5000000000001802,8.000000001429946,False
1.948,199.99999999925748,0.5000000000001735,8.000000001768395,False
1.9485000000000001,200.00000000013574,0.5000000000001451,8.000000001869516,False
1.949,200.00000000098657,0.5000000000000993,8.000000001722677,False
1.9495,200.00000000169794,0.5000000000000419,8.000000001350056,False
1.95,200.0000000021775,0.49999999999998085,8.000000000803439,False
1.9505000000000001,200.00000000236454,0.49999999999992417,8.000000000156971,False
1.951,200.0000000022377,0.4999999999998793,7.999999999497152,False
1.9515,200.00000000181728,0.4999999999998521,7.9999999989112585,False
1.952,200.0000000011621,0.4999999999998459,7.999999998475821,False
1.9525000000000001,200.0000000003614,0.4999999999998612,7.999999998246629,False
1.953,199.99999999952257,0.4999999999998958,7.999999998251594,False
1.9535,199.99999999875675,0.49999999999994493,7.999999998487396,False
1.954,199.99999999816418,0.5000000000000019,7.999999998920289,False
1.9545000000000001,199.99999999782128,0.5000000000000591,7.999999999490863,False
1.955,199.99999999777032,0.5000000000001088,8.000000000122208,False
1.9555,199.99999999801489,0.5000000000001449,8.000000000730292,False
1.956,199.99999999851923,0.5000000000001624,8.000000001235053,False
1.9565000000000001,199.99999999921377,0.5000000000001594,8.000000001571026,False
1.957,200.00000000000463,0.5000000000001364,8.000000001695767,False
1.9575,200.0000000007864,0.5000000000000968,8.000000001595213,False
1.958,200.00000000145587,0.500000000000046,8.000000001285182,False
1.9585000000000001,200.00000000192588,0.4999999999999907,8.000000000809,False
1.959,200.00000000213674,0.49999999999993827,8.000000000231438,False
1.9595,200.00000000206347,0.49999999999989564,7.999999999629886,False
1.96,200.00000000171894,0.4999999999998684,7.999999999084061,False
1.9605000000000001,200.0000000011518,0.49999999999985983,7.999999998665418,False
1.961,200.00000000043937,0.49999999999987094,7.999999998427781,False
1.9615,199.9999999996774,0.4999999999998999,7.999999998400473,False
1.962,199.99999999896718,0.4999999999999428,7.999999998584712,False
1.9625000000000001,199.99999999840173,0.49999999999999384,7.999999998953763,False
1.963,199.99999999805422,0.5000000000000462,7.999999999456819,False
1.9635,199.99999999796796,0.5000000000000927,8.000000000025906,False
1.964,199.9999999981514,0.5000000000001275,8.000000000585128,False
1.9645000000000001,199.9999999985772,0.5000000000001461,8.000000001060775,False
1.965,199.99999999918646,0.5000000000001461,8.00000000139098,False
1.9655,199.99999999989663,0.5000000000001278,8.00000000153378,False
1.966,200.00000000061274,0.5000000000000939,8.000000001472472,False
1.9665000000000001,200.00000000124027,0.5000000000000488,8.000000001217455,False
1.967,200.00000000169723,0.4999999999999989,8.00000000080459,False
1.9675,200.00000000192532,0.4999999999999506,8.000000000290203,False
1.968,200.00000000189698,0.4999999999999103,7.999999999743342,False
1.9685000000000001,200.00000000161884,0.49999999999988326,7.999999999236595,False
1.969,200.00000000113045,0.4999999999998729,7.999999998836432,False
1.9695,200.00000000049866,0.4999999999998804,7.999999998594486,False
1.97,199.9999999998086,0.49999999999990447,7.999999998540913,False
1.9705000000000001,199.99999999915207,0.4999999999999418,7.999999998680629,False
1.971,199.99999999861527,0.4999999999999874,7.9999999989929975,False
1.9715,199.99999999826778,0.5000000000000351,7.999999999434831,False
1.972,199.99999999815333,0.5000000000000784,7.999999999946292,False
1.9725000000000001,199.99999999828444,0.5000000000001118,8.000000000459057,False
1.973,199.9999999986409,0.500000000000131,8.000000000905414,False
1.9735,199.99999999917313,0.5000000000001336,8.00000000122717,False
1.974,199.99999999980886,0.5000000000001192,8.000000001383246,False
1.9745000000000001,200.00000000046293,0.5000000000000904,8.000000001354941,False
1.975,200.0000000010488,0.5000000000000507,8.000000001148075,False
1.9755,200.0000000014899,0.5000000000000057,8.00000000079199,False
1.976,200.00000000172963,0.4999999999999613,8.0000000003354,False
1.9765000000000001,200.00000000173858,0.4999999999999234,7.9999999998397255,False
1.977,200.00000000151817,0.49999999999989686,7.9999999993708615,False
1.9775,200.00000000110018,0.49999999999988515,7.999999998990436,False
1.978,200.00000000054203,0.4999999999998895,7.999999998747638,False
1.9785000000000001,199.99999999991894,0.4999999999999093,7.9999999986729815,False
1.979,199.99999999931396,0.4999999999999417,7.999999998774437,False
1.9795,199.99999999880683,0.4999999999999822,7.999999999036578,False
1.98,199.99999999846332,0.5000000000000254,7.999999999422958,False
1.9805000000000001,199.9999999983269,0.5000000000000656,7.999999999881157,False
1.981,199.99999999841327,0.5000000000000975,8.000000000349873,False
1.9815,199.99999999870852,0.5000000000001171,8.000000000767102,False
1.982,199.99999999917128,0.5000000000001217,8.000000001078314,False
1.9825000000000002,199.99999999973855,0.5000000000001109,8.00000000124362,False
1.983,200.00000000033424,0.5000000000000866,8.000000001242864,False
1.9835,200.00000000087925,0.5000000000000517,8.000000001078012,False
1.984,200.00000000130234,0.5000000000000113,8.000000000772715,False
1.9845,200.00000000154895,0.4999999999999706,8.000000000368878,False
1.985,200.00000000158857,0.49999999999993505,7.999999999920943,False
1.9855,200.00000000141824,0.49999999999990924,7.99999999948855,False
1.986,200.00000000106294,0.49999999999989647,7.999999999128636,False
1.9865,200.00000000057162,0.4999999999998983,7.999999998887877,False
1.987,200.0000000000107,0.4999999999999143,7.999999998796718,False
1.9875,199.999999999455,0.49999999999994216,7.9999999988655,False
1.988,199.99999999897798,0.4999999999999781,7.999999999083313,False
1.9885,199.99999999864156,0.5000000000000173,7.999999999419711,False
1.989,199.99999999848865,0.5000000000000545,7.999999999828927,False
1.9895,199.99999999853728,0.5000000000000848,8.000000000256101,False
1.99,199.99999999877883,0.5000000000001044,8.00000000064464,False
1.9905,199.9999999991792,0.5000000000001106,8.000000000943649,False
1.991,199.9999999996837,0.5000000000001029,8.000000001114673,False
1.9915,200.00000000022447,0.5000000000000824,8.000000001136579,False
1.992,200.00000000072978,0.500000000000052,8.000000001008177,False
1.9925,200.0000000011333,0.5000000000000158,8.000000000748127,False
1.993,200.00000000138277,0.4999999999999786,8.000000000392259,False
1.9935,200.00000000144712,0.4999999999999454,7.999999999988675,False
1.994,200.00000000132,0.49999999999992045,7.999999999591197,False
1.9945,200.00000000102028,0.499999999999907,7.999999999252222,False
1.995,200.0000000005895,0.4999999999999067,7.999999999015861,False
1.9955,200.00000000008603,0.4999999999999194,7.999999998912164,False
1.996,199.99999999957723,0.49999999999994327,7.999999998953309,False
1.9965,199.9999999991303,0.499999999999975,7.999999999132211,False
1.997,199.99999999880356,0.5000000000000104,7.99999999942369,False
1.9975,199.99999999863877,0.5000000000000447,7.999999999787982,False
1.998,199.99999999865588,0.5000000000000734,8.000000000176149,False
1.9985,199.99999999885054,0.5000000000000927,8.00000000053667,False
1.999,199.99999999919507,0.5000000000001003,8.000000000822249,False
1.9995,199.99999999964223,0.5000000000000951,8.000000000996026,False
2.0,200.00000000013176,0.500000000000078,8.000000001036314,False
