scenario,rmse_mean,rmse_std,overshoot_mean,overshoot_std,final_window_error_mean,final_window_error_std,n_seeds
Load disturbance,8.816666666666666,1.0117641358867524,3.9416666666666664,0.5625448130297412,6.91,1.5687319720079655,6
Input voltage fluctuation,4.956666666666667,0.5699707594839113,3.908333333333333,0.5240388026345632,1.7633333333333334,0.4395300520631855,6
Parameter variation,1.49,1.065082156455548,0.6933333333333334,0.5987876640902572,1.49,1.065082156455548,6
